folder,image,ground_truth,prediction,cer_score
34,68.jpg,ở,"⁄
2
(6,",7.0
8,93.jpg,ở,"2
9
íœ,",7.0
119,56.jpg,ở,"co
/x)",6.0
62,97.jpg,ở,"2?
l&)",6.0
95,22.jpg,ở,").s
ø)",6.0
124,52.jpg,ở,"20
€j",5.0
91,33.jpg,ở,"l)
)
ở",5.0
114,43.jpg,có,"⁄4
l@7 eo)",5.0
32,99.jpg,ở,")2
ø)",5.0
43,60.jpg,muốn,".
2/⁄//ậ x1/v0ợạảớời",5.0
66,79.jpg,ở,"?
›
ơ",5.0
103,63.jpg,có,"(
(2p —2‡4",5.0
74,54.jpg,ở,"lì
9)",5.0
105,90.jpg,ở,"/
)
o",5.0
117,29.jpg,ở,"?
>
2",5.0
150,45.jpg,ở,"4 z
©",5.0
150,42.jpg,cửa,"2
2
(ø/10/⁄/ 0",4.6667
87,77.jpg,nó,"⁄
(0 v09)",4.5
34,70.jpg,để,"dở?
ívawa",4.5
6,18.jpg,cái,"/⁄
/v⁄⁄/vp.,'",4.3333
3,65.jpg,làm,"—_—
\⁄2ÿ%/⁄x:",4.3333
50,24.jpg,án,"⁄
⁄ouao)",4.0
127,61.jpg,án,"⁄
(20 0\",4.0
79,2.jpg,áo,"⁄
⁄„úc9)",4.0
102,19.jpg,nản,"~
//⁄2/7/1/)",4.0
149,56.jpg,án,"⁄
(6ÿ gì",4.0
14,97.jpg,ở,"`
e.",4.0
51,55.jpg,ở,"ậ,
0",4.0
95,97.jpg,nấu,"-
lọạy⁄ 7 p5",4.0
70,13.jpg,ở,")
 -",4.0
104,70.jpg,nỗ,"c~—
⁄zlš",4.0
88,58.jpg,độ,"--
l@)
¿",4.0
66,53.jpg,ở,"2)
-",4.0
72,3.jpg,ở,"›2
ø",4.0
71,47.jpg,ở,"_—
⁄",4.0
81,6.jpg,mắn,"“ˆ
#”#”1ø@7”",4.0
124,94.jpg,ở,"2
⁄⁄",4.0
131,43.jpg,có,"z⁄““°ˆ
cô",4.0
6,60.jpg,về,"^~ \
qy@",4.0
5,77.jpg,m,vwwv,4.0
42,40.jpg,ý,"|
'\",4.0
116,91.jpg,ở,"s
í)",4.0
101,76.jpg,án,"_
⁄.mwả)",4.0
32,56.jpg,và,"s.
na uụ",4.0
40,66.jpg,ào,"_
(⁄.wø,",4.0
56,79.jpg,kiểm,"« a2
ízi ằ®xœx^n",3.75
44,12.jpg,đến,"#d..
_
e©p&",3.6667
149,65.jpg,nếu,"—~
`
v~9oaa",3.6667
20,46.jpg,núi,"⁄/.
vxqvaa^",3.6667
29,20.jpg,cổ,"^ )
ẹðo",3.5
25,92.jpg,có,"[
œa^a5",3.5
139,96.jpg,số,"i
^
5 ⁄",3.5
32,96.jpg,mở,"/
”⁄a0/",3.5
113,100.jpg,về,"~_
an —",3.5
56,1.jpg,ăn,"l^
⁄<z~",3.5
74,40.jpg,mà,"yycơo),",3.5
63,36.jpg,mà,la at⁄i,3.5
88,42.jpg,xã,"^^
pøø)",3.5
6,48.jpg,tế,"_⁄
+{+¿",3.5
10,16.jpg,áo,"⁄
(220)",3.5
58,60.jpg,số,"[
^
t9)",3.5
34,58.jpg,vn,—~/ld-i,3.5
111,23.jpg,mà,"\
vyac.",3.5
132,99.jpg,để,"<1
cg\2",3.5
118,58.jpg,về,"^ -_
m7",3.5
1,88.jpg,mô,"^^
wvuo",3.5
61,83.jpg,về,"_—
⁄z⁄ơ",3.5
80,37.jpg,sẽ,"^~z
^2°",3.5
139,62.jpg,về,[pau ⁄2,3.5
80,93.jpg,âm,"—
ø=_wv",3.5
136,70.jpg,rõ,"zc¬=
vo",3.5
87,38.jpg,đồ,"~_—_
&ô",3.5
1,46.jpg,số,"⁄
ấ#zrậ",3.5
56,69.jpg,mô,"ch.
«^^",3.5
87,66.jpg,mơ,"p]
@«@⁄",3.5
35,85.jpg,cô,"¬
(@ «)",3.5
87,31.jpg,nếu,"⁄
⁄/⁄/oốp0",3.3333
77,15.jpg,mỏi,"ẳ
(í  ý6))",3.3333
94,36.jpg,vốn,"^^
lvasx⁄@)",3.3333
148,34.jpg,môi,"^.
w//2a2)",3.3333
139,8.jpg,đại,"gö‹à
caa
‹",3.3333
1,41.jpg,mét,"acc x
⁄“íí",3.3333
71,79.jpg,nếu,"x⁄2
⁄zv⁄2n",3.3333
111,55.jpg,về,"~w&
vn©",3.0
78,39.jpg,ăn,"—_
øđa",3.0
111,54.jpg,ở,")
ồ",3.0
65,83.jpg,m,(vy,3.0
17,65.jpg,an,⁄⁄ø“ 0,3.0
126,35.jpg,về,"^
wvczc",3.0
122,59.jpg,cáo,"_
(ø⁄09))",3.0
142,58.jpg,nỗ,"ø
x
-no",3.0
62,70.jpg,cầu,"^ —
ọgœ⁄_",3.0
94,93.jpg,ở,"⁄
ố",3.0
141,99.jpg,đãi,"=^°
2| 4a",3.0
9,30.jpg,ở,")
s",3.0
145,39.jpg,xử,"j
l
_ư",3.0
30,57.jpg,cả,"lu
(ø2",3.0
125,96.jpg,ra,"4⁄5 5""",3.0
55,12.jpg,của,".
(606325",3.0
8,11.jpg,có,"⁄
lớn)",3.0
126,74.jpg,ở,"á
ồ",3.0
98,73.jpg,nên,"^
072 6b)",3.0
126,50.jpg,có,"⁄
(w9)",3.0
46,54.jpg,m,wia,3.0
129,57.jpg,về,"b
_
m/",3.0
2,27.jpg,đã,"pw
(2.",3.0
43,31.jpg,cửa,"2.
e6 l^.",3.0
114,90.jpg,ở,"ệ
&",3.0
93,89.jpg,cố,"“
(u )",3.0
50,46.jpg,ở,"2
ø",3.0
53,33.jpg,sẽ,"^~j)
2",3.0
87,14.jpg,ải,",.
(27",3.0
81,94.jpg,vả,"l
x)⁄^",3.0
59,14.jpg,về,"-
⁄^
vc",3.0
117,8.jpg,mà,"b
ry¬-",3.0
143,25.jpg,nước,"⁄“ˆ
lo vs t/",3.0
118,53.jpg,vốn,"cc
^~
ayon",3.0
106,15.jpg,sĩ,"2
z⁄lu",3.0
83,22.jpg,các,"-—
426 16",3.0
60,27.jpg,cơm,"1)
tøøw⁄2",3.0
79,31.jpg,ở,"o
ò",3.0
79,35.jpg,2,“iì,3.0
75,17.jpg,có,"^^
(z2",3.0
59,5.jpg,và,ca cw&,3.0
130,80.jpg,của,"9
2767/20",3.0
145,52.jpg,ra,j\xø@&,3.0
79,60.jpg,gần,"~^`
si ww",3.0
136,81.jpg,sẽ,"~j
>”v",3.0
101,56.jpg,ở,"›
ờ",3.0
40,77.jpg,có,"/
/⁄2)",3.0
7,79.jpg,về,"xo
w⁄2",3.0
99,23.jpg,m,án),3.0
45,64.jpg,sĩ,"“~
6⁄2",3.0
35,47.jpg,2,giá,3.0
116,5.jpg,có,"⁄
(ø3)",3.0
136,42.jpg,ở,"j
ồ",3.0
20,73.jpg,nấu,"«
i0t⁄0v\",3.0
54,11.jpg,án,"—
c⁄nx\",3.0
65,25.jpg,các,"/
(ø⁄2960",3.0
79,67.jpg,cứ,"⁄
(ứưøg",3.0
11,55.jpg,nhà,"ñ
⁄2bu/2i",3.0
97,85.jpg,có,"/
(đo)",3.0
15,40.jpg,về,"=—
—~⁄",3.0
16,1.jpg,m,l⁄a,3.0
30,93.jpg,của,"w⁄
csxcex_",3.0
25,22.jpg,em,(zvvog,3.0
82,51.jpg,ở,")
ổ",3.0
25,18.jpg,việc,". 6
~ƒ t0 c—_",3.0
11,29.jpg,ấp,"_ _
^j",3.0
42,8.jpg,xã,"c
ww<^",3.0
63,97.jpg,của,"z
%«⁄⁄zcz",3.0
66,69.jpg,các,"øˆ
(d2 80",3.0
54,83.jpg,ở,"(
ủ",3.0
60,48.jpg,có,"í
(áo)",3.0
61,75.jpg,mùa,"„
tre uwoa",3.0
92,60.jpg,năm,"_
yøw⁄x^—",3.0
49,82.jpg,nhà,"p
//01/0)",3.0
100,5.jpg,có,"⁄
lớn)",3.0
121,23.jpg,ở,"4
d",3.0
147,45.jpg,tổ,"~ 2
15",3.0
148,97.jpg,ở,"¿
⁄",3.0
95,83.jpg,số,"⁄ˆ
1l”",3.0
93,69.jpg,mà,"-_
”⁄a",3.0
120,22.jpg,mà,wwuz^_,3.0
85,49.jpg,độ,"cc
c
`",3.0
120,76.jpg,ở,"?
ồ",3.0
49,74.jpg,về,"ñ
lu©`",3.0
42,26.jpg,xe,n2 7/2,3.0
138,90.jpg,số,"n⁄
ko)",3.0
1,82.jpg,tổ,"—~)
18",3.0
144,86.jpg,có,"⁄
(ø2)",3.0
138,63.jpg,năm,"w⁄
veqaaw",3.0
135,77.jpg,dn,(l)yiu,3.0
150,93.jpg,có,"/
c_—co",3.0
55,82.jpg,với,"=„=^—
+
.",3.0
82,9.jpg,viên,"77727/.7)
`",2.75
13,70.jpg,nước,"5ð
101 16/a",2.75
3,18.jpg,tuổi,"?
đ í(pp⁄21",2.75
39,86.jpg,sẵn,"1]
&_
can",2.6667
98,8.jpg,đều,"x
ở exx_",2.6667
25,88.jpg,đưa,“ƒ/'⁄v3ia,2.6667
72,8.jpg,nậu,^œz2rz<z,2.6667
122,93.jpg,côi,"^^
tđơøa",2.6667
127,24.jpg,sản,"2
đ`⁄4⁄)",2.6667
36,28.jpg,các,"^^
(cáo ấu",2.6667
91,88.jpg,cần,"-_
^^
c^",2.6667
114,64.jpg,các,"⁄“⁄ “ˆ
⁄",2.6667
138,33.jpg,cứu,"z⁄_
2
cư",2.6667
138,51.jpg,nếu,"&
aw\0 5",2.6667
138,31.jpg,rằm,})jlovrv,2.6667
75,72.jpg,các,"⁄
(ø— pớ",2.6667
30,52.jpg,mãi,"~.
vwo.a",2.6667
86,8.jpg,của,"c
(v7/1⁄/",2.6667
49,33.jpg,cầu,"cw
(6-1 0",2.6667
143,23.jpg,mãi,"cv
vxwoa",2.6667
14,86.jpg,đến,"⁄ì-
ˆ
p/",2.6667
143,45.jpg,năm,"„
ai” ao",2.6667
49,34.jpg,màu,"_
co ac.",2.6667
102,62.jpg,tàu,"⁄zc—
| 4",2.6667
146,77.jpg,mật,"lạ
j4 t
/",2.6667
144,59.jpg,nơi,"?
at 6))",2.6667
50,52.jpg,của,"2>
cxx cc",2.6667
35,93.jpg,của,pc  ccccc,2.6667
131,7.jpg,sắc,"”
 aượơo",2.6667
6,40.jpg,của,"”
“⁄“⁄⁄z",2.6667
146,50.jpg,vẫn,"^ ©~
va ^",2.6667
83,99.jpg,của,"⁄2
(0/71",2.6667
32,27.jpg,100,ái &®)@),2.6667
20,13.jpg,tốc,"/
^
ý v6",2.6667
66,13.jpg,rồi,"^~¬¬
vớø",2.6667
115,41.jpg,tâm,"—~—
+t+^w",2.6667
93,57.jpg,đấy,"¬ï
cà èv",2.6667
46,90.jpg,đối,"-_,c
⁄ «",2.6667
72,41.jpg,núi,"⁄/
avwal",2.6667
78,61.jpg,của,"cá
cgciaáa",2.6667
99,98.jpg,năm,⁄z1i2øpp,2.6667
99,21.jpg,với,"_
pp ⁄4⁄",2.6667
1,76.jpg,gói,"èc °ˆ
co",2.6667
12,35.jpg,năm,"“_
⁄“ ai",2.6667
78,7.jpg,nếu,"~<
/tjai",2.6667
75,88.jpg,bốn,"l
(2á eì",2.6667
11,97.jpg,nền,"—_—
t042",2.6667
50,95.jpg,cứu,"/)y
caaaa",2.6667
97,14.jpg,cáo,"_
íø⁄02)",2.6667
27,84.jpg,và,"-_
âu",2.5
33,93.jpg,cả,"l
cc«&",2.5
72,13.jpg,ăn,"ø
@/\",2.5
87,76.jpg,số,"_⁄
⁄g",2.5
144,40.jpg,nở,"_
w—^",2.5
82,68.jpg,cố,"⁄
_
co",2.5
100,49.jpg,và,".
ú 4",2.5
44,68.jpg,và,"-_
ư^",2.5
35,62.jpg,số,"ø~
&o",2.5
81,47.jpg,và,"-_
ao",2.5
5,49.jpg,kể,"7
/
z",2.5
110,42.jpg,vé,"⁄“
ac",2.5
39,11.jpg,vẻ,"j
⁄%g",2.5
105,81.jpg,và,"_
(#6",2.5
32,34.jpg,an,(22⁄4,2.5
101,55.jpg,vẻ,"ọ
vwe_",2.5
99,76.jpg,xe,⁄/⁄va,2.5
109,33.jpg,vì,"-_
`vi",2.5
109,31.jpg,số,"_
“^^",2.5
62,95.jpg,nước,"„.
vp0058/",2.5
123,7.jpg,có,"⁄
ø2)",2.5
34,91.jpg,để,"2
pes",2.5
34,85.jpg,sẽ,"⁄
⁄)€",2.5
100,17.jpg,để,cho í,2.5
16,32.jpg,ói,"—
ø !",2.5
4,7.jpg,có,"ấ
//)",2.5
85,7.jpg,sẽ,"co
1,",2.5
64,75.jpg,50,(7⁄2),2.5
52,49.jpg,án,"⁄
đw)",2.5
40,50.jpg,em,p/⁄5^,2.5
103,86.jpg,cả,"2
ø⁄3",2.5
127,76.jpg,lý,jđàứú,2.5
104,18.jpg,số,"^z
áo",2.5
132,64.jpg,về,"—
w<©",2.5
17,64.jpg,về,".
www",2.5
47,59.jpg,tế,"⁄
ưu,",2.5
5,66.jpg,có,"/
lao",2.5
31,20.jpg,xe,v5. a,2.5
130,99.jpg,ăn,"ø
⁄øl",2.5
39,6.jpg,về,"củ
⁄2",2.5
16,44.jpg,sẽ,"ạð
56",2.5
53,13.jpg,có,"⁄
(>>",2.5
31,71.jpg,án,"⁄
øw^",2.5
145,86.jpg,về,"^
r92",2.5
16,81.jpg,về,"—
“z2",2.5
40,47.jpg,và,"@=
©⁄",2.5
91,100.jpg,về,"_
ưu¿",2.5
98,94.jpg,cổ,"^w
œ2",2.5
112,45.jpg,án,"”
20a",2.5
16,92.jpg,và,"&
p i",2.5
112,43.jpg,có,"l
ưuo",2.5
23,64.jpg,án,"„“
2u",2.5
10,22.jpg,xã,"~⁄
ka",2.5
114,49.jpg,viên,"^—^
êâit⁄⁄r",2.5
30,56.jpg,có,"⁄
| ⁄",2.5
99,64.jpg,có,"<
(ø>",2.5
10,99.jpg,cổ,"~7
lò",2.5
44,100.jpg,hồ,"l
(6)",2.5
124,59.jpg,về,"(
1⁄4",2.5
51,7.jpg,lễ,⁄/⁄yô,2.5
121,19.jpg,và,"„.
ưa",2.5
41,30.jpg,có,"⁄
ec ò",2.5
101,83.jpg,tế,"p1
ýø",2.5
78,38.jpg,về,"__
ưo",2.5
57,68.jpg,xế,"^ ⁄
xo",2.5
150,70.jpg,trực,"-i⁄4⁄
;, é",2.5
28,16.jpg,tế,"x⁄
{e",2.5
40,82.jpg,ói,"é
(61",2.5
99,86.jpg,mà,"_
“^^",2.5
106,80.jpg,ta,-{+>_,2.5
8,77.jpg,xử,"0)
w2",2.5
81,95.jpg,giám,"- v⁄c
ấđ«^",2.5
150,32.jpg,ăn,"(ø
⁄⁄",2.5
122,91.jpg,có,"⁄
so)",2.5
86,67.jpg,có,"⁄
vớ)",2.5
123,12.jpg,có,"⁄“ˆ
c2",2.5
51,19.jpg,ăn,"è«“
ø",2.5
106,86.jpg,và,"_
ưửz",2.5
64,63.jpg,vụ,w} ww,2.5
132,85.jpg,việc,"mà )
vưcz
t",2.5
99,89.jpg,mà,vwwz^,2.5
37,8.jpg,số,"(
&„ð",2.5
134,21.jpg,nỗ,"~%ø
no",2.5
92,51.jpg,có,"⁄
77)",2.5
38,63.jpg,cổ,"^^
cc”",2.5
68,14.jpg,sự,"ôul
⁄",2.5
5,17.jpg,về,"~
vvwe",2.5
76,48.jpg,có,"⁄
(ác",2.5
63,5.jpg,có,"(
(o)",2.5
133,34.jpg,nó,"⁄z
vd",2.5
72,35.jpg,hỗ,"2)
tò",2.5
52,10.jpg,về,"a^
ưu",2.5
41,89.jpg,án,"c—
^^",2.5
56,14.jpg,ra,„ooo_,2.5
77,16.jpg,đã,sa ấn,2.5
55,49.jpg,cá,"/
c_z^",2.5
39,38.jpg,vả,"j
v9co",2.5
21,86.jpg,số,"á(
n2",2.5
29,36.jpg,tỉ,"b)
ai",2.5
113,10.jpg,ói,"/
; ý",2.5
121,44.jpg,và,_⁄“⁄z,2.5
76,90.jpg,mà,"`
vv&",2.5
148,67.jpg,cổ,"⁄
^
co",2.5
24,34.jpg,cổ,"j
(ø)",2.5
39,55.jpg,ầm,"_
1ú)",2.5
25,94.jpg,mở,"2
(aơ",2.5
85,45.jpg,xử,^—<«z,2.5
145,54.jpg,có,"⁄
(9)",2.5
48,86.jpg,có,"\
/⁄,",2.5
144,15.jpg,xã,"_o
k^",2.5
72,47.jpg,có,"2
pp)",2.5
13,62.jpg,khái,"é
vy t(a í",2.5
145,66.jpg,cổ,"lj
(0",2.5
117,98.jpg,xe,óỳ2ọo,2.5
37,1.jpg,sĩ,"~_
,n",2.5
27,7.jpg,và,tu/4`,2.5
108,92.jpg,hà,1#7⁄&,2.5
34,54.jpg,người,"`
/,
2!
“n#ø",2.4
70,36.jpg,các,"/
(2 b6",2.3333
30,79.jpg,cái,"⁄s
0ø ‹",2.3333
69,50.jpg,vào,"&
v⁄⁄ òd",2.3333
83,7.jpg,một,"©
vwa¿é",2.3333
129,64.jpg,cầu,"^`
có. &",2.3333
148,82.jpg,cấp,".”
(€2)",2.3333
55,70.jpg,mưu,wuj)) ^,2.3333
38,13.jpg,cao,(ø2 79),2.3333
129,76.jpg,tội,"ìa
toì
f",2.3333
15,36.jpg,rất,"~}
r-axc",2.3333
82,85.jpg,hẳn,"2
wwe^x",2.3333
59,48.jpg,năm,"—
ẽ^oac",2.3333
84,29.jpg,nam,duưdqcœ,2.3333
100,4.jpg,cảm,"l
c~^~⁄^",2.3333
53,53.jpg,hạn,) t7⁄4o,2.3333
6,29.jpg,nêu,"ˆ^
đ⁄@œ",2.3333
146,53.jpg,máu,"⁄
w\®2w",2.3333
51,1.jpg,nói,"^-
a v)",2.3333
126,44.jpg,mỗi,"~
⁄^^^g",2.3333
78,54.jpg,ngọ,"liềt
1°",2.3333
129,55.jpg,năm,"c
^^ an",2.3333
113,68.jpg,vấn,"„“
vo⁄zé",2.3333
72,6.jpg,với,"á-
96 ị",2.3333
110,48.jpg,huệ,"tr,
vố.",2.3333
121,36.jpg,sửa,"bỏ
06⁄1",2.3333
104,7.jpg,đầu,"=~
_ cụ",2.3333
91,40.jpg,với,"⁄
(s4 +",2.3333
19,23.jpg,với,"⁄cc
töc",2.3333
43,19.jpg,nói,"⁄
⁄az2,",2.3333
110,8.jpg,mỗi,"cơ‹
woo",2.3333
119,16.jpg,dòm,216y⁄⁄à,2.3333
57,78.jpg,mới,"⁄z
w~&t",2.3333
58,3.jpg,mua,wvwa^~.-,2.3333
29,42.jpg,của,"?
cc*⁄24",2.3333
4,42.jpg,một,"n
vao }",2.3333
73,32.jpg,nếu,"— /
77,",2.3333
71,62.jpg,mua,vwaakce_,2.3333
13,44.jpg,năm,"_
z“t^g",2.3333
13,71.jpg,mỗi,"ki
^^
w",2.3333
45,60.jpg,mái,"⁄_
#<=<",2.3333
149,6.jpg,oan,(v/ø #0,2.3333
71,67.jpg,như,——~⁄⁄2.,2.3333
134,86.jpg,đời,"~_
h ¡
i",2.3333
63,95.jpg,sản,"3)
^oo^",2.3333
105,56.jpg,dân,"z^
⁄⁄/)",2.3333
135,83.jpg,rồi,"~
jlo^.",2.3333
76,13.jpg,vào,"^^
„“««",2.3333
49,1.jpg,màu,"_
nwwcơ",2.3333
80,34.jpg,của,"l
(8120",2.3333
77,26.jpg,000,í« 1 ®),2.3333
52,77.jpg,vấn,"⁄
vv⁄2⁄a",2.3333
103,99.jpg,mắt,"(\
vnš1",2.3333
29,75.jpg,xác,"⁄
k^&ícc",2.3333
134,7.jpg,vẫn,"—~—
4q n",2.3333
138,50.jpg,mới,"“4 l
mì",2.3333
92,53.jpg,sắm,"4
ccxima",2.3333
12,72.jpg,món,"⁄
wưưữỡn",2.3333
21,15.jpg,vẫn,"~
^^
voc",2.3333
55,22.jpg,làm,">>.
(on",2.3333
107,5.jpg,lần,"~-
2205",2.3333
19,84.jpg,qua,xi thín,2.3333
10,90.jpg,vừa,⁄0^v⁄2^x,2.3333
81,60.jpg,cần,"_——_
cơm",2.3333
82,4.jpg,nội,"⁄^.
#lơ",2.3333
3,62.jpg,của,"9
co—^cœ",2.3333
86,43.jpg,núi,"⁄c
w.wc",2.3333
107,40.jpg,của,"⁄
c—-w_o",2.3333
7,31.jpg,của,"2
(aa ø.",2.3333
145,53.jpg,mỗi,"~“~—
/⁄",2.3333
60,16.jpg,của,"⁄
(~^'`",2.3333
83,46.jpg,môi,"^^.
à9)",2.3333
99,36.jpg,giá,"_z
4!^-",2.3333
9,31.jpg,cầu,"\
(6/27",2.3333
23,15.jpg,nằm,ywø⁄⁄xn,2.3333
82,26.jpg,khó,1”“⁄/⁄z,2.3333
6,88.jpg,của,"ni
co —~",2.3333
133,92.jpg,năm,"—
crướn",2.3333
3,82.jpg,thầm,a0/⁄42⁄nh,2.25
91,98.jpg,tuấn,"r ~⁄
7⁄5:",2.25
96,72.jpg,giải,"7
—
í ⁄ 1",2.25
130,91.jpg,toán,"⁄ì
“z2 ớđn",2.25
132,72.jpg,ninh,„”w›?+-an,2.25
10,1.jpg,muỗi,"—
~
t©ww-",2.25
33,5.jpg,cuộc,"(7/0767
:",2.25
137,38.jpg,việc,"„ @
w7 kí",2.25
17,54.jpg,khắc,"i
<< y⁄%,",2.25
8,96.jpg,cuối,"”
7/7/00)",2.25
73,100.jpg,hoàn,"/⁄^~~^
..",2.25
111,30.jpg,niệm,"-^
wa⁄aa",2.0
133,86.jpg,mức,"4
íaw c",2.0
127,45.jpg,nạn,⁄c®2⁄2,2.0
1,35.jpg,núi,"á
vu ị",2.0
120,72.jpg,có,"⁄ˆ
cò",2.0
120,40.jpg,đ,2i,2.0
5,1.jpg,lẽ,( c.,2.0
132,78.jpg,số,"c
ád",2.0
36,61.jpg,mà,".
w®",2.0
117,92.jpg,ở,s.,2.0
23,50.jpg,ý,vi,2.0
138,98.jpg,đ,tl,2.0
99,27.jpg,ở,w&,2.0
36,84.jpg,cả,"⁄
ca,",2.0
24,93.jpg,xử,"á
s4",2.0
92,37.jpg,mộ,"“1
m2",2.0
99,30.jpg,có,"á
^^",2.0
111,1.jpg,em,law~,2.0
23,37.jpg,vốn,"⁄^
vw~^",2.0
10,85.jpg,cả,"7
cða",2.0
36,53.jpg,vì,"cc
v3",2.0
36,54.jpg,1,⁄4,2.0
104,5.jpg,của,"2
((ast",2.0
123,48.jpg,hổ,“z8”,2.0
36,48.jpg,tuổi,"mm ⁄ố
há",2.0
99,67.jpg,nh,//lt,2.0
106,39.jpg,tôi,"xh,c^`",2.0
105,43.jpg,xóa,"z⁄
nxúc",2.0
138,6.jpg,và,"-
^j",2.0
18,21.jpg,tác,"/⁄
{4u",2.0
58,20.jpg,cẩn,"~7?
cc",2.0
22,52.jpg,xế,"~
%2",2.0
64,12.jpg,nếu,"~⁄
awlu",2.0
147,84.jpg,số,"⁄
%&",2.0
62,13.jpg,vệ,1⁄22,2.0
140,5.jpg,tất,"øx
144",2.0
9,19.jpg,y,vé,2.0
34,6.jpg,tạm,"[on
lu",2.0
73,42.jpg,vùi,"..
[ba",2.0
31,54.jpg,xứ,"cc
xd",2.0
133,39.jpg,ích,"l ⁄c
cé",2.0
18,33.jpg,sử,"2
tô",2.0
15,26.jpg,1,“_,2.0
1,40.jpg,các,"^^
(25",2.0
48,28.jpg,ve,wwv⁄2,2.0
79,94.jpg,tới,"j
x-.‹",2.0
98,71.jpg,vũ,"=
pa",2.0
31,53.jpg,nói,"⁄
lv w",2.0
117,82.jpg,các,"““
€c^l",2.0
123,67.jpg,điểm,"un
cìww¬",2.0
93,41.jpg,năm,"é
cww—",2.0
28,9.jpg,các,"⁄
(1⁄4",2.0
58,67.jpg,mắn,"“⁄
„nan",2.0
121,90.jpg,số,"v
ác",2.0
120,82.jpg,sẽ,"~
w*",2.0
136,89.jpg,nếu,"~⁄
aaa",2.0
9,57.jpg,giỏ,"- 1
09",2.0
25,67.jpg,000,(l0 1ø),2.0
136,95.jpg,xếp,"& |
mép",2.0
24,86.jpg,có,"|
0ò",2.0
36,80.jpg,cấp,"⁄
ˆ
cơn",2.0
101,67.jpg,của,"?
trúừ",2.0
41,20.jpg,năm,"lơ.
an",2.0
147,53.jpg,mua,wwwaazc,2.0
36,92.jpg,cấu,"(
v⁄⁄⁄",2.0
45,71.jpg,3,2$,2.0
117,71.jpg,có,"|
lò",2.0
64,50.jpg,ái,"cc
đ",2.0
64,39.jpg,có,"⁄
eo",2.0
5,43.jpg,kế,"/
(.",2.0
79,92.jpg,cụ,(aa—,2.0
111,11.jpg,rỏi,"?.
6e!",2.0
65,14.jpg,bờ,"lệ
p",2.0
92,47.jpg,thua,11⁄24⁄2_,2.0
134,93.jpg,việc,".-^a
vư°",2.0
120,95.jpg,có,"⁄
0o",2.0
56,34.jpg,7,“í,2.0
49,86.jpg,với,"w
wjol",2.0
63,90.jpg,có,"ì
cao",2.0
70,63.jpg,ước,"“^ˆ
ồ^",2.0
52,46.jpg,rõ,"~9
2",2.0
149,87.jpg,xế,qaội,2.0
149,76.jpg,1,4],2.0
118,25.jpg,năm,"v
w-t^",2.0
100,51.jpg,mãi,"s
wwoa",2.0
75,41.jpg,ở,s.,2.0
70,66.jpg,bữa,"“
f5 ưa",2.0
63,80.jpg,tổ,"3
+6",2.0
105,99.jpg,của,"2
7/00",2.0
135,46.jpg,g,ớœ,2.0
148,35.jpg,uốn,"= ⁄
lm",2.0
143,14.jpg,sở,"?
đổ",2.0
33,3.jpg,3,"k,",2.0
66,75.jpg,có,"⁄
(@",2.0
148,32.jpg,án,"(
ơa",2.0
74,48.jpg,xác,"ccˆ
xơ",2.0
63,28.jpg,nối,"_l
aứý",2.0
6,25.jpg,như,(0/222,2.0
84,60.jpg,đó,"⁄
cc",2.0
105,58.jpg,000,lon910),2.0
48,62.jpg,món,on ơ^~,2.0
140,93.jpg,ở,")
ở",2.0
35,97.jpg,xã,"_
^^",2.0
56,96.jpg,với,"⁄
12vð",2.0
36,40.jpg,ước,"»
a8^_",2.0
147,25.jpg,vấn,"so
í/)",2.0
96,39.jpg,và,"„.
^",2.0
67,43.jpg,sở,"2
cú",2.0
84,15.jpg,cứ,"/
vi",2.0
84,11.jpg,cá,"⁄
c⁄_",2.0
149,79.jpg,vốn,"~⁄
/⁄w",2.0
148,40.jpg,của,"//
cia^~",2.0
96,45.jpg,2,0u,2.0
73,12.jpg,của,")
ca ø-",2.0
96,47.jpg,tịch,`. nguýn,2.0
66,98.jpg,ai,øœ%\,2.0
133,15.jpg,là,/⁄⁄4,2.0
62,37.jpg,cứu,"/
5/0)",2.0
49,18.jpg,nước,"sĩ
yvwas",2.0
121,85.jpg,ai,"⁄/7,",2.0
143,20.jpg,các,"⁄
(0/2",2.0
113,81.jpg,để,"j!
ặ",2.0
74,49.jpg,néon,"`
vizoowv",2.0
85,20.jpg,nổi,"2
a.o⁄",2.0
96,64.jpg,ở,0),2.0
78,72.jpg,việc,". lai
vi ø",2.0
148,46.jpg,họ,t1øo,2.0
83,84.jpg,tám,"_—⁄
\am",2.0
6,3.jpg,mỗi,"w
yvy&",2.0
150,9.jpg,cậu,"c w&
^^",2.0
83,80.jpg,về,".n
vu",2.0
63,69.jpg,quay,c2 2 54.,2.0
25,34.jpg,có,"g”
cò",2.0
37,81.jpg,rẻ,"?
(2",2.0
74,56.jpg,con,⁄⁄224|,2.0
63,65.jpg,sĩ,"cc
g",2.0
37,56.jpg,ấy,"_“
_",2.0
98,6.jpg,cứ,"4
6á",2.0
119,4.jpg,với,"vvˆ
(8a",2.0
71,19.jpg,cả,"2
co,",2.0
73,20.jpg,tìm,"_
.
vv",2.0
135,1.jpg,vào,"—_—
w^o",2.0
6,61.jpg,mà,"—
^^",2.0
25,84.jpg,xã,"vv
xo",2.0
97,64.jpg,rõ,"~
z~",2.0
34,62.jpg,cầu,"—~
co^x",2.0
140,70.jpg,và,"`
úa",2.0
117,54.jpg,vấn,"~
lệx⁄",2.0
5,58.jpg,xử,"?
s2",2.0
98,13.jpg,mẽ,"2
va",2.0
75,7.jpg,bán,"/
3 2a",2.0
70,71.jpg,tâm,“[axvx,2.0
75,8.jpg,tế,"_
k9",2.0
30,31.jpg,nói,"/
/øớv",2.0
34,47.jpg,hổ,"hệ
(@",2.0
21,52.jpg,niên,"-^
($ư⁄a",2.0
37,17.jpg,và,"&
tc",2.0
97,43.jpg,ra,)à)⁄,2.0
73,37.jpg,15,c ro,2.0
121,94.jpg,chết,"ø
0/09
°",2.0
23,87.jpg,cá,e~«~,2.0
5,57.jpg,có,"cˆ
c>",2.0
25,77.jpg,về,"__
a",2.0
107,82.jpg,nửa,"p
7077",2.0
107,66.jpg,tám,"ớø/;
_",2.0
62,17.jpg,suối,"1
@&aavx",2.0
55,90.jpg,rải,"? ũ
ca",2.0
25,66.jpg,rừng,"quên :
li",2.0
65,1.jpg,qua,xi mác,2.0
105,74.jpg,sở,"/
0%",2.0
37,29.jpg,mô,"2
mmo",2.0
21,50.jpg,gồm,"gân
ai)",2.0
85,14.jpg,xã,"^^
xe",2.0
29,32.jpg,cứu,"caaaa
„",2.0
102,42.jpg,đều,"tc.
a1",2.0
60,32.jpg,cá,"c
c«&",2.0
79,1.jpg,vẫn,"~
699)",2.0
100,47.jpg,của,"?
ca cc",2.0
67,64.jpg,giữ,"..”
vé",2.0
67,65.jpg,mà,tỷø^,2.0
105,66.jpg,sắp,"c
^⁄øð",2.0
74,64.jpg,vì,"~_
vc",2.0
123,9.jpg,nữa,"_
pégi",2.0
106,26.jpg,7,“+,2.0
84,20.jpg,thực,(/\2vxuụ,2.0
96,61.jpg,giá,đa ' _,2.0
67,81.jpg,cầu,"^¬
c©®`",2.0
29,50.jpg,và,"k
un",2.0
23,99.jpg,600,cgcøoo,2.0
23,98.jpg,cố,^^ t,2.0
130,52.jpg,số,"/
c6",2.0
24,60.jpg,xe,mỹ//,2.0
141,69.jpg,án,"⁄
cơn",2.0
123,50.jpg,sới,"⁄
2.
cới",2.0
134,78.jpg,và,"_
nó",2.0
97,56.jpg,đối,"zhˆ
at",2.0
20,15.jpg,gắt,"=(
tt
⁄",2.0
121,78.jpg,tế,"ng
to",2.0
11,8.jpg,từ,a uì,2.0
93,12.jpg,thẻ,"l
+\w„",2.0
55,27.jpg,án,"⁄c
ơn",2.0
109,48.jpg,biển.,"„7
e«w
bơ .",2.0
146,24.jpg,thành,⁄óð%2o02⁄2,2.0
77,24.jpg,mặt,"_
wo:ÿ",2.0
124,50.jpg,y,tá,2.0
2,10.jpg,mất,"“ˆ
“đˆ",2.0
91,24.jpg,phố,"xˆ
ÿ\ò",2.0
142,39.jpg,1,zz,2.0
146,43.jpg,có,"“^
c2",2.0
59,11.jpg,có,"/
4)",2.0
89,60.jpg,một,"nww©
“",2.0
131,14.jpg,xưa,"m kca
7",2.0
91,84.jpg,8,v9,2.0
91,15.jpg,mà,"ac
.",2.0
14,28.jpg,về,"^^
và",2.0
2,44.jpg,mỹ,kh ụ,2.0
53,90.jpg,về,"^
m2",2.0
116,26.jpg,ra,kvz-,2.0
71,30.jpg,ở,đổ,2.0
17,63.jpg,m,t1,2.0
38,5.jpg,đất,"_⁄
doi",2.0
144,80.jpg,cố,"⁄
2)",2.0
88,28.jpg,em,ấ#w.,2.0
115,52.jpg,sử,"2,
ẹ",2.0
38,1.jpg,gò,"„.
⁄",2.0
87,37.jpg,mà,⁄zw&,2.0
121,22.jpg,1,”z,2.0
87,12.jpg,tổ,"v
{2",2.0
150,89.jpg,mà,".
p0",2.0
7,74.jpg,cứu,"⁄ì
caaa",2.0
114,70.jpg,âm,5 4/,2.0
53,43.jpg,rồi,"^
2xo\",2.0
43,29.jpg,tử,"=2
|",2.0
76,97.jpg,các,"“^^
cơac",2.0
109,62.jpg,cậu,"^
cøœ~^",2.0
88,69.jpg,sức,"(
„qk‹",2.0
3,85.jpg,áo,⁄/⁄/,2.0
47,2.jpg,quí,"⁄^ˆ
ấm",2.0
114,24.jpg,đầy,"-
zi2>",2.0
38,59.jpg,bắc,"c
d„&‹",2.0
3,86.jpg,các,"“ˆ
ca _",2.0
137,23.jpg,án,"/
đìn",2.0
106,81.jpg,mớ,"⁄
vò",2.0
21,21.jpg,mất,"„ ø
o1",2.0
81,96.jpg,á,⁄ˆ,2.0
57,35.jpg,âu,"^ˆ
ø",2.0
41,70.jpg,50,1⁄2),2.0
81,78.jpg,2,v4,2.0
115,88.jpg,g,ý⁄,2.0
86,24.jpg,vị,"u
._",2.0
2,2.jpg,dẫn,"^~2
em",2.0
38,78.jpg,sở,"2
€ò",2.0
48,100.jpg,của,"2
caacdl",2.0
50,8.jpg,văn,"—
ưzønn",2.0
115,28.jpg,xã,woj),2.0
146,19.jpg,thứ,wi ⁄›?,2.0
122,2.jpg,với,"l„.
vơ.",2.0
128,50.jpg,cũ,"c
ca^",2.0
109,24.jpg,trở,"6)
4yš",2.0
82,23.jpg,và,"cœ
^",2.0
93,14.jpg,năm,"ợ
rn va",2.0
55,7.jpg,nở,"lu
nó",2.0
128,39.jpg,ở,"l
ở",2.0
65,95.jpg,tàu,"——
[cơ",2.0
128,65.jpg,năm,"&-_
ấn",2.0
87,62.jpg,khu,í<lw‹n,2.0
4,67.jpg,với,"c
4/dy",2.0
19,86.jpg,số,dó :,2.0
137,28.jpg,vụ,aƒll,2.0
40,4.jpg,và,"`
vˆ^",2.0
65,99.jpg,vốn,"s.(
v/v",2.0
51,23.jpg,các,"⁄“ˆ
cœo",2.0
4,35.jpg,hổ,"2
h*z",2.0
8,2.jpg,của,"7
ca^~^",2.0
82,38.jpg,xuất,"w”
—x⁄244",2.0
51,79.jpg,ăn,"—
^^",2.0
69,21.jpg,trời,"— —~
ì x",2.0
14,67.jpg,quan,"cẽn
cejm",2.0
14,94.jpg,về,"am
vc",2.0
146,90.jpg,nối,"~í
đư)",2.0
77,75.jpg,nam,lñx⁄24,2.0
125,83.jpg,trả,"bj
†r.^",2.0
81,64.jpg,dn,0 /\,2.0
72,94.jpg,và,"..
va",2.0
20,96.jpg,tổ,"3
+9",2.0
129,10.jpg,ái,"é
cá",2.0
8,28.jpg,ông,"^^
_—_",2.0
109,30.jpg,của,"2
0 u^",2.0
110,91.jpg,để,_cx%,2.0
27,88.jpg,cũ,"¬
o^",2.0
108,70.jpg,ra,jì4l,2.0
115,4.jpg,tội,"cc
\ 8",2.0
3,41.jpg,số,"⁄
a9",2.0
142,68.jpg,xe,0 (/,2.0
82,62.jpg,u,w_,2.0
61,27.jpg,tố,"a”
ø",2.0
39,25.jpg,hoàn,l (27⁄9),2.0
17,76.jpg,cảm,"2
c on”",2.0
38,27.jpg,với,"~0
nbx",2.0
87,57.jpg,con,(ø x44,2.0
140,31.jpg,của,"2
cao ca",2.0
128,33.jpg,mà,"íic,",2.0
53,86.jpg,và,"v
wvz",2.0
86,45.jpg,sĩ,"~
š\",2.0
61,47.jpg,và,"_
^^",2.0
101,17.jpg,đỏ,"9
so",2.0
128,80.jpg,và,"—
no",2.0
126,43.jpg,vị,"f
ca",2.0
111,82.jpg,19,(lá:,2.0
121,8.jpg,xem,l7 //5,2.0
129,73.jpg,và,a0@`,2.0
69,14.jpg,bảy,"`
(d@4",2.0
78,95.jpg,màu,"`
wew_",2.0
19,60.jpg,chồn,"đ¿y
^
6v",2.0
58,50.jpg,mà,vvw^,2.0
136,57.jpg,cả,"7
cøv",2.0
41,12.jpg,cả,")
vs",2.0
69,13.jpg,1,ác,2.0
71,69.jpg,mà,pu n,2.0
72,40.jpg,ở,z2,2.0
134,29.jpg,bốn,"w⁄ˆ
b^š",2.0
110,1.jpg,giờ,"„
2
„”",2.0
16,47.jpg,món,"_
vyøøn",2.0
11,98.jpg,mặc,/za ke,2.0
72,4.jpg,án,"|
00",2.0
8,92.jpg,con,[ve)is,2.0
108,36.jpg,số,"/
«&",2.0
132,13.jpg,rủ,"9
b.",2.0
98,63.jpg,cá,"i
c⁄t",2.0
68,62.jpg,nội,"—
lú
u",2.0
68,86.jpg,này,"ˆ
/moi",2.0
109,65.jpg,xe,2%œ_,2.0
145,16.jpg,sẽ,"~
á0",2.0
94,42.jpg,v,n/,2.0
55,23.jpg,và,_x⁄^,2.0
139,43.jpg,sức,"⁄
ấð—_",2.0
144,73.jpg,của,"9
0110",2.0
34,4.jpg,vẫn,"k
(29a",2.0
39,33.jpg,làm,aùừùna,2.0
19,80.jpg,vẫn,"c=—
ư¬n",2.0
150,50.jpg,bếp,"~l
040",2.0
41,13.jpg,có,"⁄
“z",2.0
64,88.jpg,bình,_⁄zc^⁄⁄2,2.0
19,90.jpg,cuối,"_-
7//0)",2.0
12,66.jpg,nước,"⁄
<4
vwớøc",2.0
106,61.jpg,vào,"—_
ươob",2.0
124,38.jpg,on,7” œ,2.0
13,39.jpg,mãi,"~,
weu",2.0
111,43.jpg,có,(2%),2.0
113,42.jpg,các,"⁄
(0/2",2.0
26,2.jpg,cả,"a
cø/",2.0
41,31.jpg,cổ,"^2
co",2.0
84,97.jpg,số,"4
cò",2.0
123,4.jpg,ra,nko_,2.0
89,86.jpg,sự,"í
eu",2.0
138,99.jpg,ác,⁄⁄/e,2.0
77,58.jpg,và,w⁄2`,2.0
139,38.jpg,mà,21⁄4,2.0
119,34.jpg,sở,"é
$0",2.0
27,11.jpg,mà,ø^~^,2.0
43,92.jpg,với,"vs x
bà",2.0
38,83.jpg,nề,"„
vu",2.0
132,41.jpg,nữa,"<ð)
”{",2.0
125,17.jpg,có,"⁄
cơo",2.0
68,94.jpg,điểm,"¬~2
đi 2⁄4",2.0
13,67.jpg,vồn,"__
“#⁄",2.0
138,62.jpg,000,öôooòo,2.0
68,84.jpg,về,"~ñ
vc",2.0
46,9.jpg,các,"⁄
e^œ(",2.0
142,20.jpg,có,"⁄
c95",2.0
99,50.jpg,vắn,"t7
ưo&",2.0
10,21.jpg,vẫn,"^¬~
và",2.0
47,46.jpg,người,"__—.
ca⁄^¬",2.0
124,2.jpg,tham,~ wœ«c—~,2.0
16,91.jpg,in,uvvv,2.0
116,77.jpg,km2,vxén +,2.0
2,71.jpg,trí,"z
ø/ïp",2.0
134,20.jpg,rơi,"q-
ào\",2.0
80,82.jpg,vô,"^
4o",2.0
144,4.jpg,sở,"9
mi",2.0
119,73.jpg,nhìn,"~(||az„,",2.0
52,72.jpg,ra,lanug,2.0
35,44.jpg,1,vj,2.0
20,65.jpg,nên,"cc
v0an",2.0
7,38.jpg,ở,có,2.0
53,29.jpg,nước,"⁄
⁄“1u ác",2.0
114,67.jpg,mẹ,owva,2.0
13,81.jpg,câu,"^
@&⁄^",2.0
126,99.jpg,nổi,"l
e~ø3",2.0
19,18.jpg,tế,"/
|2",2.0
39,83.jpg,50,= 6©,2.0
137,4.jpg,cửa,"2?
c^íø",2.0
94,66.jpg,xử,"2
6.",2.0
39,59.jpg,mùa,s~.xax^,2.0
108,12.jpg,cứ,"áá
c",2.0
13,58.jpg,1,vi,2.0
91,71.jpg,của,"¬
c «4đ",2.0
65,67.jpg,vỏ,"2
w0",2.0
111,47.jpg,trả,"s
l(ếp",2.0
53,10.jpg,săn,@€ccaa,2.0
129,33.jpg,biểu,"637)
b6)",2.0
39,51.jpg,mà,vớứn,2.0
144,20.jpg,ói,"⁄
o3",2.0
129,48.jpg,ở,uố,2.0
72,14.jpg,ta,“^^.,2.0
134,18.jpg,ở,äˆ,2.0
114,50.jpg,và,mã /,2.0
99,62.jpg,tư,-|rä,2.0
50,92.jpg,ở,"2
ở",2.0
138,91.jpg,ngoài,"l.
dx4ø<ủ",1.8
2,67.jpg,nghèo,~—⁄⁄z~+>2,1.8
70,89.jpg,trước,"đĩ à„à4
l",1.8
54,81.jpg,triển,"¿>2
txu⁄ab",1.8
45,17.jpg,viên,"c^¬
vtøv",1.75
145,9.jpg,hồng,"äaêe ""4",1.75
86,25.jpg,nước,"ywed‹
cc",1.75
72,49.jpg,nước,"⁄
aauäôớc",1.75
14,35.jpg,kiểm,"cc ọ«
4",1.75
96,43.jpg,nước,"⁄
n¿ ờ%©",1.75
102,74.jpg,kiểm,"ta;
qco",1.75
117,17.jpg,miền,awt2v⁄8,1.75
69,26.jpg,thật,"kj
bu
:",1.75
41,33.jpg,niên,"%
da©ww",1.75
109,5.jpg,cuộc,"^
(0/25",1.75
142,77.jpg,cuộc,(w/⁄40⁄,1.75
29,21.jpg,hiểu,"` n
„ù^",1.75
49,72.jpg,giữa,".7”
cục",1.75
51,71.jpg,nuôi,"(~
pggg",1.75
13,18.jpg,xuất,"__/⁄
xu",1.75
128,93.jpg,giải,"` ⁄.
đó",1.75
133,33.jpg,liền,"&
[¿¿wv",1.75
89,68.jpg,niềm,"_—
rư~^",1.75
90,53.jpg,được,"li
vỏ
ac",1.75
82,11.jpg,cuộc,"^¬
cox^c.",1.75
52,21.jpg,niên,"-c
vaew",1.75
81,34.jpg,soát,"_ _g
so}",1.75
27,22.jpg,nước,"ø<
a^‹4",1.75
82,99.jpg,tiếp,"c “
lt6p",1.75
132,22.jpg,sách,@& 4/1.,1.75
104,84.jpg,điểm,"sa
t¡®n",1.75
7,67.jpg,đuổi,"—^2.
ø^",1.75
42,4.jpg,điều,". —
eaa",1.75
80,6.jpg,nước,"^
vvxvdc",1.75
32,54.jpg,hiếm,_⁄⁄252-,1.75
75,3.jpg,nhận,vata củn,1.75
86,62.jpg,minh,~^~^~~_,1.75
80,30.jpg,undp,⁄⁄inn//d,1.75
73,45.jpg,biểu,"„2?
lbx",1.75
20,75.jpg,2003,<2) 0/9 2,1.75
124,91.jpg,nước,"ø
v¬a dớc",1.75
35,36.jpg,hoàn,ânñò đớn,1.75
15,22.jpg,cuốn,"~
ea1o>",1.75
17,42.jpg,diễn,"- _?
t—",1.75
6,87.jpg,quan,2/29/66,1.75
99,35.jpg,tuổi,"⁄ )
|vð",1.75
141,2.jpg,xuất,"_ w
xvưđt",1.75
31,17.jpg,khẩu,"⁄⁄4 ”
a",1.75
130,82.jpg,nước,4aaäcxã-,1.75
42,62.jpg,cùng,=⁄⁄⁄4(|,1.75
73,52.jpg,tiền,"——
á«<„",1.75
131,62.jpg,nước,"c
j]
no",1.75
106,76.jpg,quốc,"`
10062",1.75
56,89.jpg,điều,lại 2 và,1.75
18,42.jpg,khám,//⁄‹<⁄4,1.75
93,58.jpg,phải,"(l3 :
[",1.75
20,34.jpg,ngắn,"⁄
“đ đan",1.75
127,74.jpg,nghệ,"n \ k@
ọ",1.75
51,20.jpg,biển,"(14
¬
~",1.75
114,58.jpg,tuổi,"— 0)
1%",1.75
65,19.jpg,vực,ni aø,1.6667
32,2.jpg,dẫn,"~—
zan",1.6667
45,94.jpg,của,"""
wwu",1.6667
119,9.jpg,gần,"^^
cc",1.6667
133,67.jpg,năm,vu ng,1.6667
88,3.jpg,món,"í
y⁄^",1.6667
60,11.jpg,của,"0
c>x^",1.6667
24,88.jpg,một,"nr,gà",1.6667
119,29.jpg,mất,vị a+,1.6667
73,27.jpg,đẩy,# ụ ),1.6667
121,55.jpg,núi,"c
wưo",1.6667
23,81.jpg,lúa,"l5
8⁄4",1.6667
117,40.jpg,với,"cc
ưa",1.6667
79,62.jpg,cắm,"⁄ì
co",1.6667
35,30.jpg,nói,"⁄
ñot",1.6667
51,66.jpg,con,cè yvv,1.6667
99,74.jpg,vẫn,“®=—~,1.6667
24,67.jpg,đầu,"~
®=uđ",1.6667
106,50.jpg,của,"2
caaoa",1.6667
68,67.jpg,vẫn,ecy“w,1.6667
101,63.jpg,nữa,"^^
tw",1.6667
3,8.jpg,đấu,"a7
na",1.6667
117,77.jpg,hcm,x—ơ⁄4,1.6667
147,95.jpg,tín,._<--,1.6667
139,15.jpg,với,"7x
<<",1.6667
136,46.jpg,của,")
c^~⁄",1.6667
42,96.jpg,mài,/n=zu,1.6667
65,43.jpg,đầu,"c
/iw",1.6667
101,68.jpg,của,"2
⁄a 4",1.6667
48,16.jpg,nếu,"=⁄
w0",1.6667
99,88.jpg,cầu,"a>
ca",1.6667
1,73.jpg,cãi,"co
cơ,",1.6667
65,38.jpg,mâm,„”~cø,1.6667
65,49.jpg,đối,"^)
di.",1.6667
133,60.jpg,núi,"/‹
un",1.6667
23,45.jpg,đến,"(
tắt",1.6667
40,70.jpg,máu,#2522,1.6667
1,74.jpg,cấp,"c=
c<cp",1.6667
140,48.jpg,với,"⁄ˆ
vu",1.6667
23,53.jpg,vào,"_
vgöò",1.6667
42,90.jpg,vẫn,"c~=
v®n",1.6667
20,55.jpg,cầu,"„5
c&ø",1.6667
3,3.jpg,của,"3
^~^",1.6667
5,51.jpg,vắn,"“
ơ ấn",1.6667
119,65.jpg,nào,"_
ww^o",1.6667
93,25.jpg,núi,"cc
vai",1.6667
75,47.jpg,cán,"pa
c—ơ",1.6667
101,85.jpg,đến,21⁄ä%,1.6667
110,62.jpg,mới,"/
~ ớu",1.6667
101,86.jpg,quả,7⁄~ðề,1.6667
143,81.jpg,của,"⁄2
caao",1.6667
95,31.jpg,đầu,⁄/⁄ m,1.6667
110,75.jpg,ông,:- cu,1.6667
129,1.jpg,tấn,1ä^z',1.6667
82,93.jpg,tôi,"^^
to",1.6667
61,25.jpg,đầu,"cớ
©^",1.6667
7,63.jpg,của,"7
caalc",1.6667
85,11.jpg,sức,"⁄“c
s6",1.6667
37,68.jpg,mùa,"bi
w2",1.6667
69,33.jpg,của,"`
ca «",1.6667
140,44.jpg,vẫn,".
no y",1.6667
119,84.jpg,bạn,"l=
⁄c",1.6667
7,47.jpg,mua,pp dc,1.6667
120,92.jpg,của,"2
c cac",1.6667
115,15.jpg,hải,/§#nn,1.6667
89,26.jpg,cấp,"^ ⁄
c«p",1.6667
106,98.jpg,xây,ø ~äà,1.6667
88,50.jpg,năm,"[“
pp",1.6667
7,55.jpg,xét,"c
«e@",1.6667
82,25.jpg,thể,vš 2”,1.6667
106,2.jpg,chi,ế<⁄dv,1.6667
37,34.jpg,của,"2
cao.",1.6667
150,11.jpg,cứu,".
01)",1.6667
123,26.jpg,với,"vs
425",1.6667
115,40.jpg,của,")
(a20",1.6667
38,89.jpg,vực,vưd)⁄.,1.6667
129,28.jpg,trí,"đc, ˆ",1.6667
69,3.jpg,mùa,w—^o_,1.6667
103,27.jpg,tội,"_|
ôu",1.6667
80,63.jpg,đến,"hớ
nu.",1.6667
103,29.jpg,dịu,2⁄^~«,1.6667
106,84.jpg,lên,"l1
tré",1.6667
45,24.jpg,huệ,tr tt,1.6667
116,33.jpg,vào,"&
wv^~",1.6667
101,20.jpg,với,"l.
vh",1.6667
69,75.jpg,ống,"^ /
”",1.6667
90,96.jpg,dân,"^
clon",1.6667
61,34.jpg,với,"c
v ùì",1.6667
21,99.jpg,xem,k#ømnm,1.6667
55,99.jpg,dân,"^ˆ
dao",1.6667
80,48.jpg,của,"⁄
caa4a",1.6667
75,35.jpg,trí,"‹í
tý",1.6667
140,29.jpg,của,"3
vi)",1.6667
40,9.jpg,tối,"/
⁄ t",1.6667
38,3.jpg,xác,p2 sa,1.6667
3,57.jpg,vào,"^^
ưao",1.6667
131,78.jpg,nậu,“^zé~,1.6667
5,48.jpg,cầu,"x
cơ⁄~",1.6667
35,79.jpg,cầu,"c8""
løu",1.6667
118,95.jpg,cái,"^^
z7",1.6667
129,18.jpg,các,"⁄
cơo-",1.6667
116,64.jpg,phố,"~“/
pha",1.6667
20,82.jpg,giá,"s6
kế",1.6667
71,26.jpg,rằm,"_
_
cm",1.6667
130,58.jpg,ven,ở 9⁄4,1.6667
130,85.jpg,bắt,"⁄
vxd",1.6667
68,79.jpg,với,"/
w3”",1.6667
61,3.jpg,gần,"mm
tu",1.6667
57,64.jpg,cất,"^^
co t",1.6667
29,19.jpg,mắt,"-⁄
mm",1.6667
131,20.jpg,khả,⁄áz¿á,1.6667
62,59.jpg,dân,ä1z«l,1.6667
100,77.jpg,hai,.  —m,1.6667
111,7.jpg,xem,w⁄~^^,1.6667
124,90.jpg,mỗi,"_
vwr",1.6667
100,74.jpg,xây,"v⁄4/,",1.6667
10,60.jpg,thư,(ad ˆ,1.6667
10,62.jpg,vào,""" (đè",1.6667
97,57.jpg,hai,\fwauc,1.6667
46,78.jpg,hồi,"—
=
ụ",1.6667
111,26.jpg,mỏi,"to
pa",1.6667
16,27.jpg,với,"/
 á^",1.6667
46,83.jpg,vẫy,"~=
vớ",1.6667
38,66.jpg,quế,@ ^~/,1.6667
74,59.jpg,tác,or mi,1.6667
132,69.jpg,cầu,"c`
cœa",1.6667
105,30.jpg,thế,lớp ⁄,1.6667
26,1.jpg,sản,"2
aow",1.6667
97,19.jpg,nổi,"a2
nơ",1.6667
93,65.jpg,của,"]
c”u^",1.6667
46,61.jpg,vẫn,cƒoak,1.6667
114,16.jpg,xác,„<( @,1.6667
26,16.jpg,đẩy,"3z
bị",1.6667
11,100.jpg,mới,"i,
„ớố",1.6667
26,18.jpg,năm,"-
nov^",1.6667
112,5.jpg,sắm,"⁄
con",1.6667
112,40.jpg,cầu,"~ð
ca",1.6667
2,85.jpg,của,"?
ca›-",1.6667
47,22.jpg,anh,⁄đ„z⁄,1.6667
105,41.jpg,bún,"⁄cˆ
ban",1.6667
63,75.jpg,máy,vnoú|,1.6667
74,62.jpg,nói,"__
pa",1.6667
6,16.jpg,cấp,"cá
e0)",1.6667
66,81.jpg,vào,".
v2^©",1.6667
63,82.jpg,cất,"⁄|
ca",1.6667
123,59.jpg,giờ,"—_
ní",1.6667
145,55.jpg,vốn,"~ˆ
ưa",1.6667
48,50.jpg,thế,14⁄2”,1.6667
84,63.jpg,của,"?
c(ó_",1.6667
84,58.jpg,cấp,"hi
“4",1.6667
148,29.jpg,vốn,"a!
n/ú",1.6667
121,68.jpg,các,"sá
c^ t",1.6667
96,80.jpg,phủ,"2
qbã",1.6667
74,69.jpg,cẩn,"x7
cai",1.6667
36,97.jpg,dân,bi hh,1.6667
96,50.jpg,mua,@wauuo,1.6667
6,52.jpg,vẫn,"^^
vow",1.6667
98,17.jpg,sản,"`
do^",1.6667
15,58.jpg,vất,"⁄ø
v2",1.6667
64,71.jpg,món,lặi w,1.6667
15,49.jpg,tôi,-++®\,1.6667
113,32.jpg,mắc,"@ «
cc",1.6667
34,42.jpg,xếp,"“⁄4
2p",1.6667
138,95.jpg,cái,"/_
clu",1.6667
34,34.jpg,tôi,"7⁄2,`",1.6667
31,84.jpg,nếm,"\
ten",1.6667
9,47.jpg,bốn,"^~z
bớn",1.6667
30,34.jpg,cứu,"⁄
cama",1.6667
86,71.jpg,rác,"⁄“ˆ
„",1.6667
9,83.jpg,vẫn,"ˆ- ^
n",1.6667
139,95.jpg,kia,[#& ˆ,1.6667
139,78.jpg,cứu,"^^
pp",1.6667
122,3.jpg,của,"0/50,",1.6667
142,96.jpg,nói,"⁄
(0ä",1.6667
87,58.jpg,mới,"⁄“
am",1.6667
128,70.jpg,mãi,"sơ
wa",1.6667
139,74.jpg,nếu,"__
66",1.6667
72,84.jpg,cưa,")
(cn",1.6667
22,14.jpg,lớn,"⁄
/ry",1.6667
87,36.jpg,với,"/
vöôt",1.6667
44,43.jpg,cáo,"⁄
cơœơ",1.6667
44,29.jpg,vận,"ˆ^
gz",1.6667
14,9.jpg,nấu,"~
a25",1.6667
26,85.jpg,thể,"“
5 ^",1.6667
14,4.jpg,đận,c\®⁄^,1.6667
86,23.jpg,hữu,t1⁄xm,1.6667
72,29.jpg,của,"-_
caaa",1.6667
126,48.jpg,xét,"c
.—.",1.6667
145,70.jpg,vào,vxf& 0,1.6667
55,38.jpg,của,"7
ơl“",1.6667
19,65.jpg,hội,11⁄2),1.6667
76,85.jpg,còn,"nñ
cơ",1.6667
19,8.jpg,mắt,"⁄ˆ
na",1.6667
55,50.jpg,tàu,"<<
-_",1.6667
41,23.jpg,qua,ví đá,1.6667
145,46.jpg,với,"⁄
uäâ",1.6667
77,83.jpg,đến,"tớ.
c",1.6667
77,82.jpg,kêu,z£cx„,1.6667
41,66.jpg,nào,".
vioò",1.6667
91,72.jpg,các,"uú
ca.",1.6667
91,64.jpg,nỗi,"—_
0v",1.6667
144,60.jpg,máu,"#
72l",1.6667
50,18.jpg,cái,"“
0 =",1.6667
8,67.jpg,nơi,"nở °
/",1.6667
142,53.jpg,lần,"văn
sơ",1.6667
81,73.jpg,đdv,bo nu,1.6667
94,28.jpg,tôi,"o.
le",1.6667
146,28.jpg,mưa,"2
y~a_",1.6667
16,83.jpg,một,z⁄w«ÿ,1.6667
128,13.jpg,đối,",#
lt",1.6667
53,78.jpg,tra,la(ø|,1.6667
2,55.jpg,mua,yrưux^,1.6667
17,55.jpg,cái,"^^
cø",1.6667
4,10.jpg,rầu,"~_
1a",1.6667
146,45.jpg,tây,"[ %
/",1.6667
81,38.jpg,nằm,"—
“^^",1.6667
146,49.jpg,của,"a)
cc",1.6667
146,54.jpg,các,"£
0⁄ac",1.6667
8,26.jpg,sắt,"ki
»“t",1.6667
146,76.jpg,nếu,"c~
nà",1.6667
137,35.jpg,một,lu ở},1.6667
146,63.jpg,đảo,"~
lộ]",1.6667
137,47.jpg,mùa,naaa 6,1.6667
2,23.jpg,với,"|
wov",1.6667
76,10.jpg,anh,co ⁄k,1.6667
76,7.jpg,sao,øá—^—,1.6667
4,19.jpg,con,(2291,1.6667
114,92.jpg,một,no ân,1.6667
52,99.jpg,cục,aạ na,1.6667
104,32.jpg,bảo,"lọ
đò",1.6667
96,13.jpg,thì,-i@0p,1.6667
29,100.jpg,phố,”⁄%œˆ,1.6667
25,79.jpg,sản,"7
aal",1.6667
141,26.jpg,của,")
caa¬^",1.6667
24,38.jpg,mua,waai^_,1.6667
24,14.jpg,vẫn,"x2?
na",1.6667
49,55.jpg,nào,".
nđ 0",1.6667
138,7.jpg,vào,"_
í n",1.6667
107,59.jpg,cải,"t
(¿`",1.6667
63,23.jpg,hóa,"⁄“ˆ
«",1.6667
74,10.jpg,đối,":
2è:",1.6667
85,73.jpg,mãi,"—
amza",1.6667
92,62.jpg,vẫn,"v
m
udn",1.6667
148,89.jpg,nào,"b
w^ò",1.6667
45,14.jpg,núc,"c
(ab",1.6667
102,61.jpg,nam,[~“lom,1.6667
49,65.jpg,nào,"„.
w&o",1.6667
85,83.jpg,ông,"⁄\
cn",1.6667
107,33.jpg,nói,"⁄
^<~",1.6667
120,2.jpg,đói,pp ⁄0,1.6667
120,19.jpg,577,5 3}3>,1.6667
47,95.jpg,với,"⁄c
vớcớ",1.6667
67,95.jpg,nào,"b
vwð",1.6667
31,97.jpg,thể,7t0⁄u/,1.6667
100,30.jpg,cái,"⁄i
cá (",1.6667
89,82.jpg,nhang,"w⁄^vx
lị",1.6
20,68.jpg,khoan,/⁄42/hez.,1.6
130,77.jpg,phụng,pd¬ầâấạs4,1.6
111,24.jpg,chiến,"_l„ø
[1u",1.6
11,19.jpg,nhiệt,"(“4
lu
⁄",1.6
1,39.jpg,trước,†e 1d lý,1.6
69,49.jpg,người,(ai u vở,1.6
83,62.jpg,trước,"mm
idaeøc",1.6
128,52.jpg,trước,"cd
| tiếc",1.6
119,92.jpg,viên.,(j9 ww ‹,1.6
57,75.jpg,người,"^¬
nxơ⁄2!",1.6
133,54.jpg,trước,"- 1
1nuöc",1.6
76,19.jpg,luyện,#~«#⁄⁄2^,1.6
44,76.jpg,thành,“lly⁄2il,1.6
35,6.jpg,có,"7
cò",1.5
147,47.jpg,ổn,"_
ơn",1.5
17,98.jpg,từ,-uu,1.5
133,68.jpg,bộ,\58,1.5
35,4.jpg,có,"(
cơ",1.5
74,36.jpg,trăm,bức at,1.5
61,87.jpg,ký,lực,1.5
44,75.jpg,án,"^^
n",1.5
17,71.jpg,sẽ,"~
a",1.5
29,48.jpg,vô,tyè,1.5
32,36.jpg,việc,"..
mvcc",1.5
40,30.jpg,xe,067,1.5
47,36.jpg,bánh,l„(~—k,1.5
54,26.jpg,có,"⁄
co",1.5
124,46.jpg,để,1c:,1.5
27,90.jpg,20,1⁄2,1.5
27,95.jpg,ta,j#tx,1.5
105,17.jpg,về,"ư$,",1.5
63,12.jpg,về,"ư,`",1.5
126,42.jpg,14,văn,1.5
33,99.jpg,mẹ,wv_,1.5
62,100.jpg,quan,(đàaa⁄a,1.5
81,30.jpg,nhân,q40. in,1.5
135,18.jpg,ninh,(\ípío,1.5
2,42.jpg,khám,"ichovn,",1.5
140,20.jpg,hạnh,-⁄za/2,1.5
1,14.jpg,có,"í
cð",1.5
119,72.jpg,mình,retrữu,1.5
35,16.jpg,kỳ,#„&,1.5
136,24.jpg,km,cơn,1.5
91,3.jpg,ba,z⁄_,1.5
85,92.jpg,tế,te ˆ,1.5
57,92.jpg,có,"^
cơ",1.5
122,35.jpg,nn,//m,1.5
126,37.jpg,bước,"⁄
/-⁄4",1.5
81,65.jpg,dự,chủ,1.5
87,100.jpg,để,kh.,1.5
122,55.jpg,xe,v0),1.5
81,44.jpg,nước,"⁄z
vi#c",1.5
112,86.jpg,trên,-ll=@w,1.5
131,30.jpg,nhân,”⁄4 7»,1.5
114,81.jpg,tuổi,"2
^
s7",1.5
74,46.jpg,có,"⁄
c",1.5
57,42.jpg,tiền,"_
zhớnp",1.5
102,37.jpg,nó,[ñø,1.5
91,63.jpg,cá,"/
cø",1.5
53,23.jpg,đó,@q„,1.5
122,87.jpg,và,"_
vú",1.5
10,3.jpg,tổ,pgì,1.5
57,26.jpg,ra,"04,",1.5
104,49.jpg,là,[.c,1.5
122,71.jpg,về,"—
u",1.5
116,96.jpg,an,⁄⁄a,1.5
117,19.jpg,ra,4⁄4,1.5
47,16.jpg,hà,bón,1.5
54,12.jpg,có,"⁄
co",1.5
92,94.jpg,có,"/
2",1.5
26,100.jpg,có,"é
cø",1.5
78,40.jpg,kể,£¿°,1.5
112,74.jpg,mẹ,vaa,1.5
45,87.jpg,ói,"⁄
v",1.5
21,65.jpg,cả,"3
cà",1.5
2,38.jpg,có,"(
co",1.5
93,67.jpg,20,c¿o,1.5
131,18.jpg,nó,"x
no",1.5
112,68.jpg,có,"⁄
co",1.5
131,16.jpg,cổ,"s
co",1.5
108,13.jpg,được,au 102,1.5
78,41.jpg,đó,“dụ,1.5
140,14.jpg,cả,"⁄
c",1.5
24,1.jpg,về,wv«<,1.5
53,58.jpg,giám,"su
(ra",1.5
18,55.jpg,sẽ,pp.,1.5
57,56.jpg,có,"⁄
c¿",1.5
138,21.jpg,và,u⁄`,1.5
80,14.jpg,hả,văn,1.5
25,83.jpg,điểm,"“ˆ
#._",1.5
142,60.jpg,xách,"/
xo lw",1.5
128,5.jpg,15,ị{s,1.5
138,46.jpg,quan,/⁄#=<a,1.5
8,42.jpg,xa,w(o,1.5
55,43.jpg,25,v⁄«,1.5
61,44.jpg,sử,"/
sư",1.5
22,26.jpg,xã,9ca,1.5
122,58.jpg,xử,"ì
xw",1.5
92,38.jpg,mà,bin,1.5
60,71.jpg,tế,v2.,1.5
64,78.jpg,đa,zin,1.5
77,48.jpg,và,(#1,1.5
68,59.jpg,tư,sh0,1.5
7,2.jpg,vế,ở ˆ,1.5
51,38.jpg,về,"ˆ
ve",1.5
33,77.jpg,tuổi,"2
ảxo\",1.5
68,39.jpg,mơ,——_,1.5
115,86.jpg,dự,"đà,",1.5
4,100.jpg,tư,‡†⁄,1.5
120,8.jpg,thăm,"—_—
#~",1.5
121,40.jpg,phát,"”.
pó&",1.5
142,65.jpg,cả,")
cơ",1.5
87,22.jpg,xế,mới,1.5
126,88.jpg,là,úc.,1.5
121,56.jpg,quan,ai 45”,1.5
3,95.jpg,có,"⁄
co",1.5
3,49.jpg,có,"⁄
co",1.5
109,59.jpg,thân,a5 ⁄25,1.5
128,94.jpg,cá,"⁄
c",1.5
4,86.jpg,xe,wv⁄,1.5
85,52.jpg,hà,fo\,1.5
41,69.jpg,quán,"ø
1q !ưn",1.5
3,87.jpg,vì,"—
vc",1.5
150,6.jpg,có,"=
cc",1.5
108,97.jpg,vĩnh,".
„#wa",1.5
120,43.jpg,có,"/
co",1.5
108,16.jpg,khối,"lá
png",1.5
7,19.jpg,em,lømb,1.5
120,38.jpg,từ,‡+ử,1.5
145,38.jpg,nước,"(,
viẻc",1.5
139,53.jpg,bộ,“6ô,1.5
24,45.jpg,có,"⁄
cò",1.5
41,26.jpg,chửi,"7⁄0
“„",1.5
145,45.jpg,ai,len,1.5
124,28.jpg,cũng,"—
ca vì",1.5
88,56.jpg,biết,"at
sí-",1.5
67,94.jpg,cụ,(6v,1.5
13,13.jpg,du,đj~,1.5
48,85.jpg,cứ,"c3
)",1.5
60,95.jpg,cổ,e6ể,1.5
29,74.jpg,xã,"c
x-",1.5
140,96.jpg,đã,_—_,1.5
108,89.jpg,17,⁄ †,1.5
19,35.jpg,có,"⁄
&",1.5
85,50.jpg,và,ư-^,1.5
19,57.jpg,nước,"c
j”xươc",1.5
144,28.jpg,là,1⁄4,1.5
108,41.jpg,xe,„}.,1.5
80,98.jpg,tổng,"09
tế n4",1.5
68,100.jpg,quản,^zz«~<,1.5
120,13.jpg,tiền,"_
^
hơn",1.5
14,93.jpg,chưa,clh 1l2o,1.5
43,76.jpg,xe,wø_,1.5
87,52.jpg,ra,"aø""",1.5
146,98.jpg,cơ,"2
cc",1.5
14,84.jpg,đủ,chú,1.5
54,57.jpg,có,"°
c_",1.5
19,85.jpg,vô,"^
v9",1.5
32,76.jpg,tp,“t[.,1.5
63,8.jpg,về,"_
v*",1.5
140,25.jpg,ly,“⁄z,1.5
43,68.jpg,đá,—-<,1.5
85,72.jpg,kỳ,⁄&},1.5
60,92.jpg,âm,“va,1.5
72,37.jpg,rẻ,"j
r",1.5
22,87.jpg,đồ,ziô,1.5
87,15.jpg,để,"u
đc",1.5
127,67.jpg,có,"⁄
cổ",1.5
80,32.jpg,quán,"/
avưon",1.5
41,100.jpg,cả,"1
ca",1.5
115,27.jpg,đã,chu,1.5
137,32.jpg,85,ý c,1.5
22,19.jpg,xã,"v
x¬",1.5
21,68.jpg,giáp,"_j
{°f",1.5
103,75.jpg,dưới,"à z4
`",1.5
90,36.jpg,nghị,⁄ né lú,1.5
89,11.jpg,sĩ,"_
&",1.5
41,64.jpg,dị,^zz,1.5
77,21.jpg,là,”..,1.5
110,67.jpg,có,"/
c2",1.5
54,60.jpg,tù,“hn,1.5
86,50.jpg,mở,t6”,1.5
150,87.jpg,có,"⁄“
có",1.5
68,15.jpg,án,"⁄
ø",1.5
77,30.jpg,bò,jyx,1.5
150,86.jpg,lê,k<`,1.5
75,79.jpg,đi,„nh,1.5
130,32.jpg,ói,"⁄
ø",1.5
4,68.jpg,11,záj,1.5
126,73.jpg,biển,"7
lb¡2a",1.5
76,57.jpg,thôi,"t1 6
òt",1.5
150,85.jpg,án,"⁄
ơn",1.5
115,58.jpg,dự,ủuà,1.5
62,5.jpg,án,"(
đn",1.5
4,41.jpg,km,(cơ,1.5
4,47.jpg,cả,42:,1.5
71,50.jpg,ra,(^^,1.5
4,30.jpg,giới,"⁄ì
-
ái",1.5
76,29.jpg,đi,r bi,1.5
76,30.jpg,vụ,2.5,1.5
122,4.jpg,và,"n
vạ",1.5
123,90.jpg,ào,⁄ii,1.5
118,16.jpg,có,"⁄
ø",1.5
110,77.jpg,để,phi,1.5
30,63.jpg,mà,wmn^,1.5
106,30.jpg,có,"a
co",1.5
96,36.jpg,có,"/
co",1.5
98,19.jpg,ra,(2_,1.5
95,29.jpg,cả,")
cơ",1.5
144,68.jpg,nước,"/
tw ớt",1.5
73,10.jpg,vụ,_ _,1.5
15,57.jpg,hà,tr&,1.5
133,22.jpg,vị,"\
—",1.5
15,73.jpg,đã,cơn,1.5
6,79.jpg,m3,";
m",1.5
25,11.jpg,đó,ab.,1.5
83,63.jpg,ra,(^^,1.5
66,12.jpg,in,wvu,1.5
64,44.jpg,dự,c.à,1.5
41,3.jpg,tuổi,"s1
-d(",1.5
141,50.jpg,thêm,1+⁄.2l,1.5
11,13.jpg,bộ,pèò,1.5
70,41.jpg,bs,(5.,1.5
107,14.jpg,và,"—
vc",1.5
11,27.jpg,ra,fei,1.5
23,89.jpg,cụ,e~—,1.5
1,71.jpg,âm,đàn,1.5
148,17.jpg,12,lệ.,1.5
141,81.jpg,có,"⁄
cơ",1.5
104,62.jpg,có,"/
ø",1.5
135,2.jpg,tp,[lẻ,1.5
97,92.jpg,việc,"xe
476",1.5
133,3.jpg,tư,"me,",1.5
56,38.jpg,có,"⁄
cơ",1.5
9,46.jpg,đó,zc⁄,1.5
85,33.jpg,vệ,"06,",1.5
59,99.jpg,phần,"—_—
to",1.5
36,65.jpg,có,"/
c5",1.5
34,33.jpg,ca,(ca p,1.5
12,32.jpg,rừng,"nó,
“ƒ",1.5
11,53.jpg,xe,xv<©,1.5
107,39.jpg,số,ấó“,1.5
1,100.jpg,kê,ìl®,1.5
15,42.jpg,cà,02.,1.5
9,42.jpg,cả,"7
cơ",1.5
105,42.jpg,về,uð.,1.5
12,26.jpg,kể,ác),1.5
36,51.jpg,nh,ấáừ,1.5
30,69.jpg,sơ,lúủ,1.5
84,65.jpg,có,"(
o",1.5
84,5.jpg,đã,rjg,1.5
28,37.jpg,ét,"⁄
⁄",1.5
70,24.jpg,ái,"—
c",1.5
70,11.jpg,bố,l_.,1.5
58,15.jpg,việc,"s""
“2w",1.5
138,94.jpg,cả,"2
ca",1.5
106,44.jpg,có,"⁄
co",1.5
12,29.jpg,15,ás§,1.5
133,95.jpg,15,lệ.,1.5
150,25.jpg,bà,lớn,1.5
74,79.jpg,mẹ,ahø,1.5
62,45.jpg,về,"^
ư",1.5
123,37.jpg,30,»oơ,1.5
35,96.jpg,thấy,"x
y“đ4",1.5
34,89.jpg,xuân,ă «4x4,1.5
96,85.jpg,lông,"1⁄4
“_",1.5
62,43.jpg,kế,{co,1.5
66,64.jpg,bà,cc.,1.5
49,29.jpg,xe,b62,1.5
52,53.jpg,đỏ,zh),1.5
11,18.jpg,ty,đớn,1.5
75,42.jpg,mẹ,(w0,1.5
63,74.jpg,có,"í
co",1.5
21,36.jpg,25,^&-,1.5
83,41.jpg,có,"⁄
ca",1.5
143,2.jpg,và,ue©,1.5
56,62.jpg,tỉ,_ ố,1.5
63,89.jpg,có,"/
cơ",1.5
143,30.jpg,mơ,nhỏ,1.5
25,46.jpg,là,(2`,1.5
139,2.jpg,15,“am,1.5
25,41.jpg,tố,+2ˆ,1.5
15,100.jpg,điểm,"..
%ex",1.5
143,34.jpg,đã,iịd,1.5
49,28.jpg,xử,"s
`",1.5
92,86.jpg,mẹ,toc,1.5
148,6.jpg,thảo,-ƒfñ„b,1.5
79,38.jpg,quan,gj⁄z<c,1.5
70,34.jpg,sở,tl.,1.5
83,1.jpg,đi,_ :,1.5
125,51.jpg,mở,")
.",1.5
15,83.jpg,dn,(on{,1.5
131,68.jpg,biển,"3
^
lun",1.5
18,74.jpg,hạ,ket,1.5
113,44.jpg,sơ,lý.,1.5
100,39.jpg,xe,062,1.5
37,59.jpg,hố,"ú
ho",1.5
9,71.jpg,mơ,axà,1.5
138,2.jpg,và,tĩa,1.5
121,82.jpg,sự,add,1.5
1,42.jpg,và,l;⁄,1.5
11,4.jpg,tp,ít ⁄,1.5
6,47.jpg,trực,//”⁄„‹,1.5
6,46.jpg,tuổi,"x2
+66",1.5
79,13.jpg,có,nổ.,1.5
23,58.jpg,ít,"á
l",1.5
96,90.jpg,sống,"u
⁄„ 6",1.5
143,78.jpg,đang,ä dho/,1.5
66,38.jpg,đã,“«~,1.5
37,98.jpg,có,.&ế,1.5
49,2.jpg,than,(⁄zv⁄4,1.5
74,66.jpg,vụ,nww,1.5
127,17.jpg,11,//⁄,1.5
47,71.jpg,theo,c[ïnx>,1.5
104,21.jpg,vì,tyn,1.5
132,6.jpg,tư,‹{u,1.5
84,31.jpg,cô,c~^>,1.5
108,6.jpg,kiểm,⁄ú/ooi,1.5
47,60.jpg,việc,"„`
vưưưc",1.5
47,62.jpg,việc,n⁄ tế c,1.5
16,33.jpg,biển,"9
ín ơn",1.5
111,65.jpg,vì,"-
w",1.5
58,54.jpg,là,⁄zz,1.5
132,48.jpg,bộ,n¿!,1.5
22,39.jpg,có,"⁄
cờ",1.5
29,92.jpg,ác,"c
cc",1.5
99,80.jpg,mình,"`
xivhh",1.5
111,72.jpg,đã,lên,1.5
11,76.jpg,số,tệ!,1.5
111,42.jpg,cụ,@aa,1.5
111,41.jpg,sự,(⁄',1.5
64,89.jpg,về,"v⁄2,",1.5
58,88.jpg,từ,sử.,1.5
16,14.jpg,hà,-r&,1.5
111,35.jpg,xe,„⁄j,1.5
23,8.jpg,dũng,c\0^~d,1.5
29,43.jpg,ăn,0⁄4,1.5
99,70.jpg,ủi,ta!,1.5
96,3.jpg,mẹ,1a2,1.5
142,6.jpg,vụ,;._,1.5
150,72.jpg,vã,"=
va",1.5
44,96.jpg,ơi,vs.,1.5
64,98.jpg,đỏ,chờ,1.5
50,89.jpg,có,"⁄
co",1.5
46,14.jpg,ruổi,"_°
⁄ :",1.5
32,3.jpg,vị,lập,1.5
119,67.jpg,dâng,c(z>n /,1.5
26,36.jpg,mà,j”œ,1.5
41,11.jpg,tiểu,"va
(cư",1.5
114,42.jpg,nỗ,"2
nồ",1.5
111,45.jpg,đã,zk~,1.5
42,94.jpg,mà,“14,1.5
120,96.jpg,ra,(0-,1.5
103,12.jpg,xe,¿cc,1.5
101,21.jpg,vé,"_
ư",1.5
59,71.jpg,ra,vơ_,1.5
93,66.jpg,và,"\
v&",1.5
111,99.jpg,để,cc.,1.5
110,51.jpg,sách,"⁄
ƒ a5",1.5
26,28.jpg,và,"lò
và",1.5
93,30.jpg,có,"/
cơ",1.5
11,90.jpg,vn,wwm,1.5
26,26.jpg,cũng,"5⁄2
⁄ˆ",1.5
100,100.jpg,cử,"¬
cư",1.5
106,66.jpg,có,"⁄
co",1.5
37,14.jpg,số,"_
so",1.5
106,49.jpg,cứ,".
¬",1.5
20,37.jpg,tế,cc.,1.5
10,67.jpg,có,"⁄
ce",1.5
18,34.jpg,bị,“pý,1.5
56,50.jpg,dự,cðä,1.5
20,20.jpg,phát,yg⁄^®^,1.5
10,80.jpg,để,d/7,1.5
10,79.jpg,về,c&`,1.5
30,2.jpg,cả,"n
cơ",1.5
127,73.jpg,xe,„6á,1.5
75,58.jpg,có,"⁄
co",1.5
102,85.jpg,hề,tl.,1.5
60,3.jpg,đi,z;ì,1.5
80,74.jpg,cả,"2
c.",1.5
35,55.jpg,do,clc,1.5
147,17.jpg,than,“ta «w_,1.5
98,45.jpg,kỷ,[c4,1.5
107,32.jpg,sự,ẹ⁄2,1.5
80,67.jpg,27,2 2>,1.5
30,16.jpg,an,7zm,1.5
56,68.jpg,gian,3 t0~l,1.5
99,2.jpg,xử,"9
x_",1.5
86,80.jpg,dn,dtru,1.5
130,71.jpg,án,(xa,1.5
71,7.jpg,có,"/
cổ",1.5
49,87.jpg,dự,chò,1.5
140,4.jpg,sĩ,"=
|",1.5
62,91.jpg,kể,kẻếä,1.5
105,26.jpg,giữa,j cá s,1.5
130,37.jpg,xe,›<@,1.5
99,49.jpg,là,cục,1.5
47,93.jpg,xe,<2_,1.5
9,3.jpg,ủi,"_
w",1.5
29,54.jpg,xe,®©_,1.5
18,41.jpg,từ,lu.,1.5
62,96.jpg,về,"—
vø",1.5
132,81.jpg,gian,q ủ)o-n,1.5
20,32.jpg,ra,/øä,1.5
105,23.jpg,từ,"—
k",1.5
18,68.jpg,gỗ,ý ˆ,1.5
100,80.jpg,và,"%8,",1.5
105,95.jpg,20,go),1.5
52,25.jpg,ai,cø⁄,1.5
106,57.jpg,đó,cc.,1.5
20,36.jpg,được,pho sợ,1.5
58,75.jpg,lịch,| i_ b,1.5
49,84.jpg,án,⁄7/,1.5
21,40.jpg,biến,1 `“ á,1.5
46,74.jpg,ra,íg⁄,1.5
22,11.jpg,án,"⁄
ân",1.5
113,28.jpg,ra,j\^,1.5
48,31.jpg,cả,"ø
ø",1.5
108,81.jpg,tự,hới,1.5
104,98.jpg,nghèo,c«2(~9©,1.4
86,14.jpg,tuyến,2“⁄4⁄⁄⁄,1.4
113,70.jpg,thanh,cjú«~k_,1.4
63,58.jpg,doanh,vpp7ừớơ,1.4
40,54.jpg,trung,-ìaox |,1.4
12,58.jpg,xương,"đ
/⁄
vờ",1.4
40,68.jpg,chiến,"cóc
cc
cn",1.4
40,86.jpg,triển,"ạ)
ẩn aa",1.4
117,25.jpg,trước,"— ⁄“
p5",1.4
21,59.jpg,khiến,chỉ ca ˆ,1.4
139,58.jpg,triệu,"^
đế vn",1.4
73,38.jpg,viếng,"‹
ớ⁄
“í",1.4
5,15.jpg,kuala,íeaxxx 2,1.4
110,65.jpg,dưỡng,ạ lu c_,1.4
98,36.jpg,trình,1u7⁄⁄/⁄,1.4
81,69.jpg,chiếc,"vi ⁄ì
~",1.4
113,99.jpg,người,"m4
e@⁄à",1.4
54,40.jpg,nhiễm,“2⁄2 e6,1.4
29,25.jpg,triển,"ũ a2
tan",1.4
114,48.jpg,người,li đc /,1.4
16,86.jpg,vay,2⁄44,1.3333
91,43.jpg,anh,k#2⁄,1.3333
16,87.jpg,đến,ck:“,1.3333
137,62.jpg,với,mô ì,1.3333
112,12.jpg,vốn,zv !\,1.3333
91,90.jpg,xem,_xewww,1.3333
27,60.jpg,một,w 4ÿ,1.3333
91,60.jpg,coi,"ccð,'",1.3333
27,72.jpg,tôi,"1⁄2""",1.3333
122,52.jpg,100,< co,1.3333
91,36.jpg,mua,iv ậ,1.3333
125,91.jpg,anh,/⁄⁄á,1.3333
27,67.jpg,như,aáu),1.3333
87,68.jpg,mới,"⁄
wớy",1.3333
137,78.jpg,cứu,"ạ
củ",1.3333
17,45.jpg,địa,cào.,1.3333
91,14.jpg,tốt,dđb+,1.3333
87,78.jpg,lắm,"⁄
(ø",1.3333
87,90.jpg,nội,"4
an",1.3333
41,87.jpg,thể,44h 2,1.3333
27,56.jpg,100,_joo,1.3333
100,71.jpg,làm,"⁄
ai",1.3333
36,77.jpg,một,„òƒk,1.3333
31,58.jpg,đặc,”#⁄⁄,1.3333
31,59.jpg,làm,"t
__",1.3333
15,20.jpg,vừa,xioo,1.3333
10,73.jpg,rồi,"-
rộ i",1.3333
15,10.jpg,còn,đớớy,1.3333
127,72.jpg,ban,v ^^,1.3333
100,76.jpg,mất,w⁄ 2,1.3333
34,3.jpg,sao,cœ^5,1.3333
93,82.jpg,000,oclo,1.3333
93,81.jpg,sao,záa2^,1.3333
138,22.jpg,652,c5 59,1.3333
16,39.jpg,sao,/á^<,1.3333
10,12.jpg,của,"3
cao",1.3333
10,42.jpg,nữa,nu 2_,1.3333
16,45.jpg,với,"¿
vỗỏi",1.3333
47,64.jpg,năm,"v06,",1.3333
108,4.jpg,cáo,"|
c⁄—",1.3333
10,30.jpg,máy,ø^«ƒ,1.3333
46,62.jpg,tặc,"axc
'",1.3333
46,60.jpg,các,"⁄
ca.",1.3333
142,1.jpg,đối,p513,1.3333
100,98.jpg,cấp,"“
(4",1.3333
91,69.jpg,cho,cơ ^^,1.3333
112,28.jpg,món,đá án,1.3333
10,11.jpg,trưởng,ti ro'3v ⁄,1.3333
87,48.jpg,căn,"~
^^",1.3333
122,99.jpg,tạo,/ziao,1.3333
16,96.jpg,làm,(¿nh,1.3333
111,57.jpg,nếu,"~
n~",1.3333
139,37.jpg,hai,“ims,1.3333
144,43.jpg,sao,$3⁄2,1.3333
144,45.jpg,tám,2⁄44,1.3333
78,9.jpg,của,"3
(ad",1.3333
78,22.jpg,bếp,"⁄
mm",1.3333
144,62.jpg,đau,c -m,1.3333
18,7.jpg,với,tớ...,1.3333
5,94.jpg,của,"^
c6",1.3333
18,18.jpg,các,"—
^^",1.3333
18,87.jpg,thế,ổỉsx,1.3333
5,75.jpg,cải,"2
0w",1.3333
5,88.jpg,tác,}hxú,1.3333
33,6.jpg,đất,"⁄
ả8t",1.3333
41,83.jpg,nam,/jo^,1.3333
78,18.jpg,lại,ì ca,1.3333
127,44.jpg,lâm,| xì,1.3333
21,87.jpg,quả,4⁄24,1.3333
5,2.jpg,mới,wư ụ,1.3333
21,79.jpg,xúc,"^^
x",1.3333
140,82.jpg,tối,"⁄
t+ừ",1.3333
108,62.jpg,bền,lsø>,1.3333
5,61.jpg,qua,sinú,1.3333
144,98.jpg,nơi,rót`,1.3333
18,32.jpg,mua,vnđ.,1.3333
140,28.jpg,của,"2
caaa",1.3333
5,20.jpg,đội,"éi
⁄",1.3333
5,16.jpg,của,"?
cc",1.3333
55,84.jpg,của,"2
c4",1.3333
18,91.jpg,tốt,~[d“,1.3333
87,39.jpg,mưa,waz^,1.3333
138,41.jpg,các,"=—
(",1.3333
4,59.jpg,một,24/2,1.3333
77,31.jpg,nói,"é
nr)",1.3333
77,39.jpg,xác,"v.
xoc",1.3333
77,17.jpg,các,"⁄
ecoc",1.3333
87,29.jpg,mất,—_——,1.3333
4,85.jpg,577,c©zn,1.3333
126,80.jpg,khá,\k^x&,1.3333
4,97.jpg,hồi,"l
sn",1.3333
33,80.jpg,sài,6 0x,1.3333
41,39.jpg,đức,"/
bực",1.3333
94,91.jpg,thơ,äá&~,1.3333
19,82.jpg,nói,"⁄
nơ",1.3333
33,59.jpg,còn,"`
(2",1.3333
19,39.jpg,giờ,"“
ác",1.3333
19,95.jpg,nói,"ø
at",1.3333
94,45.jpg,tuy,(ì 4,1.3333
140,99.jpg,400,+6 o,1.3333
94,41.jpg,đưa,")
nu",1.3333
139,42.jpg,của,"?
c~~",1.3333
19,63.jpg,mùi,lkad,1.3333
33,8.jpg,bản,d ai,1.3333
86,16.jpg,mặt,"_
v4",1.3333
33,46.jpg,anh,„“^z,1.3333
19,10.jpg,báo,/i~¿,1.3333
19,72.jpg,sắt,"“
s&+",1.3333
139,31.jpg,vẫn,05⁄0,1.3333
86,22.jpg,đến,"cn
nh",1.3333
101,9.jpg,ban,d›s«,1.3333
32,9.jpg,vùi,(2x4,1.3333
39,7.jpg,bác,"⁄
bé.",1.3333
116,78.jpg,trở,"2
+8",1.3333
35,41.jpg,nổi,"1
nh",1.3333
35,38.jpg,món,nøø^,1.3333
20,69.jpg,một,cwờš,1.3333
20,62.jpg,gòn,(trơn,1.3333
73,83.jpg,sản,"3
da",1.3333
12,100.jpg,một,"a
wot",1.3333
12,25.jpg,các,"í
cc^",1.3333
12,21.jpg,mới,"“
#h",1.3333
73,61.jpg,nơi,waše,1.3333
74,86.jpg,cặp,@<⁄v,1.3333
12,68.jpg,mặt,n.đã,1.3333
23,16.jpg,150,a€@o,1.3333
35,49.jpg,xác,"c
xxl",1.3333
35,53.jpg,khổ,(tí.,1.3333
23,38.jpg,mặt,"(^
n",1.3333
73,33.jpg,đến,clex,1.3333
130,73.jpg,một,inö‡,1.3333
12,18.jpg,đối,3o .,1.3333
12,27.jpg,đến,7⁄%⁄,1.3333
35,90.jpg,vật,w⁄«⁄,1.3333
104,82.jpg,nằm,nav⁄⁄,1.3333
35,86.jpg,lớn,"⁄ì
5",1.3333
20,12.jpg,đây,øl@ù,1.3333
73,59.jpg,vẫn,mavw,1.3333
54,48.jpg,lại,ä cả,1.3333
39,79.jpg,tôi,+é‹¿,1.3333
69,5.jpg,thủ,điện,1.3333
110,71.jpg,sới,"”
ẹ&",1.3333
38,60.jpg,văn,m//_,1.3333
110,90.jpg,mặt,x^xx,1.3333
116,46.jpg,cấp,"az
cáp",1.3333
68,6.jpg,mất,_„aÿ,1.3333
54,71.jpg,khả,<⁄2j,1.3333
82,18.jpg,của,")
can",1.3333
93,5.jpg,đdv,ấ#ðdvu,1.3333
32,64.jpg,cáo,"“
cc",1.3333
82,50.jpg,món,in r,1.3333
59,37.jpg,cấp,"^ˆ
pp",1.3333
32,48.jpg,cấp,"⁄
ca p",1.3333
32,61.jpg,cứu,"(
cả",1.3333
69,42.jpg,cần,"-
cc",1.3333
82,66.jpg,của,"j
coaa",1.3333
103,50.jpg,núc,"⁄
tu",1.3333
32,22.jpg,xét,"“
w;",1.3333
35,17.jpg,mệt,anối,1.3333
59,1.jpg,sau,c⁄⁄~,1.3333
59,16.jpg,xếp,"—
2á",1.3333
82,69.jpg,thi,--(a,1.3333
39,19.jpg,tay,"xom,",1.3333
59,21.jpg,của,"\
c&",1.3333
101,18.jpg,cứu,":
co",1.3333
103,38.jpg,vực,với ø,1.3333
32,68.jpg,gia,đ lô,1.3333
60,89.jpg,cứu,"⁄
caa",1.3333
92,19.jpg,mặt,øn«/,1.3333
96,7.jpg,thú,øø⁄z,1.3333
92,95.jpg,hôm,vl(6m,1.3333
92,84.jpg,dân,“5⁄5,1.3333
84,17.jpg,701,phui,1.3333
92,56.jpg,của,"2
(0a",1.3333
96,9.jpg,mùi,/m vu,1.3333
147,22.jpg,tra,-1o_,1.3333
84,10.jpg,tối,"_
nh",1.3333
96,33.jpg,cầu,"—
ca",1.3333
96,66.jpg,của,"]
cc",1.3333
25,63.jpg,cho,ècä.0,1.3333
130,70.jpg,vẹn,vv©/),1.3333
100,54.jpg,cao,eo ^,1.3333
100,52.jpg,tốt,{+c(,1.3333
84,33.jpg,con,(8/0,1.3333
100,48.jpg,rồi,"zš
\",1.3333
74,65.jpg,mới,—_——,1.3333
36,5.jpg,tất,-(đk,1.3333
15,84.jpg,lặn,ákaa,1.3333
15,80.jpg,xét,x. d4,1.3333
25,15.jpg,của,(122,1.3333
15,65.jpg,lâm,“⁄^—,1.3333
74,100.jpg,gần,z⁄2à,1.3333
15,52.jpg,dâm,c in,1.3333
15,46.jpg,cầu,"s
cơ",1.3333
84,77.jpg,cứu,"2
caa",1.3333
123,42.jpg,tối,“⁄⁄x,1.3333
23,95.jpg,gòn,(rơm,1.3333
143,100.jpg,đdv,đðo>ov,1.3333
35,70.jpg,lăn,jzox,1.3333
35,80.jpg,hcm,yìcha,1.3333
118,94.jpg,xác,"⁄
9ø",1.3333
123,23.jpg,sáp,"⁄
nó",1.3333
143,73.jpg,văn,"—
wˆ",1.3333
90,90.jpg,mưu,vwwv,1.3333
83,75.jpg,như,ní_ 2,1.3333
118,59.jpg,các,"ccc
ca",1.3333
85,40.jpg,cai,(v/in,1.3333
110,27.jpg,tộc,"c
tò",1.3333
60,40.jpg,khoảng,"jnei b
`",1.3333
92,20.jpg,vắn,"(
uốn",1.3333
120,31.jpg,của,"/
caá",1.3333
118,46.jpg,cảm,"3
ca",1.3333
69,100.jpg,quá,q®~^^,1.3333
69,91.jpg,500,7⁄22,1.3333
117,49.jpg,lâu,(24x,1.3333
49,60.jpg,bản,"6ô
on",1.3333
49,79.jpg,xét,"_
xo",1.3333
130,12.jpg,mua,wwala,1.3333
93,45.jpg,bản,„~ẩa,1.3333
130,17.jpg,tại,èàav,1.3333
117,80.jpg,năm,"_
uv",1.3333
120,54.jpg,các,"__
⁄",1.3333
117,99.jpg,tốc,"~(
{",1.3333
120,32.jpg,làm,[dun,1.3333
118,37.jpg,đầu,gi@3,1.3333
81,48.jpg,nói,"/
cơ",1.3333
146,51.jpg,mới,⁄ao2i,1.3333
81,32.jpg,con,0® g,1.3333
99,92.jpg,đảm,chan,1.3333
76,2.jpg,vốn,"_
nvữn",1.3333
99,65.jpg,cảm,"2
lá",1.3333
45,89.jpg,giữ,so ”,1.3333
76,4.jpg,làm,"„.
í",1.3333
42,54.jpg,tác,1+⁄⁄,1.3333
57,41.jpg,mời,nở r,1.3333
3,4.jpg,bảy,⁄~⁄/,1.3333
14,98.jpg,dạy,2l 7,1.3333
128,45.jpg,hơn,/⁄>2,1.3333
146,100.jpg,với,"—
v«~",1.3333
42,56.jpg,lầm,00⁄5,1.3333
146,92.jpg,nói,vô ñ,1.3333
57,72.jpg,anh,z1„⁄,1.3333
40,24.jpg,của,"""
ciaơ",1.3333
109,10.jpg,chỉ,„&.',1.3333
40,27.jpg,cái,e⁄ `,1.3333
136,21.jpg,đơn,4 ch,1.3333
57,93.jpg,ban,//p⁄,1.3333
131,33.jpg,lẩu,"ˆ)
k",1.3333
146,4.jpg,nay,"đán,",1.3333
75,24.jpg,tốt,"2
7p",1.3333
28,56.jpg,200,® ấð,1.3333
79,73.jpg,đặc,"c
đa",1.3333
79,75.jpg,núi,"r
nu",1.3333
79,25.jpg,nga,lä2«,1.3333
79,83.jpg,cấp,"í
tốp",1.3333
79,98.jpg,lớn,[a ^,1.3333
79,99.jpg,yếu,"⁄
ti",1.3333
28,33.jpg,quý,"⁄
đi",1.3333
81,51.jpg,rên,"^
r27",1.3333
44,55.jpg,một,wa@®,1.3333
75,2.jpg,tốc,"/
đặc",1.3333
40,90.jpg,hữu,"—
thu",1.3333
53,55.jpg,cấp,"⁄
cé",1.3333
53,88.jpg,các,"⁄
 —",1.3333
106,40.jpg,khu,/rna,1.3333
53,71.jpg,môn,"^
ớớ",1.3333
2,49.jpg,hóa,tt ấ,1.3333
81,67.jpg,ngả,"2
“5",1.3333
99,81.jpg,của,"^
“z",1.3333
40,69.jpg,lao,z/cxo,1.3333
99,10.jpg,chợ,oí ở,1.3333
51,41.jpg,vực,"l
acc",1.3333
113,75.jpg,tấp,"“
2n",1.3333
43,88.jpg,của,"2
0a0",1.3333
89,66.jpg,xếp,"„
«xep",1.3333
43,83.jpg,cảm,"^
cv",1.3333
48,80.jpg,thú,„ ri,1.3333
13,55.jpg,con,(2⁄4,1.3333
145,18.jpg,của,"lu
(",1.3333
124,12.jpg,trẻ,(làz,1.3333
7,58.jpg,000,1° 0),1.3333
72,80.jpg,tác,„.w⁄,1.3333
124,30.jpg,phú,biảm,1.3333
124,23.jpg,lan,_lœmw,1.3333
7,51.jpg,chỗ,/⁄“~,1.3333
113,60.jpg,000,cooo,1.3333
145,63.jpg,mới,"pa
⁄",1.3333
145,80.jpg,gấp,"-í
ạ",1.3333
145,64.jpg,thể,+ộc°,1.3333
65,3.jpg,cảm,"2
ca”",1.3333
72,24.jpg,ban,íoox,1.3333
65,10.jpg,tận,*-oh,1.3333
145,76.jpg,chế,2ä ‹,1.3333
3,93.jpg,đỗi,"w&
⁄",1.3333
129,12.jpg,núi,"⁄
nu",1.3333
115,12.jpg,yên,“z^~,1.3333
76,39.jpg,cái,66⁄4,1.3333
106,97.jpg,rồi,"ñ
án",1.3333
2,17.jpg,mai,mã z4,1.3333
57,88.jpg,đàn,__—_,1.3333
115,8.jpg,đói,z82⁄,1.3333
128,83.jpg,cứu,œœ%⁄,1.3333
128,85.jpg,chỉ,"⁄
cò",1.3333
109,63.jpg,quê,øjtð,1.3333
109,66.jpg,lời,"€
kế",1.3333
7,36.jpg,chế,cục ˆ,1.3333
129,25.jpg,độc,"pa
x",1.3333
65,97.jpg,đây,"dhờ,",1.3333
128,98.jpg,đấu,"~
em",1.3333
61,15.jpg,túi,"/
“x",1.3333
145,13.jpg,các,"⁄ˆ
cac",1.3333
131,2.jpg,còn,eoda,1.3333
131,4.jpg,khi,&cév,1.3333
109,83.jpg,đơn,p⁄⁄0,1.3333
131,9.jpg,vẫn,(521,1.3333
109,85.jpg,100,áøùb,1.3333
115,77.jpg,sức,"(
hư",1.3333
40,2.jpg,nội,"mới
'",1.3333
45,2.jpg,gái,"⁄
xa",1.3333
67,39.jpg,năm,lu x,1.3333
63,55.jpg,các,"“1
ca",1.3333
148,62.jpg,căn,"(1
cơn",1.3333
102,79.jpg,quý,ái ¬,1.3333
105,64.jpg,gas,ø⁄⁄2,1.3333
67,73.jpg,còn,(ø0),1.3333
11,43.jpg,nói,"_
nø¿",1.3333
24,8.jpg,nắm,"l
na",1.3333
24,9.jpg,tám,“t«~^,1.3333
131,84.jpg,vậy,0⁄44,1.3333
67,99.jpg,bác,"⁄
bé(",1.3333
133,29.jpg,cầm,cơơa-,1.3333
24,19.jpg,bao,køc_o,1.3333
98,44.jpg,văn,www⁄,1.3333
30,13.jpg,đầu,kz2t,1.3333
95,87.jpg,mắt,"mỹặ
_",1.3333
102,16.jpg,bắc,l‹ˆ“,1.3333
63,20.jpg,cấp,"%6
c",1.3333
11,67.jpg,cầu,"ec`
0",1.3333
62,66.jpg,mới,"⁄
wà",1.3333
58,80.jpg,suy,a«⁄x,1.3333
148,78.jpg,cáo,"(
ca»",1.3333
148,23.jpg,thi,+à¿„,1.3333
148,8.jpg,cấp,"~
(ớp",1.3333
9,62.jpg,đốc,"⁄
22",1.3333
6,36.jpg,vùi,/puí,1.3333
105,73.jpg,ngọ,tà⁄6,1.3333
6,23.jpg,khó,“đức,1.3333
6,17.jpg,tật,äxœ%,1.3333
66,80.jpg,tạo,{ %ø,1.3333
63,86.jpg,cấp,có (2,1.3333
148,22.jpg,sóc,cố ø,1.3333
102,75.jpg,với,"⁄
lo",1.3333
63,62.jpg,xác,"⁄
đo",1.3333
30,100.jpg,634,6 1⁄i,1.3333
66,22.jpg,với,"7
3v",1.3333
97,79.jpg,của,"v5
2",1.3333
9,84.jpg,nói,"í
na:",1.3333
66,92.jpg,văn,"[
dan",1.3333
66,93.jpg,sắt,"/
si",1.3333
141,44.jpg,quả,gj«2,1.3333
141,42.jpg,vốn,"&
v6",1.3333
6,69.jpg,thể,zếc?,1.3333
133,9.jpg,bảo,"1
ba o",1.3333
141,1.jpg,nv1,a/v_/,1.3333
29,51.jpg,dầu,"—^
(",1.3333
50,98.jpg,cáo,"_
ca»",1.3333
45,28.jpg,bán,kbø/4,1.3333
8,78.jpg,nhỏ,"2
núc",1.3333
56,36.jpg,của,"2
^^",1.3333
50,67.jpg,vừa,"—
vu",1.3333
43,15.jpg,với,"⁄
d4",1.3333
8,83.jpg,đại,“zíd,1.3333
37,71.jpg,món,"⁄
mơ",1.3333
28,75.jpg,thơ,4( 3,1.3333
62,61.jpg,của,"7
wa@",1.3333
70,87.jpg,xóm,z2⁄4,1.3333
53,16.jpg,đối,"^
ch",1.3333
53,39.jpg,ven,u6a^,1.3333
45,36.jpg,trả,-h^.,1.3333
45,32.jpg,thì,záa`,1.3333
50,26.jpg,các,"í
86",1.3333
45,52.jpg,mòn,vwwơn,1.3333
79,23.jpg,cửa,"ề
cao",1.3333
79,49.jpg,con,dvvl,1.3333
114,74.jpg,đâu,(2⁄4,1.3333
131,83.jpg,của,")
^^",1.3333
50,49.jpg,một,vwộðtr,1.3333
102,3.jpg,hơn,ádđw,1.3333
24,43.jpg,sau,=œ<c,1.3333
95,1.jpg,hồi,"⁄
0u",1.3333
97,26.jpg,mới,"⁄
an",1.3333
58,82.jpg,lại,"ø2.""",1.3333
56,19.jpg,hải,4j„',1.3333
29,80.jpg,túi,"⁄
tó",1.3333
24,75.jpg,của,"j
(aa",1.3333
132,51.jpg,vào,1⁄22,1.3333
95,57.jpg,mặc,w©zø,1.3333
97,16.jpg,túi,"c
tu",1.3333
56,41.jpg,hóa,/„..,1.3333
29,57.jpg,tôi,ỳ*cì,1.3333
132,42.jpg,mất,"⁄
v1",1.3333
133,62.jpg,báo,"⁄
gò",1.3333
132,40.jpg,gió,"⁄
đ.",1.3333
132,38.jpg,đầu,co v,1.3333
62,83.jpg,tay,ỷ⁄4d,1.3333
133,84.jpg,một,wbvv,1.3333
50,72.jpg,nâu,"^
n_",1.3333
114,11.jpg,tài,"t>'
t",1.3333
26,21.jpg,báo,"c
1^o",1.3333
56,40.jpg,thứ,7/zạ,1.3333
58,57.jpg,tra,_z~—,1.3333
80,24.jpg,bãi,„-.x,1.3333
134,72.jpg,chí,đè ',1.3333
145,93.jpg,lại,/⁄⁄1,1.3333
108,99.jpg,với,"“1
—",1.3333
48,5.jpg,đến,"a1!
đến",1.3333
52,23.jpg,các,"⁄
ccœc",1.3333
52,86.jpg,bao,"d
10",1.3333
149,96.jpg,cấp,"⁄
cap.",1.3333
149,36.jpg,km2,ícwj2,1.3333
125,42.jpg,nếu,"~
w—",1.3333
52,56.jpg,tôi,(“¬—,1.3333
22,97.jpg,của,"^
cc",1.3333
80,59.jpg,nói,"c
^^",1.3333
1,86.jpg,của,"?
ca~",1.3333
1,12.jpg,của,")
cao",1.3333
138,74.jpg,kem,kí øn,1.3333
150,40.jpg,đậu,"co
š",1.3333
145,84.jpg,100,1. go,1.3333
125,70.jpg,ngủ,"9
cc",1.3333
124,87.jpg,dẫn,"d&”
an",1.3333
113,22.jpg,200,/oxo,1.3333
134,66.jpg,hay,l>~j,1.3333
149,66.jpg,rồi,"- à
i",1.3333
1,90.jpg,làm,|^~_,1.3333
71,80.jpg,lầm,àenv,1.3333
55,4.jpg,của,"b,
ca",1.3333
80,75.jpg,tức,"⁄
hà",1.3333
22,24.jpg,thì,z⁄z~,1.3333
1,34.jpg,mọi,"vo
⁄",1.3333
135,34.jpg,hải,"2
ha",1.3333
48,37.jpg,tâm,tc 1x,1.3333
22,34.jpg,gác,„ di,1.3333
80,88.jpg,của,"›
caan",1.3333
64,77.jpg,vừa,"„
và",1.3333
22,4.jpg,bàn,⁄z⁄2,1.3333
134,34.jpg,năm,"è
no",1.3333
134,46.jpg,qua,"""i2.",1.3333
52,18.jpg,đạo,zlzxo,1.3333
1,60.jpg,mặn,"v
mm",1.3333
1,32.jpg,qua,á k4,1.3333
55,37.jpg,khi,v ớt,1.3333
1,30.jpg,mét,suối,1.3333
135,11.jpg,cho,=⁄^=,1.3333
127,21.jpg,bảo,z b25,1.3333
71,94.jpg,chứ,"é
càa",1.3333
124,70.jpg,đều,"_
ấn",1.3333
135,52.jpg,tôi,⁄/⁄9,1.3333
150,54.jpg,dân,z z2,1.3333
113,9.jpg,đất,zdzb,1.3333
127,8.jpg,hôm,"^
vì",1.3333
124,60.jpg,giờ,"iế
j",1.3333
32,39.jpg,2003,2162 %,1.25
66,48.jpg,quan,/ 2/4,1.25
121,3.jpg,thời,“ah #c,1.25
71,53.jpg,châu,"øø@_,",1.25
77,5.jpg,khăn,⁄ ⁄-.,1.25
82,92.jpg,thơi,si 2c,1.25
20,28.jpg,theo,/[ 4c,1.25
85,96.jpg,buôn,/⁄x~.n,1.25
146,8.jpg,nước,wu)._,1.25
128,75.jpg,trấn,"(
“bốn",1.25
93,38.jpg,tỉnh,"-_
c5",1.25
131,19.jpg,nước,#zlakc,1.25
95,82.jpg,cũng,"wv
“|",1.25
132,21.jpg,ngày,«4144,1.25
61,96.jpg,cũng,"~
4 |",1.25
80,87.jpg,biết,"4
- ¬",1.25
57,65.jpg,dưới,àe9@4,1.25
120,28.jpg,tiết,vụ số,1.25
138,67.jpg,sinh,® xxn,1.25
131,37.jpg,biến,"—_
ben",1.25
59,3.jpg,vắng,vaz^ @,1.25
79,63.jpg,công,lớa p,1.25
121,80.jpg,được,1 đ#%,1.25
48,35.jpg,bình,“22⁄2,1.25
97,94.jpg,toàn,zirxa,1.25
38,21.jpg,hiện,"bi,
^^",1.25
13,90.jpg,việc,"ạ
vui 9",1.25
84,91.jpg,ngày,12264,1.25
25,52.jpg,rừng,nửa (,1.25
93,73.jpg,sàng,$%⁄2=,1.25
30,48.jpg,liên,tt...,1.25
75,51.jpg,sách,⁄^ “4,1.25
70,48.jpg,trên,ta/7⁄2,1.25
111,86.jpg,hiệu,"`
_
ú",1.25
46,13.jpg,trạm,ắ oxw,1.25
14,8.jpg,hành,“⁄^ 4,1.25
62,77.jpg,ngao,y⁄4*%,1.25
50,99.jpg,kiểm,"a72
^",1.25
3,11.jpg,điểm,7⁄25:,1.25
122,85.jpg,ngàn,⁄1⁄aø,1.25
14,32.jpg,nhận,naa r],1.25
2,9.jpg,ngày,ra g4,1.25
60,56.jpg,quát,"⁄z
@uat",1.25
106,94.jpg,chữa,đ„k⁄„,1.25
21,94.jpg,cũng,"^^
wn]",1.25
131,87.jpg,chơi,a cl⁄3,1.25
30,40.jpg,soát,« ơa{,1.25
82,65.jpg,nhân,^azz2,1.25
15,19.jpg,xanh,pp nnr,1.25
74,9.jpg,mang,ii cu,1.25
149,82.jpg,ngày,\vj5⁄,1.25
24,16.jpg,liên,"cc
1:",1.25
146,58.jpg,trên,4n à^,1.25
27,31.jpg,tiền,"..
+iên",1.25
117,95.jpg,mạnh,z#x«^,1.25
29,67.jpg,toàn,“\0äh,1.25
122,40.jpg,nhân,á 412,1.25
137,48.jpg,quốc,đãoø&,1.25
101,33.jpg,công,(c2554,1.25
29,66.jpg,khái,wr\m:,1.25
52,17.jpg,quan,() s2,1.25
52,89.jpg,việc,"ì
ùtec",1.25
5,99.jpg,xuất,„0/23,1.25
86,97.jpg,ngồi,"—
v ị",1.25
81,80.jpg,quan,22224,1.25
122,44.jpg,nhìn,^~1„—,1.25
86,95.jpg,quán,"/
442",1.25
147,98.jpg,mạnh,p⁄a^z,1.25
17,34.jpg,kiều,"`
7⁄4",1.25
20,41.jpg,chia,eẳu2_,1.25
2,59.jpg,ngọc,l⁄oo‹,1.25
17,52.jpg,phức,"⁄
pữ⁄«c",1.25
77,90.jpg,khái,"_
van",1.25
118,9.jpg,suốt,"“
cuod",1.25
55,30.jpg,xuất,"⁄
xxx",1.25
97,18.jpg,điều,20⁄8},1.25
99,41.jpg,rộng,"vn
__",1.25
146,30.jpg,rừng,vuh d,1.25
22,13.jpg,hàng,a>b 7,1.25
108,98.jpg,csgt,c=«<ø1,1.25
102,26.jpg,nâng,"w~
vị",1.25
131,45.jpg,viên,ưa (c,1.25
79,76.jpg,hàng,fan ti,1.25
71,87.jpg,chắc,"_ —
ch",1.25
128,38.jpg,bình,_~~>⁄,1.25
2,35.jpg,tiếp,"l
œứj",1.25
46,89.jpg,điều,ð^ð)`,1.25
1,70.jpg,mong,“2659,1.25
130,95.jpg,thỏa,7⁄2.),1.25
77,79.jpg,ubnd,lum/lvd,1.25
45,88.jpg,được,"#ï ch,",1.25
45,8.jpg,việc,"6ø
vưc",1.25
70,4.jpg,xách,"⁄
ý cà",1.25
147,93.jpg,nghị,ai bi,1.25
99,52.jpg,quan,4 /0/,1.25
23,7.jpg,hành,_—⁄⁄2,1.25
136,15.jpg,ngày,1227),1.25
56,15.jpg,kiểm,"—¬~
`",1.25
137,37.jpg,quản,éủ 2%,1.25
1,56.jpg,viên,c1 xố,1.25
137,51.jpg,thủy,-(lýa,1.25
74,76.jpg,hđxx,1⁄4 xyx,1.25
105,20.jpg,trên,t®⁄2⁄c,1.25
62,94.jpg,dũng,^ö⁄04,1.25
27,17.jpg,hành,)„lod,1.25
68,95.jpg,loại,~“⁄z^,1.25
81,35.jpg,luật,ỉ cạr,1.25
45,97.jpg,niên,"¿^^
n®",1.25
6,62.jpg,ubnd,u66 ñnb,1.25
148,44.jpg,tiên,*⁄2⁄),1.25
18,2.jpg,trăm,z⁄«⁄9,1.25
55,79.jpg,nước,r7 độc,1.25
93,33.jpg,công,"—
cơ n4",1.25
45,16.jpg,nước,"w _
^",1.25
121,49.jpg,được,"đĩi
[⁄",1.25
94,61.jpg,ngày,mạ 4v,1.25
51,36.jpg,nước,"⁄
nàz",1.25
102,95.jpg,trạm,ñÿiøn,1.25
58,4.jpg,toàn,“=~íh,1.25
70,62.jpg,trên,"lai
tren",1.25
51,39.jpg,truy,h( vo,1.25
143,31.jpg,đuổi,"— 2
.",1.25
86,66.jpg,được,pin a,1.25
143,21.jpg,được,ch độc,1.25
134,83.jpg,liệu,0q x5,1.25
2,65.jpg,xuất,"x/
x«⁄",1.25
85,48.jpg,giám,"⁄
đến",1.25
115,100.jpg,nước,"/
/⁄0",1.25
16,4.jpg,khác,/1v^^,1.25
19,3.jpg,chết,jiẩoi,1.25
5,19.jpg,tách,"đlacâ,",1.25
109,91.jpg,nhất,"⁄
ah2d",1.25
6,13.jpg,chào,"&
1x,",1.25
118,19.jpg,điện,cho ^,1.25
76,76.jpg,sáng,ae⁄44,1.25
141,62.jpg,biển,(39⁄5,1.25
30,58.jpg,giày,ý hội,1.25
25,32.jpg,xanh,„22⁄4,1.25
84,53.jpg,trấn,",
ñä«",1.25
97,89.jpg,khai,“2⁄2.,1.25
115,79.jpg,phạm,v⁄<~n,1.25
1,5.jpg,chìa,"_-
ch -",1.25
80,47.jpg,xuất,x«cd ý,1.25
64,38.jpg,ubnd,wðd id,1.25
33,66.jpg,giải,"31.
gi",1.25
4,94.jpg,cũng,"^
(w/",1.25
98,3.jpg,cũng,"tanh
í",1.25
3,59.jpg,khôi,á/⁄^¿,1.25
149,68.jpg,phần,⁄ 1⁄2,1.25
6,70.jpg,kinh,wwxkv,1.25
145,10.jpg,năng,"vềng
íí",1.25
126,47.jpg,cuộc,"”
caø(",1.25
96,41.jpg,việc,lò (5,1.25
22,74.jpg,động,cíees,1.25
102,44.jpg,thực,giúnn,1.25
94,10.jpg,thảo,ax⁄2„,1.25
112,36.jpg,kinh,lu-l-,1.25
71,64.jpg,nhận,aa4<z,1.25
124,48.jpg,cảng,"/
c⁄“^",1.25
78,68.jpg,quan,0/⁄⁄ó,1.25
50,76.jpg,ngày,mnø6¿4,1.25
41,16.jpg,đồng,à5 *q,1.25
83,96.jpg,tuổi,-[„ø-,1.25
97,96.jpg,khác,k)-2(.,1.25
79,17.jpg,sinh,/⁄a 2h,1.25
34,21.jpg,kinh,vì cá,1.25
105,50.jpg,nước,"1c
m4",1.25
141,18.jpg,đuổi,tt c.,1.25
68,3.jpg,công,"(o^4,",1.25
143,27.jpg,tuổi,"?
{uc",1.25
69,60.jpg,năng,"—ơ
lá",1.25
28,95.jpg,mạnh,ymouwkh,1.25
129,71.jpg,giấy,c/(eà,1.25
26,33.jpg,biển,"v.
v5",1.25
107,21.jpg,thiếu,⁄zễ⁄54,1.2
129,84.jpg,đường,"ñ
điều",1.2
87,87.jpg,người,i cu :,1.2
133,49.jpg,người,"1
nữ u",1.2
141,31.jpg,thành,402 v4,1.2
70,76.jpg,người,"^
na 23",1.2
28,28.jpg,chính,⁄#ýw&/,1.2
103,32.jpg,quyết,"ri
(li",1.2
44,40.jpg,người,"-
xử
0",1.2
29,7.jpg,nvơnn,mướmnmm,1.2
117,48.jpg,trình,{j aish,1.2
64,46.jpg,thành,3 w<<\,1.2
142,71.jpg,trong,;zuro úø,1.2
12,99.jpg,trình,s ị mi,1.2
38,68.jpg,người,aạ vớ),1.2
140,38.jpg,trước,"⁄
i 22",1.2
73,81.jpg,chiếc,"⁄
c⁄ z",1.2
28,70.jpg,xuyên,"[”
^~4",1.2
22,17.jpg,thành,tt ørnihd,1.2
34,97.jpg,thành,j7⁄2à⁄,1.2
34,10.jpg,người,cá vizt,1.2
74,37.jpg,người,"dò,
la",1.2
95,37.jpg,nhưng,^⁄è^èz,1.2
137,89.jpg,nghĩa,"n ~“
ả_",1.2
138,14.jpg,nhiều,` w“®`,1.2
89,15.jpg,nhưng,~t⁄a⁄n4,1.2
21,71.jpg,thuộc,"ˆ^
t96",1.2
2,46.jpg,phiên,yv⁄xcơn,1.2
44,34.jpg,triển,"^2
xu)",1.2
144,2.jpg,không,alk2ea,1.2
91,11.jpg,trình,"cnuvk,",1.2
37,9.jpg,quyền,4z nêm,1.2
133,75.jpg,người,"w
1«⁄4",1.2
86,7.jpg,tiếng,"„^~
xứng",1.2
75,18.jpg,duyệt,"c(uu0
_",1.2
22,79.jpg,những,c1. dna,1.2
6,15.jpg,người,"_—
_ 1",1.2
88,99.jpg,khách,[hkoađd,1.2
149,12.jpg,triển,"2
7 ca",1.2
109,8.jpg,trong,"v.ơaa,",1.2
21,81.jpg,chiều,"..
đa,",1.2
109,52.jpg,người,«má ưu,1.2
49,63.jpg,johor,qeb vc,1.2
54,85.jpg,người,".
theo",1.2
127,35.jpg,triệu,"(p\
la",1.2
97,11.jpg,trước,&/ø 2¬,1.2
92,98.jpg,giang,øgvx>^4,1.2
73,34.jpg,người,va vớt,1.2
110,95.jpg,quyết,tjes “,1.2
40,79.jpg,trường,"-
“. tưởng",1.1667
118,86.jpg,nghiên,ca ^x~—,1.1667
66,84.jpg,trưởng,"w 02⁄4,",1.1667
1,52.jpg,nguyên,hg0⁄27/2,1.1667
105,14.jpg,trưởng,"đuìn
b,",1.1667
125,5.jpg,phương,#ø⁄1⁄n z,1.1667
104,99.jpg,thương,hán “ .,1.1667
43,8.jpg,cộng,(⁄,1.0
31,34.jpg,khỏe,(it,1.0
139,26.jpg,có,tu,1.0
62,86.jpg,hoảng,«4,1.0
16,70.jpg,làm,„.,1.0
43,9.jpg,"gái bán dâm chủ yếu trong lứa tuổi 18 - 30, phần lớn là ít học, nghèo khó, còn lại khoảng 15% lười lao động, đua đòi ăn diện và tự nguyện đi vào con đường bán dâm. "" tệ nạn mại dâm vẫn đang diễn biến phức tạp, riêng tp.hcm có tới 10.00 gái bán dâm, đối tượng mua dâm vẫn tăng, nhiều người mua dâm là cán bộ công chức "" - bà hằng nhấn mạnh. về phòng chống tội phạm ma túy, trong ba năm qua số người nghiện tăng ở 53 / 64 tỉnh thành, chỉ 40% người nghiện được đưa đi cai nghiện tập trung.",,1.0
31,33.jpg,người,,1.0
31,21.jpg,mới,ng,1.0
43,16.jpg,sạn,ca,1.0
31,36.jpg,phía,"⁄
lú",1.0
43,10.jpg,cũ,g,1.0
16,35.jpg,với,tổn,1.0
16,34.jpg,thế,xi,1.0
52,33.jpg,cộng,_,1.0
139,25.jpg,thư,1ò,1.0
43,7.jpg,hoàng,đả,1.0
139,13.jpg,5,&,1.0
8,95.jpg,nhà,ấn,1.0
139,12.jpg,"nhìn căn chòi tạm bợ mà gia đình anh đại cùng nhóm công nhân chống tiêu cực đang tá túc, chúng tôi không khỏi chạnh lòng. họ đấu tranh để cứu lấy công trình có vốn đầu tư trên 43 tỉ đồng, họ đã ngăn chặn một âm mưu rút ruột nhà nước với số tiền tỉ. để rồi bây giờ họ rơi vào cảnh túng quẫn, bần hàn đến vậy sao?",,1.0
16,48.jpg,hiếm,10x,1.0
16,49.jpg,từ,x,1.0
31,29.jpg,người,ml,1.0
31,30.jpg,hơn,lệ,1.0
16,67.jpg,hơn,é.,1.0
31,31.jpg,một,vu,1.0
16,66.jpg,bới,hóc,1.0
8,90.jpg,ra,[2,1.0
74,71.jpg,mỗi,n4,1.0
139,6.jpg,đời,~”_,1.0
8,91.jpg,rừng,aửay,1.0
16,61.jpg,đang,~—,1.0
148,9.jpg,là,,1.0
16,77.jpg,rộng,,1.0
97,7.jpg,nuôi,ho^,1.0
8,76.jpg,nguyên,,1.0
97,3.jpg,ý,ú,1.0
16,74.jpg,vào,pin,1.0
52,32.jpg,cảnh,~“,1.0
97,2.jpg,hiệu,1v,1.0
16,65.jpg,khí,“4,1.0
31,22.jpg,hầm,lu,1.0
31,24.jpg,là,vi,1.0
31,44.jpg,nghĩa,"⁄ ~
2a",1.0
8,99.jpg,nên,xò,1.0
31,26.jpg,nhau,ai k,1.0
139,24.jpg,đón,"ch,",1.0
31,41.jpg,rầu,(œ~,1.0
62,85.jpg,quan,ji,1.0
8,84.jpg,nguyễn,". —
i2",1.0
16,46.jpg,xe,“4e,1.0
62,84.jpg,"bà con trong xóm tới trồng hoa kiểng, thắp nhang trước mộ người chết nên người",,1.0
8,98.jpg,nhà,"n
(4",1.0
31,40.jpg,đắp,á,1.0
97,13.jpg,kinh,“1m,1.0
52,30.jpg,tư,,1.0
31,38.jpg,kể,⁄.,1.0
31,52.jpg,nghĩa,,1.0
148,7.jpg,trên,“w6,1.0
144,99.jpg,thời,đâ&r,1.0
74,94.jpg,cheo,“lát,1.0
8,89.jpg,là,œ&,1.0
52,31.jpg,tiếng,#«⁄,1.0
16,57.jpg,thuốc,(xa,1.0
97,15.jpg,khi,á,1.0
31,79.jpg,còn,ø^,1.0
97,98.jpg,là,\œ,1.0
31,78.jpg,là,k-,1.0
16,9.jpg,đến,ai,1.0
97,99.jpg,vực,”,1.0
135,71.jpg,công,_,1.0
135,70.jpg,số,ốc,1.0
16,71.jpg,đất,d{,1.0
135,67.jpg,3,d,1.0
16,8.jpg,bản,l5,1.0
16,7.jpg,ngày,8,1.0
139,18.jpg,nhận,vi,1.0
135,66.jpg,cửa,2,1.0
148,1.jpg,biển,"2,",1.0
148,2.jpg,các,z,1.0
16,6.jpg,hơn,pes,1.0
97,100.jpg,và,x4,1.0
31,56.jpg,trên,dđ~x,1.0
52,36.jpg,phân,av,1.0
62,90.jpg,đdv,2⁄/,1.0
31,55.jpg,nhưng,di kứng,1.0
62,75.jpg,thông,1œ,1.0
62,78.jpg,phần,,1.0
135,55.jpg,và,na,1.0
139,17.jpg,nước,«/ø,1.0
31,82.jpg,thông,,1.0
62,79.jpg,cho,t_,1.0
74,81.jpg,giờ,ân,1.0
97,90.jpg,già,x^,1.0
31,70.jpg,lạnh,6p,1.0
97,95.jpg,tôi,-|a,1.0
97,83.jpg,40,⁄4ù,1.0
97,84.jpg,ý,d,1.0
31,83.jpg,17 - 3 - 2004 đã ra trình diện tại cơ quan công an. vụ việc đang,,1.0
31,72.jpg,là,|,1.0
5,9.jpg,g,`,1.0
97,47.jpg,đến,á,1.0
74,84.jpg,cải,"2
c⁄i",1.0
135,78.jpg,đã,lv,1.0
5,12.jpg,"17 lao động trở về từ malaysia vì không có việc làm. tại công ty thương mại xuất nhập khẩu bình phước, từ ngày 17 - 3 - 2004 đến nay đã có 17 lao động trở về từ malaysia vì không có việc làm và vì công ty không thực hiện đúng hợp đồng như đã cam kết. trong số đó, một lao động phải đi về bằng đường bộ, vượt qua các cửa khẩu thái lan, campuchia, trở về vn sau cuộc hành trình gian khổ. hợp đồng lao động được thực hiện từ tháng 8 - 2003, thời hạn 36 tháng với loại công việc là công nhân xây dựng.",,1.0
97,48.jpg,xe,p,1.0
74,87.jpg,đến,„,1.0
148,3.jpg,thoại,(z2,1.0
97,62.jpg,bộ,2,1.0
97,49.jpg,ty,bu,1.0
97,50.jpg,tặng,đ®^4,1.0
5,10.jpg,hình,4,1.0
97,51.jpg,được,“12h,1.0
5,11.jpg,trung,29⁄9,1.0
97,53.jpg,thực,,1.0
97,54.jpg,tập,⁄,1.0
97,97.jpg,mưa,an,1.0
16,5.jpg,trong,4/4,1.0
31,75.jpg,dự,àv,1.0
31,74.jpg,để,,1.0
148,4.jpg,lần,(đà,1.0
74,92.jpg,bờ,v,1.0
97,41.jpg,tiền,mm,1.0
74,91.jpg,khu,1x,1.0
97,42.jpg,khách,4w,1.0
16,37.jpg,làng,[«s,1.0
74,83.jpg,thông,,1.0
74,89.jpg,hết,li,1.0
97,46.jpg,võ,¿7,1.0
5,21.jpg,bí,l,1.0
74,98.jpg,dụng,k^,1.0
16,11.jpg,tôi,.,1.0
16,10.jpg,nước,"/
nơ",1.0
5,8.jpg,vọng,lí,1.0
97,44.jpg,đề,l,1.0
97,30.jpg,lây,1⁄2,1.0
16,13.jpg,mà,na,1.0
16,12.jpg,sống,ẩt0,1.0
97,32.jpg,được,in,1.0
62,92.jpg,quyết,”x,1.0
62,93.jpg,nước,v0,1.0
97,34.jpg,mùa,v4.,1.0
62,89.jpg,làm,z,1.0
97,70.jpg,cũng,~,1.0
16,26.jpg,làm,kh,1.0
135,72.jpg,nhiệt,,1.0
16,25.jpg,thì,+,1.0
5,38.jpg,cứu,"l
mu",1.0
97,71.jpg,nhau,ư,1.0
52,27.jpg,quả,ga,1.0
97,72.jpg,lao,vi,1.0
97,69.jpg,19,4ø,1.0
97,17.jpg,1,7,1.0
139,28.jpg,rất,w,1.0
16,31.jpg,xin,_.,1.0
97,23.jpg,chế,,1.0
16,42.jpg,vậy,,1.0
97,24.jpg,bấy,⁄áí,1.0
97,8.jpg,bắt,ra,1.0
97,10.jpg,dính,kì,1.0
97,27.jpg,tình,_,1.0
97,37.jpg,gỡ,ạữ,1.0
97,38.jpg,nhu,/,1.0
52,45.jpg,vực,,1.0
52,44.jpg,có,&,1.0
135,74.jpg,công,"cơc
⁄",1.0
97,39.jpg,lẽ,⁄,1.0
97,25.jpg,và,cv,1.0
135,73.jpg,cụ,v0,1.0
16,40.jpg,không,adaa,1.0
62,71.jpg,"sự việc nói trên đã gây bất bình cho hàng trăm hộ dân có đất ở mua tại khu dân cư mới xuân hải, gây nên kiện cáo kéo dài.",,1.0
62,72.jpg,ra,^^,1.0
31,62.jpg,vòng,_,1.0
62,73.jpg,sướt,"#
^^",1.0
139,16.jpg,việc,ww y,1.0
16,17.jpg,ngon,=2,1.0
62,60.jpg,dần,“,1.0
148,20.jpg,thôi,<4,1.0
97,58.jpg,tán,,1.0
16,15.jpg,bị,,1.0
31,50.jpg,đơn,n5,1.0
148,18.jpg,người,"ờ
(5ø",1.0
31,48.jpg,tết,+2,1.0
135,76.jpg,trợ,+2,1.0
31,46.jpg,hình,"l,",1.0
62,87.jpg,vài,(9à,1.0
62,88.jpg,mưa,vwda,1.0
16,16.jpg,nhiên,ms,1.0
97,60.jpg,dự,”.,1.0
16,22.jpg,diện,đực,1.0
97,61.jpg,hai,,1.0
62,62.jpg,chấn,xi,1.0
16,20.jpg,hùng,wewa,1.0
135,53.jpg,khi,l,1.0
62,64.jpg,và,jo,1.0
31,68.jpg,chủ,.,1.0
52,24.jpg,"khi ấy chỉ còn nghĩ đến cách phải cứu cho được thủy thủ... "". trong",,1.0
97,65.jpg,ngày,mu,1.0
74,95.jpg,thực,oule,1.0
97,66.jpg,nếu,uy,1.0
97,67.jpg,đặc,~#,1.0
31,63.jpg,săn,ác,1.0
97,68.jpg,ăn,⁄.,1.0
62,81.jpg,ty,l,1.0
62,68.jpg,không,ickữm,1.0
31,64.jpg,của,"2
6",1.0
126,79.jpg,thực,1x,1.0
72,68.jpg,tiền,h,1.0
144,66.jpg,lại,ẫí,1.0
126,78.jpg,trích,ok,1.0
135,99.jpg,4,đ,1.0
126,77.jpg,160,aco,1.0
126,76.jpg,giới,quát,1.0
126,89.jpg,chất,d_x+,1.0
52,14.jpg,lấp,í,1.0
148,10.jpg,nẵng,w“#⁄,1.0
72,55.jpg,2004,aco“,1.0
72,56.jpg,tiêm,,1.0
72,57.jpg,năm,1⁄2,1.0
72,15.jpg,2,j,1.0
72,20.jpg,chức,đu,1.0
72,70.jpg,làm,⁄_,1.0
139,61.jpg,gây,#4,1.0
72,71.jpg,cơ,(c0,1.0
72,73.jpg,luật,cc &,1.0
72,69.jpg,dịch,ðòỏa,1.0
144,1.jpg,sẽ,-,1.0
72,48.jpg,chăn,li.,1.0
126,49.jpg,chứ,„,1.0
72,50.jpg,rơi,ở,1.0
72,51.jpg,một,w@œ,1.0
126,87.jpg,rõ,áặ,1.0
126,86.jpg,ngồi,s,1.0
144,54.jpg,động,køâ4,1.0
126,85.jpg,ảnh,6,1.0
126,81.jpg,chậm,"a
&w",1.0
144,11.jpg,quyền,4e,1.0
72,52.jpg,vĩnh,65/⁄,1.0
72,63.jpg,dựng,,1.0
126,97.jpg,giờ,4a,1.0
144,65.jpg,triển,,1.0
126,95.jpg,với,b,1.0
126,92.jpg,mắt,x%,1.0
72,65.jpg,ngày,m4j,1.0
144,6.jpg,tuổi,"z
.",1.0
72,67.jpg,ký,ún,1.0
126,98.jpg,không,#42,1.0
139,71.jpg,thi,ú,1.0
139,86.jpg,vạn,,1.0
139,83.jpg,ray,_,1.0
72,99.jpg,đã,=®,1.0
72,100.jpg,lượng,,1.0
135,81.jpg,hàng,^^,1.0
8,1.jpg,không,(lu,1.0
144,72.jpg,ha,lo,1.0
72,87.jpg,ở,ô,1.0
72,74.jpg,cho,si,1.0
43,57.jpg,mà,,1.0
135,93.jpg,phước,6,1.0
43,59.jpg,cho,1.,1.0
139,82.jpg,anh,~,1.0
43,63.jpg,báo,ñoò,1.0
43,64.jpg,"được biết, trước đây do có nhiều "" khó khăn "" nên việc thanh tra, xử lý những trường",,1.0
135,91.jpg,10,jo,1.0
8,4.jpg,tài,cm,1.0
8,9.jpg,không,"lo,",1.0
72,90.jpg,hào,..,1.0
135,87.jpg,hiện,,1.0
139,56.jpg,cứu,9),1.0
139,55.jpg,làm,pì,1.0
139,68.jpg,nhất,⁄,1.0
139,67.jpg,3,ø,1.0
139,65.jpg,làm,cc,1.0
72,76.jpg,thơ,v2,1.0
72,62.jpg,tài,,1.0
144,69.jpg,"câu hỏi 27: phân tích nội dung quy luật phủ định của phủ định, từ đó rút ra ý nghĩa phương pháp luận?",,1.0
139,72.jpg,anh,vi,1.0
72,92.jpg,ủy,u,1.0
144,71.jpg,chúng,ki,1.0
135,85.jpg,lý,áí,1.0
72,93.jpg,ở,7,1.0
72,78.jpg,nhau,—,1.0
72,79.jpg,ngạc,uc.,1.0
135,82.jpg,tờ,sa,1.0
72,81.jpg,miệng,,1.0
72,96.jpg,lại,(,1.0
72,98.jpg,là,é,1.0
72,91.jpg,biển,,1.0
72,45.jpg,31,4,1.0
139,30.jpg,cấp,2.,1.0
135,88.jpg,sót,«,1.0
72,30.jpg,khá,ác,1.0
72,31.jpg,các,"_
c2",1.0
144,47.jpg,ty,w,1.0
139,41.jpg,người,a4,1.0
72,32.jpg,địa,,1.0
43,90.jpg,mua,nw,1.0
144,53.jpg,mưa,^,1.0
43,91.jpg,sơ,4ö,1.0
139,51.jpg,huyện,k~⁄^,1.0
139,50.jpg,qui,s,1.0
43,94.jpg,nhà,p,1.0
139,49.jpg,sinh,,1.0
139,47.jpg,trình,đá,1.0
139,46.jpg,khẩn,"2
vr",1.0
144,38.jpg,nhưng,lở,1.0
144,63.jpg,dịch,za,1.0
72,2.jpg,tư,",",1.0
72,10.jpg,chạy,“,1.0
144,42.jpg,vì,.,1.0
72,11.jpg,thức,{w,1.0
144,41.jpg,công,e5,1.0
72,12.jpg,độ,,1.0
135,98.jpg,tám,g—⁄,1.0
72,22.jpg,được,,1.0
144,56.jpg,tử,đổ,1.0
144,55.jpg,thế,n,1.0
139,33.jpg,ấy,“,1.0
139,23.jpg,rào,ấ,1.0
72,5.jpg,tiếp,® tøp,1.0
72,25.jpg,chúng,(la,1.0
139,22.jpg,hàng,âm,1.0
72,27.jpg,chiến,—⁄⁄2,1.0
72,28.jpg,quyết,j4,1.0
72,42.jpg,khi,lí.,1.0
135,90.jpg,của,")
ca",1.0
72,43.jpg,lại,,1.0
139,36.jpg,lui,,1.0
144,44.jpg,đến,..,1.0
43,84.jpg,nhắc,"/
s",1.0
144,27.jpg,cá,"cø,",1.0
144,26.jpg,thời,"/h
ủ)",1.0
144,52.jpg,nghiệp,,1.0
144,24.jpg,ăn,can,1.0
144,23.jpg,những,„1,1.0
144,8.jpg,đây,«22,1.0
144,7.jpg,đầu,~—,1.0
144,22.jpg,dân,tớ.,1.0
43,95.jpg,gái,ấn,1.0
43,73.jpg,trả,.,1.0
144,19.jpg,trở,.,1.0
144,18.jpg,mảng,nay,1.0
43,74.jpg,khi,,1.0
43,75.jpg,nhà hàng kiều oanh nằm ngay trung tâm,,1.0
144,17.jpg,nêu,wi,1.0
72,58.jpg,do,đu,1.0
72,46.jpg,xe,9e_,1.0
135,100.jpg,âm,⁄ñ,1.0
144,5.jpg,những,"_
tí",1.0
144,21.jpg,tháng,k 4,1.0
144,37.jpg,địa,z1,1.0
43,96.jpg,phải,-,1.0
144,48.jpg,hộ,xo,1.0
144,35.jpg,giờ,“z,1.0
144,33.jpg,giao,t6,1.0
144,31.jpg,12,4),1.0
139,45.jpg,hai,lo,1.0
72,39.jpg,trong,⁄ ty,1.0
52,13.jpg,lầy,,1.0
144,29.jpg,con,cơ~^,1.0
43,100.jpg,nghị,,1.0
52,1.jpg,đường,2k4 1,1.0
52,2.jpg,nhà,aä,1.0
52,4.jpg,đựng,kế 6,1.0
144,51.jpg,đã,mu,1.0
72,1.jpg,phương,,1.0
43,89.jpg,thì,đu,1.0
43,81.jpg,đánh,z4,1.0
43,82.jpg,nước,"⁄
wäc",1.0
144,30.jpg,có,6.,1.0
43,98.jpg,ký,lu,1.0
31,3.jpg,về,|.,1.0
31,2.jpg,thủ,⁄z.,1.0
52,34.jpg,bị,li,1.0
31,1.jpg,tiếng,,1.0
8,53.jpg,giữ,v-,1.0
139,100.jpg,đã,..,1.0
144,90.jpg,hơn,#®on,1.0
8,56.jpg,là,á&,1.0
31,5.jpg,khả,/n,1.0
52,9.jpg,không,liệu,1.0
31,19.jpg,họ,⁄&,1.0
8,58.jpg,lần,ác,1.0
31,16.jpg,bị,0,1.0
31,15.jpg,để,su,1.0
31,14.jpg,1,ặ,1.0
144,92.jpg,hưởng,#oà„,1.0
31,13.jpg,năm,hen,1.0
43,28.jpg,tại,a,1.0
31,12.jpg,"hóa ra nơi đang đứng trên đầu là một mạch nước ngầm thấm xuống nên lâu lâu lại phun nước ra như mưa. tiếng ồn từ máy khoan lẫn bụi đá đã khiến nơi cuối đường hầm này con người chỉ nhận ra nhau bằng những vạch phản quang trên áo và nếu có và nếu có nói thì như cãi nhau. tất cả 32 con người của đội khoan hầm số 1 này được chia làm bốn tổ, trong đó có ba tổ khoan và một tổ đánh mìn. mỗi ngày các tổ này thay phiên nhau cầm lái hai mũi khoan xộc thẳng vào lòng núi.",_,1.0
8,57.jpg,phạm,w^,1.0
8,44.jpg,rằng,,1.0
8,47.jpg,đụng,p⁄x,1.0
5,3.jpg,được,đà 12,1.0
5,5.jpg,việc,w@©cz,1.0
144,89.jpg,tính,.,1.0
126,14.jpg,phí,_,1.0
8,48.jpg,đến,.,1.0
8,49.jpg,hai,l,1.0
8,50.jpg,hội,1o,1.0
8,65.jpg,đang,~,1.0
126,12.jpg,đường,1w,1.0
8,100.jpg,của,")
la",1.0
139,91.jpg,nội,wớ,1.0
139,90.jpg,bà,ax,1.0
52,35.jpg,đá,.,1.0
97,1.jpg,ban,l_,1.0
8,63.jpg,000,ø22,1.0
139,89.jpg,hiếm,cc.,1.0
8,64.jpg,không,“^^,1.0
139,87.jpg,lần,k3à,1.0
8,51.jpg,dựng,ở,1.0
43,34.jpg,""" tôi không được bàn giao từ bộ trưởng cũ, những cái bộ trưởng cũ đã quyết định thì anh em cứ tiếp tục làm, có gì phát sinh mới hỏi ý kiến tôi... "".",,1.0
43,38.jpg,rên,a,1.0
16,98.jpg,cổ,sẽ,1.0
16,97.jpg,1,4,1.0
43,25.jpg,phát,ơ,1.0
43,26.jpg,bảo,l,1.0
16,80.jpg,sĩ,,1.0
16,79.jpg,thuộc,ấ®&,1.0
16,93.jpg,vừa,dư,1.0
126,9.jpg,lái,,1.0
43,13.jpg,đức,p⁄⁄,1.0
43,1.jpg,ý,”,1.0
16,90.jpg,hạ,l&,1.0
16,88.jpg,kia,“_,1.0
43,2.jpg,thịnh,“tel,1.0
43,4.jpg,nét,r«†,1.0
43,5.jpg,liên,p,1.0
16,72.jpg,hoàn,2,1.0
43,6.jpg,tịch,hi,1.0
43,11.jpg,"ông trần du lịch : "" có khi chính tình hình kinh tế quý 1 giảm sút, chúng ta",,1.0
126,8.jpg,tuổi,"5
quôi",1.0
126,4.jpg,lấy,1ã,1.0
126,3.jpg,"thích nhân ngày 8 - 3. món canh có thể hơi mặn, món cá sốt đáng lẽ phải có màu đỏ",,1.0
31,10.jpg,cứ,(,1.0
31,9.jpg,nguồn,ma,1.0
139,19.jpg,hỗ,ý.,1.0
8,69.jpg,săn chim ở cát bà,,1.0
8,71.jpg,đó,zð,1.0
31,7.jpg,phủ,ˆ,1.0
16,99.jpg,phía,ƒ hi,1.0
8,72.jpg,đón,6,1.0
8,73.jpg,nghị,wm,1.0
139,20.jpg,phát,.,1.0
8,74.jpg,đặt,zx4t,1.0
8,60.jpg,quan,ong,1.0
43,46.jpg,chúng,đá,1.0
43,47.jpg,tài,x,1.0
126,1.jpg,vũng,ú),1.0
43,48.jpg,vi,na,1.0
16,100.jpg,28,«,1.0
31,6.jpg,việc,"ä
vưc",1.0
139,77.jpg,thành,14⁄8,1.0
43,41.jpg,bộ,66,1.0
43,43.jpg,lãnh,~,1.0
139,75.jpg,nghỉ,m2la,1.0
126,51.jpg,tung,hơa,1.0
8,20.jpg,trung,—,1.0
126,65.jpg,hiến,⁄,1.0
8,21.jpg,hà,,1.0
126,64.jpg,thế,đá,1.0
126,16.jpg,hút,n7,1.0
126,62.jpg,khẳng,à,1.0
126,61.jpg,liền,co,1.0
126,59.jpg,11,áá,1.0
144,82.jpg,như,xu,1.0
126,45.jpg,thiết,,1.0
8,22.jpg,khác,/ng,1.0
8,24.jpg,nam,#⁄,1.0
8,27.jpg,để,x,1.0
126,57.jpg,ty,w,1.0
126,63.jpg,mặt,0ä,1.0
144,93.jpg,kiện,áuv.,1.0
126,71.jpg,gì,`,1.0
43,79.jpg,ban,<_,1.0
43,80.jpg,chí,_,1.0
144,94.jpg,bờ,.,1.0
126,70.jpg,hết,1,1.0
43,65.jpg,đâu,_,1.0
43,67.jpg,là,⁄,1.0
43,71.jpg,thị,du,1.0
144,96.jpg,dập,1œ,1.0
126,69.jpg,triệu,,1.0
8,12.jpg,lô,ấn,1.0
144,95.jpg,trong,z œ4,1.0
52,5.jpg,nhanh,í_,1.0
126,66.jpg,quyền,4mu/à,1.0
8,16.jpg,đến,xu,1.0
43,50.jpg,cũng,24,1.0
43,53.jpg,tôi,kh,1.0
43,54.jpg,anh,đ,1.0
43,55.jpg,trạng,,1.0
43,72.jpg,tra,2w,1.0
126,24.jpg,này,cu,1.0
72,85.jpg,trại,x2,1.0
126,23.jpg,ít,ì‡,1.0
126,33.jpg,sa,c&,1.0
126,32.jpg,lo,í,1.0
8,36.jpg,cáo,c2ocò,1.0
126,29.jpg,3,5,1.0
126,28.jpg,lâm,(2„,1.0
126,41.jpg,viện,,1.0
8,10.jpg,tuổi,4 ;,1.0
126,39.jpg,cấp,‹áí,1.0
139,99.jpg,bên,ổx,1.0
139,98.jpg,lợi,&,1.0
139,97.jpg,đi,ch,1.0
8,37.jpg,an,na,1.0
8,38.jpg,một,“ð,1.0
8,39.jpg,trong,vé,1.0
126,17.jpg,liên,/ú,1.0
8,41.jpg,tận,„,1.0
8,43.jpg,gòn,,1.0
52,16.jpg,nữa,.,1.0
144,83.jpg,đồ,ù,1.0
144,84.jpg,thợ,,1.0
52,20.jpg,đây,zø,1.0
126,56.jpg,hđnd,tù nó,1.0
144,85.jpg,quyền,2#,1.0
8,29.jpg,an,#a,1.0
126,55.jpg,chỉ,z¿,1.0
126,53.jpg,xây,_,1.0
126,38.jpg,bất,lx,1.0
16,82.jpg,để,.,1.0
126,36.jpg,ở,ä,1.0
52,19.jpg,khắc,#áx,1.0
16,85.jpg,vì,ú,1.0
8,32.jpg,vùng,l,1.0
16,84.jpg,có,cc”,1.0
8,33.jpg,thì,`,1.0
8,34.jpg,gây,ki,1.0
144,100.jpg,phân giải,,1.0
8,35.jpg,hôm,tin,1.0
8,19.jpg,nguyên,c^,1.0
8,31.jpg,từ,k,1.0
54,67.jpg,phòng,_,1.0
54,66.jpg,theo,,1.0
54,65.jpg,trong,ñ com,1.0
89,52.jpg,hoàn,mm,1.0
89,37.jpg,du,ủ,1.0
89,40.jpg,về,ớ.,1.0
101,15.jpg,hơn,12m,1.0
54,64.jpg,sông,jư,1.0
89,41.jpg,lên,z—_,1.0
89,42.jpg,cho,á,1.0
5,13.jpg,liền,"⁄
c",1.0
89,44.jpg,vĩnh,,1.0
54,62.jpg,chỉ,n,1.0
131,3.jpg,hóa,4,1.0
54,61.jpg,nước,je,1.0
131,5.jpg,việc,lũ,1.0
89,53.jpg,cư,0â,1.0
89,56.jpg,dâm,pp,1.0
89,58.jpg,thật,zaa,1.0
131,21.jpg,cánh,co k„,1.0
54,59.jpg,quyền,1w,1.0
54,63.jpg,giáp,#,1.0
89,23.jpg,trưởng,,1.0
89,25.jpg,ngoài,224,1.0
89,27.jpg,lý,;,1.0
54,80.jpg,toàn,{xù,1.0
54,78.jpg,và,w,1.0
89,28.jpg,đây,dđ,1.0
54,77.jpg,hậu,vn,1.0
89,30.jpg,trí,\,1.0
54,75.jpg,tp,i,1.0
54,74.jpg,thẳng,k,1.0
54,70.jpg,một,6,1.0
54,88.jpg,với,_,1.0
54,86.jpg,tới,+29,1.0
89,33.jpg,21,_,1.0
54,58.jpg,của,"2
ca",1.0
89,34.jpg,hội,^l&,1.0
89,36.jpg,lớn,ø&,1.0
89,87.jpg,vào,gò,1.0
54,72.jpg,là,cc,1.0
89,89.jpg,cháy,°^,1.0
89,45.jpg,ngoài,,1.0
89,48.jpg,xuồng,,1.0
89,32.jpg,cứu,"co
1",1.0
113,79.jpg,cấy,_,1.0
89,65.jpg,được,p1,1.0
54,51.jpg,như,2a,1.0
54,50.jpg,lái,„,1.0
89,67.jpg,công,tuy,1.0
54,49.jpg,hóa,à‹«,1.0
89,69.jpg,nghĩa,⁄~~,1.0
54,39.jpg,biển,,1.0
113,90.jpg,công,đoào,1.0
113,93.jpg,115,aớn,1.0
131,6.jpg,sách,jq,1.0
113,96.jpg,khá,600,1.0
54,36.jpg,cùng,2,1.0
89,85.jpg,tại,1,1.0
89,71.jpg,ngăn,wacu,1.0
54,35.jpg,nơi,nä ì,1.0
89,72.jpg,việc,nu,1.0
54,47.jpg,ảnh,_,1.0
54,45.jpg,trao,ø,1.0
89,73.jpg,ông,6e4,1.0
89,74.jpg,trọng,bà,1.0
89,77.jpg,viên,ý,1.0
54,38.jpg,trong,"\øn4,",1.0
131,8.jpg,kế,l,1.0
121,50.jpg,lại,á^‹,1.0
121,48.jpg,số,có,1.0
121,46.jpg,nhân gốc làm sụt giảm kinh tế tp. vậy nguyên nhân gốc từ đâu? viện trưởng,,1.0
121,45.jpg,xe,l/,1.0
121,57.jpg,trọng,,1.0
121,43.jpg,đang,đà “gp,1.0
131,1.jpg,vô,%`,1.0
121,42.jpg,chương,đuttvy,1.0
121,41.jpg,với,. ỉ,1.0
113,78.jpg,hóa,áo,1.0
113,82.jpg,tờ,„,1.0
121,38.jpg,đợi,_,1.0
121,37.jpg,gọi,ts,1.0
113,85.jpg,"nhu cầu nước lớn nhất, huy động nhiều đối tượng tham gia thực hiện",,1.0
113,89.jpg,trọng,,1.0
113,74.jpg,điều,"_
lo",1.0
54,55.jpg,đang,~,1.0
54,54.jpg,lặng,k,1.0
54,53.jpg,mới,„,1.0
113,76.jpg,đã,,1.0
54,52.jpg,qua,ai”,1.0
121,39.jpg,tôi,._,1.0
119,85.jpg,lại,x,1.0
119,86.jpg,hiện,tuôu,1.0
119,71.jpg,cung,_,1.0
130,88.jpg,theo,,1.0
119,75.jpg,dn,d⁄w,1.0
119,76.jpg,trong,“tơ,1.0
119,78.jpg,điểm,p0,1.0
119,89.jpg,báo,l,1.0
119,90.jpg,hi,,1.0
130,96.jpg,với,®,1.0
54,24.jpg,phạm,„#&,1.0
101,12.jpg,đầu,“^^,1.0
101,11.jpg,động,,1.0
119,80.jpg,sống,,1.0
119,81.jpg,xuống,"t
kuôn",1.0
101,8.jpg,đối,2%,1.0
119,82.jpg,thức,"2a
pc",1.0
101,7.jpg,tra,-—_,1.0
101,6.jpg,chúng,,1.0
131,32.jpg,nâng,su,1.0
121,28.jpg,phí,_”,1.0
54,94.jpg,cho,cc_—o,1.0
119,94.jpg,trường,⁄ -,1.0
101,40.jpg,chiếc,,1.0
101,39.jpg,3,ú,1.0
101,38.jpg,hải,l,1.0
130,94.jpg,3,4,1.0
101,27.jpg,việc,,1.0
101,26.jpg,vân,uc,1.0
101,25.jpg,tinh,œ5,1.0
119,52.jpg,hôm,s5,1.0
101,24.jpg,đã,ii,1.0
119,53.jpg,thứ,k,1.0
130,92.jpg,sân,ta,1.0
101,36.jpg,y,,1.0
119,40.jpg,chỉ,',1.0
101,34.jpg,phẩy,"9
ph^~",1.0
130,78.jpg,ty,_,1.0
119,63.jpg,cho,”ˆ,1.0
119,64.jpg,hẹn,,1.0
119,66.jpg,thật,à,1.0
119,68.jpg,lý,1,1.0
119,69.jpg,là,|,1.0
130,93.jpg,bắt,a/,1.0
119,70.jpg,người,,1.0
119,54.jpg,ven,92a,1.0
121,4.jpg,chỉ,.,1.0
89,1.jpg,mới,"⁄
môi",1.0
121,2.jpg,quá,a2,1.0
121,17.jpg,đường,ẳ 25,1.0
89,13.jpg,tòa,"hà,",1.0
121,16.jpg,vụ,n,1.0
121,11.jpg,xe,v2,1.0
89,16.jpg,mới,v,1.0
89,17.jpg,đưa,cu,1.0
121,26.jpg,tin,„^^,1.0
131,35.jpg,chuyện,¿4„¿,1.0
54,84.jpg,trương,,1.0
89,4.jpg,đầy,3w,1.0
54,82.jpg,ngay,m44,1.0
89,5.jpg,vùng,v kha,1.0
89,6.jpg,tháng,1,1.0
54,30.jpg,nập,—,1.0
54,28.jpg,tải,„h,1.0
89,7.jpg,hởi,-.,1.0
89,19.jpg,pháp,#ø#«,1.0
89,20.jpg,dị,“2,1.0
89,21.jpg,tại,⁄c,1.0
121,24.jpg,huống,a7,1.0
54,91.jpg,thì,ắ-,1.0
131,36.jpg,đề,_,1.0
54,90.jpg,đường,,1.0
54,89.jpg,bà,d^,1.0
101,4.jpg,lát,v5,1.0
119,87.jpg,hợp,v),1.0
101,1.jpg,trong,7#,1.0
54,100.jpg,chỗ,“tc,1.0
89,2.jpg,30,%o,1.0
131,22.jpg,chân,_l&,1.0
119,100.jpg,lâu,/v,1.0
121,35.jpg,mới,—_,1.0
121,34.jpg,những,"0ä
4",1.0
121,33.jpg,nhà,—~,1.0
89,8.jpg,những,đá,1.0
121,32.jpg,qui,g3&,1.0
89,9.jpg,đã,si,1.0
89,10.jpg,phường,øg⁄%,1.0
119,97.jpg,hưởng,"(x24,",1.0
121,31.jpg,trường,my,1.0
119,98.jpg,đón,#4,1.0
119,99.jpg,xắn,"k
na",1.0
131,25.jpg,món,6o,1.0
78,44.jpg,góp,_-,1.0
113,40.jpg,u,1,1.0
78,43.jpg,ầm,v,1.0
113,43.jpg,tờ,_,1.0
78,42.jpg,làm,p,1.0
78,57.jpg,cho,<<,1.0
78,56.jpg,phòng,62%,1.0
71,71.jpg,đã,cc,1.0
71,74.jpg,cạn,^,1.0
71,65.jpg,là,(,1.0
89,78.jpg,hải,"“
_",1.0
78,16.jpg,hợp,âu,1.0
113,7.jpg,nhiệm,»⁄á,1.0
71,89.jpg,đất,e i,1.0
71,91.jpg,tiên,..,1.0
71,76.jpg,hiện,⁄z,1.0
71,81.jpg,tổ,_,1.0
71,82.jpg,tàu,ng,1.0
71,83.jpg,trưa,-|v-,1.0
78,37.jpg,nội,wưv,1.0
71,32.jpg,đã,1x,1.0
78,49.jpg,mạng,0h,1.0
78,53.jpg,đuổi,.,1.0
71,44.jpg,thầm,/“d,1.0
121,79.jpg,con,(0),1.0
113,45.jpg,khu,#„,1.0
113,46.jpg,và,2,1.0
121,77.jpg,huyện,4,1.0
113,47.jpg,cũng,o4,1.0
113,35.jpg,vận,vy w,1.0
121,76.jpg,tức,7l,1.0
113,5.jpg,biết,5,1.0
113,36.jpg,cần,"_
can",1.0
113,55.jpg,ra,mp,1.0
113,3.jpg,đổ,l.,1.0
113,2.jpg,15,"á,",1.0
113,1.jpg,đuôi,24,1.0
113,38.jpg,mà,aaà,1.0
121,100.jpg,không,1l,1.0
113,13.jpg,8,x,1.0
113,12.jpg,tiêu,x,1.0
113,49.jpg,xử,_,1.0
113,50.jpg,người,,1.0
113,53.jpg,ý,,1.0
113,54.jpg,lãnh,122a,1.0
113,4.jpg,trưa,j2,1.0
78,19.jpg,bảy,®<^,1.0
71,42.jpg,gian,tc,1.0
71,43.jpg,và,n2,1.0
71,29.jpg,của,"2
ca",1.0
113,17.jpg,con,iay,1.0
71,92.jpg,thoại,+⁄2~⁄,1.0
113,18.jpg,do,ii,1.0
78,5.jpg,dưới mọi hình thức.,,1.0
78,4.jpg,tiền,|,1.0
78,1.jpg,hét,n,1.0
78,46.jpg,sẽ,_—,1.0
78,14.jpg,hoạt,p/,1.0
78,13.jpg,nên,(0ù,1.0
113,23.jpg,đơn,z,1.0
113,31.jpg,ý,“,1.0
113,8.jpg,thuốc,nv,1.0
113,27.jpg,lên,cc,1.0
113,26.jpg,báo,koò,1.0
71,97.jpg,mẩn,,1.0
71,96.jpg,tiếp,,1.0
71,95.jpg,đã,5,1.0
113,11.jpg,núi,ru,1.0
78,15.jpg,nước,"n dở,",1.0
78,45.jpg,như,vo,1.0
78,86.jpg,hàng,/.eđ,1.0
78,85.jpg,lý,áá,1.0
78,84.jpg,công,<<,1.0
78,33.jpg,đức,"c
„",1.0
71,33.jpg,tôi,(gì,1.0
71,35.jpg,trường,,1.0
71,84.jpg,xuồng,.,1.0
71,85.jpg,cất,(+,1.0
78,31.jpg,nghiên,~ _ v,1.0
78,21.jpg,tài,+äi¡,1.0
78,28.jpg,văn,⁄,1.0
71,86.jpg,đến,z,1.0
78,25.jpg,tiệm,v⁄,1.0
71,37.jpg,hồng,tim,1.0
78,12.jpg,khăn,,1.0
78,11.jpg,đến,—,1.0
78,10.jpg,dân,cứ,1.0
71,38.jpg,khi,[21,1.0
71,39.jpg,tới,,1.0
71,40.jpg,lời,ế;,1.0
71,41.jpg,và,ự^,1.0
78,29.jpg,nhưng,đe,1.0
113,61.jpg,lợi,tê,1.0
113,63.jpg,báo,l.,1.0
113,64.jpg,an,kw,1.0
54,9.jpg,khi,lñ,1.0
121,60.jpg,ông còn vận động để người bạn thân là trần văn trọng đang sống ở quận bình,,1.0
113,65.jpg,người,,1.0
113,48.jpg,xây,®óu,1.0
71,17.jpg,này,“,1.0
78,99.jpg,trong,veöt,1.0
78,98.jpg,số,an,1.0
71,59.jpg,các,"í
ca",1.0
71,18.jpg,lại,0a,1.0
78,93.jpg,giá,g\«é,1.0
71,5.jpg,thất,1,1.0
71,6.jpg,họ,áo,1.0
54,7.jpg,thế nào? ông lịch thông tin 16 chương trình phát triển các ngành,,1.0
54,6.jpg,cho,si,1.0
71,8.jpg,trong,á vơ,1.0
71,9.jpg,nói,sa,1.0
89,98.jpg,suy,%4,1.0
71,25.jpg,châu,"⁄%,",1.0
71,27.jpg,theo,"1⁄4,",1.0
78,97.jpg,kiện,,1.0
89,90.jpg,gần,q2^,1.0
89,91.jpg,nhân,.—_—,1.0
54,44.jpg,công,“,1.0
54,23.jpg,giấy,_,1.0
89,92.jpg,hai,_,1.0
54,20.jpg,bình,t2,1.0
54,19.jpg,biết,è,1.0
54,17.jpg,thì,4`,1.0
121,75.jpg,chú,(,1.0
121,74.jpg,gì,œ,1.0
71,2.jpg,với,w⁄\,1.0
89,93.jpg,sử,,1.0
89,79.jpg,gái,4,1.0
121,72.jpg,lên,”,1.0
54,4.jpg,đỏ,ð,1.0
89,81.jpg,và,.,1.0
54,2.jpg,lại,đo:,1.0
54,1.jpg,điều,1,1.0
78,100.jpg,nhỏ,—n,1.0
54,15.jpg,tư,1+,1.0
89,84.jpg,nào,ac,1.0
89,100.jpg,23,c2,1.0
121,73.jpg,sông,3s,1.0
113,73.jpg,ào,^^,1.0
78,60.jpg,theo,ø⁄,1.0
78,58.jpg,dân,pp,1.0
78,75.jpg,chỉ thị khẩn của chính phủ đã ban hành... kỳ trước : từ quán,,1.0
71,45.jpg,đi,#đ,1.0
71,46.jpg,liệm,pd©,1.0
71,48.jpg,giờ,y3,1.0
71,49.jpg,tùy,án,1.0
121,89.jpg,giao,ts,1.0
71,51.jpg,đồng,"c
ø",1.0
121,54.jpg,nếu,neà/,1.0
113,39.jpg,sau,co,1.0
121,88.jpg,việc,wn,1.0
121,86.jpg,mùng,,1.0
71,52.jpg,25,cc,1.0
121,84.jpg,nhiều,`,1.0
71,55.jpg,mỗi,thú,1.0
121,97.jpg,thức,1é,1.0
121,95.jpg,hcm,neơm,1.0
121,71.jpg,chợt,vn,1.0
71,56.jpg,chị,.,1.0
71,57.jpg,thắng,4,1.0
71,36.jpg,số,¬,1.0
121,53.jpg,ngủ,v6,1.0
71,11.jpg,qua,q gà,1.0
121,52.jpg,tái,,1.0
71,13.jpg,ý,/,1.0
71,14.jpg,và,d2,1.0
121,64.jpg,báo,<,1.0
121,63.jpg,để,ch,1.0
121,62.jpg,mất,xí,1.0
121,61.jpg,trầy,#4),1.0
71,16.png,"học tập là một quá trình diễn ra liên tục trong cuộc sống. con người tiếp thu kiến thức qua nhiều hình thức khác nhau. việc học không chỉ giới hạn trong nhà trường. kinh nghiệm thực tế cũng đóng vai trò quan trọng. nhờ học tập, con người hoàn thiện bản thân từng ngày.",,1.0
78,65.jpg,vân,l,1.0
78,81.jpg,tên,“xu,1.0
113,66.jpg,thính,x,1.0
78,79.jpg,để,xe,1.0
78,78.jpg,25,^^,1.0
78,77.jpg,thanh,“i4.,1.0
113,67.jpg,biển,l,1.0
78,87.jpg,trả,e2,1.0
113,69.jpg,đẹp,z,1.0
121,93.jpg,cấp,em,1.0
113,71.jpg,các,"⁄
co",1.0
78,66.jpg,hồi,la,1.0
78,67.jpg,dũng,#4,1.0
49,57.jpg,thi,%,1.0
62,30.jpg,thời,xu ồ,1.0
62,31.jpg,lặng,cy,1.0
49,56.jpg,ngoài,"k
ng",1.0
62,32.jpg,bé,,1.0
56,11.jpg,nhà,cc,1.0
49,54.jpg,sẵn,"_
5",1.0
74,5.jpg,công,gi,1.0
74,4.jpg,tăng,_,1.0
74,3.jpg,nhau,sex,1.0
119,51.jpg,chuyển,z„,1.0
74,2.jpg,vốn,40v,1.0
56,16.jpg,sân,cs,1.0
49,100.jpg,năm,9,1.0
56,17.jpg,thi,1⁄:,1.0
49,99.jpg,liền,à,1.0
74,14.jpg,sợ,có,1.0
74,12.jpg,những,c,1.0
49,97.jpg,70,ph,1.0
56,2.jpg,đạo,w⁄^,1.0
49,96.jpg,5,°,1.0
49,94.jpg,ngó,mỏ,1.0
56,13.jpg,người,,1.0
74,19.jpg,thợ,⁄~,1.0
148,70.jpg,một,,1.0
74,17.jpg,lãi,⁄,1.0
74,15.jpg,dựng,8,1.0
62,33.jpg,ngọc,at,1.0
74,31.jpg,dân,l.,1.0
49,53.jpg,vậy,c,1.0
49,52.jpg,vào,<4,1.0
49,51.jpg,vì,,1.0
148,94.jpg,thiệu,,1.0
62,29.jpg,ước,«,1.0
148,98.jpg,thể,“4,1.0
49,64.jpg,là,_,1.0
148,100.jpg,"kiến cảnh hàng chục xe xuống trình "" giấy "" đi ngay như các tài xế đã cho biết. qui trình rất",,1.0
148,87.jpg,tôi,lú,1.0
62,38.jpg,tôi,{⁄,1.0
49,62.jpg,cho,”_,1.0
62,40.jpg,của,"2
ca",1.0
74,11.jpg,dự,2d,1.0
62,27.jpg,12,(1,1.0
62,28.jpg,trường,,1.0
74,7.jpg,cũng,_~,1.0
49,50.jpg,phải,,1.0
130,15.jpg,lúc,á,1.0
130,14.jpg,lại,áo,1.0
131,96.jpg,khu,á,1.0
131,100.jpg,điểm,"ac
em",1.0
62,1.jpg,của,c⁄44,1.0
49,80.jpg,tung,cá,1.0
49,78.jpg,đó,cc,1.0
62,2.jpg,tân,#,1.0
49,77.jpg,chiếc,2,1.0
49,76.jpg,tỉnh,,1.0
49,93.jpg,mới,n,1.0
130,9.jpg,xe,=>,1.0
130,7.jpg,cáo,0»,1.0
49,61.jpg,bảo,"b
2v",1.0
56,29.jpg,kỳ,cc,1.0
56,30.jpg,to,-d,1.0
62,23.jpg,khác,tu,1.0
62,24.jpg,87,b†,1.0
62,12.jpg,triệt,z7,1.0
49,71.jpg,chủ,“<2,1.0
49,70.jpg,cầu,(,1.0
62,15.jpg,chăng,,1.0
56,27.jpg,sẽ,-,1.0
56,3.jpg,bị,vờ,1.0
56,31.jpg,lòng,uy,1.0
49,92.jpg,6,5,1.0
56,18.jpg,giờ,mì,1.0
49,91.jpg,dài,_.,1.0
49,90.jpg,thật,\ũk,1.0
56,21.jpg,theo,-+téoo,1.0
74,6.jpg,nhậu,đà,1.0
56,23.jpg,in,v.,1.0
130,11.jpg,tiên,.,1.0
56,10.jpg,một,mẹ +,1.0
130,26.jpg,được,% ở,1.0
130,25.jpg,thú,“,1.0
130,23.jpg,khẳng,"n
_",1.0
130,18.jpg,tòa,‹tzè,1.0
56,24.jpg,trong,,1.0
130,34.jpg,bã,.,1.0
130,5.jpg,hàng,k2vd,1.0
130,4.jpg,đã,cá,1.0
56,25.jpg,thành,6ip,1.0
130,3.jpg,phụ,_,1.0
130,2.jpg,địa,co,1.0
130,10.jpg,chuyển đi gửi tạm ở một công ty môi giới. chúng tôi cầu cứu các nơi nhưng,,1.0
31,96.jpg,quan,ị e2,1.0
62,58.jpg,là,/⁄,1.0
74,53.jpg,động,“2%,1.0
62,44.jpg,đèo,li,1.0
74,52.jpg,quát,3a1,1.0
74,50.jpg,những,vàkx,1.0
62,50.jpg,hòa,⁄2—,1.0
31,77.jpg,ý,đ,1.0
31,93.jpg,chỉ,“,1.0
62,35.jpg,cho,“,1.0
74,20.jpg,kiện,,1.0
148,39.jpg,trở,122,1.0
31,92.jpg,đã,ä¿,1.0
148,42.jpg,để,&,1.0
148,43.jpg,khoản,bi,1.0
31,90.jpg,thất,1e,1.0
62,53.jpg,này khẳng định nhà nước có trách nhiệm bảo vệ quyền lợi chính đáng của cộng,,1.0
31,88.jpg,việc,0,1.0
31,87.jpg,ngọ,lc,1.0
62,54.jpg,và,su,1.0
62,55.jpg,tật,¿4,1.0
31,100.jpg,sự,á,1.0
62,36.jpg,đã,la,1.0
148,25.jpg,của,o,1.0
148,26.jpg,họ,kè,1.0
148,27.jpg,tài,\,1.0
148,28.jpg,hải,tt,1.0
148,13.jpg,em,7a,1.0
148,14.jpg,này,_,1.0
148,16.jpg,làm,t am,1.0
97,80.jpg,lấp,táo,1.0
148,30.jpg,tính,_—,1.0
74,75.jpg,lại,2,1.0
97,78.jpg,nhóm chức năng,,1.0
74,63.jpg,bình,7⁄5;,1.0
74,61.jpg,thờ,cc,1.0
74,60.jpg,thị,đủ,1.0
97,86.jpg,người,` k,1.0
74,58.jpg,hiện,,1.0
97,87.jpg,nghị,.,1.0
97,73.jpg,quảng,"6w
ái",1.0
97,74.jpg,lớn,tíủ,1.0
31,98.jpg,díu,tá,1.0
97,76.jpg,nghiệp,,1.0
97,77.jpg,vụ,si,1.0
148,31.jpg,sát,cuả,1.0
62,19.jpg,hội,ẩm,1.0
62,20.jpg,cùng,cà tệ,1.0
62,21.jpg,theo,cc,1.0
62,22.jpg,viết,"/
_",1.0
74,47.jpg,lợi,chỉ,1.0
148,90.jpg,vụ,pu,1.0
74,43.jpg,nói,"⁄
a",1.0
74,42.jpg,so,$ø,1.0
74,41.jpg,từ,ho,1.0
148,80.jpg,bác,lnm,1.0
148,55.jpg,22,21a,1.0
74,27.jpg,thành,q_,1.0
148,83.jpg,đứt,"1 ,",1.0
148,84.jpg,thơi,“y,1.0
74,25.jpg,với,ở,1.0
74,23.jpg,tỉnh,em,1.0
74,38.jpg,gia,#>-,1.0
148,69.jpg,bềnh,l⁄,1.0
74,35.jpg,tính,l,1.0
74,73.jpg,hệ,n,1.0
74,72.jpg,bị,bô:,1.0
74,21.jpg,đổ,-,1.0
74,28.jpg,bạc,la,1.0
148,56.jpg,tôi,ph,1.0
31,99.jpg,viết,w(c,1.0
49,88.jpg,một,a,1.0
148,45.jpg,vào,[p1,1.0
148,47.jpg,không,22x,1.0
148,48.jpg,nhà,v~ä,1.0
148,50.jpg,làm,⁄,1.0
148,52.jpg,họ,⁄o,1.0
49,85.jpg,biết,/,1.0
148,63.jpg,một,ha,1.0
74,32.jpg,phú,0ø,1.0
49,83.jpg,được,"/5
»",1.0
148,66.jpg,tử,..,1.0
148,68.jpg,ở,_,1.0
148,53.jpg,làm,(~,1.0
148,54.jpg,các,(z<,1.0
148,71.jpg,nhân,m.,1.0
148,73.jpg,ngày,4°,1.0
49,98.jpg,cáo,cơ ò,1.0
74,33.jpg,nghệ,,1.0
148,74.jpg,những,"chốn
lí",1.0
148,76.jpg,y,đ,1.0
148,65.jpg,từ,ưu,1.0
101,80.jpg,hơi,á&,1.0
119,22.jpg,tra,+,1.0
119,7.jpg,cho,t,1.0
119,8.jpg,ve,76,1.0
119,11.jpg,quan,cv,1.0
101,79.jpg,an,ø,1.0
119,12.jpg,xét,ză,1.0
119,14.jpg,nhân,ä,1.0
56,99.jpg,thể,cc,1.0
130,76.jpg,nhiêu,"⁄%,",1.0
62,3.jpg,này,eòv,1.0
119,15.jpg,2,”,1.0
130,75.jpg,tính,⁄,1.0
119,17.jpg,đường,"th
bi",1.0
130,74.jpg,người,^⁄^,1.0
119,18.jpg,để,c,1.0
119,19.jpg,quan,á,1.0
119,21.jpg,vân,"""lo",1.0
56,70.jpg,giản,p,1.0
56,71.jpg,tế,,1.0
101,75.jpg,thông,xu,1.0
56,74.jpg,phải,(4,1.0
119,28.jpg,đã,ỳ,1.0
101,98.jpg,lát,zzz,1.0
130,44.jpg,đã,“,1.0
131,92.jpg,206,¿óc,1.0
131,93.jpg,đừng,mm,1.0
130,60.jpg,chở,đò,1.0
131,94.jpg,mong,—,1.0
130,59.jpg,đáy,2⁄4,1.0
131,79.jpg,lại,pm,1.0
130,55.jpg,họ,2,1.0
131,82.jpg,chủ,“1,1.0
119,57.jpg,nẵng,,1.0
130,65.jpg,về,n1,1.0
130,69.jpg,000,(vn,1.0
131,85.jpg,gì,a,1.0
119,1.jpg,cả,6,1.0
119,2.jpg,trương,"ì 2,",1.0
130,84.jpg,biết,k,1.0
119,5.jpg,ngày,,1.0
130,83.jpg,anh,phá,1.0
119,6.jpg,ăn,am,1.0
119,55.jpg,giảm,#z~—,1.0
130,81.jpg,quản,gz«2,1.0
130,66.jpg,nghị,win,1.0
131,49.jpg,pháp,t,1.0
119,41.jpg,bao,kh,1.0
119,42.jpg,đều,tài,1.0
101,37.jpg,sống,"4
⁄",1.0
119,46.jpg,quen,14,1.0
101,52.jpg,kế,⁄4,1.0
119,31.jpg,chỉ,_,1.0
101,50.jpg,quả,”,1.0
101,49.jpg,lưu,,1.0
101,48.jpg,dịch,đi,1.0
119,24.jpg,địa,“~,1.0
101,46.png,nghĩa,,1.0
119,32.jpg,phòng,lu,1.0
119,33.jpg,tỏ,_u,1.0
119,35.jpg,liền,“2,1.0
119,61.jpg,bị,m,1.0
119,62.jpg,và,wz,1.0
101,31.jpg,ven,ưa,1.0
119,48.jpg,là,.,1.0
101,29.jpg,làm,,1.0
101,43.jpg,vận,“ớ~,1.0
101,41.jpg,tiếc,‹o,1.0
101,47.jpg,phối,lí,1.0
101,74.jpg,đến,co,1.0
101,70.jpg,14,z⁄,1.0
119,25.jpg,10,ác,1.0
101,69.jpg,phúc,p (~è,1.0
101,84.jpg,nguyên,yw/^,1.0
119,27.jpg,hải,2,1.0
101,82.jpg,mua,wwớ,1.0
101,81.jpg,sự,”_,1.0
131,53.jpg,phải,q2,1.0
131,54.jpg,trình,vi,1.0
131,47.jpg,tăng,ø1,1.0
131,40.jpg,45,“4%,1.0
131,41.jpg,sẽ,k6,1.0
131,42.jpg,trước,ki,1.0
131,44.jpg,"ban quản lý lao động và chuyên gia tại malaysia (ở kuala lumpur), đói và",,1.0
119,36.jpg,tài,/w,1.0
119,37.jpg,từ,xủ,1.0
131,55.jpg,hôm,,1.0
131,56.jpg,phải,,1.0
131,57.jpg,vào,¿20,1.0
101,65.jpg,đất,44,1.0
101,64.jpg,cầu,—,1.0
131,39.jpg,số,"⁄
số",1.0
49,48.jpg,biết,cc,1.0
49,45.jpg,tôi,#⁄,1.0
49,19.jpg,em,ca,1.0
56,35.jpg,tức,"1u,",1.0
56,39.jpg,đông,02⁄4,1.0
56,52.jpg,bản,_,1.0
56,53.jpg,lại,ác¿,1.0
56,54.jpg,"đã nở hoa khi cậu bé năm xưa, với bao nghị lực và quyết tâm, đã chiến thắng",,1.0
56,56.jpg,là,⁄<,1.0
49,32.jpg,là,ví,1.0
131,66.jpg,định,<@⁄⁄h,1.0
56,45.jpg,thường,,1.0
56,46.jpg,cáo,e,1.0
49,31.jpg,đường,avởva,1.0
49,30.jpg,phân,,1.0
56,47.jpg,cấp,62ệ,1.0
56,5.jpg,thế,b,1.0
130,31.jpg,dầu,0,1.0
56,7.jpg,huyện,⁄xa,1.0
56,9.jpg,lượng,ívàv,1.0
56,63.jpg,do,l,1.0
56,64.jpg,000,tt),1.0
56,43.jpg,dân,va,1.0
49,68.jpg,ga,bé,1.0
62,4.jpg,đã,lọ,1.0
49,66.jpg,ngày,kế,1.0
49,81.jpg,có,(,1.0
49,43.jpg,khắp,bn,1.0
130,43.jpg,trên,%`,1.0
130,40.jpg,đang,94,1.0
130,39.jpg,rằng,"ra^
”",1.0
56,42.jpg,sài,,1.0
131,88.jpg,hay,~,1.0
49,36.jpg,qui,c3,1.0
130,38.jpg,ngoằng,,1.0
131,90.jpg,sinh,_.,1.0
131,91.jpg,lên,á*,1.0
130,49.jpg,8,k,1.0
130,45.jpg,may,“4,1.0
56,48.jpg,tận,+0,1.0
49,27.jpg,8,g,1.0
56,49.jpg,nhà,#”ä,1.0
49,26.jpg,nghèo,my,1.0
49,41.jpg,với,-,1.0
49,37.jpg,tân,«r3,1.0
131,89.jpg,4,n,1.0
101,97.jpg,quý,4«4,1.0
101,95.jpg,hè,⁄.,1.0
101,94.jpg,quốc,cá,1.0
56,98.jpg,ra,ý“,1.0
101,93.jpg,giao,(,1.0
56,84.jpg,ra,_,1.0
49,7.jpg,đá,pu,1.0
56,85.jpg,bớt,si,1.0
49,5.jpg,quan,“lót,1.0
49,4.jpg,hai,ẩox,1.0
130,30.jpg,anh,^^,1.0
130,64.jpg,ta,nt,1.0
56,88.jpg,khoảng,/,1.0
130,61.jpg,nhau,ớn,1.0
101,92.jpg,và,v4”,1.0
131,86.jpg,hiệp,ác,1.0
101,87.jpg,hoá,âu,1.0
131,72.jpg,hiện,⁄~,1.0
101,99.jpg,viếng,"~⁄
cu",1.0
131,74.jpg,hành,4,1.0
131,75.jpg,bé,u,1.0
131,63.jpg,đồng,z>ƒ,1.0
56,87.jpg,cái,__,1.0
56,66.jpg,đường,|,1.0
56,51.jpg,không,,1.0
130,28.jpg,ngồi,,1.0
130,27.jpg,trôi,†nớt,1.0
49,25.jpg,với,"⁄
vi",1.0
49,23.jpg,đều,1l,1.0
49,22.jpg,tân,,1.0
49,20.jpg,hai,”_,1.0
56,75.jpg,tra,-v^,1.0
49,17.jpg,nơi,,1.0
101,58.jpg,đdv,dhư,1.0
49,16.jpg,cấp,"~
cap",1.0
56,77.jpg,sau,` 2u,1.0
56,78.jpg,tất,®%€,1.0
49,14.jpg,xử,")
xử",1.0
49,12.jpg,hay,th,1.0
56,80.jpg,thơ,+2,1.0
101,60.jpg,người,,1.0
56,82.jpg,mới,na,1.0
101,59.jpg,nghiệp,"”„
y^",1.0
131,69.jpg,nghèo,in,1.0
56,95.jpg,khó,170,1.0
56,76.jpg,sẽ,kè,1.0
70,37.jpg,họ,áo,1.0
70,50.jpg,tải,"7
+",1.0
70,49.jpg,đề,tđị,1.0
70,47.jpg,đoạn,1x,1.0
70,31.jpg,xác,ka¿,1.0
70,30.jpg,giả,có,1.0
70,29.jpg,hiệu,,1.0
70,27.jpg,ba,,1.0
70,26.jpg,ty,ư,1.0
70,42.jpg,để,pn,1.0
70,40.jpg,đối,uy,1.0
106,13.jpg,tồn,xs,1.0
106,25.jpg,thì,+4,1.0
106,24.jpg,chúng,lí m,1.0
106,23.jpg,mẹ,to,1.0
84,57.jpg,mới,⁄2à,1.0
70,33.jpg,việc,,1.0
70,32.jpg,"vùi lấp bằng vết nhơ này "".",,1.0
106,33.jpg,con,~⁄,1.0
106,32.jpg,lý,m,1.0
106,31.jpg,trách,9⁄,1.0
106,29.jpg,đại,-d,1.0
106,43.jpg,kiểm,z,1.0
106,42.jpg,nhân,w—,1.0
70,23.jpg,thì,„.,1.0
70,22.jpg,diện,,1.0
70,19.jpg,phát triển ngành biển.,,1.0
70,18.jpg,đó,”,1.0
106,36.jpg,8,ố,1.0
106,34.jpg,quầng,—,1.0
70,6.jpg,hai,.,1.0
106,22.jpg,dài,c,1.0
106,7.jpg,đưa,pp,1.0
106,5.jpg,khách,ai,1.0
106,18.jpg,trách,am.,1.0
106,16.jpg,bốn,x,1.0
106,1.jpg,còn,ca5w,1.0
133,100.jpg,trong,í,1.0
133,99.jpg,đây,da,1.0
133,98.jpg,cho,_,1.0
133,97.jpg,chứ,_,1.0
106,12.jpg,đã,s,1.0
106,11.jpg,chú,gi,1.0
70,77.jpg,vốn,cøˆ,1.0
70,75.jpg,lập,,1.0
70,85.jpg,trong,c,1.0
106,4.jpg,bé,ø,1.0
70,38.jpg,để,z1,1.0
70,74.jpg,ai,o„,1.0
70,72.jpg,họ,_,1.0
70,70.jpg,bác,—,1.0
70,69.jpg,sắt,c1,1.0
70,67.jpg,đủ,ch,1.0
70,82.jpg,một,on,1.0
70,80.jpg,tới,hố,1.0
70,46.jpg,động,,1.0
70,45.jpg,chôn,"xa,",1.0
70,58.jpg,dáng,2ó,1.0
70,57.jpg,thuê,"t⁄
⁄<",1.0
70,56.jpg,tôi,{6,1.0
70,54.jpg,nghị,v⁄4,1.0
70,53.jpg,như,v4,1.0
70,1.jpg,còn,0p,1.0
106,3.jpg,tiền,,1.0
106,51.jpg,nước,⁄,1.0
106,46.jpg,dính,u64,1.0
106,65.jpg,thiện,,1.0
106,63.jpg,góp,7,1.0
106,62.jpg,tin,ng,1.0
106,75.jpg,có,"c
có",1.0
106,74.jpg,trộn,_,1.0
106,73.jpg,hoàn,,1.0
136,61.jpg,người,ố 2,1.0
136,60.jpg,du,z0u,1.0
136,59.jpg,biết,l,1.0
136,58.jpg,khỏe,{á,1.0
106,68.jpg,bờ,bố.,1.0
136,40.jpg,này,ng⁄2,1.0
136,38.jpg,nhưng,,1.0
70,5.jpg,rất,ađì,1.0
136,52.jpg,lên,ae.,1.0
136,51.jpg,và,⁄,1.0
136,49.jpg,vãi,^^,1.0
136,47.jpg,một,wớr,1.0
136,36.jpg,cảng,,1.0
136,35.jpg,rộng,về,1.0
136,34.jpg,2004,ms,1.0
136,33.jpg,vùng,,1.0
136,31.jpg,2,à,1.0
136,45.jpg,của,,1.0
136,44.jpg,kiện,"à
:",1.0
136,43.jpg,số,c,1.0
136,9.jpg,lược,1ð,1.0
136,8.jpg,gần,si,1.0
136,17.jpg,là,(,1.0
136,53.jpg,nhưng,2u,1.0
70,2.jpg,của vụ án. vị nhân chứng đặc biệt này vội vã lên cầu thang và đi vào,,1.0
70,17.jpg,hệ,an,1.0
70,15.jpg,thể,co,1.0
70,12.jpg,dương,cu,1.0
136,98.jpg,rõ,h,1.0
136,97.jpg,kiều,".
“_",1.0
136,96.jpg,những,v,1.0
136,94.jpg,200,pm),1.0
70,9.jpg,được,,1.0
70,8.jpg,đá,l,1.0
70,7.jpg,được,,1.0
136,78.jpg,liệu,,1.0
136,92.jpg,thì,s5,1.0
136,90.jpg,tật,1⁄4,1.0
136,88.jpg,ống,ơu,1.0
106,37.jpg,đảo,h.,1.0
106,41.jpg,thâm,lí,1.0
136,63.jpg,bà,”,1.0
136,65.jpg,trở,lá,1.0
136,67.jpg,80,&o,1.0
106,54.jpg,9,⁄,1.0
106,58.jpg,"nếu tôi ngã xuống, mong các bạn hãy tin cho bố mẹ tôi... sau những dòng địa chỉ của bố mẹ ở đồng hới và dì ruột ở hà nội, nguyễn kỳ sơn viết thêm : là những người kháng chiến cũ, bố mẹ, dì tôi sẽ không lấy đó làm điều đau khổ đâu. nếu sự thật xảy ra, mong các bạn hãy bảo mẹ tôi rằng : hãy cho các em kỳ châu, kỳ tâm, kỳ nhân tiếp tục đi trả thù cho tôi. cảm ơn các bạn. cuốn nhật ký khép lại bằng những dòng như thế, và theo giấy báo tử, anh đã hi sinh đúng một tuần sau đó, ngày 25 - 8 - 1972 tại xã triệu thành, mặt trận phía đông sát thành cổ quảng trị.",,1.0
106,60.jpg,ý,/,1.0
136,87.jpg,tp,lê,1.0
136,82.jpg,hôm,vtn,1.0
136,84.jpg,thật,xầ4i,1.0
136,85.jpg,từ,|.,1.0
136,71.jpg,một,si,1.0
136,74.jpg,nhân,——,1.0
136,77.jpg,hồ,k,1.0
136,62.jpg,15,p,1.0
136,37.jpg,một,,1.0
106,45.jpg,báo,ùøb,1.0
133,31.jpg,lúc,|.,1.0
133,30.jpg,phước,l,1.0
133,28.jpg,xe,<<,1.0
133,27.jpg,chính,đ⁄,1.0
133,26.jpg,công,s,1.0
133,25.jpg,phân,#224,1.0
133,46.jpg,chủ,⁄,1.0
133,45.jpg,xe,k2,1.0
133,44.jpg,đó,tú,1.0
133,43.jpg,hoàng,cc,1.0
133,42.jpg,sở,a8,1.0
133,56.jpg,chia,z^„_,1.0
102,15.jpg,quý,tá,1.0
133,40.jpg,chi,dịu,1.0
133,38.jpg,thay,,1.0
106,8.jpg,ngả,ó,1.0
133,35.jpg,toàn,#nø,1.0
102,13.jpg,nước,an ps,1.0
102,12.jpg,anh,ww,1.0
102,11.jpg,vào,uđò,1.0
102,8.jpg,huyện,,1.0
102,20.jpg,1,j,1.0
102,18.jpg,ty,u,1.0
102,17.jpg,truyền,"á
ứng",1.0
29,91.jpg,đã,,1.0
29,90.jpg,kinh,1,1.0
102,5.jpg,là,xx,1.0
102,4.jpg,trong,xyx,1.0
102,2.jpg,đề,x,1.0
102,14.jpg,mua,mưa a,1.0
29,85.jpg,rừng,su,1.0
133,36.jpg,nếu,úø,1.0
133,16.jpg,đấy,ðeú,1.0
102,77.jpg,đất,z⁄,1.0
102,73.jpg,thấy,⁄à,1.0
102,72.jpg,thật,ynak,1.0
102,87.jpg,quát,®ozứ,1.0
102,86.jpg,lùng,áu,1.0
102,60.jpg,an,øđn,1.0
102,59.jpg,văn,j4,1.0
102,58.jpg,hoàng,th,1.0
102,71.jpg,10,jo,1.0
102,67.jpg,là,(,1.0
102,65.jpg,di,1,1.0
102,39.jpg,bà,—,1.0
102,55.jpg,động,“,1.0
102,54.jpg,ào,⁄.,1.0
133,32.jpg,giọng,———,1.0
102,47.jpg,lớn,(®w,1.0
29,95.jpg,thành,o,1.0
29,93.jpg,điều,bẹc,1.0
102,34.jpg,thành,66,1.0
102,33.jpg,một,vô,1.0
102,32.jpg,thế,“l2,1.0
102,31.jpg,đặc,2v,1.0
102,41.jpg,báo,àydo,1.0
102,40.jpg,khoảng,ai,1.0
102,30.jpg,cho,ác,1.0
102,27.jpg,hành,x,1.0
102,25.jpg,nhau,co,1.0
102,23.jpg,triển,nã,1.0
102,36.jpg,tĩnh,-,1.0
102,35.jpg,ngăn,a946,1.0
102,49.jpg,thấy,f4,1.0
133,71.jpg,nhất,„à2,1.0
133,70.jpg,biển,,1.0
133,69.jpg,2,⁄,1.0
29,47.jpg,nhận,v\„<,1.0
29,45.jpg,góp,bú,1.0
29,55.jpg,vụ,w,1.0
70,65.jpg,tuyến,đư,1.0
70,64.jpg,giao,7:22,1.0
70,61.jpg,sao,s%ca%o,1.0
70,59.jpg,bến tre,,1.0
29,15.jpg,chỉ,đu,1.0
29,13.jpg,núc,(nu,1.0
29,12.jpg,sắp,c,1.0
29,9.jpg,hết,t@ý,1.0
29,8.jpg,bạn,eo,1.0
29,84.jpg,kim,l«,1.0
70,94.jpg,đó,ac,1.0
70,93.jpg,thành công.,,1.0
70,92.jpg,mới,7,1.0
29,6.jpg,làm,1đam,1.0
29,4.jpg,công,.,1.0
29,3.jpg,nhìn,x,1.0
29,2.jpg,qua,®&,1.0
133,93.jpg,làm,(,1.0
133,91.jpg,nếu,„«,1.0
133,90.jpg,xã,_,1.0
133,89.jpg,đuôi,t⁄2),1.0
70,98.jpg,lại,án,1.0
70,96.jpg,độ,7ð,1.0
106,10.jpg,5,_,1.0
106,9.jpg,đã,dò,1.0
29,22.jpg,thói,+),1.0
29,83.jpg,cá,0,1.0
29,31.jpg,tràn,1,1.0
29,26.jpg,lao,ụ,1.0
29,37.jpg,đã,cc,1.0
29,71.jpg,đầu,",",1.0
29,68.jpg,lất,t2,1.0
29,81.jpg,tỉ,_,1.0
29,79.jpg,1,4,1.0
29,64.jpg,thuốc,"⁄
xo",1.0
29,63.jpg,hữu,tớ,1.0
29,62.jpg,tiền,sỉ 2n,1.0
29,60.jpg,các,"⁄
ca",1.0
29,58.jpg,hay,cá,1.0
29,73.jpg,quát,"v
&uxt",1.0
29,72.jpg,vật,,1.0
133,72.jpg,số,áô,1.0
29,49.jpg,xe,4ð,1.0
133,76.jpg,thực,si,1.0
133,77.jpg,"trong đó có 2 quần đảo hoàng sa, trường sa và 2.577 đảo lớn, nhỏ, gần",,1.0
133,78.jpg,nghị,,1.0
133,79.jpg,"trong khu vực) để có cơ sở quản lý giá; quản lý khâu cung ứng, sử dụng",,1.0
133,66.jpg,làm,(„,1.0
133,96.jpg,đốc,"t.
c",1.0
133,52.jpg,xu,„,1.0
133,83.jpg,đã,ch,1.0
133,88.jpg,vậy,,1.0
133,73.jpg,17,/^,1.0
133,74.jpg,tư,ử,1.0
29,65.jpg,hết,k#—,1.0
133,61.jpg,như,van,1.0
133,64.jpg,năm,ta.,1.0
133,51.jpg,liệu,_,1.0
133,82.jpg,sống,tc),1.0
129,79.jpg,trạm,tượơc,1.0
129,78.jpg,biệt,,1.0
129,77.jpg,hộ,r£,1.0
129,86.jpg,đạt,4,1.0
129,85.jpg,tiếng,"đôi
|",1.0
129,100.jpg,dám,1.,1.0
125,14.jpg,17,4+,1.0
125,13.jpg,cánh,,1.0
125,12.jpg,chúng,đưa,1.0
125,11.jpg,bảy,sn,1.0
125,10.jpg,sàn,ää„,1.0
125,9.jpg,thể,v,1.0
125,8.jpg,đến,_,1.0
129,98.jpg,với,<,1.0
129,97.jpg,muốn,„0⁄2,1.0
136,13.jpg,điều,,1.0
129,92.jpg,trong,đc,1.0
125,4.jpg,cảnh,à/l,1.0
125,3.jpg,luật,.,1.0
125,2.jpg,dây,ong,1.0
22,91.jpg,2,,1.0
22,90.jpg,đông,®ø4,1.0
22,85.jpg,đang,„,1.0
22,100.jpg,cấp,".
ep",1.0
22,98.jpg,vừa,w,1.0
22,95.jpg,qui,tìm,1.0
22,76.jpg,nhơi,„.,1.0
22,73.jpg,nghị,_,1.0
22,69.jpg,ôtô,ở t2,1.0
22,83.jpg,bắt,tl,1.0
22,81.jpg,13,,1.0
129,94.jpg,liền,"cc,",1.0
3,33.jpg,chưa,(clhw,1.0
3,46.jpg,mong,c,1.0
3,42.jpg,và,ts,1.0
3,55.jpg,ty,ở,1.0
3,54.jpg,từ,“tư,1.0
3,53.jpg,triệu,cua,1.0
3,94.jpg,tư,",",1.0
3,92.jpg,cụ,cáa,1.0
3,39.jpg,cảnh,6,1.0
3,38.jpg,quả,0„ä,1.0
3,37.jpg,đã,1.,1.0
3,34.jpg,tiếp,/¿ /,1.0
3,20.jpg,và,xw,1.0
3,19.jpg,đồng,,1.0
3,17.jpg,hai,ấ,1.0
129,81.jpg,quan,tú 6,1.0
3,28.jpg,được,nh,1.0
3,27.jpg,lang,key,1.0
3,26.jpg,một,bc,1.0
3,2.jpg,điều,,1.0
3,16.jpg,chủ,,1.0
3,15.jpg,cấp,%,1.0
3,14.jpg,nước,ms,1.0
3,13.jpg,25,_,1.0
3,10.jpg,là,“&,1.0
3,22.jpg,di,_,1.0
129,83.jpg,viên,cà,1.0
129,82.jpg,ta,"t4,",1.0
3,6.jpg,giàu,ý,1.0
3,5.jpg,vòng,su,1.0
129,68.jpg,ha,,1.0
3,31.jpg,hoàn,ng,1.0
125,34.jpg,khu,aj_,1.0
125,33.jpg,mại,coø,1.0
125,31.jpg,từ,na,1.0
22,31.jpg,cả,,1.0
22,29.jpg,trị,,1.0
22,28.jpg,trong,lu,1.0
125,30.jpg,đúng,ái,1.0
125,29.jpg,diện,lu,1.0
125,27.jpg,ty,bị,1.0
125,26.jpg,nhân,/⁄,1.0
125,25.jpg,năng,vớ,1.0
22,22.jpg,chính,9⁄4,1.0
22,21.jpg,thành,1,1.0
22,35.jpg,hiệu,—,1.0
22,33.jpg,đã,pg,1.0
22,92.jpg,bà,ll,1.0
22,16.jpg,huy,⁄,1.0
22,12.jpg,trường,[mi,1.0
22,27.jpg,đồng,ye,1.0
108,96.jpg,tích,y5r,1.0
108,46.jpg,trong,set,1.0
108,44.jpg,đã,„,1.0
108,42.jpg,khai,⁄,1.0
108,40.jpg,thực,j0,1.0
108,91.jpg,vừa,,1.0
108,88.jpg,vậy,,1.0
22,3.jpg,khía,(2ía;a,1.0
22,2.jpg,lặng,⁄,1.0
22,1.jpg,ăn,ca,1.0
108,73.jpg,viện,no,1.0
108,86.jpg,qui,ów,1.0
22,32.jpg,trồng,/(tếna,1.0
22,65.jpg,mái,ne,1.0
22,64.jpg,vực,"ạ
vớc",1.0
22,63.jpg,độ,ph,1.0
22,10.jpg,ngoài,1z2x,1.0
22,7.jpg,rừng,^^,1.0
22,6.jpg,từ,+,1.0
22,5.jpg,nan,rnàh,1.0
22,49.jpg,chế,2,1.0
22,48.jpg,thi,su,1.0
22,59.jpg,phu,tí,1.0
22,58.jpg,đừng,®ủ nợ,1.0
22,57.jpg,không,^^,1.0
22,55.jpg,ủy,_,1.0
22,53.jpg,địa,_,1.0
22,67.jpg,có,,1.0
125,35.jpg,phước,_⁄gz,1.0
125,36.jpg,mang,,1.0
125,38.jpg,đại,⁄,1.0
125,23.jpg,vòng,vo ⁄⁄,1.0
125,24.jpg,nay,"w4,",1.0
125,15.jpg,bị,.,1.0
125,16.jpg,về,u€,1.0
125,18.jpg,nhưng,ad^a,1.0
22,42.jpg,chính,z-l,1.0
125,20.jpg,dự,âu,1.0
125,22.jpg,viên,,1.0
125,7.jpg,biển,"b
biêm",1.0
22,50.jpg,vào,#4.,1.0
22,36.jpg,nhà,,1.0
22,37.jpg,đăng,14,1.0
22,40.jpg,tăng,äe^4,1.0
22,41.jpg,là,cc,1.0
125,19.jpg,việc,,1.0
61,88.jpg,thành,lí,1.0
61,79.jpg,với,ø®,1.0
61,78.jpg,riêng,,1.0
61,74.jpg,xe,k2,1.0
61,73.jpg,bình,pm,1.0
61,71.jpg,với,"é
mới",1.0
61,86.jpg,nghị,2,1.0
136,23.jpg,trực,`-kuc,1.0
136,22.jpg,chúng,,1.0
61,70.jpg,không,eo,1.0
61,66.jpg,trưởng,,1.0
61,65.jpg,phép,lí,1.0
61,64.jpg,lại,á,1.0
61,63.jpg,gòn,@e\,1.0
129,14.jpg,những,,1.0
3,58.jpg,rõ,v9,1.0
129,11.jpg,nước,px,1.0
129,9.jpg,tìm,in,1.0
129,24.jpg,một,”⁄%,1.0
106,96.jpg,nhất,đc,1.0
106,95.jpg,4,p,1.0
129,8.jpg,tôi,7á,1.0
129,6.jpg,tế,-,1.0
129,4.jpg,thẻ,/⁄,1.0
129,3.jpg,thay,1,1.0
61,48.jpg,3,b,1.0
61,62.jpg,đổi,,1.0
61,59.jpg,lang,“x1,1.0
61,55.jpg,giản,42,1.0
106,100.jpg,công,.,1.0
106,99.jpg,phục,“2,1.0
129,13.jpg,trên,z,1.0
136,27.jpg,việc,o2,1.0
136,26.jpg,cửa,,1.0
106,85.jpg,anh,_,1.0
136,4.jpg,là,.,1.0
136,2.jpg,pv,(0v,1.0
136,1.jpg,hàng,7œ,1.0
61,99.jpg,tộc,à,1.0
61,98.jpg,chúng,_,1.0
136,12.jpg,toán,oò 4,1.0
136,11.jpg,hàng,⁄⁄4,1.0
106,78.jpg,một,ng,1.0
106,91.jpg,ở,⁄,1.0
106,90.jpg,huyện,0,1.0
106,89.jpg,sẽ,cờ,1.0
106,88.jpg,được,ù„ ức,1.0
61,89.jpg,thì,“in,1.0
61,91.jpg,đầu,v⁄a,1.0
61,95.jpg,ở,<,1.0
61,80.jpg,công,cồyvj,1.0
61,82.jpg,không,"ti""",1.0
61,45.jpg,games,(xowv,1.0
61,32.jpg,xung,ey,1.0
61,35.jpg,tra,_,1.0
106,87.jpg,ngăn,ụ,1.0
61,37.jpg,núi,x2,1.0
61,38.jpg,đi,z,1.0
106,82.jpg,thơ,`,1.0
106,83.jpg,hến,4,1.0
106,69.jpg,xong,0,1.0
106,70.jpg,trong,{o0 m,1.0
106,71.jpg,đường,kè,1.0
106,72.jpg,phía,⁄~,1.0
61,36.jpg,mà,w,1.0
3,89.jpg,tư,1à,1.0
3,88.jpg,đặt,+,1.0
3,98.jpg,tham,q1,1.0
3,70.jpg,thông,my,1.0
3,69.jpg,rộng,,1.0
3,68.jpg,nói,v1,1.0
3,67.jpg,sử,cu,1.0
3,81.jpg,phạm,^^,1.0
3,79.jpg,sẽ,tạ,1.0
3,75.jpg,xe,e_,1.0
129,56.jpg,công,,1.0
129,54.jpg,lời,(_,1.0
129,53.jpg,họ,w,1.0
129,51.jpg,600,/0đ0),1.0
129,50.jpg,3,5,1.0
61,43.jpg,lý,cú,1.0
3,71.jpg,ở,ề,1.0
129,36.jpg,liệu,,1.0
129,35.jpg,lấy,k⁄,1.0
129,46.jpg,là,,1.0
129,45.jpg,hải,viø,1.0
129,42.jpg,giữ,(há,1.0
129,62.jpg,chấn,k,1.0
129,61.jpg,hú,^^,1.0
129,60.jpg,thức,y,1.0
129,59.jpg,bị,án,1.0
129,58.jpg,mộ,nổ,1.0
129,69.jpg,liền,tơ,1.0
3,51.jpg,tuổi,`,1.0
3,66.jpg,kinh,lưu,1.0
3,60.jpg,chỉ,,1.0
3,73.jpg,thiện,[⁄⁄^~,1.0
61,42.jpg,hai,l.,1.0
61,41.jpg,sử,“,1.0
61,40.jpg,tra,ớ,1.0
61,53.jpg,người,,1.0
61,51.jpg,bám,nợ,1.0
61,50.jpg,sau,km,1.0
61,49.jpg,về,`,1.0
129,31.jpg,diện,“lo,1.0
129,30.jpg,bằng,"lv,",1.0
129,29.jpg,loại,“4,1.0
129,39.jpg,nhà,_,1.0
129,38.jpg,từ,t+u,1.0
129,37.jpg,nguyên,wjvj®,1.0
61,19.jpg,tỉnh,_,1.0
61,29.jpg,thoại,⁄⁄^,1.0
3,90.jpg,người,^ <,1.0
61,1.jpg,đời,,1.0
61,4.jpg,dũng,đa,1.0
61,6.jpg,nên,vưa,1.0
129,17.jpg,577,&=,1.0
129,19.jpg,đà,d,1.0
129,22.jpg,cho,(ẳno,1.0
61,20.jpg,hầu,,1.0
61,28.jpg,tận,ø,1.0
61,22.jpg,độ,,1.0
61,7.jpg,bình,6,1.0
61,10.jpg,dân,,1.0
61,11.jpg,"thì vẫn có hàng ngàn cuộc kiếm tìm như vậy, nhưng câu chuyện về người anh trai của hai người phụ nữ tôi gặp trong buổi sáng 27 - 7 trên đài tưởng niệm thành cổ quảng trị thì không như những cuộc kiếm tìm khác. hai chị lấy từ trong túi xách ra một cuốn nhật ký đã ố vàng. cuốn nhật ký của một người lính trẻ, anh là nguyễn kỳ sơn. đồng đội anh đã chuyển cuốn nhật ký về cho gia đình sau khi anh hi sinh và được gia đình gìn giữ như một báu vật thiêng liêng.",,1.0
3,99.jpg,ý,⁄,1.0
3,100.jpg,đây,nó,1.0
61,24.jpg,nghị,,1.0
61,26.jpg,thường,,1.0
61,21.jpg,sắt,cc,1.0
48,97.jpg,dài,j,1.0
109,50.jpg,tật,,1.0
109,47.jpg,bị,_,1.0
2,7.jpg,thì,x,1.0
2,19.jpg,đến,ưa,1.0
2,16.jpg,vào,7.,1.0
2,15.jpg,cơ,y,1.0
2,14.jpg,án,av,1.0
109,40.jpg,gặp,⁄⁄⁄,1.0
109,39.jpg,người,,1.0
109,38.jpg,rầu,1,1.0
109,37.jpg,kể,k2?,1.0
109,36.jpg,không,#432,1.0
109,35.jpg,xây,—,1.0
2,12.jpg,thường,"#2,",1.0
133,5.jpg,thành,"“4,",1.0
109,18.jpg,hầu,"_
tu",1.0
109,32.jpg,bộ,2ô,1.0
109,29.jpg,không,4,1.0
109,28.jpg,thức,x0,1.0
109,26.jpg,chế,56,1.0
109,15.jpg,thu,“^,1.0
109,13.jpg,sẽ,xo,1.0
109,11.jpg,địa,di,1.0
109,25.jpg,nghênh,,1.0
109,23.jpg,kết,p,1.0
109,21.jpg,địa,co,1.0
146,97.jpg,đào,“œ,1.0
146,95.jpg,định,củi,1.0
146,94.jpg,tôi,{ø,1.0
146,93.jpg,thăm,“c4,1.0
2,11.jpg,ty,x,1.0
109,93.jpg,hợp,lá,1.0
124,6.jpg,là,(ä,1.0
124,4.jpg,dị,ch,1.0
124,3.jpg,hiện,,1.0
124,1.jpg,kiện,„—,1.0
109,100.jpg,gồm,an,1.0
109,86.jpg,hòm,nu,1.0
109,84.jpg,cũng,_,1.0
109,99.jpg,vàng,,1.0
109,97.jpg,bà,cm,1.0
109,95.jpg,từ,l,1.0
109,94.jpg,lại,ấœu,1.0
109,74.jpg,sống,_,1.0
109,73.jpg,và,nv,1.0
109,72.jpg,bé,kh,1.0
48,99.jpg,thị,ó6,1.0
109,70.jpg,nghĩa,"v
c",1.0
109,68.jpg,giữa,,1.0
109,17.jpg,ngày,,1.0
109,16.jpg,nghiệp,"4
ng",1.0
109,51.jpg,giúp,.é,1.0
109,61.jpg,rứa,,1.0
109,46.jpg,m3,m 2,1.0
109,44.jpg,triển,,1.0
109,43.jpg,bài,cu,1.0
109,58.jpg,may,w4,1.0
109,57.jpg,sai,^^.,1.0
109,56.jpg,nhau,5,1.0
109,54.jpg,vận,"^
vớn",1.0
109,53.jpg,lai,[củ,1.0
2,1.jpg,duyệt,sm,1.0
109,71.jpg,ông,v,1.0
146,68.jpg,các,"⁄
c~",1.0
146,67.jpg,được,,1.0
109,1.jpg,ông,6m,1.0
146,47.jpg,biên,l,1.0
146,46.jpg,chầu,0w,1.0
146,44.jpg,là,⁄,1.0
2,50.jpg,bất,,1.0
2,48.jpg,này,^au,1.0
2,45.jpg,đất,z4,1.0
2,56.jpg,đưa,o,1.0
146,37.jpg,và,_,1.0
146,36.jpg,sáng,^⁄4,1.0
2,39.jpg,tra,46,1.0
2,37.jpg,rồi,_~,1.0
2,51.jpg,cái,e2,1.0
109,6.jpg,chuyển,đwgh,1.0
146,41.jpg,triệu,^^,1.0
146,40.jpg,suy,..,1.0
146,39.jpg,như,.,1.0
146,38.jpg,nghị,ca;,1.0
146,23.jpg,vệ,,1.0
146,22.jpg,sắp,% í,1.0
146,21.jpg,hạn,+,1.0
146,20.jpg,giá,"—
tá",1.0
146,33.jpg,nghị,,1.0
146,32.jpg,chưa,cíud¿,1.0
146,31.jpg,sự,⁄,1.0
26,53.jpg,bờ,đ,1.0
26,52.jpg,ông,đ,1.0
26,50.jpg,làm,.,1.0
26,49.jpg,dựng,4â,1.0
146,42.jpg,chắn,c( ai,1.0
109,4.jpg,lực,fà.,1.0
146,91.jpg,thị,g⁄,1.0
146,88.jpg,vũ,w,1.0
146,86.jpg,nhiều,,1.0
146,85.jpg,bà,l,1.0
2,33.jpg,ở,l,1.0
2,32.jpg,tôi,,1.0
2,31.jpg,trường,,1.0
146,83.jpg,vào,wvầăo,1.0
146,81.jpg,người,,1.0
146,80.jpg,bạn,⁄é,1.0
146,79.jpg,hùng,,1.0
2,13.jpg,thương,1 tt,1.0
2,28.jpg,thiệt,6,1.0
2,24.jpg,dựng,,1.0
146,56.jpg,tư,—,1.0
146,57.jpg,ngày,kt,1.0
146,59.jpg,viếng,"_
ư",1.0
146,72.jpg,thị,đu,1.0
146,73.jpg,kim,lạ,1.0
146,74.jpg,chối,z4,1.0
146,75.jpg,lấy,“4,1.0
146,62.jpg,cũng,"—c
ái",1.0
2,22.jpg,còn,(oh,1.0
146,25.jpg,trung,“%4,1.0
146,27.jpg,nghị,mẹ.,1.0
146,13.jpg,sự,0i,1.0
146,14.png,"gạo là nguồn tinh bột chính trong khẩu phần ăn của người việt và nhiều nước châu á. tuy nhiên, không phải tất cả các loại gạo đều tạo ra phản ứng đường huyết giống nhau sau khi ăn.",,1.0
146,15.jpg,khi,x,1.0
146,18.jpg,thì,*,1.0
146,70.jpg,thế,"“""",1.0
2,21.jpg,từ,+,1.0
146,66.jpg,khu,an,1.0
1,25.jpg,nhánh,,1.0
1,38.jpg,hạnh phúc của nhân dân.,,1.0
1,37.jpg,lặng,ma,1.0
1,19.jpg,nhiều,1%,1.0
1,17.jpg,trong,14,1.0
1,16.jpg,tín,kh,1.0
1,31.jpg,ông,_,1.0
1,29.jpg,hải,#,1.0
48,54.jpg,điều,"""",1.0
48,53.jpg,rừng,uwi,1.0
48,52.jpg,mô,2,1.0
48,51.jpg,gẫy,®4,1.0
48,48.jpg,hàng,kem,1.0
48,61.jpg,quyết,ti,1.0
48,6.jpg,làn,k5,1.0
48,87.jpg,ấy,~é,1.0
124,99.jpg,sống,lờ,1.0
48,45.jpg,"hệ qtcsdl là phần mềm cung cấp pthức để lưu trữ, cập và truy xuất dữ liệu của csdl, bảo mật và an toàn dữ liệu",,1.0
48,44.jpg,tiếng,.,1.0
48,43.jpg,sau,á«,1.0
48,55.jpg,phải,/⁄4,1.0
124,82.jpg,dần,wà,1.0
124,81.jpg,con,up,1.0
124,97.png,bóng đá là môn thể thao được yêu thích rộng rãi. môn này đòi hỏi sự phối hợp giữa các cầu thủ. người chơi cần có thể lực tốt và kỹ thuật cơ bản. các trận đấu mang lại cảm xúc mạnh mẽ. bóng đá kết nối mọi người với nhau.,,1.0
124,95.jpg,đó,tư,1.0
124,93.jpg,nếu,cc,1.0
48,32.jpg,quản,jv«i,1.0
124,78.jpg,rồi,s,1.0
124,86.jpg,mình,—,1.0
124,85.jpg,được,,1.0
124,84.jpg,tư,,1.0
124,100.jpg,sáng,.,1.0
80,39.jpg,thị,+1,1.0
80,53.jpg,tuổi,,1.0
80,52.jpg,lớn,(,1.0
80,50.jpg,đó,øv,1.0
80,61.jpg,được,àùð,1.0
80,31.jpg,gần,đái,1.0
80,46.jpg,y,›,1.0
80,45.jpg,động,s,1.0
80,43.jpg,kẻ,.,1.0
80,42.jpg,yên,và,1.0
80,41.jpg,85,c,1.0
1,78.jpg,đến,"r
_",1.0
80,38.jpg,triển,+6 %4,1.0
80,36.jpg,bè,n,1.0
80,35.jpg,hòa,1<,1.0
1,27.jpg,người,,1.0
1,69.jpg,kể,1l,1.0
1,68.jpg,chương,,1.0
1,67.jpg,trách,+,1.0
1,66.jpg,bí,l,1.0
1,65.jpg,rõ,n,1.0
1,79.jpg,bị,:u,1.0
80,66.jpg,tới,“tc,1.0
80,64.jpg,công,2,1.0
80,78.jpg,thi,“r(,1.0
80,77.jpg,giang,"6xm,",1.0
1,48.jpg,ấy,cú,1.0
1,47.jpg,ông,âu,1.0
1,44.jpg,nhất,“.,1.0
1,43.jpg,trình,đe,1.0
1,28.jpg,bầm,_,1.0
80,70.jpg,từ,là,1.0
124,25.jpg,sự,v7,1.0
124,39.jpg,kê,áo,1.0
124,37.jpg,huy,mm,1.0
124,36.jpg,bình,_^⁄,1.0
124,34.jpg,trương,14,1.0
124,33.jpg,lý,id,1.0
109,82.jpg,cho,z&,1.0
124,19.jpg,số,s<“,1.0
124,17.jpg,dùng,lạ,1.0
124,31.jpg,người,v22»,1.0
124,29.jpg,chồn,z&®,1.0
124,27.jpg,một,lí,1.0
124,66.jpg,người,t,1.0
124,65.jpg,thu,1,1.0
124,14.jpg,trăm,ho,1.0
124,83.jpg,"nội, khẳng định nếu vn muốn giải quyết được mục tiêu cung cấp nước sạch",,1.0
124,11.jpg,giảm,#22,1.0
124,10.jpg,lợi,áuu,1.0
124,9.jpg,với,,1.0
48,84.jpg,đào,.,1.0
48,82.jpg,người,ko é,1.0
48,81.jpg,người,wủ¿,1.0
48,94.jpg,nước,"c
ng",1.0
48,93.jpg,chỉ,xu,1.0
48,91.jpg,bất,7,1.0
48,89.jpg,đi,gà,1.0
48,78.jpg,khung,vkuv j,1.0
48,77.jpg,tại,số,1.0
48,75.jpg,phạm,[c««,1.0
48,73.jpg,thôn,3w,1.0
48,88.jpg,bớt,,1.0
124,13.jpg,đưa,c,1.0
124,61.jpg,cược,..,1.0
124,58.jpg,đi,j,1.0
124,56.jpg,"bản chất của thành công đã bao giờ bạn tự hỏi thành công là gì mà bao kẻ bỏ cả cuộc đời mình theo đuổi? phải chăng đó là kết quả hoàn hảo trong công việc, sự chính xác đến từng chi tiết? hay đó là cách nói khác của từ thành đạt, nghĩa là có được một cuộc sống giàu sang, được mọi người nể phục? vậy thì bạn hãy dành chút thời gian để lặng mình suy ngẫm. cuộc sống sẽ chỉ cho bạn có những người đạt được thành công theo một cách giản dị đến bất ngờ.",,1.0
124,68.jpg,lý,bụ,1.0
124,67.jpg,trần,“ào,1.0
124,55.jpg,kiểng,,1.0
124,54.jpg,xách,z4,1.0
124,53.jpg,"đôi mắt thâm quầng và nước da xanh mét, thông nói : "" dẫu sao chúng tôi cũng",,1.0
124,51.jpg,không,#⁄x,1.0
124,64.jpg,dăm,a6,1.0
124,47.jpg,trại,",w",1.0
124,45.jpg,bà,",ba",1.0
124,44.jpg,ta,†ä,1.0
124,43.jpg,sẽ khiến hơn 44.000 ha đất nông nghiệp gặp khó khăn về nguồn nước tưới vào cuối,,1.0
124,42.jpg,động,"cu,",1.0
109,87.jpg,phù,l^,1.0
109,88.jpg,cách,~_,1.0
109,89.jpg,"xuân hải, huyện sông cầu, tỉnh phú yên.",,1.0
109,90.jpg,tra,1⁄4,1.0
109,75.jpg,đề,z,1.0
109,77.jpg,phát,<<,1.0
109,80.jpg,ngày,xa,1.0
109,81.jpg,nhưng,xa,1.0
124,41.jpg,cho,|.,1.0
48,68.jpg,bà,a=,1.0
48,71.jpg,tiếp,,1.0
48,72.jpg,malaysia,/⁄42«,1.0
48,56.jpg,và,\ø,1.0
48,58.jpg,đàn,pm,1.0
48,59.jpg,thư,au,1.0
48,60.jpg,dương,010 9,1.0
124,40.jpg,thú,cá,1.0
48,65.jpg,đồng,bz,1.0
9,37.jpg,rào,xe,1.0
9,36.jpg,tây,ø9,1.0
9,50.jpg,các,"(
ca",1.0
9,49.jpg,tháng,+6eửd,1.0
58,5.jpg,cạnh,2⁄6,1.0
58,2.jpg,bố,c,1.0
58,17.jpg,dung,2ì «ng,1.0
58,13.jpg,"bán thuốc giá cao, công ty sanofi phải giải trình. trao đổi với tuổi trẻ chiều tối 22 - 3, một lãnh đạo thanh tra bộ y tế cho biết : "" chúng tôi đang yêu cầu công ty sanofi synthelabo giải trình lý do giá một số mặt hàng của công ty này bán tại vn với giá cao hơn khi xuất khẩu đi một số nơi trong khu vực như hong kong và campuchia "". thanh tra bộ y tế cũng kiến nghị bộ y tế sắp xếp lại hệ thống các nhà phân phối, nhất là khâu bán buôn nhằm hạn chế kinh doanh lòng vòng làm nâng giá thuốc; lập ngân hàng dữ liệu giá thuốc (giá thuốc cùng loại ở nước sản xuất, ở các nước trong khu vực) để có cơ sở quản lý giá; quản lý khâu cung ứng, sử dụng thuốc tại cơ sở khám chữa bệnh, trách nhiệm của bác sĩ kê đơn thuốc...",,1.0
58,12.jpg,usd,d&đ,1.0
6,99.jpg,nhập,1x,1.0
6,97.jpg,gà,4œ,1.0
6,96.jpg,hội,”_,1.0
6,95.jpg,để,4ˆ,1.0
6,94.jpg,trong,"""ưa,",1.0
58,9.jpg,từ,_,1.0
26,47.jpg,phát,00,1.0
58,6.jpg,là,r⁄,1.0
6,68.jpg,phải,v^,1.0
6,83.jpg,đúng,“,1.0
6,82.jpg,di,⁄,1.0
6,81.jpg,đi,zh,1.0
6,80.jpg,không,cu,1.0
6,63.jpg,dương,1⁄2,1.0
6,75.jpg,nhiêu,„1,1.0
6,74.jpg,là,[x,1.0
6,73.jpg,11,4l,1.0
6,71.jpg,19,lí,1.0
6,58.jpg,quyết,c“ vớt,1.0
6,57.jpg,dựng,“0y,1.0
6,56.jpg,xuống,"⁄
 )",1.0
6,55.jpg,cho,.”,1.0
58,7.jpg,bầm,và,1.0
6,89.jpg,được,,1.0
6,100.jpg,ngột,ta,1.0
58,40.jpg,đây,.,1.0
58,38.jpg,có,6,1.0
58,37.jpg,vì,—_,1.0
58,36.jpg,điện,,1.0
58,48.jpg,vừa,wvư^a,1.0
58,47.jpg,thể,-kð,1.0
58,46.jpg,số,⁄⁄,1.0
58,45.jpg,dương,42x,1.0
58,18.jpg,"dự án đang thiếu vốn "", mặt khác "" có chủ trương cho dn vay vốn tín dụng "".",,1.0
58,33.jpg,thẳng,đề,1.0
58,31.jpg,cao,e0,1.0
58,30.jpg,sang,vớ,1.0
58,29.jpg,bạn,_-,1.0
9,38.jpg,thuận,gi,1.0
58,26.jpg,giới,_,1.0
9,29.jpg,chủ,đi,1.0
9,28.jpg,kịp,lới,1.0
9,27.jpg,khi,tom,1.0
58,25.jpg,điện,xèu,1.0
58,24.jpg,bếp,s ©,1.0
58,23.jpg,bầm,l,1.0
58,22.jpg,suốt,"~1
7",1.0
9,44.jpg,tại,.^,1.0
9,43.jpg,thật,y4,1.0
9,56.jpg,lâm,|,1.0
9,54.jpg,vững,^œ ạ,1.0
9,53.jpg,ủy,vị,1.0
58,11.jpg,tích,n-,1.0
9,41.jpg,lớn,(2,1.0
58,28.jpg,lê,cu,1.0
102,99.jpg,hơn,cc,1.0
102,98.jpg,viên,0412,1.0
102,97.jpg,duyệt,#&k,1.0
102,96.jpg,thuốc,đc.,1.0
6,10.jpg,phép,ýƒ,1.0
6,9.jpg,vào,vuad,1.0
6,8.jpg,nghèo,,1.0
6,7.jpg,bản,5,1.0
102,94.jpg,gì,si,1.0
102,89.jpg,tây,“ad,1.0
102,88.jpg,tòa,“là,1.0
6,2.jpg,chính,1,1.0
6,1.jpg,ghi,ạ”,1.0
102,100.jpg,lớn,~,1.0
9,86.jpg,tốt,-,1.0
6,53.jpg,lập,⁄,1.0
9,98.jpg,tài,"""o",1.0
9,96.jpg,gắt,nú,1.0
9,95.jpg,nuôi,"^
pm",1.0
9,94.jpg,cải,(ø7,1.0
9,93.png,"ông nguyễn văn dũng cũng khẳng định sẽ phát triển mạnh mẽ dịch vụ tài chính, ngân hàng bằng các giải pháp thúc đẩy phát triển nhanh các hình thức mua sắm hiện đại, thông minh, ứng dụng điện tử; tập trung thực hiện định hướng mục tiêu phát triển trung tâm tài chính quốc tế",,1.0
133,14.jpg,giám,đà0m',1.0
133,13.jpg,đầu,zx.,1.0
133,23.jpg,từng,\,1.0
133,20.jpg,kế,ly,1.0
133,17.jpg,cách,__,1.0
102,84.jpg,đến,.,1.0
102,83.jpg,tổ,ˆ,1.0
102,82.jpg,thiếu,cô si,1.0
102,81.jpg,đã,k,1.0
102,80.jpg,bé,l,1.0
9,99.jpg,lâu,p⁄v,1.0
6,65.jpg,mươi,”đồ,1.0
6,64.jpg,đảng,«4v,1.0
9,52.jpg,chiếc,a4,1.0
9,51.jpg,hợp,l^,1.0
9,64.jpg,trở,“lhở,1.0
9,63.jpg,kỹ,.,1.0
9,61.jpg,hai,lx.,1.0
9,60.jpg,mua,o,1.0
6,59.jpg,do,1,1.0
9,67.jpg,đến,,1.0
9,82.jpg,động,,1.0
9,79.jpg,gần,chú,1.0
9,78.jpg,ở,p,1.0
9,77.jpg,linh,z2,1.0
9,91.jpg,rất,,1.0
6,14.jpg,ông,2,1.0
6,6.jpg,trên,vy,1.0
6,34.jpg,liệt,1x,1.0
6,20.jpg,quận,,1.0
6,21.jpg,những,ó~,1.0
6,22.jpg,và,„6,1.0
6,77.jpg,việc,nwið,1.0
6,78.jpg,đọc,ong,1.0
9,90.jpg,tịch,+,1.0
6,28.jpg,làm,cc,1.0
6,30.jpg,thì,lí:,1.0
6,33.jpg,chính,~ú,1.0
9,68.jpg,đó,,1.0
9,72.jpg,không,ákâa,1.0
9,73.jpg,bắt,lá,1.0
9,75.jpg,yên,⁄2h,1.0
6,45.jpg,thông,7ä đu,1.0
6,38.jpg,việc,w,1.0
2,80.jpg,không,"áa
ĩ",1.0
2,79.jpg,huyện,cc,1.0
26,77.jpg,sự,1,1.0
26,75.jpg,thú,ww⁄,1.0
26,73.jpg,vệ,ưo,1.0
26,72.jpg,xe,px,1.0
26,71.jpg,tình,mờ,1.0
2,75.jpg,lều,kh,1.0
2,74.jpg,trọng,bh),1.0
2,73.jpg,nguyên,«h,1.0
26,55.jpg,xây,xe j,1.0
26,70.jpg,tội,,1.0
26,69.jpg,ấy,©,1.0
26,66.jpg,hành,,1.0
26,65.jpg,to,+,1.0
6,90.jpg,luận,—_,1.0
26,63.jpg,cua,(,1.0
26,78.jpg,"như vậy, nhưng rồi... sẽ nghiên cứu. các ông chủ trẻ của dịch vụ",,1.0
26,46.jpg,toán,+ơ«,1.0
26,45.jpg,hệ,á,1.0
26,44.jpg,"ngày 30 - 3, ban thường vụ thành ủy đã triệu tập hội nghị cán bộ",,1.0
26,43.jpg,90,s6,1.0
26,41.jpg,dưới,đó;,1.0
26,40.jpg,"thành công là khi bố và con trai có dũng khí bước vào bếp, nấu những món ăn mẹ thích nhân ngày 8 - 3. món canh có thể hơi mặn, món cá sốt đáng lẽ phải có màu đỏ sậm thì lại ngả sang màu... đen cháy. nhưng nhìn mâm cơm, mẹ vẫn cười. bởi vì hai bố con không thể thành công trên chiến trường bếp núc, nhưng lại thành công khi tặng mẹ "" đoá hồng "" của tình yêu. một món quà ý nghĩa hơn cả những món quà quý giá, hạnh phúc ấy long lanh in trong mắt mẹ.",5,1.0
26,39.jpg,km2,/,1.0
26,38.jpg,khi,à,1.0
26,22.jpg,gặp,69,1.0
26,35.jpg,cá,ca!,1.0
26,34.jpg,trung,'ì avng,1.0
26,32.jpg,đã,z,1.0
26,31.jpg,đó,⁄⁄,1.0
26,64.jpg,là,w,1.0
26,61.jpg,tiền,1e,1.0
26,59.jpg,dám,is,1.0
26,56.jpg,phụ,”,1.0
26,97.jpg,lở,|,1.0
26,96.jpg,a5,pa,1.0
146,10.jpg,lên,1⁄,1.0
146,7.jpg,tìm,pc,1.0
146,6.jpg,phẩy,[⁄4/,1.0
26,54.jpg,trình,#1,1.0
26,81.jpg,thế,ø,1.0
26,80.jpg,bé,kế,1.0
26,95.jpg,khí,,1.0
26,92.jpg,trên,ẳ nu,1.0
26,90.jpg,9,4,1.0
26,88.jpg,phụ,vu,1.0
2,81.jpg,theo,„na,1.0
2,69.jpg,cùng,,1.0
2,70.jpg,con,(ơ^,1.0
2,72.jpg,gây,xi,1.0
9,1.jpg,chồn,p⁄,1.0
9,2.jpg,thử,đà,1.0
2,86.jpg,7,,1.0
2,88.jpg,trời,[a¿—,1.0
26,98.jpg,lúc,.,1.0
2,91.jpg,những,và àx,1.0
2,92.jpg,tp,7/,1.0
2,93.jpg,giai,#2,1.0
26,82.jpg,anh,cm,1.0
26,86.jpg,phê,v“z,1.0
2,61.jpg,thủ,”,1.0
2,64.jpg,quan,0,1.0
2,53.jpg,quan,tt,1.0
2,89.jpg,thứ,„uụ,1.0
58,90.jpg,ký,ac,1.0
26,5.jpg,đi,ẩr,1.0
9,24.jpg,giải,ừ,1.0
9,23.jpg,ngoằng,,1.0
9,22.jpg,nghị,so,1.0
9,21.jpg,chứa,,1.0
9,34.jpg,máy,ng,1.0
9,33.jpg,đêm,p,1.0
9,4.jpg,hàng,“^^,1.0
9,18.jpg,kiều,s,1.0
9,17.jpg,nhiêu,c1.,1.0
9,15.jpg,từ,đi,1.0
9,13.jpg,làm,eo,1.0
9,12.jpg,chẳng,"—_
k",1.0
9,26.jpg,dỡ,_c,1.0
26,30.jpg,rừng,“7,1.0
58,77.jpg,hụt,1,1.0
9,10.jpg,một,vớ,1.0
9,9.jpg,giấy,` /,1.0
9,8.jpg,là,r,1.0
9,7.jpg,tâm,^^,1.0
9,6.jpg,hộ,l,1.0
58,73.jpg,hành,,1.0
58,72.jpg,sống,w,1.0
58,70.jpg,phước,ttxäo,1.0
58,69.jpg,bị,“z,1.0
58,68.jpg,trai,kiến,1.0
58,66.jpg,sa,à%,1.0
58,44.jpg,bị,“,1.0
58,43.jpg,là,"⁄""",1.0
58,42.jpg,giấy,tưng,1.0
58,78.jpg,nhem,i4,1.0
26,17.jpg,định,„,1.0
26,15.jpg,4,a,1.0
26,27.jpg,ập,ò9,1.0
26,24.jpg,không,",",1.0
2,99.jpg,oanh,0o _,1.0
2,98.jpg,đóng,d^=,1.0
2,97.jpg,bị,u,1.0
2,95.jpg,câu hỏi 49: trình bày quan điểm của triết học mác - lênin về vai trò của quần chúng nhân dân và lãnh tụ trong lịch sử? ý nghĩa phương pháp luận của quan điểm này?,,1.0
2,94.jpg,kiếm,lố,1.0
26,20.jpg,không,tíoy,1.0
26,19.jpg,quận,nh,1.0
58,52.jpg,biết,,1.0
58,65.jpg,kẹt,hi,1.0
58,64.jpg,nặc,"-
nac",1.0
58,63.jpg,""" chiến trường "" bếp núc, nhưng lại thành công khi tặng mẹ "" đoá hồng "" của",,1.0
58,91.jpg,là,cc,1.0
58,96.jpg,đã,sứ,1.0
58,97.jpg,trại,⁄,1.0
58,85.jpg,nh,mi,1.0
26,9.jpg,lạ,(a,1.0
26,10.jpg,nhân,im,1.0
26,13.jpg,nai,[do,1.0
58,98.jpg,thể,l.,1.0
58,61.jpg,sơn,2,1.0
26,4.jpg,kết nối,,1.0
58,53.jpg,thứ trưởng bộ tài nguyên & môi trường đặng hùng võ cho biết dự thảo nghị,,1.0
58,55.jpg,tuổi,x7,1.0
58,56.jpg,anh,xxà,1.0
26,6.jpg,cơ,ø,1.0
26,7.jpg,là,,1.0
26,8.jpg,bộ,lo,1.0
58,58.jpg,phí,tự,1.0
58,99.jpg,lại,á,1.0
15,7.jpg,và,_,1.0
46,81.jpg,bộ,íb⁄,1.0
46,79.jpg,1,ả,1.0
46,93.jpg,triển,(nón.,1.0
46,92.jpg,trọng,,1.0
46,36.jpg,đau,em,1.0
46,34.jpg,đã,_,1.0
46,63.jpg,47,q1,1.0
46,73.jpg,lý,”,1.0
46,87.jpg,từ,1),1.0
46,84.jpg,vụ,w,1.0
46,82.jpg,đã,cc,1.0
27,9.jpg,hội,,1.0
27,8.jpg,của,n,1.0
46,69.jpg,một,„,1.0
108,85.jpg,tôi,{+,1.0
46,66.jpg,chơi,,1.0
46,65.jpg,lý,⁄i,1.0
46,64.jpg,nhau,“,1.0
84,89.jpg,khí,1/9,1.0
84,88.jpg,mà,w6,1.0
27,2.jpg,chăm,z,1.0
27,1.jpg,tài xế có tâm lý chạy thẳng vào làn kiểm soát đầu tiên hoặc thứ hai từ bên,,1.0
84,96.jpg,sẽ,x,1.0
27,10.jpg,này,mở,1.0
27,12.jpg,biển,"~¬
en",1.0
27,25.jpg,chiến,"5
(ứứn",1.0
27,24.jpg,tại,+«4,1.0
27,35.jpg,thành,1⁄4,1.0
27,34.jpg,đội,z%,1.0
27,33.jpg,tất,(,1.0
46,67.jpg,tại,,1.0
15,38.jpg,trường,],1.0
84,68.jpg,người,_,1.0
84,79.jpg,sách,2d).,1.0
84,78.jpg,đến,2,1.0
84,76.jpg,đặc,x2,1.0
84,75.jpg,dân,le,1.0
84,72.jpg,nghiệp,,1.0
84,85.jpg,đoạn,xe,1.0
84,83.jpg,lại,«&,1.0
84,82.jpg,nhất,m,1.0
84,80.jpg,giàu,^^,1.0
84,95.jpg,206,vạ,1.0
84,94.jpg,những,uy,1.0
84,90.jpg,công,_,1.0
15,12.jpg,tuần,.,1.0
15,8.jpg,hội,r3,1.0
15,25.jpg,thứ,đó,1.0
15,24.jpg,địa,...,1.0
15,21.jpg,vì,vl.,1.0
84,86.jpg,sự,4t,1.0
15,5.jpg,này,~,1.0
15,4.jpg,tư,&m,1.0
15,17.jpg,giỏ,_ẳi,1.0
15,16.jpg,làm,",",1.0
15,14.jpg,đưa,ch,1.0
15,13.jpg,"thành công ấy, liệu có mấy người đạt được? sau mỗi mùa thi đại học, có bao "" sĩ tử "" buồn rầu khi biết mình trở thành "" tử sĩ "". hai bảy điểm, cao thật đấy. nhưng cao mà làm gì khi nv1 lấy tới hai bảy phẩy năm? đó thật ra không phải là thất bại, chỉ là khi thành công - bị - trì - hoãn mà thôi. cuộc sống vẫn chào đón họ với nv2, nv3. quan trọng là họ đã nỗ lực hết sức để khẳng định mình. đó là ý nghĩa vẹn nguyên của các kỳ thi, và cũng là bản chất của thành công.",,1.0
46,98.jpg,là,@&,1.0
46,97.jpg,nghị,,1.0
46,96.jpg,biển,m,1.0
15,11.jpg,minh,,1.0
15,9.jpg,thẻ,ai,1.0
15,28.jpg,tám,“,1.0
46,12.jpg,việc,xwœ-,1.0
46,10.jpg,bao,.,1.0
27,29.jpg,vì,1,1.0
27,43.jpg,tăng,le,1.0
27,42.jpg,trình,#~,1.0
27,40.jpg,xây,_,1.0
27,39.jpg,giúp,ac,1.0
27,38.jpg,hải,t0,1.0
27,37.jpg,trực,‡càce,1.0
27,36.jpg,dài,_,1.0
27,49.jpg,do,tl,1.0
27,48.jpg,tháo,4,1.0
27,47.jpg,cuộc,,1.0
27,46.jpg,tất,+21,1.0
27,45.jpg,lại,áo:,1.0
46,56.jpg,lẽ,tế,1.0
27,59.jpg,làm,,1.0
91,96.jpg,lên,âu,1.0
91,95.jpg,mấy,,1.0
91,92.jpg,máy,ng,1.0
91,91.jpg,viên,"-
viot",1.0
91,89.jpg,động,“,1.0
27,51.jpg,nhảy,m^,1.0
91,73.jpg,không,^^,1.0
91,85.jpg,sở,ẹ¿,1.0
91,83.jpg,ra,/a0,1.0
91,82.jpg,đi,nậ,1.0
91,81.jpg,triển,,1.0
91,80.jpg,sốt,/,1.0
91,67.jpg,phát,,1.0
91,66.jpg,băng,éu,1.0
27,44.jpg,tràn,na,1.0
27,19.jpg,nghỉ,,1.0
27,18.jpg,ra,v«,1.0
27,16.jpg,một,w®†,1.0
27,15.jpg,sở,si.,1.0
27,14.jpg,diện,đùa,1.0
27,13.jpg,thật,ag,1.0
46,49.jpg,ai,,1.0
46,47.jpg,mỗi,nộ,1.0
46,45.jpg,ngơ,.,1.0
46,58.jpg,người,xy ứh,1.0
46,57.jpg,loại,2,1.0
46,33.jpg,sinh,aàâ„,1.0
46,32.jpg,họ,,1.0
46,30.jpg,trời,-«:,1.0
46,43.jpg,2,⁄,1.0
91,99.jpg,núc,1“,1.0
46,2.jpg,tôi,1⁄5,1.0
46,4.jpg,52,si,1.0
46,15.jpg,"giá trị sử dụng chỉ được thực hiện trong việc sử dụng hay tiêu  dùng. nền sản xuất càng phát triển, khoa học - công nghệ càng hiện đại, càng giúp con người phát hiện thêm các giá trị sử dụng của sản phẩm.",,1.0
46,16.jpg,người,#/⁄®,1.0
46,17.jpg,bạn,đa,1.0
46,19.jpg,thú,+,1.0
46,20.jpg,trận,2,1.0
46,38.jpg,biển,"2
p",1.0
46,7.jpg,đi,cc,1.0
91,70.jpg,cư,vi,1.0
46,21.jpg,đã,œ_,1.0
46,22.jpg,phải,vu,1.0
46,23.jpg,khá,z4,1.0
46,26.jpg,đá,ả&,1.0
46,50.jpg,văn,n⁄,1.0
46,37.jpg,ngoài,}j4se,1.0
46,5.jpg,nhằm,á xx,1.0
107,69.jpg,luôn,(cu,1.0
107,68.jpg,tất,44,1.0
107,81.jpg,hiến,øø⁄,1.0
107,79.jpg,tư,đự,1.0
107,77.jpg,tết,1i,1.0
120,17.jpg,còn,/x,1.0
107,64.jpg,hay,l2,1.0
107,63.jpg,bs,d4,1.0
107,62.jpg,tích,,1.0
107,61.jpg,quan,tc,1.0
107,60.jpg,thu,1ú,1.0
107,58.jpg,đẩy,bó,1.0
84,19.jpg,rạng,,1.0
84,16.jpg,ăn,w,1.0
84,28.jpg,hạn,tlon,1.0
15,43.jpg,quyền,địuư/,1.0
107,34.jpg,tại,..,1.0
107,49.jpg,trách,{4⁄4,1.0
107,47.jpg,phố,tá,1.0
107,45.jpg,chúng,¿“4,1.0
107,44.jpg,điều,"7⁄2,",1.0
107,43.jpg,thoại,”⁄,1.0
107,54.jpg,dự,cử,1.0
107,53.jpg,tương,ro,1.0
107,31.jpg,được,,1.0
107,30.jpg,thuê,,1.0
107,26.jpg,giải,,1.0
107,38.jpg,chuyện,,1.0
84,4.jpg,nhiệm,ớnc,1.0
84,2.jpg,ba,ơi,1.0
84,13.jpg,trú,há,1.0
84,27.jpg,thú,”,1.0
120,7.jpg,thợ,đo,1.0
120,6.jpg,nhậu,1,1.0
120,4.jpg,các,"⁄
cóc",1.0
107,100.jpg,lượng,,1.0
85,78.jpg,là,_,1.0
85,77.jpg,"có tài nguyên sinh vật và khoáng sản phong phú, đa dạng, quý hiếm. vùng biển và hải đảo nước ta có vị trí chiến lược hết sức to lớn, có ảnh hưởng trực tiếp đến sự nghiệp bảo vệ nền độc lập dân tộc và xây dựng chủ nghĩa xã hội, có liên quan trực tiếp đến sự phồn vinh của đất nước, đến văn minh và hạnh phúc của nhân dân.",,1.0
85,74.jpg,một,s,1.0
107,99.jpg,cảnh,1,1.0
107,98.jpg,vinh,vn nà_,1.0
107,97.jpg,diên,la,1.0
107,96.jpg,sức,"⁄
u",1.0
107,95.jpg,sập,bu,1.0
85,71.jpg,đó,.⁄,1.0
85,68.jpg,tội,.,1.0
85,67.jpg,3,°,1.0
107,73.jpg,đáng,àóa,1.0
85,82.jpg,đến,iơng,1.0
85,80.jpg,màu,n4,1.0
85,84.jpg,đơn,ä,1.0
85,99.jpg,đó,cđ,1.0
85,98.jpg,đồng,"đ6ùm,",1.0
85,93.jpg,sinh,«&à,1.0
84,7.jpg,chứa,no,1.0
107,75.jpg,trạm,ho,1.0
107,85.jpg,ở,_,1.0
107,84.jpg,ông,,1.0
85,90.jpg,tại,à,1.0
85,88.jpg,khi,0m,1.0
85,87.jpg,trong,ơv,1.0
85,86.jpg,huống,”««,1.0
85,85.jpg,anh,_,1.0
85,66.jpg,3,,1.0
15,91.jpg,hai,,1.0
15,90.jpg,lâu,cc.,1.0
15,89.jpg,trong,"0,",1.0
15,86.jpg,hữu,tk,1.0
84,51.jpg,sát,,1.0
84,50.jpg,là,`,1.0
15,69.jpg,được,,1.0
15,82.jpg,không,"t®4,",1.0
15,81.jpg,bán,ø.,1.0
15,79.jpg,"bạn bè đi kèm sự chua chát, ngậm ngùi.",,1.0
15,78.jpg,hoàng,đeo,1.0
107,19.jpg,cái,kế,1.0
107,17.jpg,tỉnh,p,1.0
15,66.jpg,thắng,,1.0
15,63.jpg,17,4†,1.0
84,9.jpg,đại,cì«,1.0
15,71.jpg,chỉ,“li,1.0
15,59.jpg,luyện,ax^,1.0
15,56.jpg,bị,h,1.0
15,54.jpg,để,,1.0
15,3.jpg,tạm,+,1.0
15,1.jpg,không,l1,1.0
46,99.jpg,dẫn,1⁄4,1.0
15,37.jpg,tè,v,1.0
15,51.jpg,trại,“xt,1.0
15,50.jpg,đề,⁄,1.0
15,47.jpg,dịch,n4,1.0
15,45.jpg,tù,†ó,1.0
15,35.jpg,là,^,1.0
15,29.jpg,ở,á,1.0
15,44.jpg,21,«#1,1.0
15,76.jpg,sự,ư,1.0
107,15.jpg,ô,õ,1.0
107,12.jpg,tờ,#,1.0
107,10.jpg,chở,«ko,1.0
107,9.jpg,sâu,.,1.0
107,23.jpg,bà,|,1.0
107,20.jpg,dự,2à,1.0
15,98.jpg,"một anh thu gom rác dân lập đang nặng nề đẩy xe trong một con hẻm đường lê lợi đã mừng rỡ vẫy : "" có nè... "". anh móc trong túi áo ra ba chứng minh nhân dân : "" tôi lượm được trong đám rác này nè. trước giờ, phân rác ra thỉnh thoảng cũng thấy. gặp giấy của người quen thì trả, chẳng biết của ai thì... thôi. công chuyện bận quá mà "". anh âm cầm mấy cái giấy, vuốt thẳng rồi cất vào cặp, cẩn trọng như giấy tờ của chính mình...",,1.0
15,97.jpg,thợ,1©,1.0
15,96.jpg,hừ,,1.0
15,95.jpg,xô,w©,1.0
107,4.jpg,chân,ww,1.0
107,2.jpg,nuôi,"`
wa",1.0
107,1.jpg,vụ,^^,1.0
84,32.jpg,đông,ca,1.0
84,45.jpg,thành,“(l4,1.0
15,92.jpg,đến,6%,1.0
84,70.jpg,nói,vs,1.0
135,51.jpg,phát,⁄4,1.0
84,59.jpg,quản,42a,1.0
84,48.jpg,đang,6,1.0
84,49.jpg,hồng,yoô,1.0
84,34.jpg,phiêu,#⁄%2,1.0
84,35.jpg,người,,1.0
84,44.jpg,cấp,tœo,1.0
84,39.jpg,tại,ẻcd,1.0
84,24.jpg,vậy,cố,1.0
84,25.jpg,sa,cc,1.0
84,26.jpg,nhân,x2,1.0
15,99.jpg,cách giản dị đến bất ngờ.,,1.0
84,40.jpg,vào,⁄„,1.0
84,42.jpg,lực,i,1.0
84,43.jpg,ty,v,1.0
84,36.jpg,phát,tax,1.0
77,54.jpg,không,do,1.0
77,49.jpg,chưa,k2,1.0
77,64.jpg,nạn,a,1.0
77,62.jpg,lịch,4,1.0
77,61.jpg,sa,c^,1.0
77,60.jpg,phải,giá,1.0
77,59.jpg,an,⁄,1.0
77,74.jpg,lều,“)},1.0
77,73.jpg,là,dì,1.0
77,88.jpg,giản,“5,1.0
77,87.jpg,việc,no,1.0
77,86.jpg,nhiều,a5,1.0
77,85.jpg,hải,cố,1.0
94,33.jpg,phương,"ọas4
â",1.0
94,32.jpg,quyết,ônmg,1.0
91,65.jpg,đừng,,1.0
77,78.jpg,nói,j,1.0
77,76.jpg,đông,"đbứna,",1.0
94,18.jpg,phụ,/ì,1.0
94,16.jpg,lao,vy),1.0
94,27.jpg,đã,_,1.0
94,26.jpg,gọi,00,1.0
94,25.jpg,tướng,"x
vu",1.0
94,22.jpg,không,⁄,1.0
94,37.jpg,phan,b/~^n,1.0
94,65.jpg,bé,l,1.0
94,8.jpg,tế,l,1.0
94,7.jpg,như,ki,1.0
94,5.jpg,ít,,1.0
94,20.jpg,tá,x,1.0
94,19.jpg,thành,t[t«#«,1.0
94,29.jpg,thương,ki,1.0
94,84.jpg,trên,t®n6h,1.0
94,83.jpg,cũng,"a)
|",1.0
94,82.jpg,để,,1.0
94,90.jpg,bị cáo nguyễn thị mửng) đã tung ra một số thông tin cho thấy vụ án có khả năng,,1.0
77,37.jpg,8,ồ,1.0
77,36.jpg,ăn,cv,1.0
77,35.jpg,12,,1.0
77,34.jpg,một,wòÿ,1.0
94,77.jpg,để,2k,1.0
94,74.jpg,tất,6€,1.0
94,73.jpg,in,\w,1.0
94,72.jpg,y,ƒ,1.0
94,48.jpg,vinh,ø,1.0
94,46.jpg,hộ,ồ,1.0
94,59.jpg,sát,c4,1.0
77,65.jpg,kiến,„,1.0
94,57.jpg,tổ,tl.,1.0
94,56.jpg,người,,1.0
94,55.jpg,mang,—,1.0
94,44.jpg,khi,và,1.0
94,43.jpg,tình,6b,1.0
94,40.jpg,ban,5,1.0
94,38.jpg,thuyền,"^^
l",1.0
94,51.jpg,thế,-_~,1.0
77,72.jpg,túng,,1.0
77,71.jpg,đầu,pa,1.0
77,70.jpg,lại,n,1.0
77,69.jpg,công,._,1.0
77,68.jpg,các,(«,1.0
77,67.jpg,đến,pp,1.0
77,66.jpg,về,_,1.0
94,58.jpg,ông,.,1.0
5,62.jpg,nâng,x24,1.0
5,59.jpg,làm,si,1.0
5,42.jpg,"còn thì tách ra tiếp tục điều tra làm rõ "", ông nguyễn thành thượng trả lời chiều 31 - 3, cơ",,1.0
5,41.jpg,anh,s,1.0
5,55.jpg,đó,tl,1.0
5,54.jpg,hừ,,1.0
5,53.jpg,sai,áœ,1.0
5,52.jpg,và,ð,1.0
5,50.jpg,cũng,s,1.0
5,100.jpg,con,ý,1.0
5,97.jpg,ngày,,1.0
5,47.jpg,giấy,"gaâu,",1.0
5,46.jpg,tp,mi,1.0
5,45.jpg,giấy,,1.0
5,44.jpg,tật,{4l,1.0
5,95.jpg,sẽ,c,1.0
144,76.jpg,khách,w⁄à,1.0
144,75.jpg,theo,(lu,1.0
144,74.jpg,24,„,1.0
144,88.jpg,m3,„7,1.0
144,87.jpg,đồng,cá,1.0
5,37.jpg,đau,cm,1.0
5,36.jpg,người,/àớc,1.0
5,34.jpg,bìa,s,1.0
5,32.jpg,lượng,"aớồm,",1.0
5,31.jpg,a5,ns,1.0
144,79.jpg,bè,ơi,1.0
144,78.jpg,tải,.,1.0
5,18.jpg,thế,vo“,1.0
5,28.jpg,trình,_—,1.0
5,26.jpg,oanh,0ø,1.0
144,77.jpg,cũng,^^,1.0
5,93.jpg,ở,ồ,1.0
5,92.jpg,ica,z c4,1.0
5,90.jpg,gia,4\«,1.0
94,4.jpg,quốc,ga,1.0
94,2.jpg,chưa,2,1.0
94,1.jpg,ông,2u,1.0
5,76.jpg,18,/4,1.0
5,74.jpg,ngũ,đố,1.0
5,72.jpg,lương,⁄⁄⁄2,1.0
5,86.jpg,on,öw,1.0
5,84.jpg,nơi,hót,1.0
139,4.jpg,"nông thôn, cất nhà tình thương cho dân nghèo...",,1.0
139,3.jpg,trực,lu,1.0
139,1.jpg,với,.,1.0
77,99.jpg,30,jo,1.0
5,63.jpg,tư,0,1.0
5,64.jpg,thời,ca,1.0
5,65.jpg,kiện,uo,1.0
5,68.jpg,ty,_,1.0
5,69.jpg,đâu,1o.,1.0
5,70.jpg,lãnh,p207,1.0
5,71.jpg,1,4,1.0
5,56.jpg,thiết,ym,1.0
77,98.jpg,luân,«ch,1.0
77,89.jpg,làm,c,1.0
77,91.jpg,cậu,cøx^,1.0
77,92.jpg,đền,i78,1.0
77,93.jpg,bản,6é,1.0
77,96.jpg,trên,l4,1.0
77,81.jpg,tịch,,1.0
5,78.jpg,xe,w,1.0
5,79.jpg,biết,b:ìø{,1.0
139,5.jpg,vn,ji,1.0
91,22.jpg,tục,1,1.0
91,21.jpg,du,zí,1.0
91,20.jpg,vì,,1.0
91,19.jpg,""" tội nghiệp, họ toàn là người miền bắc... "" - một chủ quán ở đầu thị trấn nói khi tôi",,1.0
91,18.jpg,mới,mš ),1.0
91,16.jpg,6,p,1.0
91,31.jpg,trình,,1.0
91,29.jpg,đã,pt,1.0
91,13.png,trời bắt đầu tối.,,1.0
91,12.jpg,reo,lưc,1.0
91,9.jpg,cung,,1.0
91,8.jpg,đến,p4,1.0
91,23.jpg,ngược,,1.0
91,58.jpg,chúng,2,1.0
91,56.jpg,pv,ư,1.0
94,85.jpg,sơn,c,1.0
91,6.jpg,vì,1,1.0
91,4.jpg,đất,ví,1.0
91,1.jpg,hoàn,—.,1.0
27,89.jpg,gốc,-,1.0
27,87.jpg,áp,eñ,1.0
27,86.jpg,giúp,ng,1.0
27,100.jpg,này,c,1.0
27,98.jpg,đi,d,1.0
27,93.jpg,khóa,„,1.0
27,82.jpg,sự,>0,1.0
27,80.jpg,những,k4,1.0
27,78.jpg,với,xà,1.0
27,77.jpg,đá,1,1.0
27,92.jpg,000,bùò,1.0
27,91.jpg,quốc,",
7~",1.0
91,7.jpg,chỉ,—,1.0
91,79.jpg,đến,cu,1.0
91,77.jpg,khẩu,,1.0
91,75.jpg,tiếp,lốc,1.0
91,74.jpg,trưởng,,1.0
91,54.jpg,nhất,vi,1.0
91,52.jpg,10,ao,1.0
91,51.jpg,anh âm đã tăng lên đáng kể.,,1.0
91,49.jpg,hoàn,lá,1.0
91,48.jpg,vững,^x⁄n4,1.0
91,59.jpg,tại,,1.0
91,32.jpg,mộ,mmủ,1.0
91,47.jpg,quan,0,1.0
91,46.jpg,"đôi mắt thâm quầng và nước da xanh mét, thông nói : "" dẫu sao chúng tôi cũng may mắn hơn những bạn bè khác hiện đang còn kẹt lại ở xứ người "".",,1.0
91,44.jpg,hai,ến,1.0
91,41.jpg,kế,l.,1.0
87,69.jpg,túi,_,1.0
87,74.jpg,ai,..,1.0
87,75.jpg,chi,4 .,1.0
91,25.jpg,anh,^^,1.0
91,27.jpg,dã,/v,1.0
91,28.jpg,dẫn,ac,1.0
27,73.jpg,đó,.,1.0
27,75.jpg,lập,(,1.0
91,55.jpg,buông,,1.0
27,62.jpg,nhật,v1 2t,1.0
27,65.jpg,đều,vế,1.0
27,54.jpg,lẳng,⁄,1.0
91,34.jpg,khác,4,1.0
91,35.jpg,bình,wq—,1.0
91,38.jpg,minh,x&,1.0
91,39.jpg,thời,ơn,1.0
27,69.jpg,làm,w,1.0
27,76.jpg,ra,“+,1.0
77,11.jpg,nối,u),1.0
77,10.jpg,đã,cơ,1.0
77,9.jpg,và,.,1.0
77,23.jpg,vàng,“i,1.0
77,32.jpg,ty,l,1.0
87,28.jpg,điều,,1.0
87,27.jpg,thiếu,,1.0
77,14.jpg,nào,e7,1.0
77,13.jpg,chủ,,1.0
77,12.jpg,dẫu,lo,1.0
87,10.jpg,độc,2đồ¿,1.0
87,23.jpg,ngày,,1.0
87,21.jpg,những,~⁄⁄á,1.0
87,20.jpg,mà,80,1.0
87,18.jpg,bố,b&“,1.0
87,84.jpg,thậm,đí âm,1.0
77,45.jpg,hẹn,âm,1.0
77,44.jpg,km2,ng,1.0
77,43.jpg,hà,le,1.0
77,42.jpg,đến,.ố,1.0
77,41.jpg,chưa,n,1.0
77,56.jpg,aids,pb,1.0
77,55.jpg,6,_,1.0
94,87.jpg,văn,xố,1.0
94,86.jpg,xảy,,1.0
87,1.jpg,liệu,(,1.0
94,100.jpg,cấp,^/,1.0
94,99.jpg,tôi,72.,1.0
94,96.jpg,đó,_,1.0
94,95.jpg,nữ,ốc,1.0
94,71.jpg,vay,c,1.0
77,47.jpg,"nhặt và gọi. một ngày làm việc của anh âm bắt đầu bằng việc làm quen với một anh lái xe ôm bất kỳ. "" tôi là nhân viên công ty báo mất khai minh ... "". đáp lại là một cái nhìn đầy ngạc nhiên. anh âm giải thích : "" chắc anh cũng đã từng nhặt được giấy tờ rơi rớt, công ty chúng tôi sẽ giúp anh trong việc tìm người bị mất và trả lại cho họ. anh chỉ cần gọi điện thoại... "". anh xe ôm chẳng thắc mắc gì mà nhanh chóng hưởng ứng : "" tốt quá.",,1.0
87,99.jpg,thông,,1.0
87,97.jpg,cho,,1.0
87,96.jpg,được,ở ứớc,1.0
87,94.jpg,đồng,“z⁄%,1.0
87,93.jpg,nói,«2°,1.0
87,92.jpg,nhân,⁄⁄„,1.0
87,83.jpg,phòng,f4,1.0
87,80.jpg,được,z£ưœ`,1.0
87,89.jpg,tuổi,1+⁄4,1.0
87,88.jpg,thềm,x,1.0
87,60.jpg,đã,,1.0
87,9.jpg,để,00,1.0
87,7.jpg,tăng,7#,1.0
87,6.jpg,hàng,“^^,1.0
87,2.jpg,công,x.,1.0
77,38.jpg,đầu,".
l",1.0
77,25.jpg,y,/,1.0
77,27.jpg,sới,_,1.0
77,28.jpg,trưởng,“bằma,1.0
77,4.jpg,tiếc,"⁄ˆ
6",1.0
77,6.jpg,vùi,".
w",1.0
77,8.jpg,sạn,ø&,1.0
87,55.jpg,xe,⁄œ,1.0
87,13.jpg,hoàn,2,1.0
87,44.jpg,động,,1.0
87,50.jpg,họ,áo,1.0
87,35.jpg,thật,4\ộót,1.0
87,63.jpg,ban,đc,1.0
87,65.jpg,đất,ti,1.0
87,51.jpg,vui,”,1.0
87,53.jpg,thất,nà,1.0
87,54.jpg,sau,í @,1.0
87,56.jpg,tra,{cœ,1.0
110,45.jpg,trưng,“4,1.0
110,41.jpg,kiểm,"_
ai",1.0
110,40.jpg,như,z2,1.0
110,37.jpg,sản,<<,1.0
110,52.jpg,đường,,1.0
110,59.jpg,bộ,"bề,",1.0
110,58.jpg,đưa,.,1.0
110,56.jpg,ở,:,1.0
110,55.jpg,tiếng,khóa,1.0
110,54.jpg,đụng,sa,1.0
110,69.jpg,mặc,"-
mac",1.0
110,68.jpg,40ft,g6,1.0
68,75.jpg,điều,ch,1.0
68,74.jpg,xịt,,1.0
68,73.jpg,dự,,1.0
107,92.jpg,thế,ii.,1.0
110,61.jpg,nhưng,,1.0
110,60.jpg,và,ư0,1.0
68,58.jpg,nhóm,w<,1.0
68,56.jpg,phân,_-,1.0
68,53.jpg,thợ,nn,1.0
68,52.jpg,lập,áo,1.0
68,66.jpg,đảm,“_.,1.0
68,61.jpg,hoa,tt,1.0
68,60.jpg,chương,420,1.0
123,1.jpg,giá,,1.0
68,50.jpg,gia,ðq”,1.0
68,49.jpg,thì,`,1.0
68,48.jpg,khoản,ni,1.0
68,47.jpg,nhị,,1.0
68,46.jpg,và,vvz,1.0
68,69.jpg,liên,_,1.0
123,32.jpg,khiến,0⁄4,1.0
110,25.jpg,chỗ,4.,1.0
110,23.jpg,thủ,jm,1.0
123,31.jpg,tại,⁄,1.0
123,29.jpg,87,4+,1.0
123,28.jpg,ngay,“4,1.0
123,27.jpg,thẻ,ín/,1.0
123,24.jpg,quất,,1.0
123,38.jpg,vào,vv⁄ð,1.0
123,8.jpg,nhân,“,1.0
123,22.jpg,là,mg,1.0
123,21.jpg,nhưng,vn 4,1.0
123,20.jpg,thiếu,z2,1.0
123,19.jpg,bà,n,1.0
123,17.jpg,viên,,1.0
110,28.jpg,nghèo,x0,1.0
68,96.jpg,nguồn,=_,1.0
123,5.jpg,chôn,"đi,",1.0
123,2.jpg,từ,s,1.0
68,76.jpg,khai,m1,1.0
68,90.jpg,nghèo,0ä,1.0
68,89.jpg,gần,ạ~,1.0
68,88.jpg,một,~,1.0
68,99.jpg,sàng,1⁄2,1.0
68,98.jpg,thấy,"í
_",1.0
110,49.jpg,thì,1w,1.0
68,83.jpg,đến,be,1.0
68,81.jpg,25,p,1.0
68,78.jpg,tách,1,1.0
68,77.jpg,một,,1.0
110,29.jpg,nn,vu,1.0
68,97.jpg,trên,{tư,1.0
110,94.jpg,đi,cc,1.0
110,93.jpg,thảo,222,1.0
103,94.jpg,không,#2,1.0
103,93.jpg,họp,co,1.0
103,92.jpg,cơ,,1.0
103,91.jpg,thoái,04,1.0
103,87.jpg,sống,_,1.0
103,100.jpg,này,2,1.0
103,98.jpg,bế,k,1.0
68,35.jpg,ngày,tgøxb,1.0
103,84.jpg,bờ,,1.0
103,83.jpg,từ,k2,1.0
103,82.jpg,và,x9,1.0
103,81.jpg,biển).,,1.0
103,80.jpg,cienco,ø,1.0
68,44.jpg,tiền,,1.0
103,76.jpg,500,6ð,1.0
103,73.jpg,án,da,1.0
103,72.jpg,không,zä ân,1.0
103,71.jpg,sắp,a4,1.0
103,22.jpg,đút,s,1.0
103,21.jpg,độ,,1.0
103,20.jpg,vướng,óc,1.0
103,59.jpg,sức,-u,1.0
103,58.jpg,bia,bức.,1.0
103,57.jpg,trọng,,1.0
103,56.jpg,"tin bài liên quan : viết tiếp về vụ anh trương xuân đại * công nhân trương xuân đại kiện báo pháp luật (tp.hcm) * luật sư bảo vệ quyền lợi báo pháp luật đề nghị hòa giải * công dân trương xuân đại thắng kiện * số hận của những người nói lên sự thật * đấu thầu lại đường liên cảng a5 * đường liên cảng a5 thi công lại vào cuối tháng 3 - 2004? * vụ sai phạm công trình đường liên cảng a5 có bị "" chìm xuồng ""?",,1.0
103,55.jpg,lắm,ác,1.0
103,67.jpg,hết,vav,1.0
103,65.jpg,trái,#ya^,1.0
35,15.jpg,bệnh,z2,1.0
103,79.jpg,đảo,2.,1.0
68,27.jpg,thực,"thác
uú",1.0
68,42.jpg,nhỏ,in,1.0
68,41.jpg,qua,4á,1.0
68,40.jpg,còn,@⁄),1.0
68,38.jpg,chiều,,1.0
68,37.jpg,gì,r,1.0
68,36.jpg,khẳng,⁄4,1.0
68,12.jpg,xuất,0⁄5,1.0
68,26.jpg,cho,,1.0
68,24.jpg,là,6<,1.0
68,23.jpg,trách,16⁄4,1.0
68,22.jpg,nhiều,x1,1.0
68,20.jpg,nghĩa,wx,1.0
68,19.jpg,ty,b,1.0
68,29.jpg,thành,“te,1.0
68,5.jpg,người,“ pìề,1.0
68,7.jpg,thành,⁄,1.0
68,9.jpg,thành,ai,1.0
68,10.jpg,đã,áu,1.0
35,10.jpg,thể,141,1.0
110,96.jpg,hai,„_,1.0
110,100.jpg,chương,ø ⁄,1.0
110,87.jpg,hai,ph.,1.0
110,85.jpg,qua,0œ,1.0
110,73.jpg,bác,ơn,1.0
110,74.jpg,trốn,"⁄ì
“rốn",1.0
110,78.jpg,đã,_,1.0
110,66.jpg,đến,_,1.0
68,16.jpg,chỉ,`,1.0
68,17.jpg,hậu,^,1.0
68,18.jpg,mảng,ki,1.0
110,82.jpg,ngày,0),1.0
110,89.jpg,cát,ự,1.0
108,54.jpg,3,9,1.0
108,52.jpg,tìm,,1.0
108,47.jpg,một,k4,1.0
108,59.jpg,là,1x,1.0
108,58.jpg,một,,1.0
108,57.jpg,chỉ,“”,1.0
108,56.jpg,khỏe,a/p,1.0
108,34.jpg,anh muốn chúng tôi mang xuống tận nhà hàng thì thêm mỗi ký 5.000 đ tiền,,1.0
108,32.jpg,đeo,s,1.0
108,31.jpg,người,,1.0
123,77.jpg,định,&k,1.0
123,76.jpg,tắc,lo,1.0
123,75.jpg,quản,v44:,1.0
123,73.jpg,thành,6⁄22,1.0
108,15.jpg,họ,⁄,1.0
123,33.jpg,dâm,1n,1.0
108,25.jpg,bị,n,1.0
108,24.jpg,một,42v,1.0
108,23.jpg,lại,,1.0
108,35.jpg,tham,2,1.0
108,11.jpg,có,¿4,1.0
108,8.jpg,thành,{|,1.0
108,7.jpg,dương,,1.0
108,22.jpg,tàu,1+,1.0
108,20.jpg,bộ,0,1.0
108,19.jpg,hải,la,1.0
108,18.jpg,riêng,,1.0
125,76.jpg,bất,lá,1.0
125,75.jpg,giá,đẻ.,1.0
125,74.jpg,toán,1w⁄,1.0
125,73.jpg,dụng,ko,1.0
108,28.jpg,công,là,1.0
108,83.jpg,đi,zj,1.0
108,82.jpg,người,^j2ởc,1.0
108,95.jpg,2,a2,1.0
108,94.jpg,chúng,"ấ
qq",1.0
125,45.jpg,võ,tt,1.0
125,43.jpg,hcm,hơaa,1.0
125,53.jpg,giải,nh,1.0
125,47.jpg,vụ,,1.0
108,77.jpg,ty,ố,1.0
108,76.jpg,số,$o,1.0
125,71.jpg,bán,(,1.0
125,68.jpg,của,,1.0
125,67.jpg,âm,đa,1.0
125,65.jpg,được,1&,1.0
125,64.jpg,nhà,,1.0
108,63.jpg,và,2,1.0
125,78.jpg,22,e2),1.0
125,63.jpg,trì,.,1.0
125,62.jpg,địa,chó,1.0
125,61.jpg,trâu,“i,1.0
125,60.jpg,khủng,z4,1.0
125,59.jpg,sò,ts,1.0
125,58.jpg,trong,cu,1.0
125,56.jpg,đô,t9,1.0
125,55.jpg,kinh,mm,1.0
108,69.jpg,đến,,1.0
108,68.jpg,thể,dd,1.0
108,67.jpg,trung,—,1.0
108,66.jpg,loại,_,1.0
108,65.jpg,trở,,1.0
108,64.jpg,lên,_,1.0
125,79.jpg,thức,,1.0
123,64.jpg,đến,2,1.0
123,63.jpg,gà,ái,1.0
123,62.jpg,phán,wˆ,1.0
123,61.jpg,nóng,⁄⁄,1.0
123,60.jpg,mẹ,pp,1.0
123,58.jpg,cây,_,1.0
123,57.jpg,hệ,ác,1.0
123,43.jpg,hãy,az,1.0
123,40.jpg,chúng,ở ⁄4,1.0
123,54.jpg,tại,+,1.0
123,53.jpg,trạm,(bố,1.0
123,52.jpg,trên,nd,1.0
123,51.jpg,đen,5,1.0
110,4.jpg,sang,kể,1.0
110,18.jpg,trong,,1.0
125,84.jpg,ông,"cm,",1.0
110,13.jpg,trình,pm,1.0
123,47.jpg,khởi,,1.0
123,46.jpg,thành,/,1.0
123,44.jpg,lớn,wc,1.0
110,22.jpg,bộ,áó,1.0
110,21.jpg,bạc,äœø,1.0
110,20.jpg,đến,1.,1.0
110,35.jpg,đây,2u,1.0
110,34.jpg,trượt,,1.0
110,33.jpg,30,8o,1.0
110,31.jpg,sau,(w0,1.0
110,30.jpg,mạng,lh,1.0
123,36.jpg,chẳng,,1.0
123,35.jpg,đi,cc,1.0
123,34.jpg,tiếp,,1.0
110,16.jpg,sậm,#⁄,1.0
125,80.jpg,sanofi,3964,1.0
125,98.jpg,đi,ch,1.0
125,97.jpg,người,,1.0
110,11.jpg,tế,vs,1.0
110,7.jpg,cho,an,1.0
110,6.jpg,khi,b,1.0
110,5.jpg,tìm,k_,1.0
125,95.jpg,thua,bng,1.0
125,94.jpg,tật,/,1.0
125,88.jpg,ngờ,,1.0
110,3.jpg,bỏ,lễ,1.0
110,2.jpg,để,s,1.0
125,100.jpg,lại,tà,1.0
123,94.jpg,mà,0”,1.0
123,93.jpg,riêng,,1.0
123,10.jpg,bị,,1.0
123,11.jpg,vụ,mw,1.0
123,14.jpg,lộ,ở,1.0
123,66.jpg,để,_,1.0
123,70.jpg,cuộc sống sẽ chỉ cho bạn có những người đạt được thành công theo một,,1.0
123,72.jpg,trước,",
ta šc",1.0
123,95.jpg,bộ,4ô,1.0
123,96.jpg,lên,⁄,1.0
123,91.jpg,khi,w⁄,1.0
123,82.jpg,usd,w<,1.0
123,83.jpg,và,d~,1.0
123,84.jpg,trong,"kh
0",1.0
123,85.jpg,khó,l,1.0
123,86.jpg,đầm,"c
“",1.0
123,100.jpg,phương,,1.0
108,2.jpg,thoát,1ø,1.0
108,3.jpg,nông,mu,1.0
123,97.jpg,sau,ti,1.0
143,38.jpg,tài,1,1.0
143,37.jpg,đến,®ố,1.0
143,51.jpg,phiên,(2,1.0
143,50.jpg,anh,da,1.0
143,48.jpg,song,_,1.0
120,93.jpg,về,v ể,1.0
143,28.jpg,mẹ,w0,1.0
143,42.jpg,ông,ơạ,1.0
143,41.jpg,về,tc,1.0
143,39.jpg,khả,tá,1.0
143,77.jpg,rừng,và,1.0
143,76.jpg,này,cu,1.0
143,26.jpg,70,{o,1.0
143,24.jpg,bất,ti,1.0
85,39.jpg,ông,f^,1.0
103,51.jpg,âm,,1.0
85,34.jpg,phần,"1
lí",1.0
85,47.jpg,tài,cc,1.0
85,46.jpg,người,,1.0
85,22.jpg,từ,cu,1.0
85,32.jpg,đầu,ji,1.0
85,31.jpg,gấu,hn,1.0
85,30.jpg,phí,gu,1.0
85,28.jpg,kiểm,”,1.0
85,27.jpg,đều,xê,1.0
85,26.jpg,tâm,,1.0
143,19.jpg,2003,5),1.0
143,18.jpg,mời,aà,1.0
143,16.jpg,hướng,xơ,1.0
143,15.jpg,gánh,4«<#,1.0
143,13.jpg,tiếp,14 ~,1.0
85,37.jpg,từ,+,1.0
35,83.jpg,sân,94,1.0
35,82.jpg,những,ó,1.0
35,81.jpg,sao,w0,1.0
143,75.jpg,chỉ,“,1.0
143,72.jpg,về,_,1.0
143,71.jpg,cứu,,1.0
143,83.jpg,giữ,j⁄^,1.0
143,82.jpg,trạm,[aøx,1.0
143,53.jpg,lên,(.,1.0
143,52.jpg,và,_,1.0
143,67.jpg,án,(no,1.0
143,66.jpg,nhà,1:,1.0
143,65.jpg,công,"^
co",1.0
143,63.jpg,đinh,äa⁄,1.0
143,62.jpg,thuận,g5,1.0
120,97.jpg,răng,„,1.0
85,1.jpg,lặng,"a
/",1.0
85,13.jpg,doanh,jjigo,1.0
85,10.jpg,nhiệm,,1.0
85,9.jpg,nơi,tô,1.0
143,58.jpg,báo,(,1.0
143,57.jpg,cơ,cí!,1.0
35,95.jpg,là,1a,1.0
85,5.jpg,kết,c,1.0
85,4.jpg,ra,à“,1.0
85,2.jpg,trại,19,1.0
120,91.jpg,trở,—.,1.0
120,90.jpg,dúi,.,1.0
120,89.jpg,cứu,ti,1.0
120,100.jpg,từ 12 g khuya 13 đến rạng sáng 14 họ đã tìm được xác 19 người. đau lòng,,1.0
120,99.jpg,cao,(cơ,1.0
143,60.jpg,hoa,,1.0
120,57.jpg,hầm,in,1.0
85,65.jpg,sự,nc,1.0
85,64.jpg,việc,"ñ
ư",1.0
85,63.jpg,khi,li.,1.0
85,62.jpg,tài,“kg,1.0
85,60.jpg,ty,6,1.0
85,59.jpg,hảo,l,1.0
85,57.jpg,trôi,/z⁄,1.0
120,49.jpg,biển,,1.0
120,48.jpg,đá,pb,1.0
85,55.jpg,lại,á,1.0
85,54.jpg,âm,_,1.0
85,53.jpg,phải,4 6,1.0
85,51.jpg,vay,kế,1.0
120,42.jpg,19,é,1.0
143,12.jpg,hưởng,ki,1.0
120,53.jpg,động,,1.0
120,52.jpg,chơi,.,1.0
120,51.jpg,không,,1.0
120,50.jpg,được,(08v,1.0
120,24.jpg,bền,đ&,1.0
120,36.jpg,kiện,,1.0
120,34.jpg,triển,"~
 ,",1.0
120,33.jpg,ông,~,1.0
120,46.jpg,vinh,,1.0
120,15.jpg,tìm,v,1.0
120,12.jpg,2003,#2,1.0
120,23.jpg,được,"áx
cc",1.0
120,20.jpg,chăm,c/„ mo,1.0
107,94.jpg,tờ,⁄,1.0
107,93.jpg,cấp,"⁄
cáp",1.0
120,41.jpg,cảnh,,1.0
85,24.jpg,bài,.,1.0
143,11.jpg,an,á&,1.0
143,10.jpg,ba,bc_,1.0
143,9.jpg,sửa,cá,1.0
143,8.jpg,"có người thấy ông làm việc thiện kêu cho cây. ngược lại, có người nghĩ",,1.0
143,7.jpg,về,4,1.0
143,5.jpg,hiếm,5,1.0
143,4.jpg,hiếm,⁄,1.0
120,81.png,"thừa thiên - huế, hồ chí minh thái nguyên, thanh hoá, quảng ninh, cao bằng an giang, bình định, sóc trăng hậu giang, hà tĩnh, đắk nông, quảng bình",,1.0
120,80.jpg,ninh,n¬ai&,1.0
120,30.jpg,ngoài,⁄p^,1.0
120,29.jpg,lãnh,,1.0
120,27.jpg,đất,cb,1.0
120,26.jpg,cư,lv,1.0
120,73.jpg,là,,1.0
120,59.jpg,ba,.,1.0
120,61.jpg,giáo,qù~2,1.0
120,63.jpg,cùng,_,1.0
85,41.jpg,liên,v,1.0
85,43.jpg,rất,1,1.0
85,44.jpg,để,x,1.0
120,74.jpg,bỏ,,1.0
120,77.jpg,đến,1⁄4,1.0
120,87.jpg,kiến,cu.,1.0
120,64.jpg,sang,"ko,",1.0
120,65.jpg,đội,l,1.0
120,66.jpg,mua,(w4,1.0
120,56.jpg,trước,"/›
cn",1.0
120,83.jpg,tiên,cú,1.0
120,84.jpg,lợi,⁄,1.0
120,85.jpg,kế,cc,1.0
120,86.jpg,số,cc,1.0
120,78.jpg,buổi,6w,1.0
103,16.jpg,lượng,cc,1.0
103,15.jpg,các,(€,1.0
103,30.jpg,tôi,xe,1.0
103,28.jpg,minh,l,1.0
35,33.jpg,nhất,“„.,1.0
35,31.jpg,yaly,áo,1.0
35,43.jpg,rạng,,1.0
35,42.jpg,gần,42,1.0
35,26.jpg,hiểm,1,1.0
35,24.jpg,dụng,,1.0
35,23.jpg,67,é>,1.0
35,21.jpg,đứt,1í,1.0
35,20.jpg,xã,_,1.0
35,35.jpg,tây,ki,1.0
35,34.jpg,hoàn,lở.,1.0
35,72.jpg,quyền,mi,1.0
103,11.jpg,hết,4è,1.0
103,10.jpg,các,(,1.0
103,9.jpg,vấn,nơi,1.0
103,8.jpg,phước,at,1.0
103,7.jpg,phước,#9,1.0
35,28.jpg,thì,n,1.0
103,6.jpg,môi,pa,1.0
103,5.jpg,danh,“,1.0
103,4.jpg,thì,‹(è,1.0
103,3.jpg,tài,“,1.0
103,2.jpg,thất,,1.0
103,1.jpg,chậm,6x,1.0
12,78.jpg,đó,^ò,1.0
12,76.jpg,có,._,1.0
12,75.jpg,bộ,bk©,1.0
103,13.jpg,hỏi,ịng,1.0
103,49.jpg,tôi,_,1.0
103,47.jpg,với,~,1.0
103,61.jpg,có,^ˆ,1.0
103,60.jpg,được,#‹,1.0
35,8.jpg,xây,k,1.0
35,7.jpg,ruổi,"<
vð",1.0
35,5.jpg,xin,<^,1.0
35,19.jpg,tour,/,1.0
35,18.jpg,tám,"⁄
tom",1.0
12,89.jpg,"thảm thiết rứa, làm răng ai có thể làm ngơ được "". xác 19 công",,1.0
12,88.jpg,cũng,"—
1",1.0
12,85.jpg,ông,,1.0
12,97.jpg,vợ,ưd,1.0
12,95.jpg,4,c,1.0
12,94.jpg,một,xo,1.0
103,18.jpg,hai,cc,1.0
103,19.jpg,định,ø⁄4,1.0
103,31.jpg,đội,l8,1.0
103,33.jpg,"vùng biển và hải đảo nước ta có vị trí chiến lược hết sức to lớn,",,1.0
103,34.jpg,hay,⁄~⁄,1.0
103,37.jpg,được,ch.,1.0
103,25.jpg,nhanh,4,1.0
103,26.jpg,hồ,k,1.0
12,92.jpg,hãy,nà,1.0
103,40.jpg,cho,2,1.0
103,41.jpg,v,u,1.0
103,42.jpg,là,,1.0
103,43.jpg,lý,á,1.0
103,44.jpg,bất,v/v,1.0
103,45.jpg,đủ,số,1.0
103,46.jpg,đặt,#{,1.0
12,91.jpg,tự,..,1.0
12,90.jpg,công,lớm,1.0
12,42.jpg,ca,c⁄z,1.0
12,39.jpg,sài,kt,1.0
12,36.jpg,năm,t20,1.0
12,34.jpg,đã,⁄0,1.0
12,50.jpg,cơm,n,1.0
12,49.jpg,bà,ú_,1.0
12,48.jpg,doanh,_,1.0
12,31.jpg,nguyên,a4,1.0
12,30.jpg,viên,2ù,1.0
12,28.jpg,xe,vũ,1.0
35,92.jpg,khi,..,1.0
35,89.jpg,thực,"⁄""",1.0
35,87.jpg,số,^^,1.0
35,100.jpg,cho,5 @,1.0
35,98.jpg,"sơ sót, anh em kiểm tra không kỹ nhưng theo tôi không làm thay đổi được bản chất",,1.0
12,24.jpg,sáng,2o,1.0
143,93.jpg,tăng,*«v4,1.0
12,4.jpg,điểm,,1.0
12,1.jpg,họ,,1.0
12,15.jpg,nhân,.,1.0
12,13.jpg,dự,(,1.0
12,11.jpg,với,"bờ,",1.0
12,9.jpg,trường,.,1.0
35,78.jpg,39,21,1.0
35,77.jpg,đều,"i
x",1.0
143,91.jpg,nghỉ,,1.0
143,90.jpg,cho,tt,1.0
143,86.jpg,là,u,1.0
143,85.jpg,quý,4⁄4,1.0
143,84.jpg,làm,fow,1.0
35,75.jpg,bộ,`,1.0
143,95.jpg,tục,.,1.0
12,22.jpg,cùng,_ấ,1.0
12,20.jpg,tế,li,1.0
12,73.jpg,quyết,,1.0
12,70.jpg,23,5,1.0
12,82.jpg,phần,mà,1.0
12,81.jpg,gà,4^,1.0
12,80.jpg,đường,ẳ4 2n,1.0
12,79.jpg,để,p,1.0
12,55.jpg,do,z0,1.0
12,54.jpg,một,w®*,1.0
12,65.jpg,tế,lu,1.0
12,64.jpg,giữa,cc,1.0
12,62.jpg,chục,g,1.0
12,61.jpg,nhưng,,1.0
12,60.jpg,lâm,<,1.0
35,54.jpg,vào,\vö^,1.0
35,56.jpg,đi,zˆ,1.0
35,57.jpg,bận,"b<
ô",1.0
35,58.jpg,đăng,ïưa,1.0
12,43.jpg,đất,d6,1.0
12,45.jpg,hấp,&,1.0
12,47.jpg,vòng,._,1.0
35,76.jpg,cũng,_,1.0
35,37.jpg,tổ,1,1.0
35,63.jpg,đỏ,#z,1.0
35,65.jpg,lương,oxy,1.0
35,66.jpg,chi,~,1.0
35,68.jpg,21,cu,1.0
12,56.jpg,khi,lạ,1.0
12,57.jpg,dâng,2l,1.0
35,46.jpg,sở,cé,1.0
35,50.jpg,sống,s5¬äa,1.0
35,61.jpg,báo,.,1.0
86,73.jpg,sú,_.,1.0
93,64.jpg,tên,(.,1.0
93,79.jpg,hồ,l.,1.0
93,78.jpg,tỉnh,k,1.0
93,77.jpg,cho,“—b,1.0
93,75.jpg,đầu,ba,1.0
93,84.jpg,khai,in,1.0
149,4.jpg,lý,bự,1.0
149,3.jpg,của,-,1.0
149,2.jpg,môn hóa thì quả là... tốt quá.,,1.0
149,1.jpg,chìm,ti,1.0
93,100.jpg,bất,s,1.0
93,98.jpg,vào,vvữb,1.0
93,97.jpg,"có khí hậu biển là vùng nhiệt đới tạo điều kiện cho sinh vật biển phát triển, tồn tại",,1.0
86,54.jpg,trung,†y bi,1.0
95,9.jpg,truyền,=>,1.0
86,51.jpg,điểm,cc,1.0
86,53.jpg,ông,cá,1.0
86,39.jpg,nhặt,a⁄,1.0
86,41.jpg,để,tu,1.0
86,42.jpg,nhân,~,1.0
86,55.jpg,việc,,1.0
86,56.jpg,giá,qu,1.0
86,65.jpg,món,tu,1.0
86,59.jpg,vào,⁄2,1.0
86,60.jpg,giờ,.,1.0
86,61.jpg,đã,s,1.0
86,46.jpg,đi,_l,1.0
86,47.jpg,phê,#ø⁄,1.0
93,94.jpg,dự,âu,1.0
93,95.jpg,đ,.,1.0
86,63.jpg,dù,cá,1.0
86,57.jpg,trăm,(i6,1.0
104,8.jpg,đăng,x4,1.0
104,9.jpg,nhọn,mi,1.0
104,63.jpg,trái,-m&,1.0
104,65.jpg,triệu,,1.0
104,24.jpg,trong,lơ,1.0
104,26.jpg,tp,“gp,1.0
104,12.jpg,chúng,%,1.0
86,74.jpg,"có chồn, cheo không? vợ của tám nhiều lôi ra hai bọc từ tủ lạnh,",,1.0
104,16.jpg,p,r,1.0
104,19.jpg,nhà,st,1.0
104,4.jpg,chúng,,1.0
93,59.jpg,tạo,s_,1.0
93,63.jpg,sót,cớ,1.0
104,30.jpg,thùng,4á,1.0
104,33.jpg,là,(,1.0
104,34.jpg,chính,à4,1.0
104,14.jpg,bàn,.,1.0
86,75.jpg,12,1⁄3,1.0
86,76.jpg,hoãn,1,1.0
93,80.jpg,"có tài nguyên sinh vật và khoáng sản phong phú, đa dạng, quý hiếm. vùng biển và hải đảo nước ta có vị trí chiến lược hết sức to lớn, có ảnh hưởng trực tiếp đến sự nghiệp bảo vệ nền độc lập dân tộc và xây dựng chủ nghĩa xã hội, có liên quan trực tiếp đến sự phồn vinh của đất nước, đến văn minh và hạnh phúc của nhân dân.",,1.0
93,83.jpg,đó,àd,1.0
86,92.jpg,của,nh,1.0
86,79.jpg,phố,li,1.0
86,81.jpg,ngó,⁄,1.0
104,6.jpg,lưu,/z,1.0
86,83.jpg,vừa,w2.,1.0
86,72.jpg,như,y,1.0
86,99.jpg,thử,{4,1.0
104,1.jpg,lại,#4,1.0
104,2.jpg,không,4⁄4,1.0
86,88.jpg,thì,dc,1.0
86,89.jpg,ngả,“x,1.0
86,90.jpg,lạ,/,1.0
86,82.jpg,một,eo,1.0
149,30.jpg,đến,ˆ,1.0
149,34.jpg,nhiễm,12⁄2,1.0
149,35.jpg,tôi,nh,1.0
55,75.jpg,phương,k,1.0
55,77.jpg,phận,4í ôn,1.0
55,78.jpg,cảnh,pp,1.0
55,80.jpg,2000,7⁄2,1.0
86,37.jpg,chiếm,"2/0,",1.0
86,31.jpg,làm,củ,1.0
86,32.jpg,thống,1ñ,1.0
55,85.jpg,tin,1,1.0
55,86.jpg,lúc,(,1.0
55,87.jpg,biển,&^,1.0
55,88.jpg,hàng,mu,1.0
55,73.jpg,bụng,_,1.0
55,74.jpg,tra,{†ya,1.0
86,29.jpg,kết,lš,1.0
55,69.jpg,người,_ dà,1.0
55,71.jpg,vẹn,wv#ø,1.0
55,72.jpg,một,„đi,1.0
55,58.jpg,thành,+%⁄4(,1.0
55,59.jpg,đến,ch,1.0
149,21.jpg,tiêu,luv,1.0
149,22.jpg,một,ni,1.0
149,29.jpg,nhà,//⁄,1.0
149,25.jpg,tại,“tra,1.0
149,26.jpg,đại,-«,1.0
149,27.jpg,tuyệt,,1.0
55,66.jpg,giờ,pế,1.0
149,40.jpg,người,mu,1.0
149,42.jpg,nguyện,mô,1.0
149,43.jpg,chí,,1.0
149,44.jpg,lương,c_,1.0
149,24.jpg,chính,đ„k,1.0
149,11.jpg,hoàn,01/1,1.0
86,20.jpg,phước,t⁄%s⁄,1.0
86,5.jpg,thuận,+,1.0
86,6.jpg,cầu,"đ,",1.0
86,9.jpg,này,_,1.0
86,12.jpg,viết,"d
hi",1.0
149,16.jpg,không,#2,1.0
55,100.jpg,một,2,1.0
86,28.jpg,thể,v4,1.0
86,13.jpg,vì,ni,1.0
86,17.jpg,3,⁄,1.0
86,18.jpg,bao,l.,1.0
86,19.jpg,do,cho,1.0
86,34.jpg,ủng,^,1.0
86,35.jpg,xem,12w,1.0
86,36.jpg,dự,duà,1.0
86,27.jpg,hoành,í.—b,1.0
86,1.jpg,không,“^^,1.0
86,3.jpg,triển,,1.0
55,91.jpg,sau,(w0,1.0
55,92.jpg,tư,“,1.0
55,93.jpg,khu,w,1.0
55,54.jpg,thu,øim,1.0
55,55.jpg,điều,-,1.0
149,8.jpg,đầu,“,1.0
55,40.jpg,khanh,„l,1.0
55,42.jpg,bộ,lơ,1.0
55,45.jpg,số,_ˆ,1.0
55,47.jpg,các,"(
cơ",1.0
149,19.jpg,sự,n2,1.0
149,20.jpg,vâng,mx ứ,1.0
149,5.jpg,nhiều,⁄⁄ø,1.0
149,7.jpg,hiện,auh,1.0
55,56.jpg,sông,«y,1.0
39,36.jpg,kỷ,cá,1.0
39,37.jpg,anh,_,1.0
38,85.jpg,đặt,dx|,1.0
39,56.jpg,ta,†,1.0
39,57.jpg,một,1,1.0
39,42.jpg,đào,,1.0
39,44.jpg,17,43,1.0
104,20.jpg,nhưng,⁄é,1.0
39,47.jpg,trí,n,1.0
39,48.jpg,cứu,.,1.0
39,58.jpg,tôi,zzj,1.0
39,62.jpg,vụ,wvv,1.0
39,64.jpg,hứa,1,1.0
39,50.jpg,lên,[ch,1.0
39,52.jpg,lục,”,1.0
39,53.jpg,thể,+7,1.0
39,45.jpg,viên,"p72,",1.0
38,96.jpg,vẻ,v⁄2,1.0
38,97.jpg,sự,“,1.0
39,27.jpg,người,,1.0
39,31.jpg,tiêu,+1,1.0
39,17.jpg,bộ,áo,1.0
93,13.jpg,20,c,1.0
38,99.jpg,tại,„,1.0
39,34.jpg,ông,sa,1.0
38,91.jpg,đầy,ha,1.0
38,92.jpg,vì,ni,1.0
38,93.jpg,dẫn,ru.,1.0
38,74.jpg,thân,+. øn,1.0
38,75.jpg,hơn,vở,1.0
38,79.jpg,đông,xxxm,1.0
38,67.jpg,theo,ác,1.0
39,49.jpg,chủ,n,1.0
93,4.jpg,bao,v5,1.0
39,96.jpg,buổi,"32
&",1.0
39,97.jpg,thấy,.,1.0
38,70.jpg,theo,5á 5,1.0
38,71.jpg,hai,,1.0
38,73.jpg,trình,“1xøu,1.0
38,58.jpg,từ,la,1.0
38,61.jpg,chính,„0,1.0
39,77.jpg,đề,ø',1.0
38,57.jpg,khi,ab,1.0
38,42.jpg,trái,”<›`,1.0
38,46.jpg,đường,ả _,1.0
38,48.jpg,giữ,,1.0
38,49.jpg,nhưng,,1.0
38,34.jpg,màu,24,1.0
38,38.jpg,một,an,1.0
38,26.jpg,dự,ch,1.0
38,62.jpg,đội,l,1.0
39,78.jpg,giữ,2,1.0
39,80.jpg,xương,——,1.0
39,66.jpg,đó,/,1.0
39,67.jpg,dưới,ân,1.0
39,68.jpg,hướng,á ở.,1.0
39,69.jpg,lịch,,1.0
39,84.jpg,trực,“pvac,1.0
39,94.jpg,b,bđ,1.0
39,87.jpg,ông,,1.0
39,74.jpg,đi,.,1.0
39,75.jpg,chị,di,1.0
39,76.jpg,lượt,/mox,1.0
38,64.jpg,ngành,"ton/
n4",1.0
38,65.jpg,đưa,x2,1.0
39,91.jpg,là,|.,1.0
39,93.jpg,tài,ca,1.0
39,85.jpg,chiếc,,1.0
104,45.jpg,nai,(loi,1.0
104,50.jpg,đó,,1.0
104,51.jpg,giữ,quả,1.0
104,36.jpg,23,2.2,1.0
104,38.jpg,vì,l,1.0
104,39.jpg,dị,đt,1.0
104,66.jpg,"đêm kinh hoàng. ở văn phòng công ty trường sơn, cách bãi xác chừng 150 m, cũng",,1.0
38,95.jpg,liệu,^,1.0
104,68.jpg,thủ,_,1.0
104,52.jpg,diện,,1.0
104,53.jpg,tại,la,1.0
104,55.jpg,nghị,⁄,1.0
104,57.png,"để đảm bảo trật tự, an toàn giao thông, tạo thuận lợi cho nhân dân đi lại dịp tết nguyên đán năm 2026 trong thời gian đang đầu tư các trạm dừng nghỉ, cục đường bộ cung cấp thông tin vị trí các trạm dừng nghỉ.",,1.0
104,58.jpg,"trong khi đó, tại lễ kỷ niệm ngày nước thế giới (22 - 3), bà kanni ignaraja, phó đại diện thường trú của chương trình phát triển liên hiệp quốc (undp) tại hà nội, khẳng định nếu vn muốn giải quyết được mục tiêu cung cấp nước sạch cho 85% dân số vào năm 2010 và cho 100% dân số vào năm 2020 thì phải có ba yếu tố : tạo ra nhiều hơn nữa các nguồn đầu tư trong và ngoài nước, xác định ưu tiên về xây dựng năng lực ở những nơi có nhu cầu nước lớn nhất, huy động nhiều đối tượng tham gia thực hiện phương thức quản lý tài nguyên nước.",,1.0
104,74.jpg,thảo,lg,1.0
104,75.jpg,vùng,_,1.0
104,67.jpg,thể,dục,1.0
93,68.jpg,chào,tc,1.0
93,70.jpg,là,,1.0
93,71.jpg,đầu,z2,1.0
93,54.jpg,phía,"s
ph",1.0
93,42.jpg,ấy,2,1.0
93,46.jpg,nối,r&t,1.0
93,47.jpg,thiếu,#8,1.0
104,44.jpg,nhiều,cc h,1.0
104,40.jpg,hầm,t,1.0
104,41.jpg,không,le,1.0
104,42.jpg,số,%,1.0
93,48.jpg,nguyên,m4,1.0
93,49.jpg,nhân,“”“œ,1.0
93,51.jpg,ở,ố,1.0
93,52.jpg,ăn,co,1.0
93,53.jpg,thư,,1.0
93,31.jpg,nhận,,1.0
93,24.jpg,tá,ẫt“,1.0
93,26.jpg,chính,4,1.0
93,29.jpg,dõi,p7,1.0
39,12.jpg,như,“,1.0
39,13.jpg,có,k,1.0
39,14.jpg,lý,äá,1.0
39,16.jpg,trước,m,1.0
93,18.jpg,hcm,rc⁄a,1.0
39,4.jpg,nhìn,,1.0
39,18.jpg,trường,,1.0
39,20.jpg,chúi,,1.0
39,23.jpg,cắp,"⁄
cap",1.0
39,24.jpg,đi,ổï,1.0
39,9.jpg,tại,ko^,1.0
39,10.jpg,giao,cử,1.0
38,94.jpg,ông,ớm,1.0
39,1.jpg,xôi,^.,1.0
93,19.jpg,không,——,1.0
93,22.jpg,cuộc,vvớp,1.0
93,9.jpg,vì,sn,1.0
93,11.jpg,đến,_—,1.0
104,91.jpg,"hết được "".",,1.0
104,79.jpg,tế,kỉ,1.0
104,83.jpg,giảm,112,1.0
93,39.jpg,dự,2z,1.0
104,73.jpg,chiến,”,1.0
104,93.jpg,nguyễn,",
tm",1.0
104,85.jpg,nỗi,wlế,1.0
104,87.jpg,thì,xởx,1.0
104,88.jpg,ít,,1.0
104,89.jpg,bị,b í,1.0
104,90.jpg,sau,lv,1.0
93,35.jpg,"khái quát về biển đảo việt nam nước ta giáp với biển đông ở hai phía đông và nam. vùng biển việt nam là một phần biển đông. bờ biển dài 3.260 km, từ quảng ninh đến kiên giang. như vậy cứ 100 km2 thì có 1 km bờ biển (trung bình của thế giới là 600 km2 đất liền / 1 km bờ biển). biển có vùng nội thủy, lãnh hải, vùng đặc quyền kinh tế và thềm lục địa với diện tích trên 1 triệu km2 (gấp 3 diện tích đất liền 1 triệu km2 / 330.000 km2).",s,1.0
104,72.jpg,trong,1m,1.0
65,59.jpg,và,đi,1.0
65,61.jpg,ông,cc,1.0
65,62.jpg,thủ,/,1.0
65,66.jpg,và,ma,1.0
65,52.jpg,đất,cô,1.0
65,53.jpg,bạt,vai,1.0
65,54.jpg,hđnd,pp),1.0
55,68.jpg,yêu,q2,1.0
65,48.jpg,thủ,1í,1.0
65,36.jpg,từ,+},1.0
65,37.jpg,bản,_,1.0
65,39.jpg,lĩnh,cố,1.0
65,40.jpg,vị,w,1.0
7,11.jpg,chính,đy),1.0
7,13.jpg,thợ,n.,1.0
7,14.jpg,quý,(bí,1.0
65,47.jpg,hiện,khu,1.0
115,92.jpg,công,,1.0
115,81.jpg,công,laở,1.0
115,83.jpg,5,d,1.0
7,35.jpg,chồng,à1,1.0
115,94.jpg,bản ghi,,1.0
115,95.jpg,bắc,báí c,1.0
115,96.jpg,tháng,1[g4s,1.0
7,8.jpg,điểm,lá,1.0
115,99.jpg,cũng,ø4,1.0
115,87.jpg,tôt,+(,1.0
65,56.jpg,cho,“1,1.0
65,57.jpg,giải,®°0,1.0
65,58.jpg,một,cn,1.0
7,5.jpg,115,ú,1.0
7,6.jpg,dị,..,1.0
7,7.jpg,biết,ñ&⁄,1.0
115,98.jpg,400,"5,",1.0
7,43.jpg,nhà,s4,1.0
7,45.jpg,tự,⁄.,1.0
7,46.jpg,nhiễm,^^,1.0
7,49.jpg,đường,“2%,1.0
7,60.jpg,thành,“l4,1.0
7,61.jpg,anh,em,1.0
7,64.jpg,quan,| ^^,1.0
7,15.jpg,ba,nh,1.0
7,66.jpg,giản,® _,1.0
7,52.jpg,chiến,=4,1.0
65,26.jpg,thường,(lầu,1.0
7,68.jpg,khá,(lí,1.0
7,69.jpg,phản,c,1.0
7,72.jpg,từ,4u,1.0
7,73.jpg,nơi,7⁄5,1.0
65,41.jpg,của,cuuì,1.0
7,65.jpg,nhưng,w hao,1.0
7,16.jpg,để,“_,1.0
65,44.jpg,ra,a4,1.0
65,45.jpg,70,t2,1.0
7,33.jpg,nhân,/”.5,1.0
7,18.jpg,xứ,xxx,1.0
7,20.jpg,khâm,len,1.0
7,21.jpg,mua,z4,1.0
7,56.jpg,chơi,nt,1.0
7,23.jpg,đã,dø,1.0
7,10.jpg,johor,g,1.0
7,41.jpg,luyện,co,1.0
7,42.jpg,chiều,,1.0
7,26.jpg,chiếm,“l,1.0
7,27.jpg,lặn,/xa,1.0
7,30.jpg,cũng,mã,1.0
7,32.jpg,châu,ốc,1.0
7,22.jpg,đã,,1.0
115,36.jpg,doanh,"zíca„,",1.0
115,24.jpg,biết,/„,1.0
115,26.jpg,tiên,[ 4,1.0
115,14.jpg,thể,“4n,1.0
115,16.jpg,tại,(dj,1.0
115,42.jpg,căng,_,1.0
115,29.jpg,bảo,sn,1.0
115,75.jpg,cơ,(cú,1.0
115,31.jpg,bốc,l,1.0
115,32.jpg,anh,—,1.0
115,34.jpg,ai,c,1.0
115,35.jpg,vào,ac,1.0
65,84.jpg,ở,3,1.0
65,87.jpg,quà,,1.0
65,88.jpg,giới,o;&,1.0
65,90.jpg,hỗ,"nh,",1.0
115,30.jpg,quà,1⁄2,1.0
57,90.jpg,hi,4,1.0
57,82.jpg,đã,m,1.0
57,85.jpg,phần,—_,1.0
57,86.jpg,lùng,4<,1.0
57,87.jpg,khủng,lu 3,1.0
57,96.jpg,văn,4a,1.0
57,97.jpg,đ,_,1.0
115,11.jpg,và,^,1.0
57,100.jpg,chân,át,1.0
115,2.jpg,du,0x,1.0
57,54.jpg,hội,tờ;,1.0
115,5.jpg,904,10(_,1.0
115,6.jpg,và,0=,1.0
115,7.jpg,và,n,1.0
115,9.jpg,nguyễn,mzyd^¬,1.0
115,10.jpg,vỡ,,1.0
57,98.jpg,để,s,1.0
115,51.jpg,nãy,^,1.0
115,76.jpg,biệt,cu,1.0
115,61.jpg,lại,_,1.0
115,62.jpg,nhận,"„ah
°",1.0
115,65.jpg,11,4\,1.0
115,66.jpg,thắp,sê.,1.0
115,67.jpg,ít,_z,1.0
115,37.jpg,tay,ho,1.0
115,57.jpg,cấp,~,1.0
115,17.jpg,"aids và mại dâm, tổ chức trong hai ngày 22 và 23 - 3 tại hà nội, bộ trưởng bộ lao động - thương binh & xã",,1.0
115,18.jpg,với,_,1.0
115,19.jpg,phú,me,1.0
115,20.jpg,sự,sw/,1.0
115,69.jpg,phòng,99,1.0
115,70.jpg,sẽ,«,1.0
115,73.jpg,ra,hà,1.0
115,55.jpg,nước,ố,1.0
115,38.jpg,xuống,ket,1.0
40,3.jpg,nước,w4,1.0
40,5.jpg,được,1m6o,1.0
40,6.jpg,quan,í s<n,1.0
65,93.jpg,một,a21,1.0
65,77.jpg,chúng,,1.0
65,80.jpg,được,,1.0
115,50.jpg,khai,/#„,1.0
65,69.jpg,điểm,chủ,1.0
65,70.jpg,á,ấ,1.0
65,71.jpg,bên,l,1.0
65,75.jpg,sinh,c⁄,1.0
115,59.jpg,gí,qgó,1.0
115,60.jpg,săn,š,1.0
115,48.jpg,các,"⁄
cc",1.0
115,49.jpg,lưới,i6,1.0
65,82.jpg,đầu,“5,1.0
64,90.jpg,vụ,nó,1.0
64,73.jpg,đợi,n4,1.0
55,6.jpg,lại,ky,1.0
64,91.jpg,h,hh,1.0
64,92.jpg,khai,là,1.0
64,93.jpg,mỗi,4,1.0
64,94.jpg,gia,ừ^,1.0
65,27.jpg,kiện,1oội,1.0
64,82.jpg,là,in,1.0
149,57.jpg,những,rn 0),1.0
149,58.jpg,sinh,zờì,1.0
149,60.jpg,giá,án,1.0
149,61.jpg,chiến,,1.0
55,1.jpg,nay,cơ,1.0
55,5.jpg,khu,nn,1.0
149,67.jpg,thường,1t,1.0
64,97.jpg,hưởng,",",1.0
64,41.jpg,cũng,"—
ti",1.0
64,42.jpg,vì,ui,1.0
64,43.jpg,phải,~_,1.0
64,57.jpg,"trước đây, vẫn có nếp nghĩ cho rằng nvơnn là những người có đời sống sung túc hơn nhân dân trong nước, do vậy thường chỉ nghĩ tới nghĩa vụ đóng góp của họ, chú trọng tới khía cạnh "" khai thác "". nghị quyết lần này nêu rõ nhà nước khuyến khích bà con đề cao trách nhiệm đối với bản thân mình trước, như thực hiện tốt hội nhập, thực hiện nghiêm chỉnh luật pháp sở tại... rồi cuối cùng mới là tùy theo điều kiện và khả năng của mỗi người mà góp phần xây dựng quê hương đất nước.",,1.0
64,59.jpg,chở,,1.0
64,60.jpg,mô,an,1.0
64,64.jpg,phú,gi,1.0
64,86.jpg,tra,w/,1.0
64,10.jpg,hởi,1à,1.0
64,11.jpg,sang,—,1.0
64,13.jpg,tạo nên csdl,,1.0
64,14.jpg,lo,(6,1.0
64,65.jpg,này,"_
.",1.0
64,67.jpg,tế,nu,1.0
64,70.jpg,biết,,1.0
64,84.jpg,ngược,"tớ
bá",1.0
64,49.jpg,tiếp,ky,1.0
55,28.jpg,nỗi,(vc,1.0
55,15.jpg,làm,,1.0
55,16.jpg,niềm,7/7.,1.0
55,18.jpg,về,uw,1.0
55,19.jpg,viên,"ˆ¬
na",1.0
64,80.jpg,cán,.,1.0
64,81.jpg,6,ạ,1.0
149,69.jpg,công,,1.0
55,34.jpg,của,1,1.0
55,60.jpg,gấp,ạ^,1.0
55,61.jpg,cùng,—,1.0
55,62.jpg,chỉ,6ä?,1.0
55,63.jpg,lại,đ,1.0
55,48.jpg,hưng,,1.0
55,51.jpg,còn,covw,1.0
55,67.jpg,a5,⁄6,1.0
55,33.jpg,biết,,1.0
149,70.jpg,thẩm,s22,1.0
149,53.jpg,hơn,íƒ^,1.0
149,54.jpg,lý,&,1.0
55,13.jpg,ông,là.,1.0
55,14.jpg,sát,ni,1.0
149,45.jpg,bè,l_,1.0
149,46.jpg,khi,_.,1.0
55,26.jpg,vật,no,1.0
149,49.jpg,trong,ỉa ^¬,1.0
149,37.jpg,hầu,^`,1.0
149,39.jpg,vị,ờ,1.0
55,20.jpg,tra,w0,1.0
55,8.jpg,hai,_,1.0
55,9.jpg,nghiên,,1.0
55,10.jpg,chương,2,1.0
55,11.jpg,lên,,1.0
149,47.jpg,một,~,1.0
7,95.jpg,tư,nh,1.0
7,96.jpg,được,,1.0
7,97.jpg,tạm,†aa,1.0
7,98.jpg,rất,x41,1.0
7,88.jpg,trước,(2,1.0
7,89.jpg,mỗi,”,1.0
7,90.jpg,thôi,ở,1.0
64,54.jpg,dừa,^,1.0
64,1.jpg,tác,v,1.0
64,2.jpg,việc,60,1.0
64,3.jpg,nguyễn,m»z,1.0
64,4.jpg,tỉnh,ốhan,1.0
64,5.jpg,đã,ly,1.0
7,92.jpg,lên,|“,1.0
7,93.jpg,bị,|,1.0
7,94.jpg,chị,,1.0
7,91.jpg,cho nhà đầu tư nước ngoài đầu tư vào vn. chính vì vậy nghị,,1.0
65,28.jpg,ứng,„,1.0
65,30.jpg,"triển cũng sẽ dứt khoát không cho vay. "" nhẹ nhàng "" hơn, đại diện của nh thương mại cổ",,1.0
65,31.jpg,đó,-,1.0
65,20.jpg,ngân,_,1.0
65,21.jpg,ngày,,1.0
65,16.jpg,chiều,ryan,1.0
65,17.jpg,xhcn,wxwucr,1.0
65,13.jpg,khi,p7,1.0
65,6.jpg,bà,l,1.0
65,8.jpg,hàng,/„u,1.0
65,9.jpg,chiếc,n,1.0
7,76.jpg,luận,“4,1.0
7,77.jpg,là,í.,1.0
7,80.jpg,biết,,1.0
7,81.jpg,lãnh,—,1.0
7,82.jpg,hiv,wrú,1.0
65,18.jpg,di,tt,1.0
64,33.jpg,những,"——
à",1.0
64,34.jpg,say,_—,1.0
64,35.jpg,đa,áo,1.0
64,36.jpg,sức,eic_,1.0
149,95.jpg,tục,_,1.0
149,98.jpg,anh,#&p,1.0
149,99.jpg,khai,1.,1.0
64,32.jpg,nghị,,1.0
149,88.jpg,gà,ái,1.0
149,80.jpg,dâm,á&,1.0
149,72.jpg,ra,vy,1.0
149,73.jpg,thấy,đái,1.0
149,75.jpg,huyện,6x,1.0
149,63.jpg,nội,,1.0
64,52.jpg,lao,,1.0
64,53.jpg,bị,là,1.0
65,2.jpg,này,“đà,1.0
64,16.jpg,yên,,1.0
64,17.jpg,qui,gw2,1.0
64,19.jpg,toàn,“5c,1.0
64,20.jpg,sai,co,1.0
64,22.jpg,11,|,1.0
64,24.jpg,không,,1.0
64,8.jpg,qui,0 w,1.0
149,94.jpg,qua,đc,1.0
64,40.jpg,nơi,^,1.0
64,26.jpg,nước,vu,1.0
64,28.jpg,hàng,.,1.0
64,30.jpg,ông,số,1.0
64,31.jpg,ai,,1.0
149,89.jpg,"phép lưu thông vào nội thành, hàng đoàn ôtô nối đuôi nhau chạy với tốc độ",,1.0
149,90.jpg,hầm,kx,1.0
149,92.jpg,đá,đời,1.0
64,37.jpg,pháp,”,1.0
92,10.jpg,thức,đu,1.0
92,8.jpg,phí,_,1.0
92,7.jpg,20,cô,1.0
117,73.jpg,hỏi,,1.0
117,72.jpg,chưa,pp,1.0
117,86.jpg,bình,ki,1.0
117,84.jpg,vào,>>,1.0
117,79.jpg,hồng,mm,1.0
117,68.jpg,trì,„,1.0
117,67.jpg,ai,^~,1.0
117,66.jpg,bị,^^,1.0
117,65.jpg,hai,v,1.0
117,64.jpg,em,©,1.0
117,63.jpg,làm,„—,1.0
117,74.jpg,thảm,ni,1.0
82,3.jpg,viết,"|
ni",1.0
90,32.jpg,tiếp,⁄2,1.0
90,26.jpg,bây,áồu,1.0
90,27.jpg,ngân,"^ˆ
no",1.0
90,28.jpg,độ,ga,1.0
90,14.jpg,nói,rốt,1.0
90,17.jpg,dùng,—_,1.0
90,18.jpg,tùy,_,1.0
90,25.jpg,hồ,⁄,1.0
90,20.jpg,là một phần biển đông.,,1.0
117,56.jpg,đây,lo,1.0
117,60.jpg,viên,"^^
øn",1.0
117,61.jpg,mật,^^,1.0
117,62.jpg,cứu,”,1.0
90,21.jpg,sáng,ho⁄4,1.0
90,23.jpg,có,.,1.0
90,24.jpg,với,“,1.0
90,19.jpg,áp,4,1.0
90,7.jpg,bác,_—_,1.0
90,8.jpg,gia,~,1.0
90,9.jpg,rồi,cu,1.0
90,10.jpg,dài,,1.0
90,11.jpg,có,cè»,1.0
90,12.jpg,về,uê,1.0
25,97.jpg,việc,"vi
\ ¬",1.0
117,96.jpg,hai,.,1.0
92,22.jpg,xã,.,1.0
92,23.jpg,"87 trang nhật ký trên giấy a4 là tâm sự của 17 con người sau 206 ngày gian nan nơi xứ lạ : không việc làm, không nhà ở, không lương bổng, có người bị đói khát, bị tù đày... giờ đây, những con người ấy dường như không dám nhìn thẳng mặt nhau bởi nỗi đau của những ngày cũ cứ ào tới... nước mắt và sự thảng thốt vẫn còn hiện rõ trên từng khuôn mặt. johor ngày thứ nhất. họ đưa chúng tôi đến khu vực công trường bên cạnh khu rừng, nơi không có bóng dáng người dân, chỉ có ít người indo đang làm việc tại đó.",,1.0
25,89.jpg,lãnh,,1.0
25,91.jpg,tỉnh,”⁄z,1.0
25,93.jpg,đã,tc,1.0
92,39.jpg,văn,wo.n,1.0
92,40.jpg,nâng,,1.0
92,29.jpg,rụt,nä,1.0
25,98.jpg,phía,(~“~,1.0
117,97.jpg,nước,y,1.0
92,13.jpg,sáng,4,1.0
92,14.jpg,tay,,1.0
92,15.jpg,hòa,1x2,1.0
92,16.jpg,nhiều,1.,1.0
92,18.jpg,đây,cứ,1.0
92,3.jpg,báo,.,1.0
92,12.jpg,bị,hả,1.0
92,6.jpg,sao,to],1.0
25,99.jpg,tiên,-kiì0,1.0
25,100.jpg,đất,d4,1.0
90,1.jpg,lên,⁄,1.0
90,2.jpg,ở,ồ,1.0
90,3.jpg,này,,1.0
90,4.jpg,xe,w,1.0
92,11.jpg,tàu,—,1.0
92,4.jpg,bên,[5z,1.0
90,75.jpg,chừng,é,1.0
90,62.jpg,kêu,v⁄⁄,1.0
90,63.jpg,thể,“nhí,1.0
90,54.jpg,sống,^6⁄4,1.0
90,55.jpg,thì,z7:,1.0
90,57.jpg,sống,^^ ø,1.0
90,59.jpg,xây,ca,1.0
90,31.jpg,kỳ,”,1.0
90,45.jpg,sò,m.,1.0
90,49.jpg,không,"mại,",1.0
90,50.jpg,gỡ,nh,1.0
117,4.jpg,xe,w2,1.0
117,5.jpg,xáng,"va
á",1.0
117,6.jpg,giấy,đầi,1.0
83,91.jpg,50,©b,1.0
83,94.jpg,đặc,t—,1.0
90,60.jpg,ra,lo,1.0
83,87.jpg,nam,mon,1.0
83,73.jpg,chở,ch2o`,1.0
83,74.jpg,một,cc,1.0
83,77.jpg,trong,|,1.0
83,78.jpg,biển,"2
licn",1.0
90,65.jpg,hơi,,1.0
90,66.jpg,cầu,"_
w",1.0
90,74.jpg,nào,r2 o,1.0
90,68.jpg,đuổi,x,1.0
83,81.jpg,phải,7/7,1.0
83,83.jpg,cuối,^^,1.0
83,85.jpg,người,,1.0
90,83.jpg,bà,l_,1.0
90,84.jpg,bốn,lái,1.0
90,71.jpg,sáu,a^,1.0
90,73.jpg,bắt,tx,1.0
90,67.jpg,nó,vế,1.0
117,43.jpg,bất,[4,1.0
117,45.jpg,ngày,“,1.0
117,31.jpg,sậm,bo,1.0
117,34.jpg,nhà,,1.0
117,35.jpg,tới,-á,1.0
90,33.jpg,nhật,„1⁄4,1.0
90,34.jpg,với,|,1.0
83,97.jpg,thôi,1,1.0
117,50.jpg,ngày,la,1.0
117,52.jpg,3,c,1.0
90,40.jpg,hải,tk,1.0
90,41.jpg,trước,“n2,1.0
90,42.jpg,gì,%,1.0
90,43.jpg,định,ảd„ð,1.0
90,44.jpg,công,,1.0
90,29.jpg,đồng,ta,1.0
117,47.jpg,"qua mấy chục cây số mênh mông là ruộng, cuối cùng cái giỏ xách đã được hoàn lại chủ. cũng có khi người được mời đến nhận giấy tờ đã đến văn phòng cùng với một anh... công an : "" tại sao đồ tôi bị ăn trộm mà lại xuất hiện ở đây? ""... nhưng cũng có rất nhiều giấy tờ chưa tìm được chủ. lại có nhiều giấy tờ bị những chủ nhân từ chối nhận lại.",,1.0
117,22.jpg,ký,/,1.0
117,9.jpg,sới,nn,1.0
117,11.jpg,lên,⁄,1.0
117,12.jpg,ấy,ðj,1.0
117,13.jpg,nếu,—~-,1.0
117,2.jpg,thấy,z4,1.0
83,58.jpg,biển,kh,1.0
117,41.jpg,nhặt,_,1.0
83,61.jpg,ông,ớy,1.0
117,18.jpg,tôi,,1.0
117,36.jpg,phi,v⁄⁄i,1.0
117,23.jpg,hải,tc,1.0
117,24.jpg,hạn,ứng,1.0
117,26.jpg,ngọ,,1.0
117,27.jpg,tám,øø,1.0
117,28.jpg,trên,tt⁄2b,1.0
83,59.jpg,ta,..,1.0
96,56.jpg,nam,í,1.0
96,58.jpg,lần,⁄,1.0
96,59.jpg,nhất,vi,1.0
96,60.jpg,cũng,"^^
—",1.0
25,33.jpg,km,“n,1.0
25,37.jpg,là,(,1.0
96,74.jpg,y,”,1.0
92,30.jpg,bất,=4,1.0
96,77.jpg,khoảng,“^“⁄⁄2,1.0
96,79.jpg,ia,tt,1.0
25,55.jpg,bé,ø(,1.0
25,39.jpg,lập,5,1.0
25,42.jpg,phước,⁄⁄5/⁄,1.0
25,43.jpg,cuộc,vy,1.0
25,45.jpg,loại,£v,1.0
25,47.jpg,hai,gia,1.0
96,75.jpg,nghi,,1.0
96,24.jpg,du,s,1.0
96,25.jpg,không,"2m,",1.0
96,26.jpg,hiện,nm,1.0
96,28.jpg,rất,é:,1.0
96,29.jpg,lòng,ø&^,1.0
96,44.jpg,tư,l,1.0
96,46.jpg,nhân,c,1.0
96,70.jpg,trú,—,1.0
96,35.jpg,trong,256,1.0
92,85.jpg,ta,⁄,1.0
92,88.jpg,nhân,—,1.0
92,89.jpg,ta,—,1.0
92,90.jpg,đdv,£đ£)dv,1.0
96,40.jpg,xe,a2,1.0
96,42.jpg,các,"⁄
/",1.0
96,68.jpg,sơn,cả,1.0
96,34.jpg,tốc,b,1.0
36,7.jpg,km,ng,1.0
36,8.jpg,hai,_.,1.0
36,9.jpg,2,1,1.0
36,10.jpg,cửa,vé,1.0
36,11.jpg,toàn,a1,1.0
96,97.jpg,hành,lu,1.0
96,63.jpg,km2,na,1.0
25,48.jpg,châu,0,1.0
96,52.jpg,nghị,,1.0
96,54.jpg,lược,n,1.0
96,55.jpg,hoàn,#—,1.0
36,4.jpg,giờ,,1.0
25,20.jpg,sẽ,có,1.0
25,21.jpg,khẳng,,1.0
25,7.jpg,vì,uủ,1.0
25,9.jpg,mỗi,"_
|",1.0
96,48.jpg,ngày,ma3g,1.0
25,49.jpg,muốn,".
cơn",1.0
25,50.jpg,khác,\2<«,1.0
25,53.jpg,công,,1.0
25,54.jpg,là,nv,1.0
96,83.jpg,thì,vn,1.0
96,84.jpg,của,"l
ca",1.0
96,86.jpg,cấp,,1.0
36,6.jpg,cũng,0⁄4,1.0
36,36.jpg,tài,đc,1.0
36,38.jpg,điện,cú,1.0
96,98.jpg,với,,1.0
96,99.jpg,là,cc,1.0
36,3.jpg,đi,m,1.0
96,91.jpg,giang,,1.0
96,93.jpg,hơn,f6,1.0
96,82.jpg,31,vi,1.0
96,87.jpg,bắt,lá,1.0
92,82.jpg,lại,ón,1.0
92,83.jpg,sắp,,1.0
92,69.jpg,khẩu,(ở,1.0
92,70.jpg,khó,7⁄4,1.0
92,71.jpg,sông,ứ,1.0
92,72.jpg,mà,ra,1.0
25,68.jpg,còn,".
cơn",1.0
96,38.jpg,đề,đc.,1.0
25,71.jpg,sơn,cà,1.0
25,72.jpg,khác,vi,1.0
92,75.jpg,a5,k0,1.0
92,76.jpg,làm,.,1.0
92,77.jpg,ngựa,1,1.0
25,73.jpg,xuống,,1.0
25,75.jpg,như muốn lao vào xe cấp cứu.,,1.0
25,76.jpg,bs,,1.0
25,70.jpg,trinh,1,1.0
92,31.jpg,thành,1⁄2,1.0
92,32.jpg,âm,án,1.0
92,33.jpg,tùy,c,1.0
92,46.jpg,lên,#7,1.0
92,48.jpg,thiết,4,1.0
92,49.jpg,trọng,"hy,",1.0
92,35.jpg,chua,si,1.0
92,79.jpg,sự,^,1.0
117,100.jpg,giao,,1.0
92,1.jpg,đá,x,1.0
117,87.jpg,21,“,1.0
117,88.jpg,trí,l,1.0
117,89.jpg,"không? "". chủ quán tươi cười giải thích : "" đang",,1.0
117,93.jpg,giảm,“,1.0
117,94.jpg,thứ,nạ,1.0
92,78.jpg,thể,,1.0
92,36.jpg,hậu,_,1.0
92,58.jpg,bao,(ø,1.0
96,8.jpg,phủ,2,1.0
96,10.jpg,trường,"#424,",1.0
96,12.jpg,và,ơ,1.0
92,59.jpg,tiến,,1.0
92,63.jpg,của,")
ca",1.0
92,65.jpg,22,lí,1.0
25,78.jpg,tịch,”,1.0
96,16.jpg,lời,,1.0
96,17.jpg,ông,đụ,1.0
96,22.jpg,tòa,cd,1.0
96,23.jpg,người,"b.
«`",1.0
25,59.jpg,bài,th,1.0
25,60.jpg,85,$b,1.0
25,61.jpg,lao,⁄⁄,1.0
25,62.jpg,với,tt,1.0
92,54.jpg,chứ,:ä„,1.0
25,64.jpg,kinh,4.”,1.0
25,81.jpg,nhất,⁄⁄47,1.0
25,82.jpg,nay,kg,1.0
25,85.jpg,gì,cà,1.0
25,86.jpg,tái,"/
7",1.0
25,87.jpg,một,“^^,1.0
92,92.jpg,rất,“,1.0
92,57.jpg,kết,,1.0
92,97.jpg,năng sẽ thiếu nước ngọt và bị nước mặn xâm nhập trên diện rộng vì từ nay đến tháng,,1.0
96,14.jpg,dân,-,1.0
96,15.jpg,là,cá,1.0
92,100.jpg,đã,c2,1.0
96,2.jpg,hai,mm,1.0
96,5.jpg,giờ,_-,1.0
96,6.jpg,nhân,—⁄—,1.0
92,55.jpg,ký,ƒ,1.0
92,96.jpg,2,0,1.0
59,36.jpg,đây,"em,",1.0
59,39.jpg,hình,r,1.0
59,40.jpg,viên,mưa,1.0
59,41.jpg,dâm,pp,1.0
59,42.jpg,mua,vn,1.0
59,43.jpg,và,ïr,1.0
59,28.jpg,tịch,l⁄4j,1.0
83,86.jpg,đảo,._.,1.0
59,58.jpg,đường,26⁄4,1.0
59,44.jpg,gà,“_,1.0
59,45.jpg,không,_,1.0
59,46.jpg,không,⁄⁄%,1.0
59,49.jpg,đến,w,1.0
59,51.jpg,một,xo,1.0
20,64.jpg,ráng,^^,1.0
20,67.jpg,người,,1.0
59,57.jpg,được,,1.0
20,79.jpg,bần,l,1.0
20,83.jpg,anh,cế_,1.0
59,9.jpg,thợ,zhòỏ,1.0
82,95.jpg,liệu,"/^,",1.0
82,100.jpg,ba giờ hẹn.,,1.0
59,2.jpg,cho,_,1.0
20,86.jpg,kiện,l(2u,1.0
59,27.jpg,việc,j0,1.0
59,13.jpg,tử,f},1.0
59,19.jpg,đời,0,1.0
59,6.jpg,5,.,1.0
82,70.jpg,bờ,”,1.0
59,20.jpg,phó,_,1.0
59,23.jpg,cienco,(à@øxœ,1.0
59,24.jpg,trường,,1.0
59,26.jpg,hai,.,1.0
59,12.jpg,bị,,1.0
59,74.jpg,nhà,—,1.0
59,75.jpg,giới,,1.0
59,60.jpg,túc,,1.0
59,62.jpg,theo,~_,1.0
59,88.jpg,đất,dại,1.0
59,89.jpg,nghĩ,ôn,1.0
59,91.jpg,đường,0,1.0
59,52.jpg,thất,”(,1.0
59,78.jpg,góp,q9,1.0
59,80.jpg,khiếp,(1,1.0
59,81.jpg,trình,_,1.0
59,82.jpg,phải,z,1.0
59,30.jpg,kiên,^^,1.0
59,31.jpg,không,áám/,1.0
59,32.jpg,công,s,1.0
59,33.jpg,khẳng,#^ò,1.0
59,76.jpg,lại,âu,1.0
59,53.jpg,ngờ,vở,1.0
59,54.jpg,với,,1.0
59,55.jpg,nghĩa,,1.0
20,72.jpg,hành,pm,1.0
20,74.jpg,diện,"lử,",1.0
20,61.jpg,nhiệm,,1.0
20,63.jpg,bày,4,1.0
59,73.jpg,gì,4i,1.0
59,65.jpg,cười,".
củ",1.0
59,66.jpg,chữ,lá,1.0
20,54.jpg,hai,lim,1.0
20,56.jpg,làm,(vn,1.0
20,57.jpg,dồn,,1.0
20,58.jpg,mai,ko,1.0
59,68.jpg,gian,4 tạn,1.0
59,72.jpg,tinh,⁄,1.0
59,63.jpg,may,hư,1.0
38,20.jpg,khác,"""i",1.0
38,22.jpg,đồ,số,1.0
38,23.jpg,đó,cc,1.0
38,24.jpg,đến,r/m,1.0
38,25.jpg,chân,1ù,1.0
82,42.jpg,bạn,65),1.0
82,43.jpg,bổng,_~,1.0
20,78.jpg,với,cc,1.0
82,31.jpg,kiều,,1.0
82,33.jpg,lộ,k,1.0
82,35.jpg,về,ư,1.0
82,36.jpg,khẩu,"(
kho",1.0
82,37.jpg,dụng,áœ,1.0
82,48.jpg,tau,0w,1.0
82,53.jpg,có,.,1.0
82,54.jpg,giao,6 i40,1.0
82,45.jpg,chủ,e,1.0
82,5.jpg,"thời cơ cách mạng là thời điểm đặc biệt khi điều kiện khách quan và nhân tố chủ quan của cách mạng xã hội đã chín muồi, đó là lúc thuận lợi nhất có thể bùng nổ cách mạng, có ý nghĩa quyết định đối với thành công của cách mạng.",,1.0
38,51.jpg,nhu,prố,1.0
38,52.jpg,tấn,,1.0
38,53.jpg,dần,"á,",1.0
38,54.jpg,xe,k°,1.0
38,55.jpg,công,_,1.0
82,7.jpg,nghi,,1.0
38,19.jpg,đất,2ó,1.0
82,13.jpg,sẽ,—_,1.0
82,14.jpg,chỉ,pp,1.0
39,99.jpg,toàn,zøøa,1.0
82,1.jpg,được,2⁄4,1.0
82,24.jpg,cáo,c”~ø,1.0
82,28.jpg,chúng,ø4,1.0
82,30.jpg,ngày,,1.0
82,22.jpg,ngay,,1.0
82,12.jpg,dẫn,ng,1.0
82,84.jpg,mấy,6,1.0
82,74.jpg,chi,đ«,1.0
38,6.jpg,"khái quát về biển đảo việt nam nước ta giáp với biển đông ở hai phía đông và nam. vùng biển việt nam là một phần biển đông. bờ biển dài 3.260 km, từ quảng ninh đến kiên giang. như vậy cứ 100 km2 thì có 1 km bờ biển (trung bình của thế giới là 600 km2 đất liền / 1 km bờ biển). biển có vùng nội thủy, lãnh hải, vùng đặc quyền kinh tế và thềm lục địa với diện tích trên 1 triệu km2 (gấp 3 diện tích đất liền : 1 triệu km2 / 330.000 km2).",,1.0
20,93.jpg,món,^^,1.0
20,95.jpg,hàng,z4,1.0
20,100.jpg,tật,lở,1.0
82,88.jpg,phẩm,g⁄ i,1.0
82,39.jpg,là,án,1.0
38,10.jpg,sĩ,h,1.0
38,14.jpg,khi,u,1.0
38,15.jpg,giải,,1.0
38,16.jpg,nghị,,1.0
20,87.jpg,diên,1,1.0
20,88.jpg,phương,e  gc,1.0
20,90.jpg,bị,,1.0
20,91.jpg,đi,tr,1.0
82,91.jpg,16,ác,1.0
82,40.jpg,anh,^~,1.0
82,41.jpg,theo,{4i@o,1.0
38,29.jpg,không,#2,1.0
38,33.jpg,85,—~,1.0
82,57.jpg,thông,1i,1.0
82,59.jpg,hoạt,12øf,1.0
82,61.jpg,là,c,1.0
82,83.jpg,lũ,ng,1.0
82,75.jpg,tra,p,1.0
82,76.jpg,nhiều,,1.0
82,77.jpg,công,^^,1.0
82,64.jpg,bình,“2⁄2,1.0
82,67.jpg,phải,w,1.0
82,94.jpg,không,#e«,1.0
82,80.jpg,chìm,“,1.0
82,81.jpg,ba,^,1.0
82,47.jpg,lấn,cc,1.0
83,18.jpg,điều,c1,1.0
83,19.jpg,thủy,no,1.0
83,20.jpg,đã,pl,1.0
83,21.jpg,ngồi trên xe ai cũng nóng lòng như lửa đốt. cuối cùng tuy,,1.0
83,6.jpg,phí,(,1.0
83,8.jpg,bảy,⁄,1.0
83,9.jpg,"khu dân cư mới xuân hải, gây nên kiện cáo kéo dài.",,1.0
59,35.jpg,nghiện,,1.0
23,70.jpg,đã,k,1.0
23,71.jpg,khổ,4a,1.0
23,57.jpg,ủy,vơ,1.0
23,60.jpg,gần,ai,1.0
23,61.jpg,sự,24,1.0
83,14.jpg,với,c0,1.0
90,91.jpg,giẫm,—,1.0
90,92.jpg,cho,l,1.0
23,69.jpg,thay,4,1.0
90,97.jpg,này,bu,1.0
90,100.jpg,đới,1z,1.0
20,26.jpg,chỉnh,"0⁄42,",1.0
20,16.jpg,ít,si,1.0
20,17.jpg,rào,~2,1.0
20,2.jpg,núi,vaa,1.0
83,4.jpg,nãy đưa chúng tôi quay ra lại cửa hầm.,,1.0
83,3.jpg,nên,aưa,1.0
23,91.jpg,hộ,,1.0
23,96.jpg,sĩ,x,1.0
83,47.jpg,chục,výa,1.0
83,51.jpg,mất,on,1.0
83,10.jpg,trái,nơ 2,1.0
83,11.jpg,nhưng,,1.0
23,97.jpg,quý,bí,1.0
23,100.jpg,gần,⁄ˆ,1.0
23,90.jpg,ký,á,1.0
83,23.jpg,"sau khi vụ việc xảy ra, cơ quan đã tổ chức kiểm điểm về việc đảng viên đi vào những chỗ không lành mạnh. những dư luận liên quan đến mình tôi đã giải trình và đã báo cáo với viện kiểm sát cấp trên. mình cũng ở cấp lãnh đạo, phụ trách điều tra, nhưng trong vụ này từ khi có dư luận, tiếng tăm thì mình không theo dõi. để khách quan hơn, các vấn đề dính đến tôi, đề nghị anh em phóng viên nên hỏi viện trưởng, lãnh đạo cơ quan điều tra, vì nếu nói thì bao giờ tôi cũng nói có lợi về mình",,1.0
83,52.jpg,kiện,bo,1.0
83,53.jpg,thực,,1.0
83,54.jpg,chính,/,1.0
83,55.jpg,khải,ím,1.0
83,40.jpg,xe,yz,1.0
83,42.jpg,nhưng,aaae„,1.0
90,77.jpg,"lời ông chủ quán đặc sản như ý tại đồng xoài : "" thường thì phải quen",,1.0
83,65.jpg,mò,w,1.0
83,66.jpg,cho,_,1.0
83,67.jpg,biết,1.,1.0
83,69.jpg,15,äá5,1.0
83,70.jpg,hai,.,1.0
83,71.jpg,kiểm,_,1.0
83,72.jpg,khổ,uớ,1.0
83,56.jpg,tra,114,1.0
83,43.jpg,rẫy,lý,1.0
90,78.jpg,ứng,"ví,",1.0
90,79.jpg,"đường liên cảng a5 có bị "" chìm xuồng ""?",,1.0
90,80.jpg,độ,tt,1.0
90,81.jpg,4,⁄,1.0
90,82.jpg,quản,_ˆ,1.0
83,26.jpg,còn,e@\,1.0
83,27.jpg,chích,,1.0
83,38.jpg,hiệp,tu,1.0
83,29.jpg,đổi,cu:,1.0
90,85.jpg,70,+,1.0
90,88.jpg,ngay,wj,1.0
90,89.jpg,kể,,1.0
83,44.jpg,chống,1ƒ,1.0
83,31.jpg,"- rom: bộ nhớ chỉ đọc, ko cần nguồn, có thể lưu dl và chương trình lâu dài (các chương trình kiểm tra, khởi động máy)",,1.0
83,35.jpg,này,vu,1.0
83,36.jpg,dữ,„ˆ,1.0
83,28.jpg,trước,zux,1.0
20,44.jpg,chất,dáí,1.0
20,30.jpg,tiêu,+,1.0
20,33.jpg,sơn,,1.0
20,35.jpg,1972,4419,1.0
20,60.jpg,tồn,_,1.0
20,45.jpg,hiệp,,1.0
20,47.jpg,mới,,1.0
20,10.jpg,1,(,1.0
20,52.jpg,"trong suốt quá trình trả lời thẩm vấn về các nội dung chi tiền, điệp khúc "" đây là những khoản chi cần thiết trong quá trình thực hiện dự án "" được lã thị kim oanh lặp đi lặp lại. những khoản chi cần thiết, theo lã thị kim oanh, là chi cho hội họp, giao dịch, mời các sở, ban ngành xuống thực địa các dự án, thậm chí... đi lễ chùa. "" công trình trung tâm tiếp thị 79 hàng bồ có gì đâu mà phải mời tất cả các ban ngành xuống? "" "" - tòa hỏi.",,1.0
23,24.jpg,vùng,4,1.0
23,26.jpg,mẹ,ac,1.0
23,27.jpg,phúc của nhân dân.,,1.0
23,31.jpg,nước,xi,1.0
20,19.jpg,bị,,1.0
20,21.jpg,trì,1`,1.0
20,22.jpg,cứu,.,1.0
20,50.jpg,đang,ú,1.0
59,84.jpg,đẩy,2à,1.0
59,85.jpg,cách,"⁄
5",1.0
59,87.jpg,là,á,1.0
23,13.jpg,do,s,1.0
23,14.jpg,đạp,có,1.0
59,100.jpg,tàu,l1,1.0
23,1.jpg,người,"ơ
nhú",1.0
20,42.jpg,sẽ,é,1.0
23,3.jpg,dân,c—,1.0
23,4.jpg,nhiệt,,1.0
23,19.jpg,một,,1.0
23,20.jpg,năng,"ống
n",1.0
23,21.jpg,cho,ni,1.0
23,23.jpg,trước,7%,1.0
23,10.jpg,để,,1.0
23,11.jpg,xã,ø,1.0
23,2.jpg,ông chủ nhiệm hợp tác xã thì kiên quyết bắt đỗi phải lấp hồ để cấy lúa. sau khi,,1.0
23,76.jpg,thu,ii,1.0
23,78.jpg,không,oơqợn,1.0
23,65.jpg,thành,{ko,1.0
23,66.jpg,hiện,á^,1.0
23,67.jpg,y,",",1.0
23,68.jpg,tốt,gàˆ,1.0
23,82.jpg,thực,w,1.0
23,44.jpg,nhỏ,cố,1.0
23,85.jpg,các,e0,1.0
23,86.jpg,đối,.,1.0
23,72.jpg,đã,e,1.0
23,74.jpg,là,áx,1.0
20,3.jpg,tôi,{ñ,1.0
20,4.jpg,về,vi.,1.0
20,5.jpg,trình,.ớ⁄,1.0
20,7.jpg,hỏa,,1.0
23,84.jpg,tải,+2x,1.0
23,46.jpg,25,a9,1.0
23,32.jpg,phúc,,1.0
23,34.jpg,tắc,lé,1.0
23,39.jpg,thành,^^,1.0
23,51.jpg,thắng,"2.
“",1.0
23,52.jpg,bốn,"c5,",1.0
23,54.jpg,lấy,⁄,1.0
23,75.jpg,vấn,_,1.0
23,40.jpg,biển,,1.0
23,41.jpg,đường,/àd,1.0
23,43.jpg,khi,á,1.0
23,5.jpg,vụ,nw,1.0
59,92.jpg,lại,x,1.0
59,96.jpg,hợp,w*,1.0
59,97.jpg,tỉ,+,1.0
59,98.jpg,và,ở,1.0
23,55.jpg,xe,kế,1.0
53,41.jpg,biển,,1.0
53,40.jpg,cách,4,1.0
50,13.jpg,mại,„đà,1.0
50,11.jpg,công,øw,1.0
50,23.jpg,ứng,s,1.0
50,22.jpg,quan,<6,1.0
50,20.jpg,thiện,,1.0
50,31.jpg,bàn,lu,1.0
50,58.jpg,kể,lá,1.0
50,9.jpg,phá,né,1.0
50,6.jpg,chiếc,"dụ,",1.0
50,4.jpg,kiện,2,1.0
50,2.jpg,tại,1⁄4,1.0
50,16.jpg,đơn,xi,1.0
50,15.jpg,ngày,“%2,1.0
57,89.jpg,không,bê,1.0
81,81.jpg,phóng,le,1.0
81,83.jpg,được,,1.0
81,84.jpg,vị,ơ,1.0
81,71.jpg,vì,1,1.0
81,74.jpg,vào,uop,1.0
81,75.jpg,một,n,1.0
81,99.jpg,chi,tl.,1.0
81,97.jpg,thú,#”,1.0
81,86.jpg,vì,n2,1.0
81,87.jpg,thì,xxx,1.0
81,88.jpg,tay,“,1.0
81,91.jpg,lý,ấm,1.0
81,92.jpg,có,2ò,1.0
81,41.jpg,như,am,1.0
81,42.jpg,ngày,_“,1.0
81,43.jpg,cụ,”ã,1.0
50,1.jpg,hồ,#4,1.0
53,32.jpg,một,amôk,1.0
53,35.jpg,đã,t.,1.0
53,37.jpg,viết,"cai
u",1.0
53,22.jpg,tiếp,+ư,1.0
50,44.jpg,ra,t2,1.0
50,45.jpg,cá,2ð,1.0
50,48.jpg,ấy,â,1.0
53,44.jpg,tới,1,1.0
50,39.jpg,ba,0,1.0
50,40.jpg,thoại,,1.0
50,61.jpg,đến,x„⁄,1.0
50,63.jpg,và,wj,1.0
50,64.jpg,vàng,co,1.0
50,51.jpg,triển,,1.0
50,53.jpg,tuấn,au 4£,1.0
50,55.jpg,còn,cồww,1.0
50,35.jpg,lại,k2,1.0
50,27.jpg,được,z6,1.0
50,28.jpg,hậu,1,1.0
50,30.jpg,bếp,_,1.0
53,46.jpg,điều,b2.,1.0
53,47.jpg,khái,/⁄¿,1.0
53,49.jpg,băng,xu,1.0
53,50.jpg,trương,í 2,1.0
53,31.jpg,đưa,cử,1.0
53,38.jpg,phòng,tơ,1.0
53,24.jpg,lan,x„,1.0
53,25.jpg,mấy,,1.0
53,26.jpg,tối,1.“,1.0
53,14.jpg,châu,4,1.0
53,15.jpg,người,".
ma",1.0
50,41.jpg,trong,4,1.0
53,30.jpg,khi,“0h,1.0
53,52.jpg,khăn,có,1.0
76,3.jpg,đến văn minh và hạnh phúc của nhân dân.,,1.0
53,97.jpg,bớt,ki,1.0
53,98.jpg,khai,blx,1.0
53,99.jpg,dữ,du”,1.0
53,100.jpg,cục,^^,1.0
76,1.jpg,phong,"pl=«
v",1.0
53,87.jpg,núi,1w,1.0
53,61.jpg,đọc,ga,1.0
81,5.jpg,thành,“4⁄4,1.0
81,7.jpg,khiến,(,1.0
81,9.jpg,bị,ấx,1.0
81,10.jpg,đào,xơ,1.0
81,11.jpg,hộ,a9,1.0
53,96.jpg,chúng,"el
4",1.0
81,21.jpg,lạ,á,1.0
81,26.jpg,mỗi,,1.0
81,3.jpg,thú,“l4,1.0
14,99.jpg,đường,,1.0
14,100.jpg,hội,án,1.0
81,1.jpg,những,m,1.0
14,88.jpg,được,la,1.0
14,91.jpg,lấy,,1.0
14,92.jpg,của,"2
ca",1.0
76,5.jpg,ba,—,1.0
76,15.jpg,trái,{+4,1.0
76,8.jpg,phí,p#wˆ,1.0
76,9.jpg,số,%6,1.0
14,95.jpg,yêu,._,1.0
14,96.jpg,nhỏ,,1.0
76,26.jpg,tích,12w,1.0
76,11.jpg,len,.,1.0
76,12.jpg,"tinh thần của bộ chính trị, bộ ngoại giao sẽ phải có tham mưu và kiến",,1.0
76,14.jpg,thể,d.,1.0
76,6.jpg,vụ,_,1.0
53,83.jpg,ngày,ch,1.0
53,85.jpg,thú,dàn,1.0
53,70.jpg,do,tc,1.0
53,72.jpg,nghĩa,mi,1.0
53,73.jpg,hội,0⁄5,1.0
53,76.jpg,cũng,,1.0
53,92.jpg,nghị,kh n,1.0
81,12.jpg,với,,1.0
53,79.jpg,sức,.,1.0
53,80.jpg,thông,1ã6x2,1.0
53,81.jpg,chìm,œ,1.0
81,76.jpg,thì,;.,1.0
53,65.jpg,và,`,1.0
53,67.jpg,đã,.,1.0
53,54.jpg,giải,,1.0
53,59.jpg,chiếc,¿^^ -,1.0
53,93.jpg,"là chủ trương gì? "", hđxx muốn làm rõ hơn. "" thưa, chủ trương xin chính",,1.0
81,18.jpg,người,,1.0
81,19.jpg,chồng,à⁄/,1.0
14,74.jpg,ngày,4,1.0
14,75.jpg,nơi,co,1.0
14,76.jpg,phát,",",1.0
14,77.jpg,người,y2,1.0
14,78.jpg,mơ,55,1.0
53,82.jpg,động,là,1.0
81,31.jpg,nhộn,,1.0
81,56.jpg,quyết,ạ«z#,1.0
81,46.jpg,nghĩa,,1.0
81,40.jpg,một,xớn,1.0
53,77.jpg,sân,"^
san",1.0
81,63.jpg,khu,la,1.0
81,68.jpg,lại,áù,1.0
81,54.jpg,tại,1e,1.0
81,28.jpg,đã,_,1.0
132,79.jpg,hội và định chế.,,1.0
132,82.jpg,đây,vé,1.0
132,83.jpg,tại,”“,1.0
132,84.jpg,quý,@ .,1.0
132,45.jpg,biển,",”
on",1.0
132,30.jpg,1,4,1.0
132,31.jpg,vậy,,1.0
50,57.jpg,vụ,nc,1.0
132,37.jpg,thành,,1.0
132,86.jpg,tau,<0,1.0
132,90.jpg,chứa khi lượng xe cùng lúc dồn đến trạm.,,1.0
132,91.jpg,lấy,ø,1.0
11,68.jpg,giữa,ohú,1.0
11,69.jpg,để,⁄.,1.0
11,71.jpg,dài,“n,1.0
11,58.jpg,các,“<<,1.0
132,34.jpg,nhà,4⁄2,1.0
11,85.jpg,đông,"d5,",1.0
11,87.jpg,vừa,——,1.0
11,88.jpg,vào,#9,1.0
132,65.jpg,bệnh,2u,1.0
132,66.jpg,của,z-,1.0
132,67.jpg,phải,,1.0
132,68.jpg,vực,th,1.0
132,93.jpg,triệu,đị,1.0
30,21.jpg,thuận,#wađw,1.0
132,70.jpg,rượt,,1.0
132,71.jpg,có,6.,1.0
132,73.jpg,đồng,cm,1.0
132,75.jpg,dài,¡,1.0
132,76.jpg,tôi,"+8,",1.0
132,77.jpg,dự,h,1.0
132,92.jpg,tra,z~,1.0
30,18.jpg,công,e4,1.0
30,25.jpg,uống,cớ,1.0
30,10.jpg,"trong khi đó lại không có tổ chức chuyên sâu về quản lý dn, việc thực hiện",,1.0
30,11.jpg,con,ccơ⁄,1.0
30,12.jpg,đất,x1,1.0
30,15.jpg,hành,“2⁄4,1.0
30,38.jpg,ỏi,_,1.0
30,39.jpg,công,@„,1.0
11,61.jpg,trại,†”cư,1.0
30,27.jpg,triển,“ý,1.0
30,28.jpg,theo,“,1.0
30,29.jpg,"một số hệ qtcsdl phổ biển như: oracle, mysql, server...",,1.0
30,30.jpg,qui,0w,1.0
30,42.jpg,lãi,.,1.0
30,43.jpg,làm,—,1.0
30,45.jpg,của,4đ,1.0
30,46.jpg,này,4,1.0
30,41.jpg,anh,,1.0
11,62.jpg,"trước đây, vẫn có nếp nghĩ cho rằng nvơnn là những người có đời sống sung",,1.0
11,64.jpg,tôi,kx,1.0
11,65.jpg,khắp,ai,1.0
132,95.jpg,lưới,⁄,1.0
132,96.jpg,nhà,vớ,1.0
132,97.jpg,đối,,1.0
132,98.jpg,phải có các số liệu thực tế về vật liệu bị bớt xén...,,1.0
30,24.jpg,bs,án,1.0
30,1.jpg,người,,1.0
30,17.jpg,kê,á¿,1.0
30,3.jpg,tộc,woò,1.0
30,4.jpg,chủ,“cu,1.0
30,5.jpg,"viết bài văn tả một cảnh đẹp ở quê hương em hoặc nơi em ở,",,1.0
30,6.jpg,đuổi,tố,1.0
30,8.jpg,trong,"s ướ,",1.0
132,94.jpg,"để hát karaoke, nhưng tôi khẳng định là mình không có",,1.0
132,100.jpg,"trong đó có 2 quần đảo hoàng sa, trường sa và 2.577 đảo lớn, nhỏ,",,1.0
50,96.jpg,thông,xem,1.0
53,18.jpg,làm,á„>,1.0
53,21.jpg,huỳnh,đ,1.0
53,6.jpg,trở,4ý),1.0
53,7.jpg,nghị,mi,1.0
53,8.jpg,nghiêng,tờ,1.0
53,9.jpg,tôi,1ø,1.0
11,84.jpg,30,co,1.0
11,99.jpg,chỉ,sn,1.0
53,1.jpg,15,j0,1.0
53,2.jpg,thân,#k&,1.0
53,3.jpg,hoàn,b,1.0
53,5.jpg,làm,án,1.0
11,92.jpg,"giờ hiếm lắm, nhà chỉ còn mỗi một con cheo khoảng 1,8 kg... "". hỏi mua",,1.0
132,7.jpg,lao,,1.0
132,12.jpg,thủy,cá,1.0
53,11.jpg,ngược,"ở
ấn",1.0
50,79.jpg,các,"_
cc",1.0
50,80.jpg,tư,ni,1.0
50,81.jpg,bao,z,1.0
50,66.jpg,phương,,1.0
50,68.jpg,khách,ea,1.0
50,69.jpg,bác,8⁄4,1.0
50,70.jpg,từ,hủ,1.0
50,93.jpg,phòng,_,1.0
50,84.jpg,trên,hợi,1.0
50,85.jpg,và,vì.,1.0
50,86.jpg,gây,4^4,1.0
50,87.jpg,chương,,1.0
50,77.jpg,tiêu,“,1.0
53,12.jpg,được,ở,1.0
50,90.jpg,000,\}\,1.0
50,91.jpg,để,,1.0
50,82.jpg,biển đông.,,1.0
132,56.jpg,đạt,z2,1.0
132,57.jpg,trùm,0⁄22,1.0
132,58.jpg,còn,(,1.0
132,60.jpg,hay,4,1.0
132,46.jpg,có,„«,1.0
132,50.jpg,phức,⁄~«,1.0
11,89.jpg,ứng,đu.,1.0
132,1.jpg,đó,c,1.0
11,75.jpg,hạn,⁄,1.0
11,77.jpg,giá,._,1.0
11,78.jpg,trung,"“0w,",1.0
132,54.jpg,cạnh,eø«l,1.0
132,55.jpg,quý,1⁄4,1.0
11,95.jpg,ra,2,1.0
11,96.jpg,bất,í,1.0
11,83.jpg,như,v4,1.0
11,74.jpg,hoa,⁄z~,1.0
132,2.jpg,xảy,_,1.0
132,14.jpg,hải,cu,1.0
132,15.jpg,trọng,01462,1.0
132,16.jpg,lãnh,(„x1,1.0
132,17.jpg,hội,ấn,1.0
132,19.jpg,chỉ,⁄â,1.0
132,20.jpg,tượng,"lơ,",1.0
132,43.jpg,trong,_,1.0
50,73.jpg,kiên,1⁄22,1.0
132,24.jpg,chỉ,,1.0
132,25.jpg,ông,7,1.0
132,26.jpg,25,cc,1.0
132,27.jpg,các,"⁄
cc",1.0
132,52.jpg,may,ví,1.0
132,53.jpg,được,ju*,1.0
132,39.jpg,1,\,1.0
50,71.jpg,cũng,tớd,1.0
150,39.jpg,đi,c,1.0
150,75.jpg,điều,1,1.0
150,76.jpg,hành,y2,1.0
150,61.jpg,bộ,ø,1.0
150,62.jpg,nguyễn,mã w^,1.0
150,64.jpg,tôi,_ˆ,1.0
150,67.jpg,họ,tc,1.0
14,71.jpg,kỷ,l,1.0
80,4.jpg,hai,(,1.0
150,69.jpg,hành,_,1.0
150,71.jpg,đây,coi,1.0
150,73.jpg,ít,,1.0
150,74.jpg,15,ab,1.0
80,11.jpg,một,wš\,1.0
80,12.jpg,buổi,w,1.0
76,99.jpg,xa,<<,1.0
150,68.jpg,mới,,1.0
150,21.jpg,việc,ư te,1.0
150,22.jpg,qđ,tu,1.0
150,24.jpg,lấy,——,1.0
150,26.jpg,người,,1.0
150,13.jpg,tiến,—,1.0
150,14.jpg,với,.ố,1.0
150,16.jpg,để,k,1.0
150,37.jpg,kỳ,4;,1.0
150,44.jpg,hội,áa,1.0
150,29.jpg,đdv,ii,1.0
150,34.jpg,giấy,®°3,1.0
150,35.jpg,bảo,lên,1.0
150,36.jpg,vụ,ấn,1.0
1,83.jpg,dâm,4,1.0
1,84.jpg,trừ,ke,1.0
1,87.jpg,gia,6g&^,1.0
150,41.jpg,dọn,”,1.0
150,98.jpg,đạt,ắc,1.0
150,99.jpg,mừng,,1.0
150,88.jpg,mạng,,1.0
150,90.jpg,ngày,m4,1.0
13,3.jpg,đồ,_—,1.0
13,4.jpg,bè,ộz,1.0
13,5.jpg,chất,c“tãä,1.0
76,100.jpg,sau,e8,1.0
150,95.jpg,thiệp,4 ⁄⁄n,1.0
150,96.jpg,đa,vụ,1.0
150,97.jpg,họ,áo,1.0
150,57.jpg,đến,cớ,1.0
150,58.jpg,huyện,ai,1.0
150,60.jpg,bám,th,1.0
150,46.jpg,xuất,«4,1.0
150,51.jpg,bất,mo,1.0
13,7.jpg,lên,đb,1.0
80,1.jpg,có,_,1.0
80,2.jpg,chủ,—,1.0
80,3.jpg,nữa,w,1.0
80,16.jpg,ngày,~^,1.0
80,17.jpg,trải,k.,1.0
80,18.jpg,ra,p5,1.0
80,22.jpg,tiến,"ca
#n",1.0
76,94.jpg,"được biết, hiện ubnd tp đang chỉ đạo các cơ quan liên quan tập trung nhiều biện pháp",,1.0
80,9.jpg,đường,,1.0
80,10.jpg,kỳ,bà,1.0
150,78.jpg,khu,/#„,1.0
150,80.jpg,khi,,1.0
150,82.jpg,gia,4,1.0
150,83.jpg,khu,tt,1.0
76,92.jpg,bạn,"⁄⁄,",1.0
76,93.jpg,cũng,"~
ấp",1.0
80,8.jpg,trở,ca,1.0
80,85.jpg,toàn,2a,1.0
80,86.jpg,trường,,1.0
80,72.jpg,tôi,{+%,1.0
80,40.jpg,lịch,1l,1.0
48,10.jpg,xe,z2,1.0
48,11.jpg,vay,cu,1.0
80,89.jpg,vé,—,1.0
80,29.jpg,trâu,1⁄40,1.0
80,92.jpg,ít,,1.0
48,29.jpg,con,,1.0
48,30.jpg,đến,.,1.0
48,15.jpg,xanh,—,1.0
48,17.jpg,triển,"x2
is",1.0
48,18.jpg,thuyền,„it,1.0
48,20.jpg,trời,{,1.0
48,21.jpg,trả,k«d,1.0
80,90.jpg,đồng,^^,1.0
80,100.jpg,an,ca^,1.0
1,1.jpg,trước,4,1.0
1,2.jpg,nghị,,1.0
80,97.jpg,năm,won,1.0
1,6.jpg,đó,tố,1.0
1,7.jpg,vậy,ki,1.0
1,8.jpg,tnhh,tơăềmh,1.0
80,84.jpg,ký,á,1.0
80,95.jpg,"tuy nhiên, cũng phải nhìn nhận rằng những chính sách này vẫn còn một số điểm hạn chế, chưa đáp ứng được đầy đủ nguyện vọng của bà con. mặt khác, việc thực hiện chính sách chưa đồng bộ, thậm chí có những trường hợp cá biệt còn trái với cả chủ trương, chính sách của nhà nước. lý do thứ hai là hoàn cảnh hiện tại rất khác so với thời điểm ban hành những chính sách trước đây. nếu như năm 1986 - 1987, số bà con việt kiều về thăm quê chỉ khoảng 8.000 người thì nay đã tăng lên 360.000 lượt người / năm, lượng kiều hối chuyển về cũng đạt mức kỷ lục là 2,6 tỉ usd / năm.",,1.0
1,11.jpg,tìm,{tra,1.0
1,13.jpg,trung,#4,1.0
80,56.jpg,họ,l,1.0
80,57.jpg,sắp,"/
sờp",1.0
80,58.jpg,một,2/7,1.0
80,94.jpg,sốt,«,1.0
80,81.jpg,bộ,t^,1.0
1,9.jpg,chính,,1.0
1,55.jpg,vị,m\,1.0
150,5.jpg,thông,9x,1.0
150,7.jpg,thủy,1u,1.0
1,72.jpg,4,2,1.0
1,57.jpg,để,_,1.0
1,58.jpg,quyết,há,1.0
1,62.jpg,người,w vì,1.0
48,33.jpg,thanh,1w,1.0
1,49.jpg,khi,lá,1.0
1,50.jpg,2,j,1.0
150,18.jpg,vn,vh/,1.0
150,19.jpg,vậy,_,1.0
80,23.jpg,khả,„,1.0
80,25.jpg,lạnh,ok,1.0
80,26.jpg,mắt,"ó
„t",1.0
80,28.jpg,vương,h,1.0
1,63.jpg,980,4§$0,1.0
48,34.jpg,nên,đụ,1.0
48,38.jpg,luật,(0,1.0
48,23.jpg,tin,am,1.0
48,24.jpg,môn,k0,1.0
1,91.jpg,ở,,1.0
1,92.jpg,đối,⁄),1.0
1,93.jpg,bờ,⁄,1.0
1,54.jpg,riêng,,1.0
1,96.jpg,đai,/⁄,1.0
1,81.jpg,ubnd,64⁄2,1.0
150,8.jpg,chai,in,1.0
150,12.jpg,để,,1.0
1,98.jpg,ty,⁄,1.0
150,2.jpg,cũng,6,1.0
150,4.jpg,yêu,,1.0
1,53.jpg,động,tơ,1.0
1,95.jpg,kỳ,ái,1.0
14,10.jpg,chúng,,1.0
14,31.jpg,hình,z2,1.0
14,33.jpg,người,"..
(iứ",1.0
14,36.jpg,nghỉ,,1.0
14,24.jpg,thế,+.,1.0
14,27.jpg,cách,—,1.0
76,49.jpg,xử,su,1.0
13,1.jpg,cuộc,,1.0
76,37.jpg,nói,vá,1.0
76,38.jpg,biển,cc,1.0
76,42.jpg,giới,nu,1.0
14,30.jpg,đó,bˆ,1.0
76,53.jpg,bản photocopy (về nguyên tắc tố tụng những bút lục này không có giá,,1.0
76,54.jpg,lần,"`
lan",1.0
76,55.jpg,được,cz,1.0
76,56.jpg,đã,p0,1.0
76,35.jpg,tài,cc.,1.0
13,94.jpg,hà,+4,1.0
13,95.jpg,những,,1.0
13,96.jpg,"trước giờ g bạt núi thông hầm. ầm... ầm... ầm, những tiếng nổ mìn vang vọng từ lòng đất núi hải vân. những mét hầm cuối cùng sắp sửa thông nhau đã làm cả đại công trình này tấp nập, khẩn trương hơn. pv tuổi trẻ đã có mặt ở điểm nóng này. 152 mũi khoan mỗi ngày...! tại điểm khoan 2.827 m, tiếng va chạm giữa mũi khoan thép và đá cứng siết vào nhau phát ra một thứ âm thanh nghe xé cả tai.",,1.0
13,97.jpg,thân,{kh,1.0
13,82.jpg,đêm,,1.0
13,45.jpg,hình,1,1.0
13,46.jpg,cậy,đới,1.0
14,7.jpg,trung,”,1.0
13,48.jpg,không,lchòh,1.0
13,99.jpg,ngày,,1.0
13,100.jpg,chỉ,s,1.0
14,1.jpg,bếp,te,1.0
14,15.jpg,huyện,kh,1.0
14,16.jpg,của,,1.0
14,21.jpg,bị,é,1.0
14,6.jpg,hỏi,q,1.0
13,47.jpg,sách,1,1.0
14,46.jpg,dân,.,1.0
14,47.jpg,biểu,"7
bìøu",1.0
14,48.jpg,tôi,#1,1.0
14,49.jpg,ước,..,1.0
14,51.jpg,lạ,s4,1.0
14,54.jpg,động,älởn4g,1.0
14,12.jpg,khu,van,1.0
76,43.jpg,sạn,œ0,1.0
14,64.jpg,dám,sík,1.0
14,66.jpg,dân,t,1.0
14,68.jpg,đề,cc,1.0
14,57.jpg,tiếng,,1.0
14,59.jpg,chúng,đầu,1.0
14,79.jpg,ông phó viện trưởng cùng ba đối tượng. liệu rằng việc tách ra để,,1.0
14,80.jpg,người,ph,1.0
14,81.jpg,sốt,xvf,1.0
14,63.jpg,người,m4 ưởc,1.0
76,44.jpg,sản,")
ân",1.0
76,46.jpg,tỉnh,c0,1.0
76,31.jpg,đề,~“,1.0
76,32.jpg,000,mi,1.0
76,33.jpg,nói,,1.0
76,34.jpg,tàu,tø⁄4,1.0
76,20.jpg,liêu,r m„,1.0
14,62.jpg,vì,w1,1.0
76,23.jpg,trên,14w,1.0
14,38.jpg,sự,6,1.0
14,40.jpg,trời,(^^,1.0
14,41.jpg,hành,|,1.0
14,42.jpg,dũng,lu,1.0
14,43.jpg,trở,n0,1.0
14,45.jpg,thuộc,+¿à,1.0
14,61.jpg,đông,bè,1.0
76,22.jpg,nghề,cc,1.0
76,78.jpg,vòng,t,1.0
76,79.jpg,3,é,1.0
76,80.jpg,phương,tâw,1.0
76,81.jpg,gỗ,@,1.0
76,98.jpg,trạm,{na,1.0
76,83.jpg,định,ưa,1.0
76,84.jpg,trên,“xo,1.0
13,93.jpg,sóng,"c.
ì",1.0
76,87.jpg,tất,n,1.0
76,88.jpg,trong,ời,1.0
76,89.jpg,đủ,2‹,1.0
13,51.jpg,đảo,=,1.0
13,52.jpg,vẫn,"^
van",1.0
13,53.jpg,hàng,k^,1.0
13,57.jpg,liên,(9,1.0
13,42.jpg,triển,dnùa,1.0
76,86.jpg,một tí trong phút giây ngắn ngủi thanh bình này? bầu trời ở đây có,,1.0
13,37.jpg,mấy,,1.0
13,38.jpg,lấy,âm,1.0
13,40.jpg,có,9),1.0
13,41.jpg,lòng,+,1.0
13,25.jpg,giai,í k,1.0
13,26.jpg,được,,1.0
13,27.jpg,hoãn,k4,1.0
76,77.jpg,sơn,ẹ,1.0
76,68.jpg,ai,ơa,1.0
76,69.jpg,cái,gj,1.0
76,71.jpg,hàng,_,1.0
76,72.jpg,ngô,vé,1.0
76,73.jpg,trận,=>,1.0
13,33.jpg,bộ,2,1.0
13,34.jpg,gặp,2⁄0,1.0
76,75.jpg,nghị,,1.0
76,67.jpg,ra,há,1.0
76,59.jpg,trại,1nør,1.0
76,61.jpg,mới,t0øi,1.0
76,63.jpg,đây,bài,1.0
76,65.jpg,"thành công ấy, liệu có mấy người đạt được? sau mỗi mùa thi đại học, có bao "" sĩ tử "" buồn rầu khi biết mình trở thành "" tử sĩ "". hai bảy điểm, cao thật đấy. nhưng cao mà làm gì khi nv1 lấy tới hai bảy phẩy năm? đó thật ra không phải là thất bại, chỉ là khi thành công - bị - trì - hoãn mà thôi. cuộc sống vẫn chào đón họ với nv2, nv3. quan trọng là họ đã nỗ lực hết sức để khẳng định mình. đó là ý nghĩa vẹn nguyên của các kỳ thi, và cũng là bản chất của thành công.",,1.0
76,66.jpg,được,"ma,",1.0
76,51.jpg,có,«,1.0
76,52.jpg,việc,"a
v@",1.0
13,43.jpg,đã,t.,1.0
13,84.jpg,"thành công là khi bố và con trai có dũng khí bước vào bếp, nấu những món ăn mẹ thích nhân ngày 8 - 3. món canh có thể hơi mặn, món cá sốt đáng lẽ phải có màu đỏ sậm thì lại ngả sang màu... đen cháy. nhưng nhìn mâm cơm, mẹ vẫn cười. bởi vì hai bố con không thể thành công trên "" chiến trường "" bếp núc, nhưng lại thành công khi tặng mẹ "" đoá hồng "" của tình yêu. một món quà ý nghĩa hơn cả những món quà quý giá, hạnh phúc long lanh in trong mắt mẹ.",,1.0
13,85.jpg,tôi,1¬,1.0
13,87.jpg,công,_,1.0
13,88.jpg,theo,+,1.0
13,74.jpg,trung,e4,1.0
13,77.jpg,màu,pm,1.0
13,78.jpg,của,(2,1.0
13,91.jpg,thật,⁄2,1.0
13,83.jpg,kiến,"/
^",1.0
13,69.jpg,lang,⁄4j,1.0
13,72.jpg,85,w9,1.0
13,64.jpg,kinh,(„},1.0
13,65.jpg,phí,kế,1.0
13,24.jpg,con,2m,1.0
13,9.jpg,tin,xu,1.0
13,12.jpg,đó,-è,1.0
13,21.jpg,nói,wơ,1.0
13,66.jpg,không,"o¿ằ,",1.0
13,68.jpg,nước,"⁄
”„",1.0
13,28.jpg,tích,14,1.0
13,29.jpg,cụ,ø,1.0
13,30.jpg,cả,é.,1.0
13,32.jpg,vợ,lị,1.0
13,17.jpg,sẽ,@,1.0
13,19.jpg,các,"⁄
cưc",1.0
13,14.jpg,công,số,1.0
79,8.jpg,bình,ð>„l,1.0
79,32.jpg,việc,,1.0
79,33.jpg,lập,kb,1.0
79,34.jpg,ông,,1.0
79,19.jpg,từ,ển,1.0
79,21.jpg,nilông,^«⁄øø®,1.0
79,36.jpg,chủ,-,1.0
30,49.jpg,quan,ko,1.0
79,41.jpg,hầm,án,1.0
79,43.jpg,trừ,†+d,1.0
79,28.jpg,nhu,axá,1.0
79,30.jpg,đều,,1.0
75,12.jpg,31,su,1.0
75,13.jpg,trợ,..,1.0
75,15.jpg,cùng,_,1.0
79,44.jpg,người,v2,1.0
79,40.jpg,đã,1,1.0
37,89.jpg,kinh,”,1.0
37,90.jpg,mùng,đ,1.0
37,92.jpg,đất,2°,1.0
37,94.jpg,thủy,xi,1.0
75,36.jpg,đất,,1.0
75,37.jpg,đồ,cc,1.0
79,10.jpg,mình,,1.0
79,6.jpg,gọi,,1.0
37,96.jpg,rút,su,1.0
37,97.jpg,trong,m,1.0
37,99.jpg,do,px,1.0
37,100.jpg,là,ấn,1.0
37,61.jpg,trưởng,302 ~,1.0
79,14.jpg,kẹt,,1.0
79,16.jpg,len,⁄i,1.0
79,3.jpg,văn,"_
nó",1.0
37,95.jpg,bình,t,1.0
79,56.jpg,lãnh,tt,1.0
79,57.jpg,bật,z,1.0
79,58.jpg,trong,—,1.0
79,69.jpg,ngay,ˆ,1.0
79,72.jpg,"bảo : "" yên tâm, hàng tươi sống cả, mang về xẻ ra ướp lạnh... "".",,1.0
79,64.jpg,lưới,pa,1.0
79,27.jpg,đuôi,zuou',1.0
79,45.jpg,mới,øä,1.0
79,79.jpg,giao,t^,1.0
79,80.jpg,sống,^^,1.0
79,68.jpg,đó,tc,1.0
79,84.jpg,đến,l..,1.0
79,88.jpg,chuyên,"¿/1¿,z",1.0
79,90.jpg,dã,nn,1.0
79,91.jpg,nên,wm,1.0
99,42.jpg,thanh,đe,1.0
79,77.jpg,nvơnn,mvdwðm,1.0
79,48.jpg,1,{,1.0
75,32.jpg,thiếu,ps,1.0
75,33.jpg,thông,kem,1.0
75,34.jpg,ấy,_,1.0
75,22.jpg,bên,_.,1.0
75,25.jpg,tìm,ø”ø,1.0
75,27.jpg,những,cơ,1.0
79,53.jpg,bờ,đa,1.0
75,4.jpg,hiện,lu,1.0
75,5.jpg,biên,ch,1.0
75,9.jpg,dụng,—,1.0
40,96.jpg,nghiên,.,1.0
40,98.jpg,là,ø@,1.0
79,65.jpg,là,_,1.0
79,66.jpg,tới,7⁄0,1.0
79,52.jpg,lâm,ï am,1.0
79,59.jpg,2004,3o61,1.0
37,49.jpg,vậy,nu,1.0
37,50.jpg,để,"3
để",1.0
37,51.jpg,3,7,1.0
37,38.jpg,đất,“,1.0
75,55.jpg,đi,äđr,1.0
75,57.jpg,chiến,ố,1.0
75,44.jpg,xe,92,1.0
37,88.jpg,nước,2⁄2,1.0
75,46.jpg,nhân,^^,1.0
75,48.jpg,phồn,gia,1.0
75,60.jpg,tp,kí,1.0
75,61.jpg,nếu,ac,1.0
75,63.jpg,kinh,«1,1.0
75,64.jpg,nghi,ca,1.0
75,65.jpg,phương,0l‹2%,1.0
75,66.jpg,"tại khách sạn ngọc vân 2, tiếp tục điều tra làm rõ để xử lý hành vi phạm tội",,1.0
75,45.jpg,chi,6,1.0
24,96.jpg,điểm,0,1.0
24,61.jpg,hiện,,1.0
24,62.jpg,sống,“,1.0
37,11.jpg,chúng,@ bó,1.0
37,12.jpg,loại,4,1.0
37,13.jpg,tồn,{,1.0
37,16.jpg,trời,+⁄-,1.0
37,48.jpg,quan,4646,1.0
37,41.jpg,trên,112a,1.0
37,43.jpg,tự,lu,1.0
37,44.jpg,tôi,"17,",1.0
37,45.jpg,30,ÿ 0,1.0
37,31.jpg,là,,1.0
37,32.jpg,phú,0,1.0
75,49.jpg,được,ø\døc,1.0
75,50.jpg,như,ìno,1.0
37,40.jpg,sở,ẹ,1.0
37,84.jpg,xuân,0⁄55,1.0
37,86.jpg,thẩm,,1.0
37,73.jpg,xanh,ng!,1.0
37,36.jpg,gái,ạ⁄,1.0
37,19.jpg,p,é,1.0
37,20.jpg,khoảng,—,1.0
37,23.jpg,bị,“&,1.0
75,67.jpg,lập,ẩb,1.0
37,26.jpg,đời,cơn,1.0
37,78.jpg,csgt,c€$đ@t,1.0
75,39.jpg,kinh,l,1.0
75,40.jpg,rừng,puòa,1.0
75,43.jpg,quyền,g^⁄`,1.0
75,28.jpg,tục,pw,1.0
75,29.jpg,lại,(,1.0
75,30.jpg,"các phóng viên đã đặt khá nhiều câu hỏi, nhưng ông phương",,1.0
37,25.jpg,để,j2,1.0
75,52.jpg,nguyên,/pe,1.0
37,67.jpg,nhà,c^,1.0
37,69.jpg,qua,®c^,1.0
37,57.jpg,thấy nặng nhọc.,,1.0
37,58.jpg,ngủ,w,1.0
37,60.jpg,thì,ma,1.0
37,74.jpg,những,^^,1.0
37,83.jpg,chính,~,1.0
37,77.jpg,hà,ti,1.0
37,62.jpg,cảnh,4,1.0
37,63.jpg,còn,œ¬`n,1.0
37,64.jpg,sở,tỏ,1.0
37,65.jpg,khoản,giá.,1.0
37,66.jpg,sẽ,5,1.0
37,80.jpg,độ,6,1.0
37,82.jpg,nai,vy,1.0
37,75.jpg,chương trình hành động thực hiện nghị quyết trung ương 9 - khóa ix,,1.0
40,38.jpg,phương,lo,1.0
57,31.jpg,khu,<1,1.0
57,16.jpg,họ,_,1.0
57,18.jpg,đến,1⁄4,1.0
57,19.jpg,ông,c,1.0
57,20.jpg,phú,ná,1.0
57,21.jpg,như,v,1.0
99,14.jpg,ngành,—,1.0
40,42.jpg,tra,ửø-,1.0
57,36.jpg,tay,nu,1.0
57,37.jpg,mua,"pa,",1.0
57,38.jpg,tối,{w,1.0
57,39.jpg,đả,“ẩ,1.0
57,23.jpg,những,mai,1.0
57,29.jpg,bị,-,1.0
57,30.jpg,lúa,i.,1.0
40,40.jpg,vks,ni,1.0
99,57.jpg,thời,7 ạg,1.0
99,58.jpg,nước,,1.0
57,7.jpg,thực,+,1.0
57,8.jpg,đó,,1.0
57,9.jpg,hạnh,á„,1.0
57,11.jpg,sẽ,x,1.0
57,12.jpg,mỹ,ni,1.0
40,37.jpg,khi,áớá,1.0
99,60.jpg,thất,_x,1.0
99,61.jpg,sản,...,1.0
99,56.jpg,số,xe,1.0
40,43.jpg,thủ,⁄2,1.0
40,45.jpg,dụng,^,1.0
40,32.jpg,nghe,jm,1.0
40,33.jpg,đó,đ„“,1.0
40,35.jpg,25,uy,1.0
57,13.jpg,hầu,l..,1.0
40,18.jpg,bên,h3,1.0
40,20.jpg,là,⁄,1.0
40,22.jpg,rất,«6,1.0
57,73.jpg,ra,co,1.0
40,39.jpg,lục,_,1.0
40,25.jpg,như,„ha},1.0
40,26.jpg,tại,kœu,1.0
57,40.jpg,cứu,cảủo,1.0
40,29.jpg,hiện,,1.0
40,10.jpg,hút,ai,1.0
40,11.jpg,nguyễn,(nv„°,1.0
40,12.jpg,sách,~i,1.0
40,14.jpg,chồn,`,1.0
40,15.jpg,chủ,ø1,1.0
65,100.jpg,thiết,,1.0
40,1.jpg,ấy,⁄4,1.0
40,28.jpg,dẫn,đu,1.0
57,43.jpg,rộng,,1.0
57,32.png,"là một nước nhiệt đới có bờ biển kéo dài từ bắc vào nam và địa hình đồi núi chiếm khoảng 75% diện tích đất nước, việt nam được thiên nhiên ưu ái với rất nhiều cảnh đẹp trải dài trên các địa hình đa dạng như đồng bằng, đồi núi và biển đảo. hãy cùng khám phá 10 địa danh đẹp nhất đất nước nhé!",,1.0
57,33.jpg,gần,"~
6",1.0
57,34.jpg,tờ,1c,1.0
57,59.jpg,ccv,( ⁄,1.0
57,61.jpg,do,>>,1.0
57,63.jpg,gia,6,1.0
40,17.jpg,hàng,z^,1.0
57,49.jpg,khu,(,1.0
57,50.jpg,đdv,-_bv,1.0
57,51.jpg,trụ,ung,1.0
57,52.jpg,quảng,0,1.0
57,76.jpg,đèo,pm,1.0
57,67.jpg,quả,c_,1.0
57,58.jpg,lặng,ấw,1.0
40,16.jpg,nước,^^,1.0
57,48.jpg,kiểm,|0,1.0
40,76.jpg,du,s,1.0
40,78.jpg,500,bo,1.0
40,64.jpg,đề,2ú,1.0
40,65.jpg,đồng,16⁄4,1.0
99,31.jpg,sa,c,1.0
99,32.jpg,lắm,cc,1.0
99,18.jpg,trú,..,1.0
99,97.jpg,giải,⁄,1.0
99,20.jpg,như,su,1.0
99,24.jpg,nhóm,.,1.0
99,37.jpg,nhộn,v$o,1.0
99,38.jpg,lễ,c,1.0
99,39.jpg,phòng,"jn
2",1.0
99,26.jpg,đứng,"đí.
ø",1.0
99,28.jpg,khâm,|[c[,1.0
99,43.jpg,mấy,nếu,1.0
99,19.jpg,thứ,đí,1.0
99,16.jpg,nửa,⁄,1.0
99,1.jpg,ở,v,1.0
99,8.jpg,về,7),1.0
99,9.jpg,bình,ø⁄,1.0
79,93.jpg,dự,áo,1.0
40,81.jpg,dừng,lâu,1.0
40,84.jpg,"được năm sáu trăm ngàn cũng quí lắm... "", lời của "" cậu bé "" chu văn minh, 18 tuổi,",,1.0
40,73.jpg,95,ức,1.0
99,12.jpg,này,ti,1.0
99,13.jpg,hàng,đu,1.0
40,99.jpg,nhằm,—,1.0
75,1.jpg,tràn,+ow,1.0
40,89.jpg,đó,bá,1.0
40,95.jpg,luật,1l,1.0
40,80.jpg,hơn,l,1.0
40,72.jpg,lần,2,1.0
40,85.jpg,các,"⁄
cóc",1.0
40,48.jpg,khuyến,al«„ ố,1.0
40,49.jpg,trong,225,1.0
40,67.jpg,lỏi,tt.,1.0
40,56.jpg,tuổi,,1.0
40,57.jpg,hình,pm,1.0
40,59.jpg,huy,kê,1.0
99,83.jpg,phú,y4,1.0
99,44.jpg,địa,tt.,1.0
99,85.jpg,đồng,x đm,1.0
99,87.jpg,lao,.,1.0
99,99.jpg,đẹp,2 œp,1.0
99,100.jpg,ơn,đón,1.0
57,3.jpg,hộ,/⁄,1.0
57,4.jpg,bà,/.,1.0
99,93.jpg,như,2,1.0
99,95.jpg,mặt,_,1.0
99,84.jpg,vòng,0s,1.0
99,46.jpg,quyết,2w,1.0
99,47.jpg,hướng,kế,1.0
99,48.jpg,sò,ẹ®,1.0
99,82.jpg,dồn,l.,1.0
99,68.jpg,làm,s2,1.0
99,71.jpg,họ,«,1.0
99,73.jpg,nhẹ,m^~,1.0
40,63.jpg,còn,@q%,1.0
40,55.jpg,quả,⁄z^,1.0
99,75.jpg,là,áè,1.0
99,77.jpg,đang,._,1.0
99,78.jpg,mát,cc,1.0
99,79.jpg,tại,vw,1.0
40,60.jpg,xa,^^,1.0
40,61.jpg,vào,áp,1.0
40,62.jpg,xe,.,1.0
99,59.jpg,với,~,1.0
66,65.jpg,gấp,sáo,1.0
66,67.jpg,đã,ai,1.0
66,68.jpg,biên,kh,1.0
66,55.jpg,lên,km,1.0
66,57.jpg,công,ø6,1.0
66,58.jpg,một,wl,1.0
66,59.jpg,nhân,,1.0
37,5.jpg,hỏi,(,1.0
66,86.jpg,hôi,l,1.0
66,87.jpg,chẩn,đi,1.0
66,76.jpg,vì,.;,1.0
66,78.jpg,thì,/i,1.0
63,78.jpg,sở,,1.0
63,81.jpg,25,cớ,1.0
66,83.jpg,lợi,⁄,1.0
63,87.jpg,yêu,vớ,1.0
66,85.jpg,công,,1.0
66,28.jpg,cho,_,1.0
66,30.jpg,thành,ø8,1.0
63,100.jpg,hiện,12,1.0
11,1.jpg,có,gò,1.0
66,44.jpg,do,(b,1.0
66,45.jpg,cũng,—,1.0
66,31.jpg,chí,_,1.0
66,43.jpg,đuổi,ph,1.0
66,35.jpg,đã,ch,1.0
66,36.jpg,phụ,lớn,1.0
66,23.jpg,bao,2,1.0
66,47.jpg,thích,,1.0
66,51.jpg,ta,c.,1.0
66,54.jpg,hợp,tòi,1.0
66,41.jpg,quyền,0m,1.0
66,42.jpg,con,6,1.0
66,34.jpg,bản,kcủ,1.0
67,3.jpg,anh,p ng,1.0
66,88.jpg,nghĩa,m6,1.0
66,90.jpg,phí,†e,1.0
67,14.jpg,liên,(4.,1.0
67,15.jpg,là,cc,1.0
67,18.jpg,vừa,"vid,",1.0
67,4.jpg,vụ,uư,1.0
63,88.jpg,diện,,1.0
67,7.jpg,lời,â,1.0
67,10.jpg,bài,ba ˆ,1.0
67,34.jpg,cậu,„5,1.0
67,35.jpg,chế,„,1.0
67,36.jpg,công,,1.0
67,21.jpg,sẽ,äe,1.0
67,23.jpg,trẻ,2.,1.0
67,24.jpg,đó,b0,1.0
67,6.jpg,bị,p\,1.0
63,76.jpg,với,"_
vôi",1.0
63,77.jpg,cứu,6a0,1.0
63,59.jpg,từ,nở,1.0
63,60.jpg,bàn,l,1.0
63,61.jpg,thẳng,lo,1.0
63,63.jpg,chôn,"5⁄2,",1.0
63,50.jpg,vi,_-,1.0
67,2.jpg,đổ,_h,1.0
66,94.jpg,doanh lòng vòng làm nâng giá thuốc; lập ngân hàng dữ liệu giá,,1.0
66,95.jpg,thi,nn,1.0
63,67.jpg,đá,ca,1.0
63,68.jpg,đói,k.,1.0
63,71.jpg,đốc,cœx,1.0
63,73.jpg,sau,cs,1.0
66,100.jpg,ra,ac,1.0
67,1.jpg,kinh,/c„,1.0
63,51.jpg,khí,..,1.0
11,25.jpg,là,á,1.0
11,26.jpg,tóc,zlœ,1.0
30,71.jpg,nhung,,1.0
30,72.jpg,sắp,(6,1.0
30,73.jpg,tộc,b,1.0
30,59.jpg,sri,ct,1.0
30,61.jpg,đó,ño,1.0
66,26.jpg,dành,l4,1.0
30,74.jpg,trách,76⁄2,1.0
30,77.jpg,hàng,«xe,1.0
30,80.jpg,ba,ớ,1.0
30,81.jpg,quá vậy?,,1.0
30,66.jpg,đến,1),1.0
30,67.jpg,và,w^,1.0
30,33.jpg,tài,xé,1.0
30,82.jpg,tích,"/
(ìh",1.0
30,90.jpg,xe,,1.0
30,36.jpg,an,o1,1.0
11,44.jpg,3,è,1.0
11,48.jpg,sau,__,1.0
30,53.jpg,dự,22,1.0
30,54.jpg,khẩu,l,1.0
11,50.jpg,người,,1.0
11,52.jpg,người,miờ l,1.0
11,39.jpg,khải,⁄2,1.0
11,56.jpg,ai,cc,1.0
11,40.jpg,ký,,1.0
11,41.jpg,vật rừng.,⁄⁄##⁄ k7:,1.0
30,64.jpg,tải,;,1.0
30,65.jpg,chị,du,1.0
11,32.jpg,tra,củ,1.0
11,33.jpg,đa,ạ/,1.0
11,37.jpg,đi,_,1.0
11,54.jpg,cấp,,1.0
11,7.jpg,điện,,1.0
11,12.jpg,đường,,1.0
11,15.jpg,những,xã,1.0
66,18.jpg,lực,p,1.0
11,28.jpg,chức,jo,1.0
11,31.jpg,rằng,aăa,1.0
11,16.jpg,họp,l,1.0
30,84.jpg,đông,chán,1.0
11,5.jpg,bạn,l..,1.0
11,6.jpg,luật,ghuđ1,1.0
63,92.jpg,ông,4,1.0
63,96.jpg,mặt,wàz,1.0
63,98.jpg,đỡ,~,1.0
63,83.jpg,577,s}†,1.0
66,24.jpg,đến,1o,1.0
66,25.jpg,hơn,lạ,1.0
11,17.jpg,lên,áo,1.0
30,85.jpg,như,pớ,1.0
30,86.jpg,lễ,o,1.0
30,87.jpg,số,có,1.0
30,88.jpg,làm,a_,1.0
66,2.jpg,ha,th,1.0
66,4.jpg,không,c6,1.0
30,91.jpg,4,é,1.0
11,23.jpg,đêm,do,1.0
30,94.jpg,liệu,"p
%2",1.0
30,96.jpg,hiếu,,1.0
30,97.jpg,đến,zñ—,1.0
66,19.jpg,chiến,e4,1.0
66,8.jpg,cùng,^^,1.0
66,11.jpg,phía,ấ⁄,1.0
66,1.jpg,trú,t⁄~x,1.0
11,20.jpg,"đến giờ đã 20 năm trôi qua kể từ khi người ta phát hiện virus hiv, cộng đồng",,1.0
30,92.jpg,nơi,,1.0
24,42.jpg,nhảy,bzx,1.0
24,28.jpg,du,,1.0
24,29.jpg,huyện,k.a=,1.0
24,3.jpg,trình,,1.0
67,89.jpg,bao,(,1.0
67,93.jpg,tích,”.,1.0
24,48.jpg,hướng,z⁄2⁄,1.0
67,25.jpg,những,,1.0
24,78.jpg,khai,1,1.0
24,66.jpg,ty,u,1.0
24,68.jpg,với,2a!,1.0
24,69.jpg,lý,@,1.0
24,53.jpg,làm,,1.0
24,56.jpg,cũng,—,1.0
24,57.jpg,đầy,êu,1.0
24,85.jpg,nghị,_~_,1.0
24,49.jpg,tuổi,cố,1.0
63,22.jpg,cảm,"2
cam",1.0
63,2.jpg,cháu,⁄,1.0
63,4.jpg,văn,s47,1.0
63,6.jpg,"đây thôi, trong một cuộc họp tại phòng họp trung tâm của ubnd tỉnh lâm đồng, tân bí",,1.0
75,93.jpg,toàn,“bơøn,1.0
75,94.jpg,chuyện,2⁄2,1.0
75,95.jpg,khám,„4,1.0
24,41.jpg,trong,kev,1.0
24,32.jpg,dừng,àea,1.0
24,36.jpg,thứ,ni,1.0
24,20.jpg,vân,),1.0
24,21.jpg,mẹ.,—,1.0
24,22.jpg,chứ,”.,1.0
24,27.jpg,liền,ho,1.0
24,37.jpg,sa,_,1.0
24,40.jpg,9,4,1.0
24,30.jpg,chừng,,1.0
75,78.jpg,dụng,cuq,1.0
24,91.jpg,trương,,1.0
24,94.jpg,hải,—~,1.0
75,69.jpg,sự,=1,1.0
75,70.jpg,suy,.,1.0
75,71.jpg,vườn,s,1.0
75,75.jpg,giập,_,1.0
24,71.jpg,nhưng,^^,1.0
24,99.jpg,mặt,w},1.0
24,100.jpg,sự,⁄),1.0
37,2.jpg,các,0x(,1.0
24,87.jpg,thợ,vn,1.0
24,89.jpg,với,,1.0
37,18.jpg,sử,co,1.0
37,3.jpg,10,áo,1.0
37,4.jpg,đại,„,1.0
24,97.jpg,21,94,1.0
24,72.jpg,bất ngờ,"uy
y",1.0
24,73.jpg,phát,ng,1.0
24,74.jpg,đến,_,1.0
24,76.jpg,quản,1⁄2,1.0
75,81.jpg,ông,0x,1.0
75,82.jpg,là,(,1.0
75,83.jpg,hết,lá,1.0
75,77.jpg,gà,44,1.0
24,80.jpg,khẳng,,1.0
24,82.jpg,lại,1o,1.0
24,84.jpg,đóng,chó,1.0
75,96.jpg,ngoài,,1.0
75,99.jpg,bị,l.,1.0
75,86.jpg,quốc,z„,1.0
75,87.jpg,về,vẹ.,1.0
75,89.jpg,tôi,ua,1.0
24,79.jpg,nhậu,„2,1.0
63,57.jpg,mùa,yew,1.0
63,42.jpg,đăng,#2,1.0
63,45.jpg,lộ,á6,1.0
63,47.jpg,dân,2.,1.0
63,37.jpg,thì,4,1.0
63,39.jpg,hải,l,1.0
63,41.jpg,gần,4ø,1.0
63,21.jpg,có,ẫ.,1.0
63,27.jpg,kiện,no,1.0
63,29.jpg,y,í,1.0
67,67.jpg,hai,1.,1.0
67,53.jpg,thông,"sóc,",1.0
67,55.jpg,đó,z/,1.0
67,56.jpg,kiến,cc,1.0
67,58.jpg,khiến,⁄„x/,1.0
67,59.jpg,người,,1.0
63,25.jpg,600,cóo,1.0
67,27.jpg,thành,cc,1.0
67,41.jpg,khi,1⁄4,1.0
67,42.jpg,quê...,,1.0
67,44.jpg,định,du,1.0
67,29.jpg,ương,dớu,1.0
67,31.jpg,đang,zlan l,1.0
67,32.jpg,việc,m\œ€c,1.0
63,53.jpg,cửa,vi,1.0
63,48.jpg,tí,,1.0
63,49.jpg,phần,nô,1.0
67,47.jpg,giám,` gi@n,1.0
67,48.jpg,gà,42,1.0
67,49.jpg,các,é,1.0
67,52.jpg,dự,đd,1.0
67,37.jpg,cập,taà,1.0
63,52.jpg,bị,ai,1.0
67,33.jpg,giấy,,1.0
24,15.jpg,anh,<<,1.0
24,17.jpg,khi,á,1.0
24,18.jpg,"những chú muỗi gầy có, béo có, nhỏ có, to có lần lượt lao vào ngọn đèn đầy muội đen. a! ov.10 này. a! l.19 này, con này là b.52, con này bay nhanh quá, phong cho nó là f.4 vậy, cứ thế mỗi con là một cái tên tương xứng với không lực hoa kỳ lần lượt lao qua ngọn đèn của tôi... một trò chơi của một người lính trẻ dưới công sự, bên trời bom đạn... cứ nhìn những bức ảnh, xem những thước phim tài liệu về sự khốc liệt của chiến trường quảng trị những ngày tháng ấy mới thấy những dòng nhật ký của nguyễn kỳ sơn thật kỳ diệu.",,1.0
24,4.jpg,biết,,1.0
24,5.jpg,chở,đá,1.0
63,9.jpg,tục,iư,1.0
63,10.jpg,chi,~.,1.0
63,34.jpg,11,6,1.0
63,13.jpg,các,"cc
ca",1.0
63,15.jpg,tôi,22,1.0
24,12.jpg,những,_,1.0
63,31.jpg,chết,2k4,1.0
63,33.jpg,được,z,1.0
63,17.jpg,thấy,{4,1.0
63,18.jpg,đêm,",.",1.0
63,19.jpg,soạn,<eahn,1.0
63,11.jpg,khi xuất khẩu đi một số nơi trong khu vực như hong kong và,,1.0
63,35.jpg,chánh,j1„.l,1.0
67,74.jpg,dân nên đường vào trạm bị uốn cong không thuận lợi cho các,,1.0
67,75.jpg,người,1460,1.0
67,77.jpg,lợi,â„‹,1.0
67,61.jpg,""" mới bẫy đây! các anh mua thịt lóc hay thịt xương? "". chúng tôi hỏi",,1.0
67,63.jpg,ty,s“,1.0
67,78.jpg,theo,-jùco,1.0
24,2.jpg,ông,2,1.0
67,82.jpg,nhau,x„,1.0
67,83.jpg,trai,z«,1.0
67,86.jpg,dựng,l0,1.0
67,69.jpg,lên,^^,1.0
67,72.jpg,màu,na,1.0
24,7.jpg,20,“,1.0
67,98.jpg,gà,s,1.0
67,100.jpg,cầu,6x,1.0
67,80.jpg,dù,pa,1.0
88,52.jpg,8,ú,1.0
51,31.jpg,vậy,n,1.0
88,83.jpg,cũng,e,1.0
88,82.jpg,ra,14,1.0
88,81.jpg,chí,íả,1.0
88,80.jpg,sơn,.,1.0
88,79.jpg,do,.,1.0
88,78.jpg,đối,tủ,1.0
88,77.jpg,chân,⁄ ăx,1.0
51,29.jpg,trong,,1.0
51,25.jpg,điều,p,1.0
51,24.jpg,đối,am,1.0
51,35.jpg,đà,—,1.0
51,34.jpg,nước,awk,1.0
51,33.jpg,hiện,ð,1.0
36,19.jpg,tờ,n,1.0
51,3.jpg,xây,lu,1.0
51,4.jpg,hiện,{lưu,1.0
134,91.jpg,nguyễn,,1.0
134,92.jpg,triển,knð,1.0
134,95.jpg,tôi,cu,1.0
51,8.jpg,thanh,cc,1.0
51,9.jpg,sinh,@cứ,1.0
51,6.jpg,được,cú&,1.0
51,11.jpg,thiệu,,1.0
51,12.jpg,nhỏ,“se,1.0
51,62.jpg,tình,đỳà,1.0
51,67.jpg,khi,l,1.0
51,14.jpg,tổng,”,1.0
51,17.jpg,hay,ø5,1.0
51,18.jpg,xăng,—,1.0
51,5.jpg,rằng,,1.0
51,10.jpg,41,“ạ,1.0
51,69.jpg,thuốc,6m,1.0
51,59.jpg,chỉnh,pp,1.0
51,46.jpg,rừng,"j
7",1.0
51,47.jpg,tố,.,1.0
51,48.jpg,hừ,lc,1.0
51,49.jpg,hơn,lu,1.0
88,39.jpg,lại,á,1.0
88,55.jpg,vụ,ng,1.0
88,41.jpg,đó,su,1.0
88,29.jpg,đá,-,1.0
88,30.jpg,của,"7
ga",1.0
88,34.jpg,lại,e¿,1.0
51,70.jpg,bộ,ke,1.0
51,72.jpg,61,ó7,1.0
51,75.jpg,ít,⁄,1.0
51,76.jpg,lòng,mi,1.0
88,40.jpg,1,{,1.0
88,59.jpg,hiện,,1.0
88,60.jpg,thỉnh,,1.0
88,47.jpg,thủ,(lu,1.0
88,48.jpg,bất,(,1.0
88,71.jpg,vàng,,1.0
88,75.jpg,cuộc,"ẹ
a0",1.0
88,62.jpg,ngẫm,_,1.0
51,68.jpg,từ,..,1.0
88,64.jpg,cứu,á.,1.0
88,65.jpg,đây,.,1.0
88,67.jpg,ngày,“ø,1.0
88,68.jpg,vì,ni,1.0
51,50.jpg,đường,~—,1.0
51,40.jpg,lý,ớ,1.0
51,42.jpg,phương,^^,1.0
51,44.jpg,một,ru,1.0
88,63.jpg,hòa,n6,1.0
127,32.jpg,hai,,1.0
127,18.jpg,làm,ø,1.0
127,20.jpg,đề,,1.0
134,42.jpg,phục,,1.0
134,43.jpg,nâng,.,1.0
134,44.jpg,là,”,1.0
134,45.jpg,dự,cu,1.0
51,2.jpg,giao,x,1.0
134,97.jpg,sôi,“c,1.0
134,98.jpg,động,cưa,1.0
134,60.jpg,ăn,,1.0
134,62.jpg,một,nợ,1.0
134,63.jpg,tiên,v4,1.0
134,50.jpg,biển,"7
a4",1.0
134,51.jpg,phải,,1.0
134,54.jpg,hội,nh,1.0
134,48.jpg,thù,ời,1.0
134,33.jpg,hiv,ng,1.0
134,37.jpg,""" săn lùng "" pv qua điện thoại và đề nghị "" thông cảm "" ngay sau khi xảy ra sự việc phóng viên (pv) thực hiện tuyến bài bị rượt đuổi rạng sáng 3 - 4 - 2004 tại dầu giây, thì 6 giờ sáng cùng ngày điện thoại cầm tay của pv đã nghe đổ chuông liên tục. trong điện thoại hiện lên số di động 091.3.85..., một người tự xưng tên lê hùng - đội trưởng đội tuần tra kiểm soát giao thông địa bàn dầu giây, trảng bom, thống nhất, đồng nai - đề nghị được gặp mặt pv.",,1.0
134,39.jpg,đồng,ủy,1.0
134,40.jpg,kể,[_,1.0
134,23.jpg,nguyên,_ v,1.0
134,25.jpg,sẽ,,1.0
134,26.jpg,đảo,b›,1.0
127,31.jpg,trực,iếng,1.0
127,23.jpg,toàn,“hợp,1.0
127,9.jpg,phước,đo,1.0
127,10.jpg,đốc,z,1.0
127,11.jpg,từ,đì,1.0
127,14.jpg,khoa,„—,1.0
127,15.jpg,như,wh c,1.0
127,27.jpg,biết,ấy,1.0
127,28.jpg,độc,.,1.0
127,22.jpg,xuyên,tư,1.0
88,89.jpg,người,"5
no",1.0
88,90.jpg,chưa,_,1.0
88,91.jpg,tính,hơi,1.0
88,92.jpg,giá,2 —,1.0
134,80.jpg,"sau hơn 30 năm bỏ công, của cất nhà tình thương cho người nghèo,",,1.0
127,3.jpg,mà,k^,1.0
127,4.jpg,thọ,1t,1.0
134,55.jpg,đi,é,1.0
127,7.jpg,bình,,1.0
88,93.jpg,"có nước, quan tài cứ nổi lên bập bềnh chẳng chịu nằm im, phải",,1.0
88,94.jpg,trước,"#
trákd",1.0
134,96.jpg,đá,ư,1.0
134,82.jpg,"tuy nhiên, đáng sợ nhất về sự tiêu thụ thú rừng phải kể đến hàng trăm làng",,1.0
134,87.jpg,3,`,1.0
134,74.jpg,quả,c,1.0
134,79.jpg,hiện,m&,1.0
127,6.jpg,kết,a?},1.0
134,41.jpg,"hàng hóa là sản phẩm của lao động, có thể thỏa mãn các nhu cầu nào đó của con người thông qua trao đổi, mua bán.",,1.0
134,68.jpg,kèm,⁄%,1.0
134,69.jpg,chưa,ju^,1.0
134,70.jpg,bên,(,1.0
134,71.jpg,đã,^^,1.0
134,57.jpg,tạm,x,1.0
134,58.jpg,bộ,ú,1.0
88,87.jpg,tới,áà.,1.0
134,8.jpg,giao,8 cơ,1.0
134,9.jpg,chán,“l,1.0
134,10.jpg,từ,đo,1.0
134,11.jpg,chỉ,đu,1.0
134,12.jpg,điểm,ả,1.0
134,13.jpg,khẳng,cr,1.0
88,95.jpg,của,"ì
2",1.0
88,85.jpg,khi,lu,1.0
134,59.jpg,bởi,_,1.0
42,100.jpg,tư,bì,1.0
42,87.jpg,kết,4⁄4,1.0
42,88.jpg,trại,.,1.0
42,89.jpg,hứa,⁄«,1.0
42,51.jpg,tới,..,1.0
42,35.jpg,ra,ax,1.0
42,36.jpg,định,x~,1.0
88,36.jpg,hoa,_x,1.0
42,38.jpg,trú,cc,1.0
42,39.jpg,khoan,._,1.0
42,41.jpg,tờ,,1.0
45,76.jpg,đón,2,1.0
45,77.jpg,đến,tt.,1.0
45,65.jpg,toán,+4,1.0
45,66.jpg,đó,s,1.0
45,69.jpg,chị,dụ,1.0
42,37.jpg,ta,.,1.0
42,84.jpg,thu,,1.0
42,85.jpg,tư,+,1.0
42,70.jpg,quý,1⁄4,1.0
42,73.jpg,vụ,ờw,1.0
42,74.jpg,độ,2,1.0
42,76.jpg,kỳ,1u,1.0
42,77.jpg,là,,1.0
42,97.jpg,lãi,cc.,1.0
42,91.jpg,văn,na,1.0
42,92.jpg,lập,áag,1.0
42,93.jpg,ba,—,1.0
42,79.jpg,như,8⁄4,1.0
42,80.jpg,chính,z/.-4,1.0
42,82.jpg,như,„/,1.0
42,83.jpg,ngờ,w,1.0
42,95.jpg,thị,4,1.0
28,26.jpg,ngành,naox).,1.0
28,21.jpg,mới,—_—,1.0
28,22.jpg,phố,gm',1.0
28,23.jpg,ra,j1,1.0
28,47.jpg,đó,_,1.0
28,48.jpg,thực,ø,1.0
28,34.jpg,định,xia⁄,1.0
28,35.jpg,đã,tu,1.0
45,56.jpg,chính,2ä/á0,1.0
28,38.jpg,một,nói,1.0
28,39.jpg,từ,l,1.0
28,52.jpg,ở,5,1.0
28,55.jpg,cứu,~^,1.0
28,57.jpg,bố,⁄ˆ,1.0
28,42.jpg,phí,"phú
(",1.0
28,43.jpg,diện,đuớm,1.0
28,44.jpg,lý,cố,1.0
28,36.jpg,ruồng,,1.0
28,5.jpg,yêu,w,1.0
28,6.jpg,sai,0l,1.0
28,7.jpg,chiều,| mùó,1.0
28,8.jpg,trả,đ.,1.0
45,72.jpg,gồm,_,1.0
45,74.jpg,lạt,/„{,1.0
45,75.jpg,thiếu,^^,1.0
28,20.jpg,hải,/.,1.0
28,10.jpg,cho,⁄“,1.0
28,11.jpg,tp,c6,1.0
28,14.jpg,khi,\à,1.0
28,17.jpg,đã,ch,1.0
28,3.jpg,dòng,2,1.0
28,4.jpg,đùi,,1.0
28,30.jpg,thức,bún,1.0
28,31.jpg,mới,mởơu,1.0
28,24.jpg,khám,⁄o,1.0
42,7.jpg,hiệu,2,1.0
42,9.jpg,sau,<<,1.0
88,4.jpg,tử,cu,1.0
88,5.jpg,phát,(4,1.0
88,6.jpg,đạt,©¿£,1.0
88,8.jpg,hết,x12,1.0
42,19.jpg,hộ,&,1.0
88,1.jpg,tui,âm,1.0
42,23.jpg,gần,qùa,1.0
42,11.jpg,đời,5,1.0
42,15.jpg,lực,có,1.0
42,3.jpg,đáng,vì,1.0
88,15.jpg,sát,“4,1.0
88,16.jpg,được,..,1.0
42,29.jpg,hành,⁄,1.0
42,30.jpg,điện,,1.0
42,20.jpg,nh,mð,1.0
88,37.jpg,trên,+,1.0
88,38.jpg,1,|,1.0
51,91.jpg,trước,_zz,1.0
51,93.jpg,không,,1.0
51,78.jpg,kiểm,ma,1.0
51,80.jpg,đời,dù,1.0
51,81.jpg,bàn,k,1.0
42,5.jpg,và,2,1.0
51,85.jpg,3,/,1.0
88,49.jpg,những,nê xăi,1.0
51,94.jpg,tác,nu,1.0
51,95.jpg,viết,,1.0
51,96.jpg,giấy,"\
no",1.0
51,99.jpg,cho,l,1.0
51,86.jpg,đạo,"ố
ả",1.0
51,89.jpg,gang,14,1.0
51,83.jpg,1990,a449,1.0
42,49.jpg,và,w,1.0
45,81.jpg,phải,,1.0
42,65.jpg,đèn,ẹù,1.0
42,67.jpg,sao,)à^o,1.0
42,68.jpg,nhỏ,tl,1.0
42,55.jpg,khói,bị,1.0
45,90.jpg,công,“1,1.0
42,31.jpg,trương,“lei3⁄,1.0
45,93.jpg,một,vớ,1.0
45,95.jpg,từ,{2,1.0
45,80.jpg,như,mà),1.0
88,9.jpg,lên,m,1.0
45,96.jpg,xã,cu,1.0
45,98.jpg,dám,zlnm,1.0
45,99.jpg,chị,é,1.0
45,100.jpg,cộng,.,1.0
45,92.jpg,ngày,ns«#4,1.0
42,32.jpg,bố,l,1.0
42,33.jpg,đã,,1.0
42,34.jpg,dâm,ca,1.0
88,35.jpg,số,cc,1.0
88,20.jpg,tất,,1.0
88,21.jpg,sống,^^,1.0
88,22.jpg,nêu,7/0,1.0
42,46.jpg,bạc,nu,1.0
88,12.jpg,tối,{+,1.0
88,13.jpg,không,^^,1.0
88,14.jpg,kể,ất,1.0
42,57.jpg,không,zk«zy,1.0
42,59.jpg,là,,1.0
42,60.jpg,luôn,⁄^~,1.0
42,44.jpg,nhưng,k,1.0
42,45.jpg,"bằng nỗi đau mất danh dự, tinh thần khi xuất hiện bài báo "" một âm",,1.0
88,24.jpg,khoảng,(l«<a,1.0
32,66.jpg,cổ,g,1.0
116,52.jpg,bà,⁄,1.0
116,53.jpg,chương,,1.0
116,55.jpg,luật,⁄4,1.0
116,41.jpg,nhiều,ke,1.0
116,43.jpg,sách,xé,1.0
116,44.jpg,thấy,"7
+",1.0
134,22.jpg,con,ụ,1.0
116,38.jpg,ngay,®^4,1.0
116,39.jpg,đầu,,1.0
116,24.jpg,vào,ưòb,1.0
116,25.jpg,khai,0n,1.0
116,27.jpg,xuống,l v⁄,1.0
116,28.jpg,dầu,vn,1.0
116,29.jpg,gì,4,1.0
32,82.jpg,khóc,l4,1.0
116,47.jpg,3,s,1.0
32,31.jpg,đồng,,1.0
32,32.jpg,chính,“ø,1.0
32,50.jpg,giao,ơ,1.0
32,51.jpg,kết,cơ,1.0
32,52.jpg,còn,(,1.0
32,53.jpg,pháp,đ,1.0
32,67.jpg,di,ph,1.0
32,65.jpg,"kéo. chỉ thu phí khi "" châu về hợp phố "" nên đã hoạt",,1.0
32,55.jpg,công,gv,1.0
32,57.jpg,lại,ca,1.0
32,58.jpg,nhanh,ị i,1.0
32,59.jpg,và,với,1.0
32,73.jpg,bụng,_—,1.0
32,74.jpg,đến,`,1.0
32,75.jpg,đất,#4,1.0
32,78.jpg,bỏ,l.,1.0
32,69.jpg,địa,4,1.0
32,97.jpg,ngày,%#ø,1.0
69,22.jpg,mà,n2,1.0
69,23.jpg,báo,lu.,1.0
69,24.jpg,các,,1.0
69,11.jpg,thông,am,1.0
69,17.jpg,như,ru,1.0
69,43.jpg,dân,pp,1.0
32,83.jpg,ưu,l,1.0
69,30.jpg,đường,ek9j,1.0
69,31.jpg,ai,^^,1.0
69,32.jpg,trung,,1.0
69,19.jpg,lý,má,1.0
116,11.jpg,trợ,+,1.0
116,13.jpg,ông,cu,1.0
116,15.jpg,hơn,7.,1.0
69,36.jpg,ngăn,c,1.0
69,28.jpg,đang,z,1.0
32,84.jpg,thương,,1.0
32,85.jpg,người,— ),1.0
116,32.jpg,đến,-,1.0
116,34.jpg,hiện,anh,1.0
116,35.jpg,lao,[fc,1.0
32,100.jpg,thủ,cm,1.0
69,1.jpg,anh,—,1.0
69,10.jpg,phước,pixdát,1.0
32,88.jpg,vào,wòà,1.0
32,90.jpg,môi,ve,1.0
32,93.jpg,hải,lu,1.0
32,94.jpg,minh,,1.0
32,80.jpg,bày,k4,1.0
69,4.jpg,đã,ấ,1.0
69,6.jpg,tôi,/á/,1.0
69,7.jpg,là,á,1.0
69,2.jpg,18,tz,1.0
73,68.jpg,nam,xa _,1.0
73,69.jpg,số,v,1.0
73,70.jpg,bật,#e,1.0
73,95.jpg,thông,f«„,1.0
73,96.jpg,bán,cc,1.0
73,97.jpg,nhiên,ông,1.0
73,84.jpg,một,wø†,1.0
32,46.jpg,tịch,-,1.0
73,87.jpg,vì,tt,1.0
73,89.jpg,lã,mẹ,1.0
32,13.jpg,đó,lh,1.0
32,4.jpg,dậy,,1.0
73,90.jpg,hình,^^,1.0
73,92.jpg,của,"j
ca",1.0
73,94.jpg,thưa,xxx,1.0
116,80.jpg,đỗi,_,1.0
73,85.jpg,khẳng,ai,1.0
73,64.jpg,tiên,n75,1.0
73,65.jpg,làm,(cg,1.0
73,50.jpg,ấy long lanh in trong mắt mẹ.,,1.0
73,53.jpg,trước,%6,1.0
73,54.jpg,cơ,<<,1.0
73,56.jpg,nhỏ,——,1.0
116,97.jpg,tiên,j5,1.0
73,67.jpg,phố,0,1.0
73,73.jpg,hình,ma,1.0
73,58.jpg,kết,aá,1.0
73,60.jpg,"ban biên tập báo tuổi trẻ cũng quyết định gửi tặng nhóm công nhân đã tố cáo tiêu cực ở đường liên cảng a5 10 triệu đồng. đừng để người dân đặt cược cho niềm tin! qua báo chí, bản thân tôi đã được biết về việc tố cáo những sai phạm của công trình đường liên cảng a5 mấy năm trước đây, nhưng nay mới biết việc làm dũng cảm và tốt đẹp đó đã mang đến bao hệ lụy phiền phức cho những người trong cuộc, những người mà theo tôi vô cùng xứng đáng với danh hiệu hiệp sĩ.",,1.0
73,62.jpg,dankia,,1.0
73,63.jpg,lương,2,1.0
73,77.jpg,"thuận ""?",,1.0
73,78.jpg,nghiệp,,1.0
73,79.jpg,phủ,z4,1.0
73,71.jpg,lục,t,1.0
32,28.jpg,sức,a⁄2,1.0
32,29.jpg,được,,1.0
32,18.jpg,dân,2i,1.0
32,20.jpg,quen,gi,1.0
116,70.jpg,sẽ,,1.0
116,71.jpg,trong,†v si,1.0
116,56.jpg,đường,30),1.0
32,6.jpg,dậy,%4,1.0
32,37.jpg,đa,2x,1.0
32,23.jpg,được,2u,1.0
32,25.jpg,mới,2),1.0
32,26.jpg,mình,c,1.0
32,40.jpg,10,/o,1.0
32,41.jpg,nếu,mẹa,1.0
32,43.jpg,nhảy,,1.0
32,45.jpg,lên,âu,1.0
32,35.jpg,ảnh,d1,1.0
32,8.jpg,quả,j4,1.0
32,10.jpg,lại,,1.0
32,11.jpg,lần,cc,1.0
116,94.jpg,ra,(^,1.0
116,86.jpg,hừ,z3,1.0
116,87.jpg,đã bao giờ bạn tự hỏi thành công là gì mà bao kẻ bỏ cả cuộc,,1.0
116,88.jpg,địa,ởu,1.0
116,50.jpg,hoàng,—,1.0
116,75.jpg,quần,2⁄6,1.0
116,76.jpg,giữ,”,1.0
116,58.jpg,trại,1 ox,1.0
116,60.jpg,600,z5,1.0
116,61.jpg,trình,lu,1.0
116,62.jpg,của,"›
ca",1.0
116,63.jpg,đó,;,1.0
116,48.jpg,những,"cc ,",1.0
116,73.jpg,đoàn,ra,1.0
138,64.jpg,báo,^^,1.0
138,65.jpg,khu,b.,1.0
138,52.jpg,gì,d,1.0
138,53.jpg,vừa,cu,1.0
138,54.jpg,và,4,1.0
138,57.jpg,lo,1l,1.0
138,68.jpg,quảng,"”
(9q",1.0
69,37.jpg,kỳ,#4,1.0
138,70.jpg,nhất,,1.0
138,72.jpg,ngờ,r g,1.0
138,61.jpg,lưu trữ,,1.0
127,54.jpg,sơn,tờ,1.0
127,55.jpg,bà,pn,1.0
127,43.jpg,đi,”,1.0
127,46.jpg,thậm,v,1.0
127,47.jpg,206,miø,1.0
138,69.jpg,hoãn,x,1.0
138,23.jpg,họ,lo,1.0
138,12.jpg,sẽ,cc,1.0
138,15.jpg,sự,_,1.0
138,16.jpg,hương,"j2
4",1.0
138,17.jpg,hai,in,1.0
138,29.jpg,luyện,x,1.0
138,30.jpg,chạy,"1n,",1.0
138,27.jpg,chính,u44,1.0
138,18.jpg,đến,lí.,1.0
138,19.jpg,"chính quyền, công an địa phương - nơi quản lý địa bàn, không thể",,1.0
69,83.jpg,người,,1.0
69,84.jpg,tiên,⁄xa,1.0
69,85.jpg,làm,cc,1.0
138,34.jpg,uống,sơ,1.0
138,35.jpg,bạn,l-,1.0
138,39.jpg,tư,.-,1.0
138,32.jpg,ty,l,1.0
138,86.jpg,ngày,ái,1.0
138,88.jpg,vi,n\,1.0
138,89.jpg,lại,áo,1.0
134,2.jpg,bắt,ha,1.0
134,3.jpg,cùng,"^%/,",1.0
134,4.jpg,đón,ảva,1.0
134,6.jpg,nội,w0,1.0
138,66.jpg,ở,ó,1.0
138,44.jpg,mảnh,1⁄27,1.0
138,45.jpg,5,ạ,1.0
138,48.jpg,khẩu,na,1.0
138,49.jpg,gia,[ễ,1.0
138,100.jpg,sợ,a0,1.0
134,30.jpg,vậy,,1.0
134,31.jpg,mùi ói xông nồng nặc.,,1.0
134,16.jpg,tiếng,,1.0
138,43.jpg,và,.,1.0
127,60.jpg,dục,on,1.0
127,64.jpg,liên,,1.0
127,65.jpg,cây,224,1.0
127,66.jpg,với,"7
vớ)",1.0
127,50.jpg,lấy,^^,1.0
127,51.jpg,lúc,.,1.0
127,52.jpg,vks,việt,1.0
138,85.jpg,văn,ni.,1.0
138,79.jpg,tôi,v |,1.0
138,80.jpg,thủ,cu,1.0
127,33.jpg,"hàng chục trang trại nằm rải rác đây đó trong khu vực được gọi tên là suối cạn (thuộc ban quản lý rừng phòng hộ sêrêpôk) và nhiều lâm phận không tên khác. một vài chủ trang trại nói với tôi là đang rao bán những rẫy cà phê, từ 1 - 3 ha, với giá 200 triệu đến hàng tỉ đồng có giấy chứng nhận quyền sử dụng đất do chính quyền huyện lạc dương cấp. "" hầu như tất cả những người sở hữu trang trại ở đây đều là nhân viên ban quản lý rừng phòng hộ sêrêpôk! "" - một người chủ trang trại ở khu vực suối cạn nói.",,1.0
127,34.jpg,ước,la,1.0
127,36.jpg,thỏa,ii,1.0
127,25.jpg,nhà,cá,1.0
138,82.jpg,kế,v,1.0
138,83.jpg,ký,ớ,1.0
138,78.jpg,nhà,,1.0
69,44.jpg,qua,2⁄4,1.0
69,45.jpg,vẫn,"—
no",1.0
69,47.jpg,ra,rz_,1.0
127,100.jpg,đồng,“0a,1.0
116,1.jpg,trình,,1.0
116,2.jpg,nay,6é,1.0
69,67.jpg,cho,l,1.0
127,59.jpg,chánh,“1⁄i,1.0
69,52.jpg,nêu,hn,1.0
69,53.jpg,lại,,1.0
69,54.jpg,ứng,"ông
2",1.0
69,56.jpg,nhưng,,1.0
69,57.jpg,ta,⁄,1.0
69,58.jpg,đi,zb,1.0
69,70.jpg,là,x,1.0
69,73.jpg,thành,”,1.0
69,68.jpg,thật,⁄,1.0
69,39.jpg,lý,⁄,1.0
69,40.jpg,tay,_—,1.0
116,16.jpg,giải,4:4),1.0
116,17.jpg,hậu,_,1.0
116,19.jpg,giám,đa,1.0
116,22.jpg,động,co,1.0
116,23.jpg,đã,dự,1.0
127,97.jpg,ông,_,1.0
116,9.jpg,nhanh,~/⁄_,1.0
116,10.jpg,này,,1.0
116,3.jpg,xã,—,1.0
116,4.jpg,ngay,1,1.0
116,6.jpg,ngờ,1,1.0
127,92.jpg,sưng,hôi,1.0
127,95.jpg,lợi,(4,1.0
127,96.jpg,lấy,1⁄4,1.0
116,8.jpg,nhà,“kh,1.0
127,80.jpg,vậy,-,1.0
127,81.jpg,dài,cò,1.0
127,82.jpg,con,c&⁄⁄,1.0
138,4.jpg,biến,a~,1.0
127,98.jpg,nam,⁄,1.0
127,99.jpg,liên,t.,1.0
127,83.jpg,hơn,lu,1.0
69,74.jpg,bom,í„_,1.0
127,87.jpg,kẻ,1.,1.0
127,88.jpg,nền,t1,1.0
127,89.jpg,cấp,"⁄
cap",1.0
127,90.jpg,rất,‹àj,1.0
127,68.jpg,khắc,"4
_",1.0
127,69.jpg,hiện,ft,1.0
127,70.jpg,tử,l.,1.0
127,71.jpg,trời,-.,1.0
127,86.jpg,định,hố,1.0
69,76.jpg,không,"an
ề",1.0
69,77.jpg,nhằm,"vi
⁄",1.0
69,65.jpg,ở,s,1.0
69,92.jpg,tại,{2a,1.0
69,93.jpg,một,^^,1.0
69,78.jpg,răng,(2,1.0
69,80.jpg,nhìn,mm,1.0
127,78.jpg,hồ,mã,1.0
69,82.jpg,vào,⁄,1.0
138,5.jpg,nghị,c4,1.0
138,8.jpg,phẩy,ứ,1.0
138,9.jpg,hiệu,,1.0
69,95.jpg,bãi,,1.0
69,98.jpg,công,(®v,1.0
69,99.jpg,số,©,1.0
127,77.jpg,đồng,,1.0
69,81.jpg,những,,1.0
128,3.jpg,ai,ga,1.0
128,4.jpg,ai,^,1.0
128,6.jpg,đạt,,1.0
128,8.jpg,định,,1.0
114,95.jpg,bị,án,1.0
44,56.jpg,trong,su,1.0
44,59.jpg,không,(chc c,1.0
28,46.jpg,cho họ.,^~ø¿ ^c,1.0
128,11.jpg,khỏe,⁄,1.0
128,14.jpg,hợp,vi,1.0
128,15.jpg,quyết,,1.0
44,77.jpg,cả,(,1.0
44,62.jpg,nhiều,s,1.0
44,63.jpg,lò,.,1.0
44,66.jpg,mình,_,1.0
44,54.jpg,tấp,,1.0
44,61.jpg,hơn,cđw,1.0
114,75.jpg,an,ø%,1.0
114,34.jpg,sang,"oi,",1.0
114,36.jpg,ty,.,1.0
114,37.jpg,đấu,-,1.0
114,29.jpg,đã,5,1.0
114,79.jpg,hầm,"x,",1.0
114,80.jpg,phát,n4,1.0
128,17.jpg,chứng,"e
u",1.0
114,97.jpg,đất,tư,1.0
114,98.jpg,cơ,6,1.0
114,99.jpg,kết,x*⁄,1.0
128,1.jpg,lê,"lo,",1.0
128,2.jpg,thẩm,ttiemd,1.0
114,86.jpg,trực,&,1.0
114,88.jpg,pháp,lén,1.0
128,16.jpg,thành,{4a,1.0
114,96.jpg,họ,⁄^,1.0
128,42.jpg,khám,jlhon,1.0
114,89.jpg,hoàng,thoøz.g/,1.0
114,94.jpg,lãnh,(&,1.0
128,44.jpg,bán,m,1.0
128,46.jpg,chẳng,kp,1.0
128,47.jpg,nghị,co,1.0
128,71.jpg,trong,"“le,",1.0
128,25.jpg,sẽ,ac,1.0
128,59.jpg,tính,,1.0
128,60.jpg,nhỏ,k,1.0
128,63.jpg,một,n1,1.0
128,64.jpg,đậu,2à,1.0
128,66.jpg,bản chất của thành công,,1.0
128,77.png,"theo ông nguyễn hiền, trong năm 2026, phường cũng triển khai xây mới, sửa chữa chống dột cho 2 căn nhà ở khu phố 46, trong đó có 1 căn thuộc xóm ve chai.",,1.0
128,78.jpg,đầu,z&,1.0
128,81.jpg,đào,#\,1.0
128,74.jpg,10,(o,1.0
44,46.jpg,tuổi,"?
+",1.0
44,47.jpg,chủ,⁄,1.0
44,48.jpg,"vụ sai phạm công trình đường liên cảng a5 có bị "" chìm xuồng ""?",,1.0
44,50.jpg,nhân,„5⁄4,1.0
44,51.jpg,được,⁄.,1.0
44,39.jpg,trần,“t& ân,1.0
128,29.jpg,khăn,vi,1.0
128,40.jpg,trại,"17x,",1.0
128,19.jpg,được,,1.0
128,21.jpg,phẩy,nê,1.0
128,22.jpg,kẹt,x,1.0
128,23.jpg,anh,,1.0
128,24.jpg,khâu,ù^,1.0
128,48.jpg,hiện,àa,1.0
128,49.jpg,bổng,⁄,1.0
128,37.jpg,ngày,m,1.0
128,31.jpg,giải,\,1.0
114,7.jpg,đi,ch,1.0
114,8.jpg,tìm,sn,1.0
114,10.jpg,nghèo,^akbeo,1.0
114,13.jpg,bởi,”,1.0
98,98.jpg,thoát,un,1.0
98,60.jpg,sáu,—,1.0
98,61.jpg,chúng,0.,1.0
114,73.jpg,đạt,2d},1.0
114,14.jpg,đến,np,1.0
114,18.jpg,số,a6,1.0
114,52.jpg,ký,ƒ,1.0
114,53.jpg,khăn,<5,1.0
114,38.jpg,từ,ch,1.0
114,39.jpg,để,..,1.0
114,45.jpg,đến,tl.,1.0
114,30.jpg,lục,(,1.0
98,62.jpg,từ,_,1.0
98,92.jpg,thuốc,(„#z,1.0
98,93.jpg,quyết,vn,1.0
98,96.jpg,huyện,mac,1.0
105,10.jpg,lớn,cc,1.0
105,11.jpg,và,_.,1.0
105,12.jpg,công,,1.0
105,13.jpg,trà,rzn,1.0
114,6.jpg,xưng,2294,1.0
114,1.jpg,3,ˆ,1.0
114,2.jpg,tiên,ở,1.0
114,3.jpg,xe,~x2,1.0
114,4.jpg,chỗ,"w~
chỗ",1.0
114,5.jpg,1,⁄,1.0
98,90.jpg,được,,1.0
98,91.jpg,lây,⁄,1.0
114,21.jpg,quyền ký hợp đồng tín dụng nhận vốn vay.,,1.0
98,99.jpg,một,w0,1.0
44,80.jpg,ơi,ø,1.0
44,84.jpg,an,đà,1.0
44,85.jpg,quyền,4ø,1.0
44,70.jpg,chậm,án,1.0
44,71.jpg,dự,dài,1.0
44,73.jpg,"chơi bạc gà của tuấn "" cụt "" chưa ăn thua gì so với hậu "" trọc "". dân",,1.0
44,74.jpg,cách,"(œ/,",1.0
44,92.jpg,sự,%u,1.0
114,62.jpg,để,«đ°,1.0
114,56.jpg,hóa,.,1.0
114,57.jpg,động,pa,1.0
114,60.jpg,cấp,e«o,1.0
114,82.jpg,manh,- ⁄,1.0
114,84.jpg,"thấy mẹ che dụm bên góc hè nấu ăn khổ cực, nó nói cuối năm lĩnh tiền về làm cho mẹ",,1.0
114,85.jpg,dẫn,tt,1.0
114,71.jpg,phía,_,1.0
114,76.jpg,vệ,vvz,1.0
44,93.jpg,luật,1$,1.0
114,46.jpg,lẽ,,1.0
114,47.jpg,là,á,1.0
114,51.jpg,phép,,1.0
44,97.jpg,thống,1z,1.0
105,1.jpg,bốn,"b
so",1.0
44,87.jpg,hạnh,„+,1.0
44,78.jpg,ý,đ,1.0
44,89.jpg,kong,đới,1.0
44,90.jpg,lục,“4,1.0
105,16.jpg,vạn,w—,1.0
105,4.jpg,trộm,(«#2,1.0
105,6.jpg,lòng,í›^,1.0
105,7.jpg,được,3d.,1.0
105,9.jpg,chết,"/
e0",1.0
44,95.jpg,không,1m,1.0
44,88.jpg,không,(ft,1.0
52,74.jpg,cả,t.,1.0
52,75.jpg,nghị,,1.0
52,76.jpg,sau,ẹ⁄x,1.0
52,78.jpg,chỉ,.k,1.0
145,82.jpg,nghĩ,xi,1.0
145,85.jpg,km,xem,1.0
145,87.jpg,đại,cư,1.0
128,82.jpg,bộ,_,1.0
52,81.jpg,giấy,4,1.0
135,3.jpg,""" nếu không có xác nhận của bộ chủ quản đối với dự án, nh sẽ không cho vay vì không nắm rõ được nhu cầu vốn của công ty tiếp thị "". cũng với lý do tương tự, đại diện của nh đầu tư phát triển cũng sẽ dứt khoát không cho vay. "" nhẹ nhàng "" hơn, đại diện của nh thương mại cổ phần hàng hải cho biết thông thường các công văn như vậy là cần thiết nhưng không phải là quyết định đối với các khoản vay nh.",,1.0
135,5.jpg,thời,`,1.0
145,90.jpg,già,44,1.0
145,94.jpg,khởi,tu,1.0
145,95.jpg,công,6œ.,1.0
135,6.jpg,hành,ai,1.0
135,8.jpg,đó,cc,1.0
52,80.jpg,quả,®,1.0
145,69.jpg,mẹ,wo,1.0
145,56.jpg,bảy,kéu,1.0
52,94.jpg,chủ,(,1.0
52,95.jpg,mà,ử,1.0
145,73.jpg,19,1⁄2,1.0
145,75.jpg,hầm,lc,1.0
145,77.jpg,dọc,"chc,",1.0
52,73.jpg,bình,dím.,1.0
145,79.jpg,thượng,,1.0
52,97.jpg,"sướt, bầm giập cả.",,1.0
52,98.jpg,"khi tặng mẹ "" đoá hồng "" của tình yêu. một món quà ý nghĩa hơn cả những món",,1.0
44,3.jpg,trình,„—ẵ,1.0
44,4.png,"thể thao giúp con người rèn luyện sức khỏe mỗi ngày. việc vận động thường xuyên làm cơ thể trở nên dẻo dai hơn. nhiều người chọn thể thao để giảm căng thẳng. hoạt động thể chất cũng cải thiện tinh thần. nhờ đó, cuộc sống trở nên cân bằng hơn. thể dục buổi sáng giúp khởi động cơ thể. các động tác đơn giản giúp máu lưu thông tốt hơn. việc tập luyện đều đặn tạo thói quen lành mạnh. nhiều người cảm thấy tỉnh táo hơn sau khi tập. thể dục mang lại năng lượng cho ngày mới.",,1.0
52,91.jpg,từ,,1.0
52,92.jpg,đi,s.,1.0
52,87.jpg,đi,n,1.0
145,78.jpg,chặn ở đầu hai đoạn dốc nơi đoạn đường qua km 95 và gần km 97. họ,,1.0
52,62.jpg,rừng,2⁄22,1.0
135,39.jpg,mù,vw,1.0
135,45.jpg,đã,ˆ,1.0
135,31.jpg,về,kp,1.0
52,65.jpg,dài,1,1.0
52,66.jpg,nhu,úc,1.0
52,67.jpg,được,,1.0
135,13.jpg,như,x,1.0
52,69.jpg,ghi,ˆ,1.0
52,70.jpg,đúng,^~,1.0
52,71.jpg,4,⁄,1.0
135,57.jpg,nhất,(4á,1.0
135,59.jpg,thường,,1.0
135,60.jpg,biệt,tk,1.0
135,61.jpg,ty,ảu,1.0
135,47.jpg,đặt,sóc,1.0
52,68.jpg,11,il,1.0
145,98.jpg,từ,v),1.0
145,99.jpg,không,mm,1.0
145,100.jpg,"bức thư cảm ơn ấy thật sự là "" cấp cứu và hồi sức "" cho anh",,1.0
135,27.jpg,25,j6,1.0
135,15.jpg,và,cá,1.0
135,16.jpg,niên,)],1.0
52,48.jpg,độ,na,1.0
52,61.jpg,tồn,m,1.0
135,35.jpg,quan,th,1.0
135,36.jpg,dù,,1.0
135,37.jpg,công,kí,1.0
135,23.jpg,đã,ca,1.0
135,24.jpg,ngay,"xen,",1.0
135,26.jpg,11,1⁄4,1.0
52,58.jpg,cáo,.,1.0
52,60.jpg,vụ,w4,1.0
135,32.jpg,tạo,'-,1.0
128,90.jpg,cuộc,g(,1.0
145,42.jpg,vì,~,1.0
145,43.jpg,là,,1.0
145,5.jpg,một,“8£,1.0
145,6.jpg,một,nó,1.0
145,7.jpg,độc,,1.0
128,96.jpg,rất,~.,1.0
145,68.jpg,trong,ky,1.0
145,11.jpg,người,"„3
j2",1.0
145,12.jpg,tại,,1.0
145,15.jpg,đang,”,1.0
145,2.jpg,gọi,cc,1.0
145,3.jpg,thông,1ø,1.0
145,4.jpg,thuốc,"_
l",1.0
128,53.jpg,một,ạ,1.0
128,54.jpg,hiện,am,1.0
128,97.jpg,tư,sử,1.0
128,67.jpg,phân giải,,1.0
128,68.jpg,150,(<ô,1.0
44,21.jpg,luân,ch,1.0
44,22.jpg,bần,vớ,1.0
44,25.jpg,môi,"^
n",1.0
44,26.jpg,khu,inn,1.0
44,27.jpg,hôm,,1.0
128,88.jpg,y,ý,1.0
44,41.jpg,lại,z,1.0
44,42.jpg,đảm,,1.0
44,44.jpg,làm,|,1.0
44,30.jpg,sở,v,1.0
44,32.jpg,rõ,c@,1.0
44,33.jpg,mộ,wé,1.0
128,86.jpg,tôi,+,1.0
128,87.jpg,km2,ww 2,1.0
128,76.jpg,hết,á⁄,1.0
145,25.jpg,kiểm,—,1.0
145,26.jpg,là,_,1.0
145,27.jpg,diện,,1.0
145,28.jpg,các,"⁄
cc",1.0
145,29.jpg,là,_,1.0
145,30.jpg,xanh,cố,1.0
145,32.jpg,"chúng tôi hỏi có tay gấu không, bà hạ giọng : "" các đầu mối khác không có nhưng tui bảo đảm có, một bộ tay gấu 3,7 triệu đồng; còn 1 cc mật gấu 100.000 đ "". bà viết cho chúng tôi số điện thoại di động (091386315...) bảo : "" cần cứ gọi "".",,1.0
128,55.jpg,hẳn,_,1.0
145,34.jpg,3,ố,1.0
145,35.jpg,thông,17),1.0
145,37.jpg,rất,c,1.0
145,57.jpg,đã,.,1.0
145,58.jpg,bị,hi,1.0
145,49.jpg,hiện,⁄z,1.0
145,50.jpg,vay,..,1.0
145,65.jpg,ai,gœ,1.0
145,33.jpg,hoặc,/,1.0
128,56.jpg,bộ,l4,1.0
128,58.jpg,chậm,(z2,1.0
145,8.jpg,khi,vn,1.0
44,16.jpg,đặt,ng,1.0
44,17.jpg,quy,~,1.0
44,18.jpg,phí,ểà,1.0
44,20.jpg,phần,,1.0
145,24.jpg,du,”,1.0
44,8.jpg,bác,_,1.0
44,9.jpg,hỗ,1.,1.0
145,31.jpg,hội,tờ,1.0
145,19.jpg,gọi,đe\,1.0
145,21.jpg,"hà nội, trường chinh, quốc lộ 13. ông hải đề nghị công an tp nên đấu thầu, giao",,1.0
145,22.jpg,triển,—,1.0
145,23.jpg,diên,b/⁄^,1.0
44,15.jpg,hỏi,to,1.0
44,6.jpg,bằng,2,1.0
95,56.jpg,phát,(ấ22,1.0
95,58.jpg,chỉnh,⁄,1.0
95,59.jpg,lửa,..,1.0
95,60.jpg,chiều,g[ n,1.0
95,11.jpg,yên,w^~,1.0
95,13.jpg,dân,.,1.0
95,14.jpg,là,tù,1.0
105,19.jpg,đi,z1,1.0
28,100.jpg,biển,co,1.0
95,2.jpg,động,xơm,1.0
95,3.jpg,nghiệp,,1.0
95,68.jpg,hình,—_,1.0
95,70.jpg,điểm,/ ¬),1.0
95,71.jpg,chiếc,1,1.0
45,9.jpg,mấy,_~,1.0
45,10.jpg,án,đá),1.0
95,15.jpg,thực,1⁄v2c,1.0
95,44.jpg,tới,lo.,1.0
95,45.jpg,này,<⁄z,1.0
95,46.jpg,tờ,‡ơ,1.0
95,47.jpg,hứa,l,1.0
95,32.jpg,về,+,1.0
95,33.jpg,phẩy,⁄“^,1.0
95,63.jpg,lý,l„“,1.0
95,7.jpg,lớn,1.,1.0
95,49.jpg,không,vi,1.0
95,51.jpg,thị,#4,1.0
95,53.jpg,động,,1.0
95,54.jpg,kim,v,1.0
95,55.jpg,đau,,1.0
95,40.jpg,khoản,/fem,1.0
95,5.jpg,biệt,b›u#ÿ,1.0
95,6.jpg,cũng không rõ. chỉ còn vợ chồng anh cùng bốn người khác trong nhóm công,,1.0
95,48.jpg,lưu,vi,1.0
95,89.jpg,trưởng,,1.0
95,90.jpg,bị,l2,1.0
95,91.jpg,lễ,(,1.0
95,92.jpg,trưởng,^í««,1.0
141,27.jpg,nào,“na,1.0
141,28.jpg,không,co,1.0
141,13.jpg,nhân,«,1.0
45,12.jpg,mỹ,;,1.0
141,17.jpg,kia,l.,1.0
141,20.jpg,tài,,1.0
141,7.jpg,nào,2%,1.0
105,87.jpg,hóa,⁄4,1.0
105,88.jpg,quá,ni,1.0
141,22.jpg,trong,xtưaa,1.0
141,23.jpg,giờ,49,1.0
141,24.jpg,nhất,—,1.0
141,15.jpg,làm,kè,1.0
45,13.jpg,phải,_,1.0
95,74.jpg,phải,cm,1.0
95,76.jpg,nhanh,~“#⁄à,1.0
95,77.jpg,vào,".
0o",1.0
95,78.jpg,anh,a~à^,1.0
95,79.jpg,đôi,“,1.0
95,80.jpg,kể,né,1.0
95,38.jpg,bình,tk,1.0
95,65.jpg,7,+,1.0
95,93.jpg,cao,@,1.0
95,95.jpg,đất,-,1.0
95,85.jpg,hiện,,1.0
95,86.jpg,rỉnh,cc,1.0
95,88.jpg,vn,vani,1.0
95,34.jpg,án,cá,1.0
95,35.jpg,lựa,áo,1.0
95,64.jpg,ly,^,1.0
45,46.jpg,biến,")
⁄.",1.0
45,47.jpg,đã,cá,1.0
45,34.jpg,này,"_
“",1.0
28,76.jpg,chính,2⁄2,1.0
28,78.jpg,vali,í,1.0
28,81.jpg,""" nếu không có xác nhận của bộ chủ quản đối với dự án, nh sẽ không cho vay vì không nắm rõ được nhu cầu vốn của công ty tiếp thị "". cũng với lý do tương tự, đại diện của nh đầu tư phát triển hà nội khẳng định nếu không có công văn xác nhận này, nh đầu tư phát triển cũng sẽ dứt khoát không cho vay. "" nhẹ nhàng "" hơn, đại diện của nh thương mại cổ phần hàng hải cho biết thông thường các công văn như vậy là cần thiết nhưng không phải là quyết định đối với các khoản vay nh.",,1.0
28,66.jpg,cứu,2,1.0
95,43.jpg,cũng,kí,1.0
28,69.jpg,là,^^,1.0
28,71.jpg,mấy,x2),1.0
28,82.jpg,nghị,,1.0
28,83.jpg,bình,|,1.0
28,84.jpg,hơn,+,1.0
28,85.jpg,biết,l1,1.0
28,87.png,"sự dồi dào của tiếng việt không chỉ xuất hiện trong cấu trúc từ ngữ mà còn trong khả năng biểu đạt ý nghĩa. từ vựng của ngôn ngữ này ngày càng phong phú, thể hiện sự phát triển và tiến bộ của xã hội. ngữ pháp, qua thời gian, đã trở nên linh hoạt hơn, chính xác hơn, mang lại sức sống và sự độc đáo cho các diễn đạt.",,1.0
28,88.jpg,đầu,x,1.0
28,68.jpg,cụ,,1.0
45,53.jpg,ngày,”⁄4,1.0
28,58.jpg,nhất,m,1.0
28,60.jpg,ngay,y1,1.0
28,61.jpg,không,(4,1.0
28,62.jpg,quan,địm®,1.0
28,64.jpg,kha,416,1.0
28,65.jpg,huệ,+,1.0
45,42.jpg,các,,1.0
45,57.jpg,những,à4,1.0
45,58.jpg,triệu,nề,1.0
45,59.jpg,dân,ch,1.0
45,62.jpg,dâm,cc,1.0
45,63.jpg,điểm,chó,1.0
45,51.jpg,quan,ng,1.0
28,72.jpg,ý,.,1.0
28,73.jpg,nghĩa,xi,1.0
28,50.jpg,trả,ma,1.0
95,30.jpg,có,b,1.0
95,16.jpg,biển,",
cơ",1.0
95,17.jpg,đã,e,1.0
45,30.jpg,này,cấ,1.0
45,31.jpg,long,_,1.0
45,18.jpg,cách giản dị đến bất ngờ.,,1.0
45,21.jpg,báo,-,1.0
28,74.jpg,từ,.,1.0
45,23.jpg,tạo,{xe,1.0
45,37.jpg,dám,ke,1.0
45,38.jpg,đi,,1.0
45,39.jpg,đến,x,1.0
45,25.jpg,và,ni,1.0
45,27.jpg,ngạc,ai,1.0
45,29.jpg,chạy,mm,1.0
95,42.jpg,phải,t2 .,1.0
45,22.jpg,về,(`,1.0
28,40.jpg,lên,0œ,1.0
28,41.jpg,cặp,~,1.0
28,92.jpg,ngày,,1.0
28,94.jpg,lần,«ao,1.0
28,96.jpg,mua,ớ,1.0
28,98.jpg,kiện,wèw,1.0
28,99.jpg,đưa,ở^,1.0
95,26.jpg,quan,xe,1.0
95,19.jpg,ông,ơ,1.0
95,20.jpg,công,va,1.0
95,21.jpg,giá,ấn.,1.0
95,23.jpg,bóng,⁄4,1.0
1,24.jpg,chợt,(án,1.0
95,10.jpg,giai,gịcvu,1.0
95,24.jpg,tạm,cu,1.0
95,25.jpg,tứ,h^,1.0
95,18.jpg,2,„,1.0
105,46.jpg,thu,z1,1.0
105,47.jpg,liên,â,1.0
105,36.jpg,nhiên,(__,1.0
105,37.jpg,tháo,“ti,1.0
105,38.jpg,gì,#z,1.0
98,34.jpg,trong,_—,1.0
98,37.jpg,ba,_,1.0
141,25.jpg,phải,,1.0
98,39.jpg,3,s,1.0
98,26.jpg,chú,đụ,1.0
98,30.jpg,liệu,,1.0
98,31.jpg,để,a,1.0
98,55.jpg,dạy,2,1.0
98,57.jpg,dụng,2ue4,1.0
98,42.jpg,phước,(k«,1.0
98,46.jpg,gọi,su,1.0
98,38.jpg,tra,đk,1.0
98,10.jpg,năm,"_
a",1.0
98,11.jpg,là,1⁄,1.0
98,12.jpg,trên,li,1.0
98,14.jpg,đặt,2l,1.0
105,52.jpg,thủy,xu,1.0
105,53.jpg,giai,ep2^,1.0
105,54.jpg,thành,{4x,1.0
105,44.jpg,phanh,.,1.0
98,20.jpg,bắt,l4,1.0
98,21.jpg,tháng,,1.0
105,60.jpg,nhà,1,1.0
105,61.jpg,km2,l,1.0
105,62.jpg,có,6ô,1.0
105,63.jpg,ở,_,1.0
105,65.jpg,mẩy,2,1.0
105,51.jpg,tù,4à,1.0
105,57.jpg,họ,ác,1.0
98,74.jpg,hai,za=~,1.0
98,75.jpg,là,,1.0
98,77.jpg,do,_,1.0
98,78.jpg,vi,t⁄,1.0
98,79.jpg,đang,clơu,1.0
98,80.jpg,lũ,ẩ,1.0
105,21.jpg,quan,(3 un,1.0
98,47.jpg,thủ,đa,1.0
98,84.jpg,rồi,nà,1.0
98,85.jpg,quảng,«xà,1.0
98,86.jpg,sơ,”ẵ,1.0
98,87.jpg,phúc,<2,1.0
105,28.jpg,sức,k,1.0
105,29.jpg,bà,l_,1.0
105,31.jpg,xe,®,1.0
105,33.jpg,sanofi,km:,1.0
105,24.jpg,đi,n,1.0
98,49.jpg,theo,án,1.0
141,97.jpg,hành,to,1.0
141,98.jpg,tâm,ca,1.0
141,100.jpg,kéo,4.,1.0
98,51.jpg,đạt,24k,1.0
98,52.jpg,những,~^~,1.0
98,53.jpg,công,cổ xa,1.0
98,89.jpg,từ,l,1.0
98,81.jpg,"chủ trương, chính sách ưu đãi của nhà nước dành cho bà con việt kiều "" -",,1.0
98,66.jpg,chỉ,x4,1.0
98,67.jpg,không,se,1.0
98,68.jpg,ngọc,m⁄⁄‹,1.0
98,69.jpg,đã,nu,1.0
98,70.jpg,cố,_,1.0
98,72.jpg,ngày,4%,1.0
98,88.jpg,phải,e,1.0
98,54.jpg,đạo,¡,1.0
141,36.jpg,9,ầ,1.0
141,88.jpg,hãy,tu,1.0
141,51.jpg,làm,(ễ,1.0
141,52.jpg,giữa,,1.0
141,37.jpg,thi,+lu,1.0
141,39.jpg,17,4+,1.0
141,40.jpg,và,nv.,1.0
98,25.jpg,những,,1.0
141,53.jpg,đáng,w,1.0
141,57.jpg,lý,ø,1.0
141,59.jpg,ống,«;,1.0
141,60.jpg,phải,ø¿,1.0
141,46.jpg,các,g6,1.0
141,48.jpg,chúng,20444,1.0
141,49.jpg,và,ứø,1.0
141,8.jpg,1,ú,1.0
141,4.jpg,biển,m,1.0
105,92.jpg,khách,ni,1.0
105,97.jpg,tư,4í,1.0
105,98.jpg,hoàn,—,1.0
105,84.jpg,cũng,"~
16",1.0
105,85.jpg,quận,,1.0
105,86.jpg,sản,^^,1.0
45,15.jpg,ngót,ac”,1.0
141,34.jpg,tiểu,[ 4a,1.0
45,1.jpg,như,15,1.0
45,5.jpg,chủ,(lu,1.0
45,6.jpg,quá,2⁄4,1.0
45,7.jpg,sau,cc,1.0
141,29.jpg,chuyển,,1.0
141,30.jpg,mai,(oa^,1.0
141,32.jpg,thống,đáo,1.0
141,33.jpg,phải,”,1.0
105,100.jpg,"dặn lang thưởng tìm khách mua xương thì được hưởng 5 triệu. nếu lấy ngay,",,1.0
141,75.jpg,tôm,vn,1.0
141,76.jpg,công,^,1.0
141,63.jpg,thể,1,1.0
141,64.jpg,con,⁄2,1.0
141,92.jpg,ngoài,cc,1.0
141,77.jpg,việc,j1⁄_,1.0
141,79.jpg,đối,~ =,1.0
141,9.jpg,châu,61,1.0
141,83.jpg,để,2,1.0
141,70.jpg,nay,tá,1.0
98,15.jpg,thấy,6ê,1.0
98,4.jpg,được,du,1.0
98,7.jpg,phát,t4,1.0
141,95.jpg,ơi,1.,1.0
98,23.jpg,là,sa,1.0
98,24.jpg,trước,,1.0
141,80.jpg,kinh,lạ,1.0
141,10.jpg,đây,ong,1.0
141,12.jpg,"giá trị hàng hóa biểu hiện mối quan hệ kinh tế giữa những người sản xuất, trao đổi hàng hóa và là phạm trù có tính lịch sử. khi nào có sản xuất và trao đổi hàng hóa, khi đó có phạm trù giá trị hàng hóa. giá trị trao đổi là hình thức biểu hiện ra bên ngoài của giá trị; giá trị là nội dung, là cơ sở của trao đổi. khi trao đổi người ta ngầm so sánh lao động đã hao phí ẩn giấu trong hàng hóa với nhau.",_,1.0
141,3.jpg,17,—,1.0
105,67.jpg,bộ,⁄2,1.0
105,68.jpg,"hồ suối vàng và hàng nghìn hecta rừng thông đặc dụng, phòng hộ xung quanh) đã được",,1.0
105,70.jpg,hơn,áp,1.0
105,71.jpg,đứng,ø,1.0
141,74.jpg,hừ,a,1.0
105,59.jpg,đã,#,1.0
141,66.jpg,giấu,⁄ìả,1.0
141,68.jpg,đồng,cùd,1.0
105,76.jpg,ngày,hiøv,1.0
105,77.jpg,công,xơ,1.0
105,78.jpg,của,,1.0
141,71.jpg,từ,nh,1.0
141,72.jpg,để triển khai gấp các dự án cấp nước đang thực hiện gồm : hệ thống cấp nước,,1.0
105,72.jpg,bé,l.,1.0
19,22.jpg,độ,3ô,1.0
19,21.jpg,nn,(in,1.0
19,20.jpg,trại,áo,1.0
19,19.jpg,nam,:,1.0
19,33.jpg,hòm,ấ„,1.0
19,32.jpg,kinh,122.,1.0
19,31.jpg,bình,—,1.0
19,28.jpg,túi,p6,1.0
19,17.jpg,tôi,d6,1.0
19,14.jpg,tỉnh,ak,1.0
19,12.jpg,20,6,1.0
19,11.jpg,tây,1⁄4,1.0
19,26.jpg,tiền,__,1.0
19,24.jpg,bà,lệ,1.0
19,1.jpg,thợ,0,1.0
116,90.jpg,tỉnh,xc,1.0
4,71.jpg,với,.,1.0
4,72.jpg,bé,^,1.0
4,74.jpg,không,“⁄^m,1.0
4,75.jpg,chuyển,,1.0
4,77.jpg,tồn,{+,1.0
41,63.jpg,quả,"nt,",1.0
19,2.jpg,đổ,,1.0
4,99.jpg,nghi,eo,1.0
4,90.jpg,cáo,"⁄
cao",1.0
4,92.jpg,thế,uc,1.0
4,93.jpg,mua,v2,1.0
4,80.jpg,bạt,bœcv,1.0
4,84.jpg,cụ,_,1.0
4,44.jpg,đất,6,1.0
4,46.jpg,nn,w,1.0
4,98.jpg,hẳn,p5,1.0
4,89.jpg,hiến,(lý,1.0
19,41.jpg,bị,l‹,1.0
19,42.jpg,đơn,äzv,1.0
19,96.jpg,xe,vẹ,1.0
19,56.jpg,của,"2
cia",1.0
19,58.jpg,""" tôi không được bàn giao từ bộ trưởng cũ, những cái bộ trưởng cũ đã quyết định thì anh em cứ tiếp tục làm, có gì phát sinh mới hỏi ý kiến tôi... "".",,1.0
19,43.jpg,hữu,tà,1.0
19,44.jpg,xuồng,ky,1.0
41,54.jpg,đất,#4,1.0
19,36.jpg,lớn,_⁄⁄,1.0
19,62.jpg,xét,—,1.0
19,64.jpg,hàng,~,1.0
19,66.jpg,nhiều,,1.0
19,53.jpg,trung,14,1.0
19,54.jpg,xuống,"c⁄
ta",1.0
19,55.jpg,tăng,⁄⁄9,1.0
19,4.jpg,đề,,1.0
19,45.jpg,đất,ä7,1.0
41,40.png,hoa nở trước hiên nhà.,,1.0
41,42.jpg,cách,"cach
cc",1.0
41,43.jpg,sau,à2,1.0
41,44.jpg,đưa,x,1.0
41,45.jpg,quá,x,1.0
41,46.jpg,bề,&`,1.0
41,58.jpg,chúng,,1.0
19,40.jpg,mặt,ải,1.0
41,62.jpg,sang,“.,1.0
41,47.jpg,và,^^,1.0
41,49.jpg,cả,e4,1.0
41,50.jpg,bảo,_,1.0
41,52.jpg,cao,(7),1.0
41,53.jpg,nam,lu,1.0
19,37.jpg,mọi,imov,1.0
19,38.jpg,mới,p⁄.,1.0
41,61.jpg,3,é,1.0
4,12.jpg,với,b6.,1.0
4,13.jpg,quyền,đgw^,1.0
41,98.jpg,người,"mn
hạ",1.0
41,99.jpg,kỷ,tị,1.0
122,1.jpg,tự,b.,1.0
4,14.jpg,ra,4.,1.0
4,16.jpg,lại,vn,1.0
41,56.jpg,niềm,""" n",1.0
4,6.jpg,"vừa thấy bóng anh nghĩa đi vào là mấy chị ở xóm ve chai ở p. 17, gò vấp đã đon đả thông báo : "" bữa qua... không nhặt được gì hết. hôm nay thì đang lựa đây "". anh nghĩa xắn tay áo lên cùng với mấy chị xáo tung mớ vỏ hộp, giấy vụn, sách tập cũ các loại. trong một cuốn sách cũ chợt rơi ra tấm thẻ sinh viên của một cô gái, hết hạn năm... 2001. mọi người cùng cười : "" xui quá hả? thôi, cứ cất làm kỷ niệm, biết đâu... "".",,1.0
4,8.jpg,là,'ø,1.0
4,34.jpg,và,vớc,1.0
4,37.jpg,chi,_,1.0
4,22.jpg,hầm,ln.,1.0
4,23.jpg,tác,,1.0
4,26.jpg,quay,đi,1.0
4,28.jpg,công,—,1.0
4,21.jpg,tục,đệ,1.0
122,19.jpg,ngoài,,1.0
122,20.jpg,để,⁄,1.0
17,82.jpg,số,œ,1.0
17,83.jpg,cuộc,"(
co",1.0
17,86.jpg,"lặng im, buồn bã.",,1.0
17,87.jpg,diện,đu,1.0
17,88.jpg,24,9à,1.0
17,94.jpg,9,_,1.0
17,75.jpg,mang,“«m,1.0
17,100.jpg,được,,1.0
4,1.jpg,lăn,1,1.0
4,3.jpg,kẻ,l,1.0
4,4.jpg,chính,đu,1.0
17,90.jpg,oanh,(b,1.0
17,91.jpg,sổ,lở,1.0
17,92.jpg,sơn,&h,1.0
17,74.jpg,mấy,œ4,1.0
41,85.jpg,hữu,xi,1.0
41,86.jpg,lợi,1œ,1.0
41,71.jpg,biết,(2/9,1.0
41,72.jpg,đảo,tt,1.0
41,75.jpg,đó,gˆ,1.0
41,77.jpg,hụ,ơn,1.0
41,90.jpg,sự,tà,1.0
4,29.jpg,đối,_,1.0
41,92.jpg,bộ,2,1.0
41,94.jpg,điều,có,1.0
41,79.jpg,một,4,1.0
41,80.jpg,sạn,óii,1.0
41,81.jpg,ông,óm,1.0
41,65.jpg,lại,áo,1.0
41,67.jpg,cho,nc,1.0
41,68.jpg,đồng,äì^a,1.0
41,91.jpg,đổi,"2
đi",1.0
122,16.jpg,đã,_,1.0
122,18.jpg,thực,^^,1.0
122,7.jpg,giấy,#4,1.0
122,9.jpg,tưởng,._,1.0
4,33.jpg,chị,~,1.0
4,61.jpg,sản,_—_,1.0
4,48.jpg,trẻ,+?,1.0
41,82.jpg,tốc,{6£,1.0
4,53.jpg,vùng,0,1.0
4,38.jpg,cảng,~—,1.0
4,39.jpg,tư,cố,1.0
41,78.jpg,dẫn,—,1.0
4,64.jpg,chương,"đwo
wm",1.0
4,65.jpg,lên,),1.0
4,57.jpg,màu,awv,1.0
4,60.jpg,phi,⁄,1.0
4,51.jpg,qui,#x,1.0
21,85.jpg,bãi,g,1.0
18,90.jpg,tra,#øœ,1.0
18,75.jpg,châu,x2,1.0
18,76.jpg,dù,th,1.0
18,79.jpg,tiếng,,1.0
18,80.jpg,tội,d0,1.0
18,82.jpg,chỉ,_,1.0
19,5.jpg,ba,<,1.0
18,73.jpg,mà không bám được lại vào phao hay dây thì tức khắc sóng sẽ cuốn trôi.,,1.0
18,56.jpg,sư,-,1.0
18,57.jpg,hằng,,1.0
18,58.jpg,cấp,s,1.0
18,59.jpg,yêu,2,1.0
18,62.jpg,tục,{ưu,1.0
18,65.jpg,một,”>,1.0
18,49.jpg,tư,⁄d,1.0
21,90.jpg,được,xe,1.0
21,56.jpg,từ,m;,1.0
21,41.jpg,dân,_,1.0
21,42.jpg,đả,“,1.0
21,67.jpg,mới,su,1.0
21,69.jpg,khi,á/⁄,1.0
140,22.jpg,ở,0,1.0
140,23.jpg,chết,pp,1.0
21,83.jpg,sống,đt,1.0
21,74.jpg,chưa,ø/v,1.0
21,75.jpg,phải,“^^,1.0
21,76.jpg,bỗng,ky,1.0
21,80.jpg,trả,txđ.,1.0
21,91.jpg,người,w vớ,1.0
21,93.jpg,là,ớg,1.0
21,95.jpg,tài,[`,1.0
21,82.jpg,nên,"-
ne",1.0
21,73.jpg,các,"⁄
c4",1.0
140,43.jpg,nhé,„x⁄,1.0
140,32.jpg,sơn,ng,1.0
140,33.jpg,tôi,£2r,1.0
140,35.jpg,nhất,"(
w&t",1.0
140,46.jpg,cáo,"_
cao",1.0
140,47.jpg,tư,7,1.0
140,50.jpg,sự,ví,1.0
140,1.jpg,đang,z~x,1.0
140,54.jpg,người,@,1.0
140,40.jpg,không,z⁄4j,1.0
18,43.jpg,nhiệt,,1.0
18,47.jpg,thị,<+à,1.0
140,55.jpg,là,áœ,1.0
140,56.jpg,trạm,an,1.0
140,57.jpg,ngã,ta,1.0
140,60.jpg,đã,„,1.0
140,52.jpg,thu,0x,1.0
140,3.jpg,cũng,"ẹ
w/",1.0
18,67.jpg,sản,^^,1.0
18,69.jpg,nào,®œ,1.0
18,70.jpg,ở,3,1.0
18,71.jpg,lại,⁄z~,1.0
140,6.jpg,51,<4,1.0
140,8.jpg,kết,64,1.0
140,42.jpg,tràn,ty⁄2à,1.0
140,10.jpg,được,,1.0
140,11.jpg,bình,di,1.0
21,98.jpg,nghiện,"⁄%
gu vn",1.0
140,26.jpg,ra,ji,1.0
140,16.jpg,lên,ẩm,1.0
140,17.jpg,đất,,1.0
140,21.jpg,giờ,,1.0
140,41.jpg,"bằng các hoạt động, dịch vụ của mình, tự nó sẽ nuôi nó. nhân lực không nằm trong biên chế được duyệt. "" đừng ngại "" - thứ trưởng võ trấn an. "" thỏa thuận "" hay không "" thỏa thuận ""?",,1.0
140,9.jpg,báo,k_.,1.0
19,81.jpg,bờ,-,1.0
19,97.jpg,ai,o,1.0
19,98.jpg,là,_,1.0
19,100.jpg,của,"/
ca",1.0
19,83.jpg,màng,sơ,1.0
19,87.jpg,dâm,x,1.0
21,11.jpg,và,ö,1.0
21,51.jpg,bại,toc,1.0
21,13.jpg,vào,(1©,1.0
21,14.jpg,ông,ớx,1.0
21,4.jpg,đồ,d6,1.0
21,5.jpg,chặn,ch. 2a,1.0
21,30.jpg,tiếp,"⁄ˆ
tp",1.0
21,31.jpg,ngay,,1.0
21,32.jpg,bất,ja,1.0
21,18.jpg,đại,2%,1.0
21,12.jpg,hiện,z^>,1.0
19,7.jpg,tròn,1t,1.0
19,9.jpg,là,íè,1.0
41,35.jpg,chỉ,,1.0
41,36.jpg,những,,1.0
41,37.jpg,lơ,(ã,1.0
41,38.jpg,góp,f®%,1.0
41,27.jpg,lãi,v2,1.0
19,79.jpg,đại,4,1.0
19,67.jpg,biết,"i
kb",1.0
19,68.jpg,nhu,cc,1.0
19,70.jpg,tạo,+,1.0
19,73.jpg,lai,/_,1.0
19,74.jpg,vụ,ni,1.0
19,88.jpg,sắt,kƒ,1.0
19,89.jpg,trưa,on,1.0
19,76.jpg,của,,1.0
41,28.jpg,giá,k-,1.0
18,85.jpg,lý,v,1.0
18,88.jpg,ra,.,1.0
18,99.jpg,cua,cao.,1.0
18,100.jpg,với,,1.0
41,1.jpg,bộ,&,1.0
41,5.jpg,rất,,1.0
41,6.jpg,trên,2©,1.0
21,19.jpg,đẹp,_,1.0
21,44.jpg,khu,,1.0
21,48.jpg,su,c,1.0
21,35.jpg,phục,(^~,1.0
21,37.jpg,hiệu,,1.0
21,38.jpg,được,ä_z,1.0
21,39.jpg,chỉ,s⁄,1.0
21,60.jpg,ngay,“#2,1.0
21,63.jpg,tôm,”.,1.0
18,92.jpg,chuẩn,đa),1.0
21,24.jpg,nhân,wwcu,1.0
21,10.jpg,luận,“,1.0
41,10.jpg,thành,#⁄^>⁄,1.0
41,14.jpg,kiến,“ý,1.0
21,25.jpg,hai,“^,1.0
21,28.jpg,đường,,1.0
21,29.jpg,hết,,1.0
18,83.jpg,quân,gxeh,1.0
41,17.jpg,sau,tư,1.0
41,21.jpg,đồng,vớ],1.0
41,22.jpg,xa,2v,1.0
41,7.jpg,cấp,"_
cp",1.0
18,93.jpg,cảnh,,1.0
18,94.jpg,gặp,7ø,1.0
18,97.jpg,vậy,n.u,1.0
18,98.jpg,tay,cụ,1.0
41,15.jpg,nguyên,,1.0
111,33.jpg,trắng,"ai,",1.0
111,34.jpg,lại,œ,1.0
111,36.jpg,suy,.,1.0
111,37.jpg,thu,va,1.0
111,39.jpg,và,”,1.0
111,56.jpg,hong,“øø,1.0
111,58.jpg,hình,"ah,",1.0
122,34.jpg,trụ,.,1.0
111,74.jpg,000,o^o,1.0
111,60.jpg,buôn,km,1.0
111,64.jpg,sáng,am,1.0
111,67.jpg,thay,+4,1.0
111,51.jpg,đường,c ^,1.0
10,48.jpg,cứu,,1.0
10,49.jpg,thiết,1,1.0
10,34.jpg,5,6,1.0
111,70.jpg,xong,—,1.0
10,59.jpg,bs,5,1.0
10,61.jpg,hợp,âã,1.0
10,63.jpg,cấp,ø,1.0
10,51.jpg,hoãn,^,1.0
111,22.jpg,lúc,.,1.0
111,9.jpg,họ,to,1.0
111,10.jpg,đón,ca,1.0
36,83.jpg,thị,"..""",1.0
111,13.jpg,lấy,a6,1.0
111,40.jpg,trình,,1.0
111,25.jpg,50,<<,1.0
111,27.jpg,đầu,“iä,1.0
111,28.jpg,sinh,nax⁄,1.0
111,29.jpg,chất,5,1.0
111,32.jpg,xin,⁄⁄⁄,1.0
36,82.jpg,chuyện,_,1.0
111,12.jpg,khăn,2⁄2,1.0
111,89.jpg,nếu,"~
vu",1.0
111,90.jpg,ứ,,1.0
111,91.jpg,gái,#ø,1.0
111,76.jpg,chỉ,~⁄z,1.0
111,77.jpg,diện,ch 6,1.0
111,78.jpg,viên,n4,1.0
111,79.jpg,dần,—,1.0
10,38.jpg,hi,aá,1.0
111,94.jpg,thủ,{ù!,1.0
111,95.jpg,phạm,['%n,1.0
111,96.jpg,kiểng,ở,1.0
111,98.jpg,thất,”,1.0
111,100.jpg,bờ,l.,1.0
111,44.jpg,họ,⁄c,1.0
111,48.jpg,một,⁄,1.0
111,49.jpg,vì,m,1.0
111,92.jpg,khi,âu.,1.0
10,39.jpg,văn,%6,1.0
10,40.jpg,bọn,dœ,1.0
10,41.jpg,hút,^wé,1.0
111,68.jpg,điều,cất,1.0
10,52.jpg,bàn,kè.,1.0
10,53.jpg,huệ,4\u,1.0
10,54.jpg,bàn,,1.0
111,88.jpg,nước,"n
ú
@",1.0
10,58.jpg,nilông,,1.0
10,43.jpg,hứa,&,1.0
10,44.jpg,địa,,1.0
111,80.jpg,1,4,1.0
10,25.jpg,đã,x.,1.0
10,26.jpg,chi,“í„,1.0
10,28.jpg,khởi,⁄⁄⁄^,1.0
10,31.jpg,g,⁄,1.0
10,56.jpg,đã,_,1.0
36,30.jpg,vợ,w,1.0
36,31.jpg,định,lí,1.0
36,32.jpg,thúc,x,1.0
36,20.jpg,thạch,“tel;,1.0
36,22.jpg,cheo,⁄⁄,1.0
10,92.jpg,hai,áx:,1.0
10,93.jpg,sống,,1.0
111,15.jpg,đó,_,1.0
10,97.jpg,cho,4,1.0
10,98.jpg,10,lô,1.0
10,84.jpg,được,,1.0
10,86.jpg,vậy,sơ,1.0
36,66.jpg,họ,áo,1.0
36,56.jpg,đánh,w,1.0
36,46.jpg,bs,l.,1.0
36,49.jpg,tiên,+,1.0
10,96.jpg,kinh,,1.0
25,24.jpg,thủ,.,1.0
25,25.jpg,phòng,=,1.0
25,26.jpg,cụ,c~^,1.0
25,27.jpg,đầu,p,1.0
25,28.jpg,chết,xa,1.0
25,29.jpg,"xe "" bò "" đến cuối đường hầm, nơi chiếc máy khoan đang hì hục làm việc, thì dừng lại. dưới ánh sáng mờ mờ, hai mũi khoan đường kính phi 45 to đùng cắm sâu vào lòng núi tựa như một con bọ cạp trong tư thế nghênh chiến. dẫu ống thông hơi đường kính gần 2 m đã gí sát cũng chỉ làm giảm chút ít sự ngột ngạt đang bao trùm ở cuối đường hầm, nơi những người thợ đang làm. thấy chúng tôi tháo mũ bảo hộ ra tác nghiệp, tổ trưởng đinh trung duy chạy ngay tới gần ra hiệu bằng tay ngầm chỉ "" đá rơi "".",,1.0
25,30.jpg,thẳng,.,1.0
36,29.jpg,tôi,cn,1.0
36,25.jpg,ha,v,1.0
36,27.jpg,được,dì,1.0
36,13.jpg,khai,—~,1.0
36,14.jpg,ít,“,1.0
36,15.jpg,cho,2,1.0
36,16.jpg,rầu,nó,1.0
36,18.jpg,là,(,1.0
36,42.jpg,tôi,,1.0
36,24.jpg,nguyên,v,1.0
111,8.jpg,tay,đu,1.0
36,93.jpg,kết,l,1.0
36,94.jpg,hiểu,l,1.0
36,95.jpg,mỗi,_—,1.0
36,98.jpg,cùng,—,1.0
36,87.jpg,mình,_—,1.0
10,71.jpg,mới,⁄nêi,1.0
36,70.jpg,cửa,,1.0
10,74.jpg,tổ,s5,1.0
111,3.jpg,nhập,a4,1.0
111,6.jpg,vọng,cơ,1.0
10,87.jpg,lỗi,cc,1.0
10,88.jpg,đây,2u,1.0
10,77.jpg,sa,áø,1.0
10,81.jpg,thu,+,1.0
111,14.jpg,lần,.,1.0
10,72.jpg,lại,áx,1.0
36,72.jpg,bản,1.),1.0
36,73.jpg,nguyên,ự^4®,1.0
36,75.jpg,đến,gdz,1.0
36,60.jpg,đâu,z~,1.0
36,62.jpg,hùng,,1.0
25,12.jpg,1,{,1.0
25,14.jpg,triển,“co,1.0
36,79.jpg,ghép,#ø,1.0
25,4.jpg,khu,“,1.0
25,6.jpg,ngả,v2,1.0
36,68.jpg,ta,+,1.0
36,69.jpg,hồ,⁄,1.0
36,89.jpg,xe,2,1.0
36,91.jpg,mạch,^ø,1.0
36,76.jpg,với,”,1.0
36,78.jpg,sêrêpôk,30 /cpth,1.0
25,1.jpg,tiếng,,1.0
122,60.jpg,dung,chon),1.0
122,61.jpg,16,lb,1.0
17,24.jpg,đồng,,1.0
17,25.jpg,đ,j,1.0
17,28.jpg,chỉ,,1.0
17,29.jpg,nước,32.,1.0
17,30.jpg,trạm,1},1.0
112,4.jpg,bảo,-_,1.0
17,21.jpg,quyền,mà |,1.0
17,8.jpg,tìm,li,1.0
122,73.jpg,tuổi,,1.0
122,74.jpg,đất,4,1.0
17,32.jpg,đã,l,1.0
17,33.jpg,thực,vú,1.0
17,36.jpg,môn,2,1.0
17,37.jpg,phải,"`
jˆ",1.0
17,18.jpg,2,,1.0
122,92.jpg,thất,#k,1.0
17,1.jpg,tồn,l_,1.0
17,4.jpg,lý,ái,1.0
17,6.jpg,xe,..,1.0
17,7.jpg,khoát,⁄4/⁄4,1.0
112,95.jpg,lực,(è,1.0
112,99.jpg,cúng,~—,1.0
17,15.jpg,được,z8,1.0
122,62.jpg,là,⁄,1.0
122,54.jpg,thì,1,1.0
122,45.jpg,rầu,vùi,1.0
122,46.jpg,hai,á,1.0
17,10.jpg,"trong đó có 2 quần đảo hoàng sa, trường sa và 2.577 đảo lớn, nhỏ,",,1.0
17,11.jpg,về,”—,1.0
17,12.jpg,đưa,⁄2,1.0
17,13.jpg,địa,cl,1.0
112,87.jpg,lãnh,{i1,1.0
122,37.jpg,thuận,kv,1.0
122,38.jpg,một,,1.0
122,41.jpg,xe,4,1.0
122,21.jpg,đại,äcu,1.0
122,22.jpg,dài,,1.0
122,23.jpg,là hợp đồng vô hiệu.,,1.0
122,26.jpg,lại,k,1.0
17,39.jpg,tại,g2,1.0
122,12.jpg,nhân,n&#«~,1.0
122,13.jpg,sống,xúm,1.0
122,14.jpg,tư,/,1.0
17,79.jpg,chế,~—,1.0
122,28.jpg,xanh,41,1.0
122,30.jpg,dũng,àửaa,1.0
122,32.jpg,thủ,,1.0
122,33.jpg,sự,x,1.0
122,11.jpg,trạm,đhưøm,1.0
17,40.jpg,hoạt,ecx,1.0
17,41.jpg,đầu,,1.0
17,44.jpg,len,1l,1.0
17,47.jpg,tế,.,1.0
17,48.jpg,cho,“,1.0
17,61.jpg,người,đò,1.0
17,62.jpg,trí,„..,1.0
122,36.jpg,tòa,cự,1.0
17,69.jpg,to,-tb,1.0
17,70.jpg,ra,/—,1.0
17,72.jpg,thanh,5⁄06,1.0
17,57.jpg,này,,1.0
17,58.jpg,nước,"ca,",1.0
17,59.jpg,hai,n,1.0
122,47.jpg,phải,0⁄41,1.0
122,48.jpg,não,",",1.0
17,56.jpg,thiện,209,1.0
10,17.jpg,một,on,1.0
10,18.jpg,nhà,|,1.0
10,20.jpg,người,mu,1.0
10,24.jpg,phong,ác,1.0
10,7.jpg,chủ,/..,1.0
10,8.jpg,"sự việc nói trên đã gây bất bình cho hàng trăm hộ dân có đất ở mua tại khu dân cư mới xuân hải, gây nên kiện cáo kéo dài.",,1.0
112,58.jpg,sa,xc,1.0
112,82.jpg,khai,áo:,1.0
112,47.jpg,lược,,1.0
112,48.jpg,làn,1⁄ễn,1.0
112,49.jpg,văn,(^^,1.0
112,100.jpg,ít,si,1.0
112,59.jpg,tục,| wc,1.0
112,61.jpg,đỗi,øđ-,1.0
112,63.jpg,dự,,1.0
112,64.jpg,công,#d,1.0
112,44.jpg,đã,~,1.0
112,7.jpg,rất,r⁄xr,1.0
112,29.jpg,hành,,1.0
112,30.jpg,sở,_,1.0
112,32.jpg,trường,,1.0
112,34.jpg,đem,ấn,1.0
112,18.jpg,với,ca,1.0
112,19.jpg,đèn,chủ,1.0
10,4.jpg,tung,øể22,1.0
112,21.jpg,tại,...,1.0
10,5.jpg,ông,4,1.0
112,38.jpg,hcm,xxx,1.0
112,41.jpg,chiều,,1.0
112,42.jpg,bác,00,1.0
112,26.jpg,thực,đóa,1.0
10,9.jpg,trộn,hô,1.0
10,15.jpg,cá,số,1.0
112,20.jpg,thôn,1⁄4,1.0
122,89.jpg,người,"ma
giải",1.0
122,79.jpg,nước,wốt,1.0
122,80.jpg,lũ,“^,1.0
122,68.jpg,triển,"ø
{2",1.0
122,69.jpg,khẩn,e «,1.0
122,72.jpg,ở,.,1.0
122,94.jpg,ra,w,1.0
112,66.jpg,cấp,"⁄
_",1.0
122,97.jpg,giàu,z^~,1.0
122,98.jpg,lập,(,1.0
122,83.jpg,người,vớ,1.0
112,88.jpg,tiêu,+⁄,1.0
112,91.jpg,phương,_pkiều,1.0
112,75.jpg,sắp,é,1.0
112,76.jpg,đủ,ẩn,1.0
112,81.jpg,vụ,vl(,1.0
122,95.jpg,cua,caac_,1.0
112,52.jpg,dài,_m,1.0
112,55.jpg,đến,c0,1.0
112,57.jpg,thường,7uk2a,1.0
112,17.jpg,30,6ø,1.0
112,69.jpg,ban,-,1.0
112,70.jpg,mộng,e,1.0
112,71.jpg,vậy,,1.0
122,88.jpg,trời,dạ,1.0
112,73.jpg,hồ,,1.0
112,22.jpg,võ,số,1.0
112,24.jpg,vùng,k,1.0
112,9.jpg,thể,”⁄2,1.0
112,10.jpg,tìm,lu,1.0
112,11.jpg,biển,~,1.0
112,15.jpg,không,(9u,1.0
112,16.jpg,tóc,ẫ®(,1.0
112,72.jpg,ủng,"ứng
⁄",1.0
147,18.jpg,công,t⁄⁄4,1.0
147,4.jpg,dừng,26,1.0
147,26.jpg,giảm,ng,1.0
60,100.jpg,xáng,⁄z,1.0
100,3.jpg,đỏ,cá,1.0
100,7.jpg,người,cơ,1.0
147,43.jpg,thuộc,1,1.0
140,61.jpg,trường,wwàà,1.0
147,29.jpg,lẽ,⁄-,1.0
147,30.jpg,tại,iớm,1.0
147,31.jpg,đứng,“iờa,1.0
147,32.jpg,bị,x,1.0
147,33.jpg,giữ,ở,1.0
147,19.jpg,thứ,vn,1.0
147,44.jpg,2004,øo,1.0
147,46.jpg,việc,2,1.0
147,28.jpg,cộng,1,1.0
100,20.jpg,ở,ả,1.0
34,86.jpg,để,“4,1.0
34,87.jpg,vụ,^^,1.0
34,88.jpg,kỳ,ls,1.0
34,92.jpg,rất,6n,1.0
147,5.jpg,đến,,1.0
147,7.jpg,hoạt,⁄œ,1.0
147,16.jpg,về,m,1.0
34,95.jpg,người,'wgdềl,1.0
34,96.jpg,lĩnh,trả,1.0
34,98.jpg,kỹ,đƒ,1.0
34,99.jpg,vụ,w,1.0
34,59.jpg,đây,~“^,1.0
34,60.jpg,triệu,,1.0
147,12.jpg,khẳng,"z4
m",1.0
147,13.jpg,xây,,1.0
147,10.jpg,chuyện,lx,1.0
147,54.jpg,để,no,1.0
147,80.jpg,năm,),1.0
147,82.jpg,trưng,ì aànj,1.0
147,83.jpg,thành,4,1.0
147,70.jpg,bại,đo,1.0
147,72.jpg,trạng,li,1.0
147,76.jpg,bị,ø,1.0
147,50.jpg,ông,cu,1.0
60,88.jpg,định,“„⁄,1.0
60,75.jpg,bạch,642l,1.0
60,76.jpg,định,#„á,1.0
60,79.jpg,hạnh,4,1.0
60,82.jpg,được,1,1.0
147,78.jpg,nhà,x,1.0
147,79.jpg,nên,"ø
n2",1.0
60,93.jpg,đất,lý,1.0
147,77.jpg,gần,k,1.0
147,51.jpg,đá,z,1.0
147,39.jpg,cùng,^^,1.0
147,42.jpg,tỉnh,,1.0
100,22.jpg,huy,íeu,1.0
100,24.jpg,ông,_“,1.0
100,8.jpg,đánh,lo,1.0
100,9.jpg,qđ,@ð,1.0
147,68.jpg,cuối,ƒ,1.0
100,12.jpg,một,ấn,1.0
100,15.jpg,triết,,1.0
100,16.jpg,nghỉ,á,1.0
147,61.jpg,tiêu,2⁄27,1.0
147,63.jpg,nhân,1u,1.0
147,64.jpg,tuổi,"~
tvøi",1.0
147,65.jpg,phạm,/í~4,1.0
147,66.jpg,được,,1.0
100,10.jpg,xong,cu,1.0
100,67.jpg,lái,,1.0
100,68.jpg,hiện,"1—
\",1.0
100,69.jpg,phòng,⁄,1.0
100,72.jpg,chủ,em,1.0
100,60.jpg,kiếm,.⁄⁄,1.0
100,61.jpg,biển,"2
d",1.0
34,35.jpg,tại,1⁄4,1.0
100,19.jpg,không,,1.0
34,25.jpg,ở,ø,1.0
34,26.jpg,mùa,“ac,1.0
34,27.jpg,đến,..,1.0
34,39.jpg,do,^,1.0
34,40.jpg,châu,,1.0
34,43.jpg,tư,+u,1.0
34,44.jpg,số,m,1.0
34,30.jpg,nghị,^^,1.0
34,36.jpg,sẽ,vn,1.0
34,5.jpg,tỉnh,zhê,1.0
34,9.jpg,thời,đc,1.0
34,11.jpg,bình,tk,1.0
100,84.jpg,trong,hay,1.0
100,86.jpg,nhận,,1.0
100,88.jpg,đường,,1.0
100,75.jpg,lanh,,1.0
34,28.jpg,nên,"ứ
^",1.0
100,90.jpg,những,,1.0
100,91.jpg,sát,a4í,1.0
100,92.jpg,ở,o,1.0
100,93.jpg,này,/nou,1.0
100,96.jpg,bám,bcuá,1.0
100,97.jpg,bán,i/,1.0
100,82.jpg,tôi,1n,1.0
100,83.jpg,ngày,1⁄22,1.0
100,79.jpg,thị,đi,1.0
34,72.jpg,tốc,"/
øc",1.0
34,73.jpg,hảo,.,1.0
100,42.jpg,tán,.,1.0
100,43.jpg,công,00⁄1,1.0
100,44.jpg,vụ,ca,1.0
34,77.jpg,võ,w-,1.0
34,78.jpg,khẩn,£l,1.0
34,31.jpg,quyền,,1.0
100,65.jpg,mại,w^,1.0
100,50.jpg,theo,,1.0
100,53.jpg,vật,mỗf,1.0
100,56.jpg,lãi,ó.,1.0
100,40.jpg,nào,⁄đ,1.0
100,25.jpg,bị,1,1.0
100,26.jpg,thấy,xu,1.0
100,31.jpg,ty,”,1.0
100,64.jpg,chữa,2l,1.0
34,32.jpg,các,"⁄
cc",1.0
34,45.jpg,sau,—,1.0
34,46.jpg,tuy,n,1.0
34,49.jpg,xa,vxớ,1.0
34,50.jpg,nhặt,vi»,1.0
34,51.jpg,luận,7,1.0
34,52.jpg,xây,vu,1.0
34,71.png,nhóm,,1.0
34,74.jpg,thị,“va,1.0
34,75.jpg,đô,^^,1.0
34,61.jpg,số,a2,1.0
34,57.jpg,đã,dỳ,1.0
34,79.jpg,tưới,t+ùù⁄,1.0
34,80.jpg,dâm,20,1.0
34,82.jpg,nghĩa,xen,1.0
34,84.jpg,toàn,{am,1.0
34,38.jpg,ông,,1.0
60,23.jpg,dương,vi,1.0
60,24.jpg,rộng,"vồn
/",1.0
60,26.jpg,là,.,1.0
60,28.jpg,đi,ổ\,1.0
118,88.jpg,nhiệm,,1.0
118,90.jpg,mọi,woơi,1.0
118,91.jpg,gia,x,1.0
60,96.jpg,có,.,1.0
60,34.jpg,bé,&,1.0
60,35.jpg,tại,kà,1.0
60,36.jpg,nguyện,17⁄2,1.0
118,92.jpg,tiếp,+#ñ,1.0
118,93.jpg,thời,,1.0
118,96.jpg,số,_,1.0
118,85.jpg,hoàng,,1.0
118,87.jpg,việc,(ø,1.0
60,33.jpg,giờ,ở,1.0
118,81.jpg,lót,ấa,1.0
118,82.jpg,là,cc,1.0
118,83.jpg,về,⁄2,1.0
118,67.jpg,hụt,vn,1.0
118,69.jpg,nhơ,ch 8,1.0
118,70.jpg,băng,ki,1.0
118,71.jpg,việc,,1.0
60,39.jpg,bắt,,1.0
118,33.jpg,hải,ế,1.0
118,34.jpg,chỉ,“ni,1.0
118,26.jpg,bị,,1.0
118,78.jpg,sự,vì,1.0
118,79.jpg,hộ,ke,1.0
118,80.jpg,thiệu,1#êở&,1.0
60,37.jpg,sát,cc,1.0
60,38.jpg,giúp,pý,1.0
118,73.jpg,như,ch i,1.0
73,17.jpg,lâm,⁄,1.0
73,43.jpg,nhu,,1.0
73,47.jpg,tại,+⁄4,1.0
73,48.jpg,dự,p“,1.0
60,31.jpg,1. khái niệm hệ quản trị cơ sở dữ liệu,,1.0
60,17.jpg,trí,4.,1.0
60,18.jpg,theo,—/⁄,1.0
73,13.jpg,gian,_—_,1.0
60,22.jpg,anh,—,1.0
60,5.jpg,m,⁄,1.0
60,9.jpg,vì,”_,1.0
116,99.jpg,tra,_,1.0
116,100.jpg,8,,1.0
60,2.jpg,bị,“,1.0
60,4.jpg,phú,1,1.0
116,89.jpg,từ,,1.0
60,20.jpg,có,«,1.0
73,14.jpg,xuống,,1.0
118,100.jpg,bữa,ná,1.0
73,1.jpg,là,cc,1.0
73,2.jpg,mặt,k,1.0
73,3.jpg,đã,do,1.0
73,5.jpg,trường,nhu,1.0
73,7.jpg,khối,“4x,1.0
73,28.jpg,vị,`,1.0
73,19.jpg,lớn,z⁄,1.0
73,22.jpg,để,do,1.0
73,24.jpg,đồng,,1.0
73,74.jpg,ngày,“nơ,1.0
73,75.jpg,văn,w,1.0
73,76.jpg,mỗi,ve:,1.0
73,25.jpg,đỏ,pb,1.0
73,26.jpg,sẽ,cá,1.0
73,18.jpg,đã,do,1.0
118,2.jpg,dồn,"&
dớn",1.0
118,3.jpg,đi,6,1.0
118,4.jpg,chạy,đä4g,1.0
118,6.jpg,trung,“m7,1.0
118,7.jpg,k,<,1.0
147,94.jpg,triển,ưa,1.0
147,56.jpg,được,2miu,1.0
118,52.jpg,xin,_,1.0
147,58.jpg,"còn những người khác được bán lại qua các ông chủ nhỏ, không biết số phận ra sao. lao động tiếp tục bị bán tứ tán. các ông chủ chặn xe chở lao động vn giành nhau người, tám người ở lại công trường cũ, 17 người chuyển đi gửi tạm ở một công ty môi giới. chúng tôi cầu cứu các nơi nhưng đều tuyệt vọng. kuala lumpur ngày thứ 39. cuộc sống thật ảm đạm, không một ai giúp đỡ chúng tôi, cứ chuyển dời liên tục.",,1.0
147,59.jpg,chính,——,1.0
147,60.jpg,được,c\ ở,1.0
118,12.jpg,khi,n,1.0
118,14.jpg,ít,1,1.0
118,39.jpg,hà,tk,1.0
118,40.jpg,người,a0,1.0
118,41.jpg,lợi,&,1.0
147,57.jpg,thêm,+,1.0
60,97.jpg,dậy,-,1.0
60,83.jpg,thổi,"^2
ti",1.0
60,84.jpg,ngược,`),1.0
60,87.jpg,khiến,8w,1.0
147,90.jpg,đạt,.,1.0
147,91.jpg,còn,(z.,1.0
147,92.jpg,nhà,ớ,1.0
147,89.jpg,đ,t,1.0
60,69.jpg,lâu,“4,1.0
60,70.jpg,tục,"“c,",1.0
147,96.jpg,khác,1ø.,1.0
147,97.jpg,cách,1,1.0
147,99.jpg,1,4,1.0
147,100.jpg,lực,⁄,1.0
147,87.jpg,ngô,w,1.0
147,88.jpg,km,kia,1.0
60,68.jpg,trong,l,1.0
60,59.jpg,định,ha,1.0
60,60.jpg,thường,,1.0
60,64.jpg,hồng,^^,1.0
60,65.jpg,sát,x⁄ø,1.0
60,49.jpg,nước,ø,1.0
60,50.jpg,viên,ta,1.0
118,54.jpg,người,vạäê.,1.0
118,42.jpg,1,4,1.0
118,56.jpg,dâm,(,1.0
118,57.jpg,đẩy,ic,1.0
73,8.jpg,nhận,2%,1.0
118,74.jpg,"hắn đã lập gia đình, nhưng cái gia đình ấy đã tan vỡ. thế nhưng mức độ chơi bạc gà của tuấn "" cụt "" chưa ăn thua gì so với hậu "" trọc "". dân đá gà miền bắc chỉ biết hắn có hộ khẩu thường trú tại hà nội chứ không ai biết chính xác hắn làm nghề gì. hắn thường hay bê gà đi khắp các sới bằng chiếc ôtô hiệu camry trị giá vài chục ngàn usd của mình. hắn đã từng chơi những trận cá cược gà hơn 50 triệu đồng... nói đến chân dung những kẻ bạc gà không thể quên những tay chủ sới.",„—,1.0
118,60.jpg,thành,“the-a[,1.0
118,63.jpg,đầu,.,1.0
118,65.jpg,8,⁄,1.0
118,66.jpg,vườn,~,1.0
118,55.jpg,đồng,,1.0
118,28.jpg,lỗi,j;1,1.0
118,29.jpg,khi,lí.,1.0
118,31.jpg,dễ,l,1.0
118,32.jpg,hiện,;ở,1.0
118,44.jpg,thành,(1,1.0
118,45.jpg,liệu,úc,1.0
118,50.jpg,viên tinh thần. đdv kim chi tiêm một mũi thuốc thông tiểu.,,1.0
60,74.jpg,là,(4,1.0
118,36.jpg,cam,2⁄2,1.0
60,52.jpg,cấp,0a0,1.0
60,53.jpg,một,ws{,1.0
60,54.jpg,"thuận lợi, phát triển ngành biển.",,1.0
60,55.jpg,cọc,œ®-,1.0
60,41.jpg,hiểm,,1.0
60,47.jpg,gồm,đeo,1.0
60,73.jpg,vụ,⁄4,1.0
118,35.jpg,không,(<2,1.0
33,2.jpg,hỏi,,1.0
142,97.jpg,sĩ,á,1.0
142,100.jpg,luận,(x,1.0
18,1.jpg,"trong khu vực như hong kong và campuchia "". thanh tra bộ y tế cũng kiến",,1.0
18,3.jpg,tờ,g,1.0
18,4.jpg,mặc,uwy,1.0
142,90.jpg,còn,"_
cơn",1.0
34,13.jpg,này,ø4,1.0
33,75.jpg,đã,-,1.0
33,61.jpg,quận,⁄,1.0
33,63.jpg,y,,1.0
33,64.jpg,sự,a,1.0
33,65.jpg,12,a£,1.0
33,67.jpg,thế,“ii,1.0
33,81.jpg,tăng,d4,1.0
33,68.jpg,phát,"ni
|",1.0
142,91.jpg,hàng,/œx,1.0
33,35.jpg,lịch,04,1.0
33,36.jpg,ngô,m49,1.0
33,37.jpg,đã,tứ,1.0
33,38.jpg,phân,,1.0
33,39.jpg,những,ní ) „,1.0
33,40.jpg,biết,{,1.0
33,51.jpg,xanh,15,1.0
33,1.jpg,ba,_,1.0
33,55.jpg,triệu,k,1.0
33,56.jpg,dâm,in,1.0
33,57.jpg,ngày,"mg0w,",1.0
33,43.jpg,thu,.,1.0
33,45.jpg,từ,-;,1.0
140,95.jpg,phải,—,1.0
140,98.jpg,tư,n,1.0
140,100.jpg,thức,“42,1.0
33,53.jpg,các,«,1.0
137,7.jpg,sống,4k4,1.0
137,19.jpg,ra,w2,1.0
137,20.jpg,việc,l ⁄,1.0
137,21.jpg,được,cu ởc,1.0
137,9.jpg,họ,áo,1.0
137,10.jpg,bí,⁄4,1.0
137,11.jpg,tây,“24,1.0
33,69.jpg,sốt,1,1.0
142,74.jpg,những,4,1.0
142,75.jpg,từ,”.,1.0
142,76.jpg,ôtô,0ÿ,1.0
142,78.jpg,dựng,kó,1.0
142,80.jpg,một,“xöt,1.0
137,16.jpg,công,._,1.0
137,18.jpg,hầu,4đ,1.0
142,92.jpg,toán,<<,1.0
137,12.jpg,ta,x,1.0
33,70.jpg,đảng,go,1.0
33,71.jpg,công,(( 1,1.0
33,72.jpg,vật,ưk,1.0
33,73.jpg,bao,~—;,1.0
33,85.jpg,công,^^,1.0
33,86.jpg,hôm,„,1.0
33,88.jpg,theo,z0,1.0
137,6.jpg,kjang,,1.0
33,90.jpg,tuổi,kh,1.0
33,78.jpg,đều,,1.0
33,79.jpg,tư,xe,1.0
137,13.jpg,về,.,1.0
137,15.jpg,kiểu,on ˆ,1.0
137,1.jpg,viện,"vốn
/",1.0
137,2.jpg,đi,củ,1.0
137,3.jpg,ngủi,"ọ
lu",1.0
33,89.jpg,yếu,4,1.0
18,30.jpg,vô,v/',1.0
140,79.jpg,sẽ,y7,1.0
140,80.jpg,dạng,ảe~o,1.0
140,81.jpg,nghiện,,1.0
140,83.jpg,báo,pt,1.0
140,85.jpg,dám,"ủ
am",1.0
140,72.jpg,biết,„wy,1.0
33,48.jpg,cấp,đo,1.0
140,36.jpg,trên,l,1.0
140,37.jpg,hỏi,xu,1.0
140,87.jpg,tòa,a.,1.0
140,89.jpg,tự,xả,1.0
140,90.jpg,trình,kếế,1.0
140,91.jpg,thú,”,1.0
140,92.jpg,kiểm,,1.0
33,11.jpg,người,,1.0
140,73.jpg,tra,{+,1.0
140,62.jpg,đơn,ẩh,1.0
18,50.jpg,hữu,pm,1.0
18,51.jpg,hai,(,1.0
18,52.jpg,được,z,1.0
18,53.jpg,chở,2đ,1.0
18,40.jpg,vụ,^^,1.0
18,31.jpg,nhà,cn,1.0
140,69.jpg,con,^,1.0
18,37.jpg,ít,vì,1.0
18,39.jpg,nguyễn,m cc,1.0
18,22.jpg,làm,,1.0
140,74.jpg,an,ca,1.0
140,76.jpg,như,"ti,",1.0
140,64.jpg,sức,^ úc,1.0
140,67.jpg,từ,zủ,1.0
140,68.jpg,vào,^^,1.0
18,36.jpg,giấy,v^,1.0
18,24.jpg,bình,",",1.0
18,25.jpg,kinh,4,1.0
18,27.jpg,khi,⁄vn,1.0
18,28.jpg,khi,„”,1.0
18,13.jpg,vật,4x,1.0
18,14.jpg,ý,⁄,1.0
18,15.jpg,đỡ,cố,1.0
33,12.jpg,theo,đc,1.0
33,27.jpg,văn,/x,1.0
33,30.jpg,bình,/,1.0
33,31.jpg,và,dz,1.0
33,32.jpg,hồi,cc,1.0
33,33.jpg,luận,2x,1.0
33,34.jpg,"nan nơi xứ lạ : không việc làm, không nhà ở, không lương bổng, có người",,1.0
33,84.jpg,đến,ư,1.0
33,47.jpg,lại,[cư,1.0
33,42.jpg,khác,,1.0
33,15.jpg,triệu,,1.0
33,17.jpg,họ,ác,1.0
33,4.jpg,tuổi,“hú,1.0
33,19.jpg,lập,(b,1.0
33,20.jpg,thể,+,1.0
33,21.jpg,tốn,j.,1.0
33,22.jpg,ngang,4,1.0
18,23.jpg,đồng,_,1.0
33,24.jpg,triệu,“px,1.0
33,25.jpg,tai,k⁄2,1.0
33,26.jpg,vị,w,1.0
18,5.jpg,từ,{œ,1.0
18,8.jpg,hoàng,ty 2n,1.0
18,9.jpg,hơn,j/p,1.0
18,10.jpg,đạo,2l»,1.0
18,11.jpg,theo,t0lxø,1.0
33,23.jpg,khả,\wha,1.0
47,49.jpg,sử,",",1.0
47,54.jpg,lâu,(^^,1.0
47,56.jpg,tiếp,_,1.0
47,41.jpg,khi,z⁄,1.0
47,42.jpg,những,“~⁄«,1.0
47,45.jpg,827,g#2¬,1.0
47,47.jpg,ngao,má ảo,1.0
142,94.jpg,sinh,<vdn,1.0
142,7.jpg,nướng,"⁄
nửớ",1.0
142,8.jpg,trên,đc,1.0
142,10.jpg,ngay,,1.0
142,11.jpg,đề,,1.0
142,12.jpg,khắc,"/
lv",1.0
142,23.jpg,tục,x„,1.0
142,25.jpg,anh,«,1.0
142,27.jpg,ngọc,l,1.0
142,22.jpg,rơ,bi,1.0
47,9.jpg,thoát,(¿+,1.0
47,10.jpg,bây,—_,1.0
47,12.jpg,các,"⁄
cc",1.0
137,100.jpg,xóc,"⁄
0c",1.0
47,1.jpg,sẽ,6,1.0
137,63.jpg,mặt,w~{,1.0
47,15.jpg,sao,—^,1.0
47,24.jpg,anh,con1h,1.0
47,19.jpg,đi,,1.0
47,21.jpg,thôn,cc,1.0
47,33.jpg,hơi,ạbái,1.0
47,34.jpg,hi,tl,1.0
47,37.jpg,hải,j1,1.0
47,38.jpg,bình,(ni!,1.0
47,39.jpg,2003,9.0042,1.0
47,40.jpg,diện,ke,1.0
47,17.jpg,nhỏ,"""no",1.0
47,65.jpg,cộng,so,1.0
47,66.jpg,ngày,m24,1.0
47,67.jpg,1,t,1.0
47,25.jpg,này,_,1.0
47,26.jpg,can,2,1.0
47,28.jpg,ủy,đá,1.0
47,30.jpg,tp,1},1.0
142,28.jpg,quý,tố,1.0
47,84.jpg,phải,,1.0
47,85.jpg,150,[s6,1.0
47,86.jpg,tờ,cc,1.0
34,12.jpg,bộ,v0,1.0
34,1.jpg,liên,ac,1.0
47,90.jpg,tuyệt,2,1.0
47,91.jpg,tỏa khắp căn nhà.,,1.0
100,81.jpg,điểm,cho,1.0
47,83.jpg,những,w~,1.0
142,29.jpg,các,"⁄
ca",1.0
142,16.jpg,buồn,buướùi,1.0
142,17.jpg,cứu,"ca
6",1.0
142,18.jpg,là,_,1.0
100,99.jpg,giải,_—,1.0
142,2.jpg,xin,ya,1.0
142,3.jpg,thiết,đá,1.0
47,79.jpg,vào,2%,1.0
142,5.jpg,những,v4,1.0
47,69.jpg,trong,bc,1.0
47,70.jpg,độ,28,1.0
47,63.jpg,"chiểu, quận 1 (còn một quán hương rừng khác nằm trên đường nguyễn",,1.0
47,73.jpg,nghị,,1.0
47,74.jpg,toàn,_,1.0
47,75.jpg,gà,l^,1.0
47,76.jpg,phải,bể :,1.0
142,4.jpg,cư,vú,1.0
137,44.jpg,thủ,“|,1.0
137,45.jpg,quyết,,1.0
33,94.jpg,báo,l,1.0
33,95.jpg,xe,k,1.0
33,96.jpg,bao,k,1.0
33,97.jpg,mở,„,1.0
33,98.jpg,thấp,»xí,1.0
47,8.jpg,bảy,l4,1.0
137,67.jpg,biến,_,1.0
137,68.jpg,nhiệm,vn,1.0
137,70.jpg,chỉ,.,1.0
137,72.jpg,chịu,óm,1.0
137,56.jpg,băng,^~/,1.0
137,58.jpg,non,là,1.0
137,61.jpg,bám,.,1.0
137,87.jpg,nơi,vy,1.0
137,66.jpg,án,w„,1.0
142,84.jpg,đâm,clom,1.0
142,85.jpg,hải,x,1.0
142,86.jpg,ngày,“l,1.0
142,87.jpg,ập,đe,1.0
142,73.jpg,sau,2,1.0
137,27.jpg,vấp,ac,1.0
137,30.jpg,phải,_,1.0
137,43.jpg,khu,a1,1.0
142,69.jpg,quý,#4,1.0
137,34.jpg,đồng,ch,1.0
137,24.jpg,theo,“,1.0
137,26.jpg,võ,w,1.0
137,50.jpg,mỹ,(mw,1.0
137,52.jpg,trái,⁄à,1.0
137,55.jpg,việc,uư,1.0
137,40.jpg,bám,,1.0
142,66.jpg,ty,b,1.0
142,32.jpg,thì,su,1.0
142,33.jpg,cập,—,1.0
142,34.jpg,016,o0,1.0
142,35.jpg,"mới hay tất cả chúng tôi đã được hai ông bà người tàu mua đi bán lại từ người khác như những món hàng. "" cả đời tôi chẳng biết đến một dòng nhật ký. ngày dài nơi xứ lạ với bao sự cố bất ngờ, không hi vọng, tôi thay anh em viết lại cuộc hành trình để mong ngày trở về... làm kinh nghiệm cho những lao động khác "" - nguyễn văn toàn (xóm vạn an, vân diên, nam đàn, nghệ an) - tác giả cuốn nhật ký. không có tiền ăn, chúng tôi phải lội suối đi vào rừng mò cua bắt cá, kiếm rau, xin đu đủ... ăn cho khỏi chết đói.",,1.0
142,36.jpg,báo,<<,1.0
142,37.jpg,nhân,;ọé—,1.0
142,38.jpg,thủ,1á,1.0
137,74.jpg,thuốc,vi,1.0
47,4.jpg,tế,đˆ,1.0
47,6.jpg,hoan,s^,1.0
137,91.jpg,như,⁄.,1.0
137,93.jpg,ra,l,1.0
137,94.jpg,12,⁄,1.0
137,95.jpg,công,4,1.0
47,23.jpg,với,cố,1.0
47,7.jpg,dài,cn,1.0
47,3.jpg,mặt,,1.0
137,75.jpg,trấn,,1.0
137,76.jpg,đói,⁄2,1.0
137,79.jpg,vật,⁄«^,1.0
137,81.jpg,"thành công còn là hình ảnh một cậu bé bị dị tật ở chân, không bao giờ đi lại bình thường được. từ nhỏ cậu đã nuôi ước mơ trở thành cầu thủ bóng đá. sau bao nỗ lực khổ luyện, cậu bé trở thành cầu thủ dự bị trong một đội bóng nhỏ, và chưa bao giờ được chính thức ra sân. nhưng đó không phải là thất bại. trái lại, thành công đã nở hoa khi cậu bé năm xưa, với bao nghị lực và quyết tâm, đã chiến thắng hoàn cảnh để theo đuổi ước mơ từ ngày thơ bé",,1.0
142,55.jpg,của,"l
cưa",1.0
142,41.jpg,kiểm,m .,1.0
142,43.jpg,thành,bi,1.0
137,98.jpg,diện,,1.0
142,46.jpg,dâm,p/⁄,1.0
137,85.jpg,bao,__,1.0
137,86.jpg,hú,á4,1.0
142,72.jpg,hợp,mị,1.0
142,59.jpg,được,w,1.0
142,62.jpg,qui,an,1.0
142,48.jpg,về,,1.0
142,52.jpg,địa,ho.,1.0
142,44.jpg,nay,",",1.0
53,75.jpg,"trong các trường học đã phát hiện 652 học sinh và 229 giáo viên nghiện ma túy. "" đáng buồn là tỉ lệ tái nghiện còn cao ở hầu hết các địa phương, điều tra tại hà nội năm 2003 tỉ lệ tái nghiện sau một năm cai là 90%, sau hai năm cai là 95%, sau ba năm là... 98 - 100% "" - thứ trưởng bộ công an lê thế tiệm cho biết. trong khi đó số người nhiễm hiv tại vn vẫn tiếp tục gia tăng. riêng năm 2003 cả nước có trên 16.000 người nhiễm hiv mới được phát hiện, nâng tổng số người nhiễm đã được phát hiện trên toàn quốc lên gần 80.000 người, phần lớn trong số này là thanh niên 20 - 29 tuổi.",n,0.9983
95,72.jpg,"điểm cuối của con đường là vùng sơn thủy gần như trinh nguyên mà ta có thể nhìn thấy nó từ đỉnh cao hơn 1.900 m của dãy lang bian. nơi đây ngày nào yersin đã đề nghị xây dựng một trung tâm nghỉ dưỡng độc đáo nhất đông dương trên cao nguyên. những năm đầu thập kỷ 1990, tập đoàn natsteel, jurong environment ngineering, và lkn management service pte của singapore khi đặt chân đến đây đã... ngây ngất, và thế là dự án "" dankia resort "" (một dự án đầu tư du lịch lớn với 706 triệu usd) ra đời (liên doanh với công ty du lịch lâm đồng).",1,0.9981
112,62.jpg,"trong lúc nhiều công dân có đất tại khu dân cư mới xuân hải bất ngờ không hiểu chuyện gì đang xảy ra thì tiếp đó họ lại nhận được giấy thông báo của phòng tài chính - kế hoạch huyện sông cầu về việc trả lại tiền sử dụng đất, có được cộng với lãi suất của ngân hàng theo thời điểm nộp tiền. lý do được phía chính quyền tỉnh phú yên thông báo một cách khá lạnh lùng : thực hiện thông báo 904 / tb - ub ngày 15 - 12 - 2003 của ubnd tỉnh phú yên là phải thu hồi đất của các hộ dân ngoài xã xuân hải.",:,0.998
17,17.jpg,"mãi mãi tuổi 20. nguyễn kỳ sơn chỉ là một trong hàng chục vạn người lính đã nằm xuống cho độc lập tự do của tổ quốc, anh cũng chỉ là một liệt sĩ bình thường như hàng ngàn người lính đã hi sinh nay vẫn chưa tìm thấy thân xác... nhưng những dòng nhật ký của anh là câu chuyện chân thực và đầy thuyết phục về một thế hệ, họ đã sống cho lý tưởng, cống hiến tuổi xuân một cách đầy lãng mạn. sáng 27 - 7, như mọi năm tôi vào thắp hương ở đài tưởng niệm thành cổ quảng trị.",em,0.9979
56,97.jpg,"một khu du lịch chụp giật đã ra đời mà chính quyền không hay. mới đây, tổng cục trưởng tổng cục du lịch võ thị thắng vào đến tận đây, rồi người ta lắc đầu ngao ngán. lại một lần nữa, chính ban quản lý rừng phòng hộ đầu nguồn sêrêpôk đã "" thả cửa "" cho sự hình thành một khu du lịch trời ơi như thế... sáu năm trôi đi vắng lặng kể từ ngày dự án "" dankia resort "" được phê duyệt, ở lâm đồng dường như người dân lơi dần để ý đến nó, báo chí cũng không còn say sưa nhắc đến.",ốc,0.9979
117,76.jpg,"mục đích của việc phổ biến rộng rãi là gì? thứ nhất, để tái khẳng định một cách công khai và mạnh mẽ những chủ trương, chính sách ưu đãi của nhà nước dành cho bà con việt kiều. thứ hai là để các bộ ngành của vn nhận thức được rằng việc thực hiện chính sách sẽ luôn được sự theo dõi, đánh giá sát sao của dư luận trong và ngoài nước. điểm mới nổi bật thứ hai ở nghị quyết này là lần đầu tiên đã xác định rõ trách nhiệm của nhà nước đối với cộng đồng nvơnn.",x,0.9978
130,16.jpg,"thế rồi hết vụ chống tiêu cực đến việc anh đại đeo đuổi vụ kiện, của cải trong nhà lần lượt đội nón ra đi. tối 21 - 3, chúng tôi tìm đến chỗ trọ của vợ chồng anh trong ngôi nhà nhỏ của người em gái chị xoan. ở đó có đến 13 con người chen chúc nhau sống trong đó. một đầu hè căn nhà được người em cho vợ chồng chị xoan che chắn tạm bợ bằng những tấm bạt, nilông và những miếng tôn vụn còn in dấu vôi vữa ở các công trình để ở tạm.",ế,0.9977
135,69.jpg,"khái quát về biển đảo việt nam nước ta giáp với biển đông ở hai phía đông và nam. vùng biển việt nam là một phần biển đông. bờ biển dài 3.260 km, từ quảng ninh đến kiên giang. như vậy cứ 100 km2 thì có 1 km bờ biển (trung bình của thế giới là 600 km2 đất liền / 1 km bờ biển). biển có vùng nội thủy, lãnh hải, vùng đặc quyền kinh tế và thềm lục địa với diện tích trên 1 triệu km2 (gấp 3 diện tích đất liền : 1 triệu km2 / 330.000 km2)",si,0.9977
12,17.jpg,"ông trần du lịch : "" có khi chính tình hình kinh tế quý 1 giảm sút, chúng ta mới quyết tâm cải cách thủ tục hành chính, buộc bộ máy hành chính phải chuyển động "". hôm nay, hội nghị tiếp tục làm việc. sáng cùng ngày 30 - 3, ban thường vụ thành ủy đã triệu tập hội nghị cán bộ nghiên cứu quán triệt nghị quyết hội nghị lần 9 ban chấp hành trung ương khóa ix và chương trình hành động của thành ủy thực hiện nghị quyết hội nghị trung ương 9.",h,0.9977
40,93.jpg,"chuyện những người mang số 115. sáng nay ngồi quán cà phê cóc, ông bạn già của tôi tâm sự : "" chú mày biết không, hôm kia không nhờ cấp cứu đã xong cái mạng già này! "". số là trở về nhà sau một chầu nhậu, bị tăng huyết áp đột ngột, ông bị choáng ngất, bà vợ luống cuống tay chân hét toáng lên. một người hàng xóm nhanh trí gọi số 115 xin cấp cứu... đó chỉ là một trong hàng ngàn trường hợp "" không nhờ cấp cứu đã... "".",n,0.9976
31,32.jpg,"chăng lưới xong, ông h. kéo tôi vào bụi cây ngồi đợi. "" đi vào tầm này mới có nhiều chim, vả lại giờ này mấy tay kiểm lâm không còn lượn lờ nữa - ông h. kể - hôm qua mấy thằng ở khu dưới bẫy chim xong không cất lưới bị kiểm lâm thu sạch, thế là mất toi mấy trăm ngàn bạc "". trên nền trời xám xịt, tôi bắt đầu nghe tiếng chim kêu quàng quạc bay về núi. không biết từ phương nào, từng đàn chim bay về ngọn núi trước mặt tôi.",e,0.9976
78,55.jpg,"vậy bốn người khách mua dâm đó là ai? theo cáo trạng, khoảng 14 g ngày 8 - 12 - 2001, bị cáo lê minh quang và lê thị thắm chở bốn cô gái, trong đó có hai người chưa thành niên, đến khách sạn ngọc vân 2 để bán dâm thì bị công an bắt quả tang. luật sư phạm hữu tình trích bút lục của cơ quan cảnh sát điều tra cho thấy bốn đối tượng có hành vi đi mua dâm bị bắt quả tang hôm đó là các ông lý, thành, thu và phương.",n,0.9976
58,41.jpg,"một lãnh đạo thanh tra bộ y tế cho biết : "" chúng tôi đang yêu cầu công ty sanofi synthelabo giải trình lý do giá một số mặt hàng của công ty này bán tại vn với giá cao hơn khi xuất khẩu đi một số nơi trong khu vực như hong kong và campuchia "". thanh tra bộ y tế cũng kiến nghị bộ y tế sắp xếp lại hệ thống các nhà phân phối, nhất là khâu bán buôn nhằm hạn chế kinh doanh lòng vòng làm nâng giá thuốc; lập ngân hàng dữ liệu giá thuốc (giá thuốc cùng loại ở nước sản xuất, ở các nước trong khu vực) để có cơ sở quản lý giá; quản lý khâu cung ứng, sử dụng thuốc tại cơ sở khám chữa bệnh, trách nhiệm của bác sĩ kê đơn thuốc...",tt,0.9968
92,68.jpg,"chú lơ tên hải đứng gác thuyền, gác máy. nhiệm vụ quan trọng nhất của chú là không để thuyền người khác đi qua vùng lặn kéo theo những dây nhựa đang nổi bồng bềnh trên mặt biển đang nối liền với miệng của thợ lặn để cung cấp khí thở; gỡ các dây khi sóng biển làm rối vào nhau và đổ nước mát cho các máy trên thuyền đủ sức chạy trong nhiều giờ liền. là một thợ lặn trẻ biết hết mọi chuyện mưu sinh dưới biển, hải kể : "" dưới đáy biển, thợ lặn phai dùng một cái dùi bằng sắt hoặc con dao nhọn để cạy những con ngao, con sò bám rất chắc vào hang đá.",cá,0.9963
125,41.jpg,"trong khi đó, tại lễ kỷ niệm ngày nước thế giới (22 - 3), bà kanni ignaraja, phó đại diện thường trú của chương trình phát triển liên hiệp quốc (undp) tại hà nội, khẳng định nếu vn muốn giải quyết được mục tiêu cung cấp nước sạch cho 85% dân số vào năm 2010 và cho 100% dân số vào năm 2020 thì phải có ba yếu tố : tạo ra nhiều hơn nữa các nguồn đầu tư trong và ngoài nước, xác định ưu tiên về xây dựng năng lực ở những nơi có nhu cầu nước lớn nhất, huy động nhiều đối tượng tham gia thực hiện phương thức quản lý tài nguyên nước.",cc,0.9962
72,82.jpg,"thứ trưởng bộ tài nguyên & môi trường đặng hùng võ cho biết dự thảo nghị định đã thiết kế văn phòng đăng ký quyền sử dụng đất ở hai cấp : thuộc sở và thuộc phòng tài nguyên & môi trường (cấp tỉnh và huyện). văn phòng này có chức năng tổ chức thực hiện đăng ký sử dụng đất, quản lý hồ sơ địa chính và thực hiện thủ tục hành chính trong quản lý, sử dụng đất theo cơ chế "" một cửa "". nhưng trong đó chỉ duy nhất "" cửa "" ở cấp tỉnh được lập, chỉnh lý và quản lý hồ sơ địa chính gốc, còn "" cửa "" ở cấp huyện chỉ giữ các bản sao.",vn,0.9962
17,68.jpg,"làng xóm bỏ luôn con đường trước mặt nhà tôi đi vòng lối khác "". hoàn cảnh của anh diên thật sự bế tắc khi anh dang tay đón đứa cháu hai tháng tuổi mồ côi cả cha mẹ về nhà mình. hàng bánh mì của vợ anh chỉ nhận được những câu nói của bà con xung quanh như : "" thôi để cho chị 2.000 đồng chứ thật tình không dám ăn bánh của chị "". cả nhà anh trông vào đồng lương trợ cấp người mất sức lao động 330.000 đồng / tháng, nuôi một em gái bị tâm thần, hai đứa con và đứa cháu nhỏ đã 18 tháng tuổi.",s2,0.9959
66,66.jpg,""" tôi không dám tin rằng mình còn sống bởi tất cả như là cơn ác mộng, hết đi từ nỗi sợ hãi này đến kinh hoàng khác. cứ lấy chân đạp trên nền đất để biết rất thật rằng đây là vn "". vì không nằm trong danh sách những người được công ty đưa về, khủng hoảng và kiệt sức, tôi cố bám theo đoàn thương lái 30 người, trà trộn và giả dạng người campuchia, nhảy xe khách, đi bộ hàng chục kilômet, qua hàng rào cảnh sát các nước, may nhờ một người vn che chở đã đóng tiền để qua được các vòng.",hh,0.9959
113,86.jpg,"họ đã chết trên đường mưu sinh. hơn 2 giờ chiều, vẫn mưa lất phất, thị trấn khâm đức, huyện phước sơn (quảng nam) đã hiện ra trước mặt chúng tôi. khác với vẻ đông vui, nhộn nhịp mọi ngày, "" phố vàng "" - cái tên được mọi người quen gọi cho khâm đức hôm nay bỗng lặng lẽ, âm u... "" thấy người ta chết thảm thiết rứa, làm răng ai có thể làm ngơ được "". xác 19 công nhân làm vàng thuộc công ty tnhh trường sơn tại bãi vàng phước thành (phước sơn) đã được đưa về thị trấn này.",cc,0.9958
110,50.jpg,"họ đã chết trên đường mưu sinh. hơn 2 giờ chiều, vẫn mưa lất phất, thị trấn khâm đức, huyện phước sơn (quảng nam) đã hiện ra trước mặt chúng tôi. khác với vẻ đông vui, nhộn nhịp mọi ngày, "" phố vàng "" - cái tên được mọi người quen gọi cho khâm đức - hôm nay bỗng lặng lẽ, âm u... "" thấy người ta chết thảm thiết rứa, làm răng ai có thể làm ngơ được "". xác 19 công nhân làm vàng thuộc công ty tnhh trường sơn tại bãi vàng phước thành (phước sơn) đã được đưa về thị trấn này.",cc,0.9958
57,57.jpg,"với việc ra đời nghị quyết này, công tác nvơnn thời gian tới sẽ chú trọng những điểm nào thưa ông? - nghị quyết lần này đã nêu ra bốn nhóm giải pháp, trong đó được đề cập đầu tiên là vấn đề trọng dụng nhân tài. chúng ta biết rằng cộng đồng nvơnn tuy vào khoảng 2,7 triệu người nhưng tiềm lực kinh tế của cộng đồng chưa phải là lớn, bù lại tiềm năng chất xám lại vô cùng phong phú. nhiều việt kiều trẻ tuổi, nhiều trí thức kiều bào có nguyện vọng được về nước làm việc.",hc,0.9957
98,100.jpg,"với việc ra đời nghị quyết này, công tác nvơnn thời gian tới sẽ chú trọng những điểm nào thưa ông? - nghị quyết lần này đã nêu ra bốn nhóm giải pháp, trong đó được đề cập đầu tiên là vấn đề trọng dụng nhân tài. chúng ta biết rằng cộng đồng nvơnn tuy vào khoảng 2,7 triệu người nhưng tiềm lực kinh tế của cộng đồng chưa phải là lớn, bù lại tiềm năng chất xám lại vô cùng phong phú. nhiều việt kiều trẻ tuổi, nhiều trí thức kiều bào có nguyện vọng được về nước làm việc.",is,0.9957
10,47.jpg,""" làm việc này tuy âm thầm nhưng vui, rất vui, chẳng có gì để buồn. việc tốt mà... "", các nhân viên của khai minh nói như vậy. phi cho biết khi làm dự án về dịch vụ báo mất, anh đã thực hiện một cuộc thăm dò về nhu cầu của người dân tp.hcm. hầu như 100% số người được hỏi đều cho biết hoàn toàn tán thành và sẵn sàng hợp tác nếu dịch vụ ra đời. nhặt và trả đã đủ để vui. dịch vụ của họ chính là khâu trung gian đảm bảo cho những niềm vui ấy được trọn vẹn.",nh,0.9956
112,6.jpg,"thành công còn là hình ảnh một cậu bé bị dị tật ở chân, không bao giờ đi lại bình thường được. từ nhỏ cậu đã nuôi ước mơ trở thành cầu thủ bóng đá. sau bao nỗ lực khổ luyện, cậu bé trở thành cầu thủ dự bị trong một đội bóng nhỏ, và chưa bao giờ được chính thức ra sân. nhưng đó không phải là thất bại. trái lại, thành công đã nở hoa khi cậu bé năm xưa, với bao nghị lực và quyết tâm, đã chiến thắng hoàn cảnh để theo đuổi ước mơ từ ngày thơ bé.",ng,0.9955
148,12.jpg,"tuy nhiên theo các lao động này, bảy tháng qua họ chỉ có việc làm ít ngày không có lương, bị chuyển nhượng, "" bán "" qua lại giữa nhiều nhà môi giới, không được giải quyết khi bị tai nạn lao động, 6 / 17 người đã nếm mùi "" tù tội "". với tiền phí dịch vụ trên 1.000 usd / người, công ty cho biết đã chi nhiều khoản phí môi giới và chưa có hướng giải quyết cho số lao động này khi họ không có một đồng tiền lương nào trong những ngày vất vả nơi xứ lạ.",tc,0.9955
142,89.jpg,"làm được một tháng tám ngày, không thấy lương bổng gì, cũng không biết ai là ông chủ. có một ông đến đưa tám lao động đi, nói vào rừng làm lán trại rồi phát cây cao su. có tám người đi, những người không đồng ý ở lại. tám người vào rừng hôm trước thì hôm sau bị cảnh sát bắt sáu người vì không có giấy tờ tùy thân. chu văn thiệp (lâm xuân, nghĩa hoàn, tân kỳ, nghệ an) nằm trong số sáu người bị bắt, 19 ngày được chuộc ra khỏi tù.",tc,0.9953
146,1.jpg,"làm được một tháng tám ngày, không thấy lương bổng gì, cũng không biết ai là ông chủ. có một ông đến đưa tám lao động đi, nói vào rừng làm lán trại rồi phát cây cao su. có tám người đi, những người không đồng ý ở lại. tám người vào rừng hôm trước thì hôm sau bị cảnh sát bắt sáu người vì không có giấy tờ tùy thân. chu văn thiệp (lâm xuân, nghĩa hoàn, tân kỳ, nghệ an) nằm trong số sáu người bị bắt, 19 ngày được chuộc ra khỏi tù.",ốc,0.9953
51,43.jpg,"hỏi nguồn hàng ở đâu, cô nhân viên bán hàng cho biết lấy từ các đầu nậu ở bình phước, nhưng thỉnh thoảng lấy ở nhà ông ba "" đen "" - một đầu mối khá lớn cách đây chỉ 50 m. theo chỉ dẫn của cô bán quán, chúng tôi tìm đến nhà ba "" đen "". tuy nhiên ông ba cảnh giác : "" thú rừng bây giờ hiếm lắm, nhà chỉ còn mỗi một con cheo khoảng 1,8 kg... "". hỏi mua với số lượng lớn thì ông ba lại chỉ sang các đầu nậu ở lâm đồng, đồng nai...",số,0.9953
33,41.jpg,"tôi mất hơn một tháng rồi, cũng chẳng biết mất ở đâu. đỡ ghê, khỏi phiền phức... "". còn vô số câu chuyện thú vị như vậy. đó là khi một anh cán bộ kêu thốt lên ngạc nhiên khi đến nhận lại một cặp hồ sơ : "" tôi đã bị mất nó khi công tác ở bạc liêu cơ mà. sao lại lưu lạc tận đây? "". khi một chị ở an giang lên thành phố bị giật mất giỏ xách, có điện thoại hẹn đến q.9 để nhận lại, chị không dám tới và đã nhờ khai minh.",nv,0.9952
44,23.jpg,"tôi đã mấy lần nhặt được giấy tờ, bóp, túi xách. theo địa chỉ mang đến nhà họ trả, có người thì vui vẻ cảm ơn, có người lại nghi ngờ vì đấy là đồ đạc họ bị đánh cắp, cướp giật. phiền lắm, có công ty đứng giữa là tiện nhất "". sau anh xe ôm là mấy chị gánh hàng rong, gánh ve chai dạo phố, mấy chị đi xe đạp chở hai bên hai cái sọt đựng đồ phế liệu. chỉ trong một buổi sáng, số cộng tác viên của anh âm đã tăng lên đáng kể.",ốc,0.9952
80,96.jpg,"theo dự kiến, hôm nay 24 - 3, hđxx sẽ chuyển sang thẩm vấn nội dung cố ý làm trái gây hậu quả nghiêm trọng của các bị cáo. trao đổi với báo chí chiều qua, phó chánh tòa hình sự nguyễn quốc tú cho biết việc tiến hành đối chất giữa bị cáo nguyễn quang hà và nguyễn thiện luân với nguyên bộ trưởng bộ nn & ptnt nguyễn công tạn và bộ trưởng bộ nn & ptnt lê huy ngọ sẽ được hđxx căn cứ vào tình hình thực tế quyết định.",ni,0.9952
129,27.jpg,"khủng khiếp nhất là lượng đất đá này đã trôi trượt trên một đoạn dài chừng 600 m, trong đó mái trại "" định mệnh "" này đã bị đẩy đi gần 200 m! không một tiếng kêu gào, trong cơn mưa như trút nước thảm kịch xảy ra trong tích tắc. sau tiếng ầm ào khiếp đảm đó, những công nhân ở các trại bên liền đến đổ xô vào việc tiếp cứu bốn người bị thương, rồi cùng 10 người còn lại bới đào tìm thi thể những người bất hạnh.",cc,0.9951
109,41.jpg,"trong đó có 2 quần đảo hoàng sa, trường sa và 2.577 đảo lớn, nhỏ, gần và xa bờ, hợp thành phòng tuyến bảo vệ, kiểm soát và làm chủ vùng biển. có vị trí chiến lược quan trọng : nối liền thái bình dương với ấn độ dương , châu á với châu âu, châu úc với trung đông. giao lưu quốc tế thuận lợi, phát triển ngành biển. có khí hậu biển là vùng nhiệt đới tạo điều kiện cho sinh vật biển phát triển, tồn tại tốt.",me 1,0.995
90,47.jpg,"đi tìm giấy tờ rơi, những trạm trung chuyển rác và các điểm thu mua phế liệu là "" mối ruột "", những người bán hàng rong, sửa xe, thu lượm là những cộng tác viên thân thiết vì "" đi bộ, đi xe đạp, ngồi cố định một chỗ mới có nhiều cơ hội nhìn xuống đường "" chứ. từ ngày trở nên thân thiết với các nhân viên của khai minh, những người lao động vốn rất thầm lặng bên lề đường này như vui hẳn lên.",2 : :-,0.9949
38,31.jpg,"tại nơi đây, trước kia khoảng đất chỉ rộng 1.634 m2 của ông lâu dần gò đất này toàn chôn cất người nghèo khó, không có bia mộ, thậm chí chôn chồng lên nhau và trâu bò giẫm nát cũng không ai lo, ông mới nảy ra ý định đóng góp sức mình làm thành nghĩa địa từ thiện. năm 1999, ông ba phước đến gặp bà trần thị phụng, vợ ông nguyễn văn tâm (đã mất), để bàn bạc, thuyết phục bà phụng hiến phần đất này cho hội người cao tuổi của xã mà ông là phó chủ tịch, rồi ông bỏ tiền mua thêm 2.855 m2 đất bên cạnh để mở rộng khu nhị tì này làm thành nghĩa địa từ thiện.",n d,0.9946
80,68.jpg,"như vậy, việc đặt trạm thu phí giao thông tại chân cầu là giải pháp tình thế và đột xuất, nhưng cienco 5 đã không đưa ra các phương án dự phòng các tình huống xấu nhất có thể xảy ra tại khu vực giao thông vốn rất phức tạp. đặc biệt là tình huống kẹt xe ngay trên đường ray trong thời điểm xe lửa đang qua khu vực này. trong khi đó, tại khu vực trạm thu phí do bị vướng giải tỏa một số hộ dân nên đường vào trạm bị uốn cong không thuận lợi cho các phương tiện vào trạm và nhất là không đủ sức chứa khi lượng xe cùng lúc dồn đến trạm.",_ - .,0.9944
98,50.jpg,"còn mùa đông lạnh thì sao? sá gì, mặc cho giữa biển lạnh buốt. tất nhiên những lúc ấy họ chỉ lặn khoảng một giờ rồi lên nghỉ một chặp, sau đó lặn tiếp. thợ lặn không sợ lạnh, chỉ sợ nhất đang lặn thì gặp biển nổi bão, dông, gió. bước nhảy từ lặn bộ sang lặn máy đã giúp những hội thợ lặn làng xuân hòa có điều kiện chinh phục những vùng biển xa, rộng lớn hơn.",ch,0.9944
32,21.jpg,"trước đây, việc bảo hộ nvơnn với tư cách là công dân (đối với những người mang quốc tịch vn) hoặc bảo vệ họ với tư cách đồng bào (đối với những người đã nhập quốc tịch nước khác) có được đề cập nhưng chưa nhấn mạnh. nghị quyết lần này khẳng định nhà nước có trách nhiệm bảo vệ quyền lợi chính đáng của cộng đồng nvơnn theo luật pháp, công ước và thông lệ quốc tế. điểm đổi mới nổi bật thứ ba là trong phần đề cập tới trách nhiệm của bà con đối với đất nước đã không đặt nặng nghĩa vụ đóng góp của bà con.",: hc,0.994
59,59.jpg,"quy luật kinh tế tác động vào các động cơ lợi ích và quan hệ lợi ích của con người, từ đó điều chỉnh hành vi của họ. khi vận dụng đúng các quy luật kinh tế, sẽ tạo ra các quan hệ lợi ích kinh tế khách quan, đúng đắn tạo động lực thúc đẩy sự sáng tạo của con người trong xã hội. thông qua đó thúc đẩy sự giàu có và văn minh của xã hội.",cc,0.994
69,20.jpg,""" mong hđxx xem xét hoàn cảnh của các đồng nghiệp của tôi lúc đó "", bộ trưởng ngọ nói với hđxx nhưng dường như cũng có ý "" chia sẻ "" với hai cấp dưới của mình trên hàng ghế bị cáo. bị cáo nguyễn thiện luân (nguyên thứ trưởng bộ nn & ptnt) cho biết "" không cần thiết "" đối chất với "" cấp trên "" của mình. trước khi kết thúc, bộ trưởng lê huy ngọ "" tranh thủ "" xin hđxx cho "" phát biểu vài lời "", cho hay ông về bộ tháng 10 - 1997, khi dự án khu triển lãm nông nghiệp đã triển khai được 2 - 3 năm.",_ cc,0.9939
71,3.jpg,"quay sang tôi, anh trường nói : "" một chị ở quận 8 gọi điện cảm ơn chúng tôi đã cấp cứu kịp thời nên chồng chị qua khỏi cơn nguy kịch "". tôi đã từng nghe cấp cứu nhưng chỉ khi nghe chị nguyễn thị tuyết mai, trưởng khoa cấp cứu ngoại viện (ccnv), phân tích mới thật sự hiểu rõ "" nội tình "". ccnv chỉ đảm nhiệm cấp cứu đoạn đường từ hiện trường đến cổng bệnh viện. sau khi nhận điện báo, mỗi ca cấp cứu gồm êkip một lái xe, một bác sĩ (bs), hai điều dưỡng viên (đdv) tức tốc lên xe.",ngh,0.9938
22,56.jpg,"với cách nói khẳng khái của một người ở tuổi 40 nhưng có đến 22 năm theo nghề khoan hầm, anh tâm sự : "" trong số 32 người ở đội khoan số 1 này, hơn nửa là lính đi từ thủy điện hòa bình, yaly đến cần đơn và nay là hầm hải vân "". với họ, mỗi năm 365 ngày thì chỉ dành cho gia đình không quá 15 ngày, số còn lại là công trường và lán trại. sau hơn bốn giờ lao động cực nhọc, bữa ăn giữa ca là một bánh chưng, bánh mì, tô mì tôm trước khi về nhà tự túc mỗi bữa cơm.",sớn,0.9935
121,27.jpg,"thành công còn là hình ảnh một cậu bé bị dị tật ở chân, không bao giờ đi lại bình thường được. từ nhỏ cậu đã nuôi ước mơ trở thành cầu thủ bóng đá. sau bao nỗ lực khổ luyện, cậu bé trở thành cầu thủ dự bị trong một đội bóng nhỏ, và chưa bao giờ được chính thức ra sân. nhưng đó không phải là thất bại. trái lại, thành công đã nở hoa khi cậu bé năm xưa, với bao nghị lực và quyết tâm, đã chiến thắng hoàn cảnh để theo đuổi ước mơ từ ngày thơ bé.",5 tc,0.9932
78,26.jpg,"ngoài ra, nếu bà con có nhu cầu thờ cúng, xây chùa chiền ở nước ta, nếu được chính quyền sở tại chấp nhận, trong nước sẽ có hỗ trợ cụ thể. thưa ông, một vấn đề được nhiều nvơnn băn khoăn là tư cách pháp nhân của bà con tại nước sở tại để bà con có thể cư trú và làm ăn một cách chính đáng. vấn đề này sẽ được quan tâm như thế nào thưa ông? - vâng, theo tinh thần của bộ chính trị, bộ ngoại giao sẽ phải có tham mưu và kiến nghị cụ thể để đàm phán và ký kết với các nước những hiệp định về tư cách pháp lý của công dân vn, ví dụ như các hiệp định lãnh sự, hiệp định hỗ trợ tư pháp.",cá c,0.9931
144,91.jpg,"bỗng những tiếng ầm ầm từ phía bên trên trại vang lên, tôi cùng anh em vùng dậy. lũ ống xuất hiện, kèm theo lở núi đổ ào xuống trại. tôi và một số anh em liền chạy thẳng ra phía trước, bị lũ đẩy chúi xuống, cố gượng dậy được. chỉ một phút sau tôi đã nhận ra cả trại bị cuốn trôi và vùi lấp... "". bãi dựng trại rộng chừng 1 ha nay đã gần như một đầm lầy với khoảng 10.000 khối đất đá, không kể ngổn ngang những cây rừng lớn nhỏ.",2245 tc,0.993
12,12.jpg,"và 115 đã trở thành số điện thoại đáng tin cậy của nhiều người... theo những vòng xe cấp cứu. buổi sáng 10 - 11 - 2003 tôi ngồi ở phòng cấp cứu 115 của bệnh viện trưng vương. trên bàn trực có những năm điện thoại bàn và hai bộ đàm. y tá liêu văn trường trực điện thoại, có tiếng chuông reo vang, trường cầm ống nghe : "" ồ không có gì đâu! nhiệm vụ của chúng tôi mà. anh ấy bình phục là tôt rồi "".",_ ph,0.9924
16,94.jpg,"và 115 đã trở thành số điện thoại đáng tin cậy của nhiều người... theo những vòng xe cấp cứu. buổi sáng 10 - 11 - 2003 tôi ngồi ở phòng cấp cứu 115 của bệnh viện trưng vương. trên bàn trực có những năm điện thoại bàn và hai bộ đàm. y tá liêu văn trường trực điện thoại, có tiếng chuông reo vang, trường cầm ống nghe : "" ồ không có gì đâu! nhiệm vụ của chúng tôi mà. anh ấy bình phục là tôt rồi "".",tt 4,0.9924
22,60.jpg,"chủ đầu tư cienco 5 đang đứng trước bờ vực phá sản chợt tràn ngập hi vọng thoát hiểm. đến trạm thu phí tạm vấn đề không dừng lại, cũng từ ý định "" cứu "" nhà đầu tư, các trạm thu phí được chóng vánh dựng lên cũng theo kiểu "" gặt lúa non "". trong khi dự án đầu tư xây dựng cầu bình triệu 2 không hoàn thành các hạng mục công trình đúng như qui mô đã được phê duyệt, cho nên kế hoạch đặt trạm thu phí ban đầu ở giữa cầu đúc nhỏ và cầu ông dầu trên quốc lộ 13 không thể thực hiện được (đường chưa xây dựng).",s ng,0.992
57,28.jpg,tây nguyên và nam bộ : có khả năng thiếu nước trên diện rộng. cục thủy lợi (bộ nông nghiệp & phát triển nông thôn) dự báo khu vực tây nguyên và nam bộ có khả năng sẽ thiếu nước ngọt và bị nước mặn xâm nhập trên diện rộng vì từ nay đến tháng 5 - 2004 tổng lượng mưa tại các tỉnh trong khu vực sẽ thiếu hụt so với trung bình nhiều năm cùng thời kỳ. dự báo nếu tiếp tục không mưa và nước mặn xâm nhập sâu sẽ khiến hơn 44.000 ha đất nông nghiệp gặp khó khăn về nguồn nước tưới vào cuối vụ đông xuân.,2a se,0.9919
83,25.jpg,"nghe ở đâu có người nghèo cần giúp làm nhà, công trình công cộng thiếu kinh phí, thiếu công thợ, dù xa xôi tận an hiệp, thành triệu, quới thành (huyện châu thành),thạnh ngãi (huyện mỏ cày) hay mỹ thạnh an (thị xã bến tre), chợ gạo (tiền giang)... các ông vẫn khăn gói lên đường làm giúp mà không tính toán điều gì. ông nguyễn văn hậu, bí thư ấp tân qui, xã tân phú, huyện châu thành (liền ranh với ấp tiên long 1), kể : lúc làm cầu tân qui, không có thợ, ông tám đưa cả đội thợ hồ sang giúp.",_c tc,0.9919
1,33.jpg,"ông tuấn anh nói : "" lỗi không của riêng ai, đây là rủi ro trong làm ăn công ty chỉ kiểm soát được một phần sự việc. sự việc liên tục xảy ra khiến hai bên không có sự hợp tác, tin cậy..., mệt mỏi từ hai phía "". không tiền bạc, sức khỏe vơi đi cùng cả số tư trang ít ỏi trên người cũng được đánh đổi lấy đồ dùng trong những ngày ở tù. họ đếm từng ngày trôi đi trong gánh nặng tiền bạc. riêng hồ văn thông, số hộ chiếu ax 0134520, ở cương gián, nghi xuân, hà tĩnh, ngày 21 - 3 - 2004 đã về đến tp.hcm sau cuộc hành trình ba ngày từ malaysia qua thái lan, campuchia và đến cửa khẩu an giang.",to te,0.9915
33,16.jpg,"bản chất của thành công đã bao giờ bạn tự hỏi thành công là gì mà bao kẻ bỏ cả cuộc đời mình theo đuổi? phải chăng đó là kết quả hoàn hảo trong công việc, sự chính xác đến từng chi tiết? hay đó là cách nói khác của từ thành đạt, nghĩa là có được một cuộc sống giàu sang, được mọi người nể phục? vậy thì bạn hãy dành chút thời gian để lặng mình suy ngẫm. cuộc sống sẽ chỉ cho bạn có những người đạt được thành công theo một cách giản dị đến bất ngờ.",e7 tc,0.9911
61,16.jpg,"wb giới thiệu mô hình xóa đói giảm nghèo của vn cho các nước đang phát triển. văn phòng ngân hàng thế giới (wb) tại vn cho biết từ ngày 25 - 27 / 3, tại thượng hải (trung quốc) wb và chính phủ tq sẽ tổ chức hội nghị tri thức toàn cầu nhằm thúc giục giảm nghèo nhanh hơn ở qui mô lớn. hội nghị này sẽ qui tụ khoảng 600 đại biểu cùng nghiên cứu hàng loạt các trường hợp cụ thể minh họa những mô hình thành công và chưa thành công, chỉ rõ những cách tiếp cận thực sự có hiệu quả trong giảm nghèo ở qui mô lớn trong nhiều khung cảnh kinh tế, xã hội và định chế.",_- : vn,0.991
43,93.jpg,"sự thật vụ kiểm lâm bị "" cưa tay "". tt - tuổi trẻ đã đưa tin (theo nguồn tin ttxvn) về vụ trương bảo hải - nhân viên kiểm lâm hợp đồng ở chư prông, gia lai - bị một "" lâm tặc "" cưa tay, gây thương tích phải vào bệnh viện tỉnh gia lai để cấp cứu vào chiều 15 - 3 - 2004. theo thông tin ban đầu, phía nạn nhân khai nhận với một số pv báo chí là do hải đuổi bắt "" lâm tặc "" bị tấn công trọng thương, nhưng sau đó hải đã thay đổi lời khai.",km p,0.9908
12,44.jpg,"những người đi tìm niềm vui. cách đây hai năm có một chàng thanh niên vừa ra trường từ phố núi xuống thành phố tìm việc làm. lơ ngơ thế nào, chàng ta bị mất sạch giấy tờ và phải quay về quê vất vả hoàn tất rất nhiều thủ tục hành chính để làm lại. lại đi tìm việc. đọc chán những thông báo tìm người trên báo, anh chàng lại đọc cả những thông báo tìm giấy tờ, người thân bị thất lạc. và thế là ý tưởng về một dịch vụ báo mất ra đời...",_ _ em —,0.9908
11,9.jpg,"trước mắt tôi sẽ yêu cầu ông phương báo cáo lại vụ việc. tại phiên tòa đang xét xử, luật sư phạm hữu tình đề nghị tạm hoãn phiên tòa còn có lý do các lời khai, bút lục liên quan đến bốn đối tượng mua dâm nói trên chỉ là bản photocopy (về nguyên tắc tố tụng những bút lục này không có giá trị), không phải bản chính. ông thấy sao? có lẽ do sơ sót, anh em kiểm tra không kỹ nhưng theo tôi không làm thay đổi được bản chất của vụ án.",x k 4,0.9907
87,95.jpg,"vậy bốn người khách mua dâm đó là ai? theo cáo trạng, khoảng 14 g ngày 8 - 12 - 2001, bị cáo lê minh quang và lê thị thắm chở bốn cô gái, trong đó có hai người chưa thành niên, đến khách sạn ngọc vân 2 để bán dâm thì bị công an bắt quả tang. luật sư phạm hữu tình trích bút lục của cơ quan cảnh sát điều tra cho thấy bốn đối tượng có hành vi đi mua dâm bị bắt quả tang hôm đó là các ông lý, thành, thu và phương.",te c,0.9903
31,47.jpg,"phải xác định bản thân thành phố cũng có phần lỗi là đã thay đổi thiết kế ban đầu. tuy nhiên, khi thuận cho thu phí, hđnd cũng có cảnh báo trước : phải xem xét kỹ vì đây là đoạn gần giao lộ đường xe lửa và đường bộ, không được để ách tắc, ảnh hưởng đến an toàn giao thông. báo chí, cảnh báo rất đúng với cảnh báo của chúng tôi. băn khoăn của cảnh sát giao thông, của dư luận là đúng và cần thiết. chúng tôi nhắc lại : ubnd tp và các ngành liên quan phải lưu ý các ý kiến của công luận để bảo đảm an toàn giao thông.",xa k 2,0.9903
139,48.jpg,"gần hai ngày đêm rồi chứ ít đâu... "" - một thợ liệm khác nói khi anh đang chèn trà khô vào quan tài. không có khói nhang, cũng không có một tiếng khóc bên những áo quan giữa cảnh tử biệt sinh ly đầy những đoạn trường này nhưng vẫn buồn bã, vẫn đầy não nề thương cảm với người dân khâm đức, với những ai đến bãi xác này khi họ nhìn vào nét đăm chiêu và sự thinh lặng đầy buồn thảm của hàng chục công nhân đứng tản mát quanh "" nhà vĩnh biệt "" nằm âm u bên ngút ngàn rừng núi trường sơn.",ts na,0.9897
88,72.jpg,"trả lời câu hỏi : vì sao vụ tiêu cực gây nhiều bức xúc trong dư luận mà phải để quá lâu, đến nay đã hơn hai năm vẫn chưa có kết luận gì, lãnh đạo cơ quan điều tra giải thích : ngoài nguyên nhân do thiếu... điều tra viên, còn nguyên nhân khác khiến công tác điều tra phải kéo dài là do vướng ở khâu giám định. theo đó, muốn khởi tố, truy tố được những cá nhân sai phạm, cơ quan điều tra buộc phải chứng minh bằng chứng cứ, tức phải có các số liệu thực tế về vật liệu bị bớt xén...",tec kg,0.9896
39,43.jpg,"nhiều cuộc họp giữa đại diện hđnd tp.hcm và lãnh đạo ubnd tp để chỉ xoay quanh việc có nên cho phép thu phí cầu bình triệu 2 khi dự án còn dở dang, manh mún? thậm chí, một phó chủ tịch hđnd tp đã có lúc cho rằng thu phí vào thời điểm chưa hoàn thành hợp đồng chẳng khác nào "" gặt lúa non "". thế nhưng với lập luận : nếu kéo dài thời gian không thu phí sẽ làm tăng lãi vay - điều này không chỉ gây khó khăn cho chủ đầu tư mà cả người dân cũng chịu thiệt... và việc tổ chức thu phí cầu bình triệu 2 được hđnd tp thông qua, chính thức áp dụng vào 1 - 4 - 2004.",cá : b,0.9892
40,51.jpg,"mỗi sới gà đều có lịch đá cụ thể. cách tổ chức đá gà ở những phường gà này đều mang đậm tính chuyên nghiệp. có sới đá liền cả tuần như sới vạn phúc, hà đông, có sới đá hai ngày một tuần như sới đền đô, từ sơn, bắc ninh (thứ ba, thứ năm) hay sới yên sở, tây hồ, hà nội (thứ bảy, chủ nhật). 1.001 thủ đoạn. thông thường dân chơi gà thường bắt cược những con gà mà họ nắm vững được lai lịch của nó : đã thua trận nào chưa, đã đá như thế nào...",s.  .,0.9886
124,75.jpg,"phú yên : cán bộ làm sai, dân lãnh đủ. hàng trăm hộ dân phú yên vừa nhận được thông báo trả lại tiền sử dụng 350 ha đất đã cấp sổ đỏ ở các khu dân cư mới xã xuân hải, sông cầu. cách đây hơn ba năm, vào khoảng tháng 10, 11 - 2000, khi con đường qui nhơn - sông cầu vừa bắt đầu manh nha hình thành, nhiều người có thông tin sớm nhất về việc giao đất ở tại khu qui hoạch dân cư mới tại xã xuân hải, huyện sông cầu, tỉnh phú yên.",nt sn,0.9882
22,66.jpg,"tp.hcm : vay 500 tỉ đồng triển khai gấp các dự án cấp nước. ubnd tp.hcm vừa đề nghị quĩ hỗ trợ phát triển cho tp vay 500 tỉ đồng với lãi suất 7,5% / năm để triển khai gấp các dự án cấp nước đang thực hiện gồm : hệ thống cấp nước sông sài gòn giai đoạn 1 và các tiểu dự án mạng cấp nước cấp 1, 2, 3. hạn chót hoàn trả vốn gốc và lãi là ngày 31 - 12 - 2004, công ty cấp nước tp được ủy quyền ký hợp đồng tín dụng nhận vốn vay.",n n 2,0.9882
123,99.jpg,"một số người đã xin được giấy phép ubnd xã xuân hải để đổ đất nâng mặt bằng, nhưng khi tiến hành thì bị cư dân ở địa phương ngăn cản quyết liệt. còn ubnd huyện sông cầu lại không trả lời dứt khoát, cứ hẹn lần hẹn lữa về việc sẽ cấp giấy phép xây dựng nhà ở cho những người đã được cấp đất. đến ngày 11 - 1 - 2003 , các hộ mua đất ở khu dân cư mới xuân hải đột ngột bị mời về huyện sông cầu để nghe phổ biến chủ trương của ubnd tỉnh phú yên, thu hồi đất đối với các hộ dân không thường trú tại xã xuân hải.",c - hn,0.9881
25,58.jpg,"vừa thấy bóng anh nghĩa đi vào là mấy chị ở xóm ve chai ở p. 17, gò vấp đã đon đả thông báo : "" bữa qua... không nhặt được gì hết. hôm nay thì đang lựa đây "". anh nghĩa xắn tay áo lên cùng với mấy chị xáo tung mớ vỏ hộp, giấy vụn , sách tập cũ các loại. trong một cuốn sách cũ chợt rơi ra tấm thẻ sinh viên của một cô gái, hết hạn năm... 2001. mọi người cùng cười : "" xui quá hả? thôi, cứ cất làm kỷ niệm, biết đâu... "".",ii cc,0.9881
130,98.jpg,"ông hà văn dũng, giám đốc sở giao thông công chánh, đề nghị đưa vào chương trình công tác quý 2 một số việc liên quan đến ngành giao thông : mở một cảng ở phú hữu, quận 7 để giảm 25% lượng xe tải vào tp. ông thông tin : "" nhà nước chỉ cần hỗ trợ 30 tỉ đồng tiền mặt bằng, còn các dn vận tải biển đồng ý hợp tác đầu tư toàn bộ cầu cảng. tôi nói thiệt, dn sợ "" lót đường "" nên rất muốn vô thẳng phú hữu "".",_ ch - -,0.9876
28,79.jpg,"và 115 đã trở thành số điện thoại đáng tin cậy của nhiều người... theo những vòng xe cấp cứu. buổi sáng 10 - 11 - 2003 tôi ngồi ở phòng cấp cứu 115 của bệnh viện trưng vương. trên bàn trực có những năm điện thoại bàn và hai bộ đàm. y tá liêu văn trường trực điện thoại, có tiếng chuông reo vang, trường cầm ống nghe : "" ồ không có gì đâu! nhiệm vụ của chúng tôi mà. anh ấy bình phục là tôt rồi "".",v- an,0.9874
62,25.jpg,"ngoài ra công ty tnhh trường sơn quyết định hỗ trợ gia đình 19 nạn nhân thiệt mạng trong đợt lũ quét vừa qua, mỗi gia đình 50 triệu đồng để lo chi phí mai táng. ở bệnh viện huyện phước sơn, bốn con người được xem là lớn số, là may mắn cũng đang chịu đựng đau thương không ít. tôi đến khi các y sĩ ở đây vừa làm thuốc buổi chiều cho họ. bị trầy sướt và sưng tấy người, một ngón tay bị gẫy, nguyễn hoài nam (23 tuổi) vẫn quên đau, ứa nước mắt khóc cho người bạn bùi văn luyến cùng xóm với mình : "" nó hay nói đùa.","_ re cớ,",0.9863
24,35.jpg,"trong lúc nhiều công dân có đất tại khu dân cư mới xuân hải bất ngờ không hiểu chuyện gì đang xảy ra thì tiếp đó họ lại nhận được giấy thông báo của phòng tài chính - kế hoạch huyện sông cầu về việc trả lại tiền sử dụng đất, có được cộng với lãi suất của ngân hàng theo thời điểm nộp tiền. lý do được chính quyền tỉnh phú yên thông báo một cách khá lạnh lùng : thực hiện thông báo 904 / tb - ub ngày 15 - 12 - 2003 của ubnd tỉnh phú yên là phải thu hồi đất của các hộ dân ngoài xã xuân hải.",cs n  h,0.9857
7,86.jpg,"thế nhưng, những người đã bỏ công đi tìm không buồn, cũng không vứt trở lại đống phế liệu. họ vẫn lau sạch từng vết bẩn, vẫn lưu giữ cẩn thận. "" có thể những người này đã làm được giấy tờ khác, nhưng biết đâu một ngày nào đó họ lại muốn lấy lại chúng như một kỷ niệm. dẫu sao cũng là vật thiết thân một thời, không hữu ích thì ít nhất cũng mang lại một nụ cười khi thấy lại... "". lãi ròng là những niềm vui.",kon vn,0.9853
100,33.jpg,"- thời gian phản hồi: là khoản thời gian cần thiết để có thể đổi màu một điểm ảnh - máy in kim, máy in laser, máy in phun, máy in nhiệt",cc,0.9852
44,37.jpg,"1 - 12 - 2003, chỉ còn ít lâu là tết nguyên đán, công ty chuộc ra, đưa trở lại công trường, hứa giải quyết về trước tết, lại làm việc và sống cầm hơi như cũ. ngày 2 - 1 - 2004, hồ văn trương bị té lầu trong khi làm việc. từ chiều đến 11 giờ đêm mới có y tá đến đưa đi bệnh viện. 12 người trong tù ra, số còn lại thất nghiệp không có tiền ăn, phải tự cứu nhau. chủ công trường không nhận lại vì hết việc.",n s xe c,0.9851
112,67.jpg,"xây dựng và phát triển đội ngũ cb - cc có chất lượng chuyên môn cao, có phẩm chất, đạo đức. kiểm tra, xử lý kiên quyết các vụ tham nhũng, lãng phí, làm thất thoát tài sản nhà nước... về kinh tế : tập trung mọi nỗ lực nhằm tháo gỡ sản xuất kinh doanh, đưa tốc độ tăng trưởng gdp trên địa bàn tp đạt 12% năm 2004 và trên 12% năm 2005. phát triển nhanh các ngành dịch vụ, tái cấu trúc các ngành công nghiệp.",_ cn h.,0.9851
68,32.jpg,"trong đó có 2 quần đảo hoàng sa, trường sa và 2.577 đảo lớn, nhỏ, gần và xa bờ, hợp thành phòng tuyến bảo vệ, kiểm soát và làm chủ vùng biển. có vị trí chiến lược quan trọng : nối liền thái bình dương với ấn độ dương, châu á với châu âu, châu úc với trung đông. giao lưu quốc tế thuận lợi, phát triển ngành biển. có khí hậu biển là vùng nhiệt đới tạo điều kiện cho sinh vật biển phát triển, tồn tại tốt.",se cơ : _,0.9851
50,88.jpg,"thành công là khi bố và con trai có dũng khí bước vào bếp, nấu những món ăn mẹ thích nhân ngày 8 - 3. món canh có thể hơi mặn, món cá sốt đáng lẽ phải có màu đỏ sậm thì lại ngả sang màu... đen cháy. nhưng nhìn mâm cơm, mẹ vẫn cười. bởi vì hai bố con không thể thành công trên "" chiến trường "" bếp núc, nhưng lại thành công khi tặng mẹ "" đoá hồng "" của tình yêu. một món quà ý nghĩa hơn cả những món quà quý giá, hạnh phúc ấy long lanh in trong mắt mẹ.",cố cc -,0.9845
126,46.jpg,"hiện ở công ty khai minh mới chỉ có sáu nhân viên làm nhiệm vụ tìm kiếm, nhưng con số những người làm cộng tác viên cho họ đã nhân ra tới hàng trăm. những bao bì đựng giấy tờ đủ loại thu lượm được ngày càng đầy lên trong ngăn kéo. chỉ thu phí khi "" châu về hợp phố "" nên đã hoạt động hơn một năm nhưng họ vẫn chưa có lãi. bên cạnh đó, còn rất nhiều khách hàng chưa được đáp ứng nhu cầu.",(tt ta s,0.9845
100,95.jpg,"cũng may là toàn trại hôm đó chỉ có 33 người, thoát chết được 14 người. công ty chúng tôi toàn người tỉnh ninh bình, đông nhất là ở hai huyện nho quan, kim sơn. anh nguyễn văn niên - người thoát chết trong gang tấc - vẫn chưa hết bàng hoàng kể lại : "" lúc đó khoảng 23 g 30, đa số anh em còn thức vì một số vừa xem tivi ở trại bên về, một số vừa sửa lại mái trại bị dột vì mưa quá lớn.",. s23 :,0.9844
59,38.jpg,""" tội nghiệp, họ toàn là người miền bắc... "" - một chủ quán ở đầu thị trấn nói khi tôi dừng lại hỏi về tình hình bãi vàng. "" nhà vĩnh biệt "". bên chiếc lều bạt mới được công ty trường sơn dựng lên để tạm làm "" nhà vĩnh biệt "", bốn người thợ liệm - vốn cũng là công nhân đào vàng - đang tiếp tục công việc của họ. "" chúng tôi đang "" sửa soạn "" cho người thứ 12 đây! "" - một thợ liệm nói. "" mặt mày, mình mẩy ai cũng bị trầy sướt, bầm giập cả",cc .. eo,0.9841
39,88.jpg,"và cũng do mặt bằng trạm thu phí không thể mở rộng thêm nên việc xây dựng bốn làn xe ôtô vào trạm rất chật hẹp; còn ở làn xe hai bánh cũng quá chật hẹp không đáp ứng số lượng phương tiện xe lưu thông đi qua nhất là vào giờ cao điểm sáng, lúc mật độ lưu thông tăng cao từ hướng ngoại thành và các tỉnh qua cầu bình triệu về trung tâm tp. trạm thu phí đặt tại chân cầu bình triệu cho thấy sau khi xe nộp phí sẽ khó thông thoát nhanh vì muốn qua trạm là xe bắt đầu leo dốc lên cầu với tốc độ rất chậm.",ch nh th,0.9839
128,12.jpg,"sự thật vụ kiểm lâm bị "" cưa tay "". tt - tuổi trẻ đã đưa tin (theo nguồn tin ttxvn) về vụ trương bảo hải - nhân viên kiểm lâm hợp đồng ở chư prông, gia lai - bị một "" lâm tặc "" cưa tay, gây thương tích phải vào bệnh viện tỉnh gia lai để cấp cứu vào chiều 15 - 3 - 2004. theo thông tin ban đầu, phía nạn nhân khai nhận với một số pv báo chí là do hải đuổi bắt "" lâm tặc "" bị tấn công trọng thương, nhưng sau đó hải đã thay đổi lời khai.",es 3x : : ý _,0.9839
14,65.jpg,"thành công ấy, liệu có mấy người đạt được? sau mỗi mùa thi đại học, có bao "" sĩ tử "" buồn rầu khi biết mình trở thành "" tử sĩ "". hai bảy điểm, cao thật đấy. nhưng cao mà làm gì khi nv1 lấy tới hai bảy phẩy năm? đó thật ra không phải là thất bại, chỉ là khi thành công - bị - trì - hoãn mà thôi. cuộc sống vẫn chào đón họ với nv2, nv3. quan trọng là họ đã nỗ lực hết sức để khẳng định mình. đó là ý nghĩa vẹn nguyên của các kỳ thi, và cũng là bản chất của thành công.",_ : tc . ._,0.9828
14,55.jpg,"tuy không nói chuyện được với pv sau rất nhiều lần gọi, nhưng các cuộc gọi từ số máy này vẫn cứ gọi tới liên tiếp không dưới 10 lần. sau đó, liên hệ lại thì chủ máy nói : "" xin gặp v. h. khó quá, tại sao h. không chịu gặp? nghe nói v. h. có lên dầu giây làm việc vào tối thứ sáu, rạng sáng thứ bảy phải không? có gì thì nói để chủ yếu mình giáo dục, khuyên răn thôi. cho anh gặp mặt h. nhé "". ngày 4 - 4 - 2004 một người là lãnh đạo một đội csgt khác cũng gọi trực tiếp vào số máy của pv cho rằng việc anh em rượt đuổi và cho người truy tìm pv như thế là bậy quá, sai hoàn toàn rồi.",_ - - : : se e,0.9828
75,80.jpg,"dankia vẫn lặng lẽ "" nhỡ nhàng ""... đứng trên đỉnh lang bian nhìn xuống, người ta mê mẩn cảnh dankia dưới kia. 110 năm trước, yersin đã bàng hoàng trước vẻ đẹp của vùng rừng núi ấy, để rồi bừng lên ý tưởng về một thành phố nghỉ dưỡng. nhưng rồi đà lạt ra đời lại không nằm ở dankia, mà bên suối lat (hồ xuân hương nay). vậy nên vùng đất tuyệt đẹp kia vẫn mãi nằm lặng lẽ, quyến rũ, gọi mời...",c an hc,0.9821
73,99.jpg,"khái quát về biển đảo việt nam nước ta giáp với biển đông ở hai phía đông và nam. vùng biển việt nam là một phần biển đông. bờ biển dài 3.260 km, từ quảng ninh đến kiên giang. như vậy cứ 100 km2 thì có km bờ biển (trung bình của thế giới là 600 km2 đất liền / 1 km bờ biển). biển có vùng nội thủy, lãnh hải, vùng đặc quyền kinh tế và thềm lục địa với diện tích trên 1 triệu km2 (gấp 3 diện tích đất liền : 1 triệu km2 / 330.000 km2)",cc cc : _,0.9815
54,37.jpg,"khái quát về biển đảo việt nam nước ta giáp với biển đông ở hai phía đông và nam. vùng biển việt nam là một phần biển đông. bờ biển dài 3.260 km, từ quảng ninh đến kiên giang. như vậy cứ 100 km2 thì có 1 km bờ biển (trung bình của thế giới là 600 km2 đất liền / 1 km bờ biển). biển có vùng nội thủy, lãnh hải, vùng đặc quyền kinh tế và thềm lục địa với diện tích 1 triệu km2 (gấp 3 diện tích đất liền : 1 triệu km2 / 330.000 km2).",- h .. . s,0.9814
56,86.jpg,"có tài nguyên sinh vật và khoáng sản phong phú, đa dạng, quý hiếm. vùng biển và hải đảo nước ta có vị trí chiến lược hết sức to lớn, có ảnh hưởng trực tiếp đến sự nghiệp bảo vệ nền độc lập dân tộc và xây dựng chủ nghĩa xã hội, có liên quan trực tiếp đến sự phồn vinh của đất nước, đến văn minh và hạnh phúc của toàn dân.",x2 g -  :,0.9812
80,80.jpg,"cũng may là toàn trại hôm đó chỉ có 33 người, thoát chết được 14 người, trong đó có bốn người bị thương. công ty chúng tôi toàn người tỉnh ninh bình, đông nhất là ở hai huyện nho quan, kim sơn. anh nguyễn văn niên - người thoát chết trong gang tấc - vẫn chưa hết bàng hoàng kể lại : "" lúc đó khoảng 23 g 30, đa số anh em còn thức vì một số vừa xem tivi ở trại bên về, một số vừa sửa lại mái trại bị dột vì mưa quá lớn.",tế hs ng,0.9809
21,2.jpg,"thứ trưởng bộ tài nguyên & môi trường đặng hùng võ cho biết dự thảo nghị định đã thiết kế văn phòng đăng ký quyền sử dụng đất ở hai cấp: thuộc sở và thuộc phòng tài nguyên & môi trường (cấp tỉnh và huyện). văn phòng này có chức năng tổ chức thực hiện đăng ký sử dụng đất, quản lý hồ sơ địa chính và thực hiện thủ tục hành chính trong quản lý, sử dụng đất theo cơ chế "" một cửa"". nhưng trong đó chỉ duy nhất ""cửa"" ở cấp tỉnh được lập, chỉnh lý và quản lý hồ sơ địa chính gốc, còn ""cửa"" ở cấp huyện chỉ giữ các bản sao.",: vn cc cố,0.9807
89,31.jpg,được ủy quyền ký hợp đồng tín dụng nhận vốn vay,„cc,0.9787
11,57.jpg,"bản chất của thành công đã bao giờ bạn tự hỏi thành công là gì mà bao kẻ bỏ cả cuộc đời mình theo đuổi? phải chăng đó là kết quả hoàn hảo trong công việc, sự chính xác đến từng chi tiết? hay đó là cách nói khác của từ thành đạt, nghĩa là có được một cuộc sống giàu sang, được mọi người nể phục? vậy thì bạn hãy dành chút thời gian để lặng mình suy ngẫm. cuộc sống sẽ chỉ cho bạn có những người đạt được thành công theo một cách giản dị đến bất ngờ.",_ : : cc _ : : ễx,0.9777
80,20.jpg,"ông hải đặt vấn đề : liệu vụ việc có "" chìm xuồng "" hay không, vì sao đến nay vẫn chưa có kết quả? ông hải cũng chỉ đạo sở gtcc báo cáo về xử lý tiêu cực ở công trình này. chiều 23 - 3, trả lời tuổi trẻ sau phiên họp nói trên, lãnh đạo cơ quan cảnh sát điều tra công an tp.hcm - nơi đang thụ lý vụ tiêu cực tại công trình đường liên cảng a5 - cho biết vụ án vẫn đang trong giai đoạn điều tra, chưa có kết luận cuối cùng.",ca 2n e. .u |,0.9762
81,55.jpg,"thế là họ tính bài truyền nghề lặn máy cho thanh niên trong làng và tạo lập "" vệ tinh "" để khi cần họ thuê đi lặn. vì thế suốt dọc dài vùng biển phía bắc miền trung có bao nhiêu làng biển, nhưng chỉ có mỗi làng xuân hòa thạo nghề và trở thành "" đội quân thiện chiến "". nơi đây tóc của thợ lặn nào cũng vàng hoe như tóc nhuộm và mắt của họ thì vàng lơ như mắt tây.",.._ em tạng,0.9752
50,74.jpg,"cầu bình triệu 2 chưa xây xong, làm đường tạm cho các phương tiện giao thông đi lại điều đáng nói là sau đường tạm đến... trạm thu phí tạm... từ đường tạm mãi đến tháng 9 - 2003 cầu bình triệu 2 mới được thông xe bằng đường tạm (cũng vì phải né sáu hộ dân chưa di dời. như vậy, trước thời điểm cấm xe tải nặng lưu thông ở nội ô vào ban ngày (1 - 9 - 2003), cầu bình triệu 2 được "" ép "" đưa vào khai thác trong tình trạng dòng xe phải đi vòng một đoạn phía thủ đức.",on nhi eesknn,0.9741
58,16.jpg,"bằng các hoạt động, dịch vụ của mình, tự nó sẽ nuôi nó. nhân lực không nằm trong biên chế được duyệt. "" đừng ngại "" - thứ trưởng võ trấn an. "" thỏa thuận "" hay không "" thỏa thuận ""?",tc nh w,0.9669
81,16.jpg,"trách xây dựng cơ bản - ông phạm hồng giang "", bị cáo gợi ý. "" bị cáo ký",g5 4564165 4/5226,0.9583
124,96.jpg,"là thất bại, chỉ là khi thành công - bị - trì - hoãn mà thôi. cuộc sống vẫn chào đón họ với",5...5... ..255.65.;.....~..— & ¿,0.956
136,41.jpg,- các cách kết nối :,ca,0.95
26,93.jpg,cùng 10 người còn lại bới đào tìm thi thể những người bất hạnh.,"6:060116 005208, 40 25",0.9365
81,61.jpg,"những món quà quý giá, hạnh phúc ấy long lanh in trong mắt mẹ.",cc ốc ốc 7,0.9355
77,53.jpg,"hcm thành lập hội đồng giám định xây dựng công trình này. mới đây, cơ quan điều tra",up 1}  1⁄⁄ ⁄ „,0.9277
133,18.jpg,"chắc hẳn đã hàng trăm, ngàn lần câu hỏi đó tự đến với họ hoặc đến từ người thân,",áo tt... 6 44g,0.925
30,44.jpg,lời hứa đã cũ,"ố
cc",0.9231
124,63.jpg,"làm nhà tình thương. có lắm cây dừa ở sâu cách xa sông rạch, sau",ht ni ..;..;ò...,0.9219
63,43.jpg,"nhiêu khê "".",249 6,0.9167
85,91.png,có những đứa trẻ tự xem mình là bác sĩ riêng của bản thân và âm nhạc là liều thuốc chữa lành tốt nhất,"ˆ ẹ : _
nhưng cưa -
-_ - 5
ủ_ xem wicnh t wen 2t6:
tế ti ; v ˆ
⁄q ạ bon 0n
- _ „..
w__gy⁄a nhq ° eu
_ w« _ “
nuccx vục ni ø
no",0.9109
104,94.jpg,"tặng mẹ "" đoá hồng "" của tình yêu. một món quà ý nghĩa hơn cả những",ốc ốc 0 cố cc,0.9104
80,49.jpg,"tách đôi ra ở một góc, tần ngần : "" sao tìm được hay",„4 ⁄ ”⁄~ #414 6⁄62 66,0.9038
62,34.jpg,"phí tăng lên do khối lượng công trình tăng, còn là tăng ở khoản đền bù,",“4 ⁄⁄ý zm —_ y2 ý /⁄_“«g~4>,0.9014
98,65.jpg,synthelabo,3n. k29,0.9
30,51.jpg,qua lại như đan mắt lưới. tiếng còi hụ liên hồi. anh nghĩa lái xe bất ngờ thắng,"sh xw nồ tên,",0.8987
73,91.jpg,"karaoke cũng là chuyện bình thường, nhưng khi ba người kia vào phòng",kem số để đô new,0.8971
97,91.jpg,"tìm đến nhà ba "" đen "". tuy nhiên ông ba cảnh giác : "" thú rừng bây",2x. gx⁄x.a~ «œ^ 2/2 246⁄2.4<^2⁄2⁄*. ⁄“⁄écẻ ”⁄5,0.8955
98,83.jpg,"có trên 16.000 người nhiễm hiv mới được phát hiện, nâng tổng số người nhiễm",cố đá 6 0e 65.5 1,0.8933
82,49.jpg,nhưng đầu nậu mà chúng tôi nghe giới thiệu nhiều nhất trong những ngày ở bình phước,_⁄42 2 ấn ~^“c 1⁄24 44. ⁄2221/á429 41227259 24⁄2,0.8916
113,52.jpg,"với số lượng lớn thì ông ba lại chỉ sang các đầu nậu ở lâm đồng,","4⁄22, .ac 222,21. 4⁄22. <2 <eu 6®",0.8906
63,94.jpg,"tư thỏa thuận với người sử dụng đất để nhận chuyển nhượng hoặc thuê quyền sử dụng đất, nhận","êm on na uy nó,",0.8901
122,84.jpg,singapore,2a,0.8889
93,91.jpg,"công việc dọn vệ sinh công trình, làm côppha.",ss n 6 26664022422 0,0.8889
96,20.jpg,"qua. trên đường đi, thỉnh thoảng xe phải dừng lại vì những bác xích lô",. vn kết. xur ø,0.8857
120,70.jpg,malaysia,na 1w mo,0.875
9,88.jpg,toàn cục,2 00”,0.875
127,94.jpg,"vùng biển và hải đảo nước ta có vị trí chiến lược hết sức to lớn, có ảnh hưởng trực tiếp đến sự",th cá ai án kế 4h 5/5 10⁄425,0.8737
111,84.jpg,"đó là cách nói khác của từ thành đạt, nghĩa là có được một cuộc sống giàu sang,",ca cc 6 vi km ốc,0.8734
19,47.jpg,căng lên như cái trống hầu. bs hà vừa chẩn đoán bệnh vừa an ủi và động viên tinh thần. đdv kim,vấn 2â du có kúy áề. đe 6w,0.8723
52,7.jpg,"phải là thất bại. trái lại, thành công đã nở hoa khi cậu bé năm xưa,",pc «1 ve. kh tt g—1..ố.....â.;....,0.8676
57,53.jpg,"ngày còn "" thò lò mũi xanh "", đến nay hắn đã 41 tuổi. gần 30 năm lăn lộn trong nghề","'jềy, e8 ni là kè key si",0.8675
21,1.jpg,"tanh nồng mùi máu. hoặc những ca sản phụ khó sinh, trên đường chở đến bệnh viện nước ối tràn ra đầy băng",le 2 no vi r1 vi 2a 255 5.,0.8654
107,51.jpg,"cả xe hơi. trước đây, ông và vợ tên là hoa vừa đứng ra thu gom hàng vừa","22 s¿ 4x. 2. a//> 2 x04 a⁄ 2222⁄442ứơ⁄⁄^,>",0.8592
137,77.jpg,"thứ trưởng ký xác nhận vào công văn công ty tiếp thị không? "" ""bộ không có chủ trương này "",",n4 1 ác ta 2é 6 4h24 ¿42 w2j,0.8587
68,68.jpg,nghiêng,“đi,0.8571
39,100.jpg,0134520,04314%s 90,0.8571
102,22.jpg,các con bạc không từ một thủ đoạn đê tiện nào.,k4 6 47 4⁄2 4 co,0.8478
34,20.jpg,"thành công là khi bố và con trai có dũng khí bước vào bếp, nấu những món ăn mẹ thích nhân","""4 k 8.4... 22, xx xóm ớ n m 2⁄2 x55",0.8427
144,12.jpg,cũng có một số lượng người thiếu các giấy tờ hợp pháp. chủ trương của,— ~- 122a nen 40 /55646/⁄2646/⁄45 50⁄2 káng xe,0.8406
36,35.jpg,"tình không dám ăn bánh của chị "". cả nhà anh trông vào đồng lương trợ",ni ⁄2 1c t9 về 2 1⁄2 kš,0.8406
65,33.jpg,khoảng,(co,0.8333
54,3.jpg,trường,*ượy,0.8333
50,19.jpg,thương,tâgq,0.8333
126,31.jpg,nguyễn,nh,0.8333
137,88.jpg,khoảng,đh e4,0.8333
113,57.jpg,trương,t9 ch,0.8333
38,11.jpg,trưởng,"tở'
te",0.8333
40,44.jpg,trương,ta 4,0.8333
132,36.jpg,trường,tếo,0.8333
17,16.jpg,nghiên,đai«zn,0.8333
100,78.jpg,trường,no,0.8333
131,76.jpg,nghiệp,vi,0.8333
147,23.jpg,nghiêm,km,0.8333
11,47.jpg,chương,"cí^a„,",0.8333
40,19.jpg,choáng,cáønku,0.8333
122,27.jpg,chuyển,vn,0.8333
100,27.jpg,thương,] hưởa,0.8333
135,22.jpg,thượng,túàu,0.8333
49,89.jpg,nguyên,^g~x2⁄,0.8333
82,32.jpg,thương,n,0.8333
111,50.jpg,nguyễn,now,0.8333
38,37.jpg,thương,"tulls,",0.8333
51,27.jpg,chuyện,ca,0.8333
10,27.jpg,thương,nu,0.8333
136,80.jpg,trưởng,t4,0.8333
12,10.jpg,nguyên,go,0.8333
64,68.jpg,trưởng,ưa,0.8333
67,50.jpg,chương,c2»,0.8333
79,46.jpg,thương,(n4,0.8333
80,65.jpg,lumpur,“#4mpva,0.8333
80,83.jpg,khoáng,đơn,0.8333
105,80.jpg,trương,"ta¿e,",0.8333
108,17.jpg,nguyện,nư gì,0.8333
108,72.jpg,nguyễn,na»;,0.8333
92,61.jpg,nghiện,ecgh,0.8333
44,67.jpg,thương,-ciởg,0.8333
22,96.jpg,nghiệp,w/kớp,0.8333
22,72.jpg,phương,[hê,0.8333
141,61.jpg,thường,shỏ ca,0.8333
84,62.jpg,thoáng,“mái,0.8333
46,85.jpg,nguyên,n40⁄⁄2,0.8333
93,88.jpg,trưởng,"tá
tu",0.8333
45,73.jpg,nguyên,na,0.8333
8,54.jpg,chuyện,~~pn,0.8333
52,22.jpg,"tỉnh ninh bình, đông nhất là ở hai huyện nho quan, kim sơn. anh","l6 x2h kh) xềa 2ä 42.2222 “^^ a22 ä⁄2x„ 1254 6à, 4⁄2_",0.8254
72,38.jpg,"sẽ tổ chức các lễ hội, như đêm rằm phố cổ mỗi tuần một lần và tổ chức các","ễ„° ná / é cac 4⁄2, /7/⁄4021⁄2/⁄ 4) azø #2 c#° mốc f«2zv một 6%°⁄⁄£ œ_",0.8219
49,24.jpg,bán buôn nhằm hạn chế kinh doanh lòng vòng làm nâng giá thuốc; lập,b< bus xi á„ ## &zc &„ 5. 1/6,0.8182
38,47.jpg,lâu lại phun nước ra như mưa. tiếng ồn từ máy khoan lẫn bụi đá đã khiến,on m22 . ty ở 2. _—⁄— #c dé zc «c4,0.8169
88,23.jpg,"chính trong quản lý, sử dụng đất theo cơ chế "" một cửa"". nhưng trong đó","ng dơ._y«øở 61 & mu, áog ”/ 4 1 ⁄z⁄ ”ø",0.8169
20,81.jpg,"không biết ai là ông chủ. có một ông đến đưa tám lao động đi, nói","(64, 1 ấy 2, đ/ ơny ấy ấm đua —.",0.8154
76,60.jpg,"điều khiến chủ đầu tư "" ngắc ngứ "" là từ tổng mức đầu tư 341 tỉ được duyệt khi áp","¿&c “z2 .~x “ ng (ầm z5 ⁄⁄ 14 l;"" ⁄1⁄xz22⁄6/ “",0.8148
41,4.jpg,"cảnh sát giao thông, của dư luận là đúng và cần thiết. chúng tôi nhắc lại : ubnd","29244 em 23 ;42 2⁄22 (2 4ý >4 .4(, lềt nđ.ý 22 -uh0",0.8125
40,41.jpg,"vùng biển và hải đảo nước ta có vị trí chiến lược hết sức to lớn, có ảnh hưởng trực tiếp đến sự","vên, — ae¿¿ bế c2” trí 26,¿/ ^^ 7 «4 ⁄ 4 “v5",0.8105
55,94.jpg,"sắp xếp lại hệ thống các nhà phân phối, nhất là khâu bán buôn nhằm hạn chế kinh",sa ch ấn kí k lo 4o hs 6 g9,0.8101
146,9.jpg,tiếng còi hụ liên hồi. anh nghĩa lái xe bất ngờ thắng gấp vì từ,"4 1 mj//« 142 vẻ. (ái, với tbá17 2 «r1<",0.8095
71,12.jpg,"cái bếp nhỏ, mẹ ơi...",là ke...,0.8095
47,87.jpg,"vùng biển và hải đảo nước ta có vị trí chiến lược hết sức to lớn, có ảnh hưởng trực",ne (xgi về ®ó ảo it kh ng,0.8072
74,39.jpg,"khi đến chỗ đó ông phương chưa vào phòng, lúc công an lập","an đà dợ 0 ồu, fơs, cố 6",0.807
5,91.jpg,"lộ vẫn đang hoành hành. nhiều tài xế tha thiết "" mời các lãnh đạo hãy bỏ xe biển số xanh",cố 1 6 có đno ácij bè v¿ bi ø' xe,0.8068
96,30.jpg,trương cấm xe tải nặng lưu thông ban ngày ở hầu hết các tuyến trung tâm.,ii kệ xe tˆ8⁄5 mi l= rụ 1k ký 4 km l^:,0.8056
116,37.jpg,"khát, ngủ tạm nơi vỉa hè. không có giấy thông hành, chúng tôi mất cả quyền tự","n.......;...... chó, đủ: sát có auyế` ®",0.8052
94,52.jpg,"đá, bụi, không khí ngột ngạt, nước tuôn xuống và tối tăm khiến chúng tôi lẫn những",nt nh ák lao #uzw xuốy 55 2  & 2⁄5,0.8049
16,58.jpg,"nói vắn tắt về thảm trạng : "" thấy trời mưa lớn, trưa 13 - 11",—n  “tr øey: ca n “2,0.8033
143,80.jpg,nhưng,no,0.8
28,63.jpg,triển,ấn,0.8
121,96.jpg,đường,10g,0.8
25,17.jpg,nhiễm,vom,0.8
147,11.jpg,chính,ck⁄,0.8
58,81.jpg,người,ng32 í,0.8
58,27.jpg,khách,hi,0.8
136,55.jpg,xuồng,x„w,0.8
90,37.jpg,kiểng,án,0.8
107,89.jpg,huyện,đuj”,0.8
35,74.jpg,thành,ta,0.8
78,71.jpg,thành,tá,0.8
90,52.jpg,người,vi,0.8
53,68.jpg,nghét,n4,0.8
90,51.jpg,thành,ho,0.8
12,71.jpg,chẳng,c1x44,0.8
19,51.jpg,thuốc,"“
óc",0.8
74,99.jpg,người,n4đđì,0.8
65,92.jpg,nhiều,n,0.8
135,63.jpg,chiến,«i2,0.8
65,11.jpg,những,on,0.8
34,17.jpg,chính,c1,0.8
34,14.jpg,người,nadà,0.8
21,43.jpg,trước,tuki⁄,0.8
106,93.jpg,không,kè,0.8
103,89.jpg,trông,t,0.8
120,47.jpg,những,h3,0.8
21,46.jpg,quanh,cosh,0.8
110,92.jpg,trung,tyve,0.8
28,18.jpg,những,chấ,0.8
100,62.jpg,thành,t_,0.8
149,97.jpg,thành,n,0.8
149,93.jpg,những,na,0.8
100,46.jpg,chiến,cu,0.8
28,15.jpg,nhưng,“hào,0.8
103,88.jpg,thành,ta,0.8
25,5.jpg,triển,vn,0.8
74,97.jpg,thoại,1oa,0.8
85,16.jpg,người,mg,0.8
85,25.jpg,không,k2,0.8
143,49.jpg,chồng,w na,0.8
54,16.jpg,quanh,qv.«,0.8
121,99.jpg,trạng,n2,0.8
26,62.jpg,không,tho,0.8
12,87.jpg,không,"ahớu,",0.8
83,12.jpg,nghèo,„do,0.8
130,35.jpg,nhưng,ơn,0.8
43,99.jpg,không,(2n,0.8
135,50.jpg,chung,cá,0.8
65,68.jpg,đường,z^5g,0.8
143,96.jpg,thoát,+o&,0.8
57,94.jpg,thành,lợn,0.8
143,98.jpg,thành,to,0.8
120,94.jpg,chăng,dhe5,0.8
80,21.jpg,tránh,1h,0.8
114,72.jpg,trung,142g,0.8
142,51.jpg,hoàng,hsà c5,0.8
137,33.jpg,không,chớy,0.8
22,94.jpg,cương,(ơq,0.8
114,69.jpg,thạnh,(ng,0.8
105,32.jpg,những,“hố,0.8
32,14.jpg,trong,“lrod,0.8
40,92.jpg,thống,khí,0.8
101,77.jpg,thông,nh,0.8
34,100.jpg,tiếng,giêm,0.8
109,76.jpg,ngành,vươn,0.8
2,47.jpg,không,vn,0.8
14,14.jpg,phòng,p2,0.8
96,95.jpg,không,ha,0.8
96,65.jpg,người,w ái,0.8
25,40.jpg,nhưng,c”hởn,0.8
116,7.jpg,trong,th,0.8
81,29.jpg,luống,l^=¬,0.8
33,10.jpg,hướng,nh,0.8
47,68.jpg,trung,thwa,0.8
109,78.jpg,nhưng,nhủ có,0.8
129,67.jpg,thành,ơn,0.8
24,98.jpg,trong,tem,0.8
75,68.jpg,trách,&wo‹h,0.8
108,75.jpg,thành,xxh,0.8
98,40.jpg,trọng,nó,0.8
32,92.jpg,nghĩa,nạlkê,0.8
92,42.jpg,người,môi,0.8
92,9.jpg,người,4 đởi,0.8
117,58.jpg,quyền,juâ,0.8
90,22.jpg,đường,hn,0.8
80,33.jpg,ngoài,n4 0x,0.8
13,89.jpg,khẳng,kkóu,0.8
76,36.jpg,người,na _,0.8
109,27.jpg,thiện,tk,0.8
69,71.jpg,huỳnh,hờ,0.8
54,79.jpg,chiếc,cl,0.8
124,71.jpg,giang,i0,0.8
114,26.jpg,chúng,don,0.8
44,94.jpg,trình,n,0.8
92,93.jpg,xuống,xim,0.8
150,91.jpg,quyết,aquýd,0.8
76,47.jpg,trọng,an,0.8
129,52.jpg,khiếp,ký,0.8
61,18.jpg,tazon,rc ơn,0.8
3,9.jpg,hoàng,“ho,0.8
129,41.jpg,trình,in”,0.8
129,32.jpg,nvơnn,nvỏnihị,0.8
115,84.jpg,nghĩa,nọ,0.8
115,82.jpg,không,z2na,0.8
67,28.jpg,trong,vn,0.8
70,20.jpg,trong,tim,0.8
136,30.jpg,hưởng,ở,0.8
98,18.jpg,hoạch,cá,0.8
21,100.jpg,triệu,6veu,0.8
21,72.jpg,thông,tư,0.8
52,39.jpg,không,hé,0.8
71,77.jpg,chứng,cơ,0.8
90,95.jpg,thông,2h,0.8
126,2.jpg,thành,na,0.8
23,9.jpg,trung,“„n#,0.8
36,88.jpg,"cứu, đdv huệ đem chiếc băng ca đẩy vào nhà có nạn nhân.",...... ơn tế ky w t7 vi xà —,0.8
53,56.jpg,quyền,đujm,0.8
9,5.jpg,không,ko,0.8
52,40.jpg,phước,wh,0.8
75,84.jpg,thành,tt^,0.8
44,65.jpg,chiếc,cố.,0.8
114,59.jpg,đường,anh,0.8
137,49.jpg,chiến,"£
chươn",0.8
108,38.jpg,trong,t 2⁄4,0.8
68,43.jpg,chồng,ân,0.8
35,39.jpg,đường,zzưz ng,0.8
141,6.jpg,thích,uc,0.8
95,100.jpg,thành,to,0.8
95,99.jpg,thiết,16t,0.8
141,65.jpg,giành,on,0.8
63,16.jpg,nhiêu,im,0.8
110,64.jpg,trách,5h,0.8
52,55.jpg,trong,tø⁄4,0.8
145,47.jpg,chúng,án,0.8
52,83.jpg,tháng,kg,0.8
12,63.jpg,chẳng,"chxa
ý",0.8
44,13.jpg,thành,t⁄,0.8
103,70.jpg,chiều,"c,",0.8
110,57.jpg,hoàng,/aeøng,0.8
68,70.jpg,thẳng,ti,0.8
68,31.jpg,phóng,pplé,0.8
95,98.jpg,thành,tc,0.8
138,47.jpg,thẳng,n,0.8
138,42.jpg,nhưng,nu,0.8
31,28.jpg,thanh,⁄a&a,0.8
16,64.jpg,tuyến,up,0.8
126,40.jpg,thống,tư,0.8
113,21.jpg,chúng,cc,0.8
53,62.jpg,thành,đah,0.8
10,89.jpg,trách,t,0.8
71,66.jpg,prông,pứầu,0.8
82,89.jpg,không,hở,0.8
42,6.jpg,thanh,in,0.8
77,77.jpg,ngược,nạøš‹,0.8
94,24.jpg,tương,an,0.8
38,4.jpg,chiến,ấn,0.8
53,28.jpg,những,"ổn,",0.8
20,97.jpg,không,an,0.8
119,83.jpg,hoạch,hø4,0.8
10,23.jpg,thẳng,on,0.8
126,26.jpg,chính,1h,0.8
126,93.jpg,chẳng,đăn,0.8
126,90.jpg,nhưng,na,0.8
139,39.jpg,lượng,lộ m,0.8
94,12.jpg,trong,6n,0.8
88,88.jpg,thanh,hon kh,0.8
50,42.jpg,chiến,củ,0.8
118,77.jpg,không,on,0.8
6,24.jpg,thông,ho,0.8
6,84.jpg,tiếng,hiểm,0.8
58,10.jpg,trong,ơn,0.8
131,52.jpg,triệu,te,0.8
56,100.jpg,những,“kg,0.8
51,32.jpg,trong,nh,0.8
134,47.jpg,triển,an,0.8
73,72.jpg,thống,vn.,0.8
59,7.jpg,người,n7 2n,0.8
139,29.jpg,trong,to⁄2¬,0.8
144,64.jpg,chứng,c2,0.8
131,13.jpg,tưởng,ơn,0.8
50,3.jpg,thành,ờn,0.8
131,11.jpg,chúng,camáí,0.8
113,98.jpg,tượng,nh,0.8
119,60.jpg,chồng,điồm,0.8
59,50.jpg,không,"kh&
ti",0.8
74,68.jpg,tượng,na,0.8
16,19.jpg,không,cho,0.8
134,100.jpg,không,ko 4,0.8
110,32.jpg,chẳng,"eh«^g,",0.8
123,98.jpg,chính,c⁄„⁄2,0.8
128,28.jpg,xương,"xưởa
ĩ",0.8
142,88.jpg,những,ch änz,0.8
145,1.jpg,người,(thói,0.8
137,46.jpg,đường,no,0.8
142,81.jpg,chiêu,c2,0.8
24,65.jpg,khẳng,thău,0.8
130,90.jpg,huyện,lad⁄n,0.8
141,82.jpg,trong,ok,0.8
126,60.jpg,nghèo,hn,0.8
99,29.jpg,chúng,"cao,",0.8
1,64.jpg,trong,nu,0.8
138,38.jpg,trung,1u,0.8
32,30.jpg,lượng,wóna,0.8
116,45.jpg,quyết,gu),0.8
13,35.jpg,trong,vn,0.8
117,85.jpg,đường,2n,0.8
48,66.jpg,nhưng,nó,0.8
150,66.jpg,nhưng,ch,0.8
1,20.jpg,xuống,xứ,0.8
13,6.jpg,phước,pa &&,0.8
116,81.jpg,thông,t6,0.8
89,64.jpg,nhưng,nív2n4,0.8
126,25.jpg,nhiều,no,0.8
126,21.jpg,kjang,in,0.8
89,94.jpg,trong,lo,0.8
5,39.jpg,những,nu âm,0.8
59,15.jpg,chẳng,c2,0.8
150,77.jpg,ngoại,ai,0.8
22,25.jpg,chẳng,c&ơm,0.8
137,90.jpg,thống,-ha,0.8
80,54.jpg,coong,cu,0.8
33,44.jpg,lượng,( đổng,0.8
110,36.jpg,phòng,khả,0.8
74,80.jpg,chiến,si,0.8
127,48.jpg,lượng,1kg,0.8
53,74.jpg,những,th,0.8
98,82.jpg,thiệt,tên,0.8
54,10.jpg,thành,in,0.8
75,16.jpg,trung,tt“,0.8
37,91.jpg,những,nw,0.8
75,23.jpg,người,n,0.8
75,21.jpg,những,vn,0.8
124,80.jpg,chống,chø⁄„_,0.8
137,57.jpg,trong,cnm,0.8
130,29.jpg,chẳng,hi,0.8
55,41.jpg,phong,pm,0.8
149,48.jpg,trung,su,0.8
84,21.jpg,phiêu,gfàu,0.8
46,77.jpg,trừng,th,0.8
41,41.jpg,nghĩa,xa,0.8
4,81.jpg,thành,ø⁄znb,0.8
19,29.jpg,nhưng,"xung,",0.8
15,48.jpg,khách,ac,0.8
8,61.jpg,trong,na,0.8
43,23.jpg,thành,tøk,0.8
11,93.jpg,phiên,n,0.8
29,23.jpg,trách,+x«1h,0.8
11,22.jpg,trong,the,0.8
19,27.jpg,phước,pa,0.8
19,15.jpg,quanh,cai,0.8
19,13.jpg,trong,/â na,0.8
41,57.jpg,không,ku,0.8
97,59.jpg,người,ươờn,0.8
62,47.jpg,không,k4,0.8
62,46.jpg,không,"[“ hông,",0.8
93,17.jpg,ngoài,mo,0.8
39,22.jpg,quyết,q2,0.8
30,60.jpg,khoán,ki,0.8
149,55.jpg,khách,(4h,0.8
84,46.jpg,trung,an n4,0.8
15,62.jpg,chúng,cơ,0.8
107,18.jpg,chúng,ca,0.8
64,87.jpg,huống,"lum
l",0.8
64,61.jpg,không,lớn,0.8
72,53.jpg,trống,ty,0.8
72,86.jpg,người,wwởi,0.8
85,100.jpg,nhưng,1g,0.8
85,95.jpg,người,"nh
ng",0.8
120,25.jpg,xuống,n,0.8
13,8.jpg,quyết,ạt,0.8
61,67.jpg,trong,“rơa,0.8
41,19.jpg,không,đơn,0.8
21,6.jpg,trong,loa,0.8
41,18.jpg,nhiệm,xài em,0.8
7,40.jpg,không,vn,0.8
86,21.jpg,không,ki,0.8
86,15.jpg,những,khả,0.8
93,90.jpg,tylao,"”„
(ao",0.8
84,52.jpg,thiết,lít,0.8
42,42.jpg,người,- đờn,0.8
106,6.jpg,thành,zihah,0.8
84,3.jpg,nhiều,no,0.8
56,60.jpg,thoại,1 oa,0.8
39,73.jpg,người,giỏ,0.8
133,37.jpg,thông,té,0.8
11,70.jpg,tháng,tím,0.8
42,64.jpg,khuya,4h“,0.8
87,4.jpg,người,n2,0.8
27,96.jpg,nghĩa,"-
hư",0.8
77,2.jpg,thông,t—,0.8
56,33.jpg,người,g⁄⁄`,0.8
60,81.jpg,nhiều,mi,0.8
39,21.jpg,đường,zwz2ng,0.8
9,87.jpg,quảng,(quaa,0.8
6,11.jpg,người,ngd dì,0.8
6,43.jpg,hecta,h1,0.8
9,89.jpg,chính,cóc,0.8
60,57.jpg,hưởng,on,0.8
38,41.jpg,không,"chớ,",0.8
112,93.jpg,thanh,“ra,0.8
5,81.jpg,chúng,kg,0.8
5,73.jpg,những,hở,0.8
56,83.jpg,khoan,áo,0.8
51,58.jpg,người,nợ với,0.8
147,85.jpg,không,ky,0.8
91,37.jpg,không,(na,0.8
104,81.jpg,quảng,tn,0.8
93,40.jpg,nhiệt,non,0.8
46,35.jpg,ngoài,n2 đề,0.8
46,46.jpg,người,dư,0.8
97,12.jpg,trong,tìm,0.8
148,93.jpg,trình,tđà|,0.8
46,42.jpg,trong,t,0.8
27,27.jpg,người,rờ,0.8
84,98.jpg,trước,"⁄
ủớ",0.8
46,68.jpg,những,nhi cm,0.8
17,51.jpg,không,ha,0.8
147,41.jpg,những,kn,0.8
29,87.jpg,nâng giá thuốc; lập ngân hàng dữ liệu giá thuốc (giá thuốc cùng loại ở nước,. số tk wớn hóa dở aóa kv y cc,0.8
70,83.jpg,đường,tần,0.8
100,21.jpg,chiếc,hố,0.8
29,1.jpg,đường,đi,0.8
30,78.jpg,thanh,+ „kh,0.8
39,72.jpg,ngành,níu,0.8
112,92.jpg,thích,ah,0.8
88,73.jpg,lượng,"tong,",0.8
132,35.jpg,những,“há,0.8
17,20.jpg,thành,na,0.8
8,97.jpg,thắng,ty,0.8
132,61.jpg,"phó viện trưởng nguyễn thành phương được phân công phụ trách lĩnh vực cảnh sát,","j x0, ki, j2 t61 126 đà, đu, 6. k2 hs, «9 60,",0.7975
69,48.jpg,"tra buộc phải chứng minh bằng chứng cứ, tức phải có các số liệu thực tế về","sg kg “2 dua vdˆ, vi « co x c„ úp cc",0.7973
36,67.jpg,sẽ tổ chức phố đi bộ tại hội an. chủ tịch ubnd tỉnh quảng nam nguyễn xuân phúc,"22/7 1 n0 2 9ø vạ/ . 002 28⁄, v6n/d #34 aed22nneơy (vn/270240, 50,5",0.7949
31,80.jpg,"luận trên còn chung chung, chưa cụ thể và chưa thể dùng làm chứng cứ điều tra.",lòc rb duy đua đ„ „#e è đà cơn,0.7949
103,54.jpg,"gỗ thông, rồi gạch đá, ximăng..., từ tạm bợ đến kiên cố hối hả xuất hiện.",ý?) là g4 aj*2 me.) ảê dc lộ đề ra /aà đa®%eakê.,0.7945
39,61.jpg,"tình thế và đột xuất, nhưng cienco 5 đã không đưa ra các phương",1⁄66. zbr 5 xa no» án zd¿ r¿ e⁄ _,0.7937
60,44.jpg,"với báo chí chiều qua, phó chánh tòa hình sự nguyễn quốc tú cho",về vé đá aw^) ⁄ ch gà sở 5c,0.7937
118,23.jpg,hướng đi bà rịa - vũng tàu bằng xe tải nặng 54n-7... tài xế xe,0024 e e. vêy c âm 1 ng tc tc,0.7903
131,70.jpg,khuôn mặt. johor ngày thứ nhất. họ đưa chúng tôi đến khu vực công trường bên cạnh,"1⁄42 nở jo2x mej ⁄ ma đe #4«⁄2 00⁄60/00666/ 6,6 kưởy ^ ca",0.7901
3,48.jpg,km2 / 330.000 km2).,vớt /2%c.ccova?2,0.7895
15,75.jpg,vụ tiêu cực tại công trình đường liên cảng a5 - cho biết vụ án vẫn đang,"c9 của, tê) đó, lử cầ, n  ố",0.7887
29,11.jpg,"lưu lạc tận đây? "". khi một chị ở an giang lên thành",„„  &c < ⁄„ 7“ 2 1 ⁄ ⁄2 “ <~,0.7885
79,51.jpg,mạng như muốn lao vào xe cấp cứu.,l 1a w ý có 4 :,0.7879
89,75.jpg,"đứng tản mát quanh "" nhà vĩnh biệt "" nằm âm u bên ngút ngàn rừng núi trường",ð%4 y 62 weolv qesds ` 1~a v~á on ` ko 6a vô ä«x . hao _ ta},0.7867
122,96.jpg,- 2003 cầu bình triệu 2 mới được thông xe bằng đường tạm (cũng vì phải né sáu hộ dân,“v4 (£ tt tà lý đai và vé kếy sở †« (á (xá ‹«c la ø5,0.7857
142,57.jpg,"thành công ấy, liệu có mấy người đạt được?",đi ø) dị m2“ bài nu am dư 9,0.7857
73,4.jpg,"pháp lý của công dân vn, ví dụ như các hiệp định lãnh sự, hiệp định hỗ","pc 4 4 đấu độh 261 ai ,uế, dịu. tế",0.7857
149,84.jpg,"nhiễm mặn; sống nhờ con tôm, con cá trời cho thì chỉ qua ngày, tương lai mờ mịt","cc øs, “hề ¿« ò  zm ! ớt ⁄06/4/0/⁄/ 2g 7% ¿ 14% z„ =2 4⁄2",0.7848
7,50.jpg,"dankia ơi, hãy chờ nhé!",mt _ thơ` nh” |,0.7826
54,29.jpg,"tế tổng mức đầu tư đã vọt lên 1.223 tỉ, cienco 5 tuyên bố không đáp ứng nổi kinh phí và","lít =/ 264 0l lý 1206) đoaác hẹ,k d6 9 nơ tòi đốc",0.7816
65,73.jpg,khủng khiếp nhất là lượng đất đá này đã trôi trượt trên một đoạn,"tu m2 g táng, z2 5 2s 2m z2 >3 xo",0.7812
65,98.jpg,"mừng : vài ngày nữa tp sẽ được cung cấp một lượng nước sạch bằng nửa lượng nước hiện có, và",—_—._ mã t7 tế ả0k củ cố nìi ảdy mố mỏ xố sà ảeu má ái <€,0.7802
36,71.jpg,""" tội nghiệp, họ toàn là người miền bắc... "" - một chủ quán ở đầu thị trấn nói khi tôi dừng lại hỏi về tình hình bãi vàng. "" nhà vĩnh biệt "". bên chiếc lều bạt mới được công ty trường sơn dựng lên để tạm làm "" nhà vĩnh biệt "", bốn người thợ liệm - vốn cũng là công nhân đào vàng - đang tiếp tục công việc của họ. "" chúng tôi đang "" sửa soạn "" cho người thứ 12 đây! "" - một thợ liệm nói. "" mặt mày, mình mẩy ai cũng bị trầy sướt, bầm giập cả.","ảnh vcc 2k x 16 dị va, l3 bế vo. ""n2vết kg * do
6ä 12 vẳ vác ảng ¿6 xông, sến 1x là, ýế 6 ko “do
vế vừt ”- bi xuố ảhô liêu - và @ lè c5 do, ảở
cc : sj nu b
1 6⁄7
z l# . ; cá « k ~ ln st
cc 4  v 1c",0.78
104,17.jpg,"với bao sự cố bất ngờ, không hi vọng, tôi thay anh em viết lại cuộc hành trình để",vất đao t4 « kế 7 ⁄4⁄4 ácsøg ‹ đe án khe 005 560//p500/0/5,0.7778
47,18.jpg,ói tràn ra sàn xe.,t+cow r©_ @ on <2.,0.7778
140,53.jpg,"biển có vùng nội thủy, lãnh hải, vùng đặc quyền kinh tế và thềm lục địa với diện",tế  .. v6 và tiên 6¿ 2¿¿ với dê,0.775
53,36.jpg,"thực hiện giải pháp xả cảng cũng khó thông thoát dòng xe, chưa kể đến tình huống",đi 2 giá /“ _—_ c8 c4) th“ lm ơi “à lù .,0.775
22,68.jpg,huyện phước sơn (quảng nam) đã hiện ra trước mặt chúng tôi. khác với vẻ,1a n ca (em m&) « lu h4 cá  k n,0.7746
104,76.jpg,"xuyên góp công góp của vào các chương trình của địa phương như làm cầu,","tc s ch b3 và đề nhí l <<,",0.7746
125,46.jpg,"chức; tăng cường thanh kiểm tra những nơi có dấu hiệu vi phạm, đặc biệt",". k226 xax vu với c6' à8 kế, òc phon. kế kiéc",0.7746
66,97.jpg,ubnd tp đã chính thức kết luận hoan nghênh và biểu dương những,la/lwd t0 # 2 1⁄24 &2 ⁄.- y1 ánn ^^ vì hởc 2è n2,0.7742
89,95.jpg,"thứ 12 đây! "" - một thợ liệm nói. "" mặt mày, mình mẩy ai cũng bị trầy sướt, bầm giập",g0 6.57: tt. nà cu lị trị si bế) 1#,0.7738
100,57.jpg,với lập luận : nếu kéo dài thời gian không thu phí sẽ làm tăng lãi vay,vu đp 02 a  : xữ kê 2ö ý⁄⁄4 1# /2x⁄42ậ g2 g2 228 6ø,0.7714
109,3.jpg,"bạt mới được công ty trường sơn dựng lên để tạm làm "" nhà vĩnh biệt "",",nt ng 5 ca ty gœba/ $a aưa/ ấn #2 ⁄2ố 542,0.7714
65,4.jpg,chở đá núi ra khỏi cửa hầm. hầm nam hải vân mỗi ngày lại tiến,"củ d⁄ _ và khô cá 2œ. đò, má",0.7705
59,64.jpg,"theo hướng xử lý trên. vụ việc có bị "" chìm xuồng ""? theo ông nguyễn thành",mm... n& vô 6 b “dd 7 to 4 mayế ta,0.7703
57,22.jpg,"như thế. chúng tôi thay phiên nhau "" bán "" cả thân mình cũng không đủ tiền ăn, mỗi ngày","x42 v/cˆ duy 43 4⁄27 p⁄ñ ""áo cá âu nhà «7 ⁄⁄ ““”⁄2 6 .⁄8//>,",0.7701
66,56.jpg,gác lại âu lo,au (lo,0.7692
108,5.jpg,"ty biến thành những người bất hợp pháp. quả thật, chúng tôi đang đứng",2 4 ác can 6 46: 62464422 62 đựng đóng,0.7681
9,45.jpg,"lái xe mai thanh hoàng kể lại lần đi xuống củ chi cấp cứu một hộ ở một xã vùng sâu, xe cấp cứu băng qua những con đường đất gập ghềnh dưới cơn mưa như thác nước. dọc đường không có một ngọn đèn nào, lái xe căng mắt lăn bánh. ngồi trên xe ai cũng nóng lòng như lửa đốt. cuối cùng tuy tới trễ nhưng cũng sơ cứu kịp thời cho nạn nhân trước ánh mắt biết ơn của gia đình. mới đây, lúc 1 giờ sáng 17 - 10 - 2003 tại ngôi nhà đường âu dương lân, quận 8, một phụ nữ 56 tuổi ho đàm đã bốn ngày, mệt khó thở, đi chích thuốc về bỗng bất tỉnh, liền gọi cấp cứu.","về. xe mai the ly kế lại lu xe xuan) 04 2⁄92 gd}
xát 24 1 se v% vùng bào, xe vi áo k2 2«~ ốc
xứ j xấế yíp vm 22 e2 wc v64 t1 v2. bà 242,
„ wc lp l “ø^& y~ 2 t#ø 2 _ ⁄z a4
xe ø& đc ty ai dư , avấb \„ v4
at - t6 13) bi v , tu .
ni ....) w2k  ⁄4
( vớ nh ”!
ki về v;j vớ. 62-4, lố, vn «2l.",0.765
18,16.jpg,dâm nhưng ông phương lại không vào phòng đúng lúc công an ập vào bắt,"đới móc si hoi, bị quả xã gái ^6 kế và ^ $ sẽ và",0.7647
104,69.jpg,"giám đốc lại văn quyền mắt đỏ, mặt phờ phạc vì thiếu ngủ và","(4„e®x( ø v^ cá — ở, wxäã nà cc. à {4 vu",0.7627
13,73.jpg,800 triệu đồng ủng hộ bệnh nhân nghèo. 800 triệu đồng là số,"ÿ909 xxc~ ân mau kài tk. xo x9, ÿ0o xo đốxg tế x9“",0.7627
102,6.jpg,yên đến giờ phút này.,w^ ` duớt vo.,0.7619
3,84.jpg,"trần văn nhật, giám đốc trung tâm y học dự phòng, kể thêm trung tâm",cu nt tin y h- (án 1ý 4k “tey dê,0.7612
97,55.jpg,quảng ngạn người ta đang nuôi tôm sú xuất khẩu. sao mình không thử nuôi,"ôwà, do ghi ág n8 tì vn 60 co 021% 16 =—=",0.7606
3,74.jpg,nhưng đây cũng chỉ là giải pháp tạm ở một đoạn rất nhỏ thuộc 1 / 4 dự án cầu đường bình triệu 2.,nhà đi li ph vi đo ý «3 ý^^ ký v'^ dá 2 x„1⁄@&,0.7604
89,18.jpg,"ngã ba một chiếc spacy phóng ngang qua. trên đường đi,",^~ bk~ waì nó #4 kí 7~7 7/00 v/ng 5,0.7593
39,28.jpg,"màu... đen cháy. nhưng nhìn mâm cơm, mẹ vẫn cười. bởi vì hai bố con không thể thành",~^~u ... ^^. mà aá/n màn cm mm l2. 62 án cố.,0.759
71,72.jpg,"trị), không phải bản chính. ông thấy sao? có lẽ do sơ sót,","hà 6ó, gi k4 6⁄4. 6y t2 %7? @k ø x4",0.7586
22,46.jpg,"kéo dài như thế. chúng tôi thay phiên nhau "" bán "" cả thân","1í, 24x ca 0e” 2y 14 402g yv22i viec ""ko,"" cổ 64)",0.7586
113,20.jpg,trong trại có để năm quan tài đã sơn màu nâu và nhiều bia đá chưa khắc,dp^ơ⁄4 t5«¡ cøˆ đo caaa ted 2# x» cc án dự 2h 21,0.7571
136,56.jpg,"sau mỗi mùa thi đại học, có bao "" sĩ tử "" buồn rầu khi biết mình trở thành","tui vửf qui 42 âu lu, ở bớ 'sỹẽ k6 vớ 40⁄7 (0t súíl kì đod",0.7568
89,62.jpg,"duy nhất là khát vọng sống. là đằng sau họ, cuộc sống sẽ được thiết kế trở lại","ku, vá vớ v4 m3 l an] ø« lại «k 03) <— 2n x 14'm 02",0.7564
45,86.jpg,cần xem xét kỹ và cân nhắc kỹ các phương án lựa chọn sao cho thật tối ưu. tôi cũng,"6 lý & ø2 xi: bý ø¿ ha «4 âm dạ 0c chó đu đài, 15 số",0.7561
74,90.jpg,"những bạn bè mình ở "" nhà vĩnh biệt "", người lê la trước cửa văn phòng, tất cả đều","4 ~ ... v “4 © xuửởi á9 1x. 1w, là vén ha từ —~ ""nề",0.7561
39,29.jpg,từ đồng hới (quảng bình) vẫn vào quảng trị thắp nhang trong những nghĩa trang nơi,"kí, kệ (g3 ko) về: về ®1 00 d9 moy vềy, dể v0 š thơ xài",0.7531
122,15.jpg,"trong quý 2. trước đó, chiều 30 - 3, trong phần thảo luận nhiều ý kiến đã làm sáng tỏ","_ kạ 9 xu“ lý, đ #o-7 ,á⁄ (2 thế uốn đứb ý kê",0.7529
51,63.jpg,biển,ln,0.75
51,13.jpg,hành,1n,0.75
88,17.jpg,được,xưa,0.75
51,100.jpg,công,c,0.75
102,57.jpg,thịt,/éct,0.75
42,14.jpg,cảnh,cob,0.75
6,19.jpg,phải,p~<,0.75
42,21.jpg,buổi,0u,0.75
30,7.jpg,liên,li¿&“,0.75
51,65.jpg,tịch,ta,0.75
56,12.jpg,dành,dt.,0.75
60,99.jpg,hạnh,he,0.75
94,54.jpg,trại,tí,0.75
94,98.jpg,xách,x^ú,0.75
39,98.jpg,liên,(ứøn,0.75
118,11.jpg,vùng,vướ,0.75
87,85.jpg,từng,tà,0.75
94,64.jpg,thân,h,0.75
39,63.jpg,việc,uưc,0.75
38,86.jpg,hình,êuh,0.75
11,60.jpg,hàng,kén,0.75
51,16.jpg,phát,t,0.75
11,73.jpg,liêu,l,0.75
91,68.jpg,biết,li,0.75
91,78.jpg,nhân,n,0.75
93,21.jpg,ubnd,wðbwd,0.75
62,8.jpg,sáng,áo,0.75
27,74.jpg,trên,tu,0.75
88,27.jpg,xuân,văn,0.75
88,33.jpg,ngạc,74c,0.75
60,91.jpg,tình,na,0.75
42,27.jpg,quản,đến,0.75
94,68.jpg,xuân,“n,0.75
31,45.jpg,hđnd,{| nd,0.75
31,51.jpg,trao,7o,0.75
31,60.jpg,minh,na,0.75
6,4.jpg,chất,cu,0.75
132,23.jpg,đánh,n,0.75
50,83.jpg,hình,jàh,0.75
9,16.jpg,hiện,lồn,0.75
26,58.jpg,thôi,trẹ:,0.75
16,73.jpg,cười,củ,0.75
73,80.jpg,cảnh,nh.,0.75
138,92.jpg,băng,be,0.75
127,42.jpg,cảnh,c0,0.75
56,6.jpg,thảo,tt.,0.75
74,77.jpg,cảnh,cuà,0.75
26,14.jpg,quần,ạu4ù,0.75
2,77.jpg,biển,ti,0.75
16,21.jpg,mình,nn,0.75
16,23.jpg,khắc,nh,0.75
16,24.jpg,giấy,gở,0.75
138,55.jpg,lính,tí,0.75
53,91.jpg,cuộc,ca,0.75
81,62.jpg,dựng,di,0.75
39,46.jpg,mình,“h,0.75
39,60.jpg,phải,pó^,0.75
122,67.jpg,rừng,cn,0.75
127,63.jpg,thuốc...,tc,0.75
51,51.jpg,cũng,0n,0.75
51,60.jpg,kiến,n,0.75
147,73.jpg,bình,8h,0.75
147,74.jpg,cách,c^tà,0.75
133,63.jpg,tiền,hơn,0.75
29,78.jpg,thủy,tý,0.75
132,11.jpg,đồng,ny,0.75
11,86.jpg,khẩn,ch,0.75
133,7.jpg,kiên,lun,0.75
91,26.jpg,phục,p/⁄«,0.75
91,30.jpg,công,ca,0.75
94,70.jpg,nhân,in,0.75
31,95.jpg,trại,{r c,0.75
102,64.jpg,bụng,buu,0.75
102,69.jpg,phạm,ghen,0.75
133,19.jpg,toàn,t7⁄4,0.75
118,13.jpg,phát,th,0.75
87,41.jpg,kính,<úh,0.75
27,79.jpg,công,cố,0.75
27,85.jpg,diện,len,0.75
17,49.jpg,nhắn,"-
nhan",0.75
17,53.jpg,thân,ti,0.75
77,20.jpg,nghi,nẩ,0.75
87,8.jpg,hàng,an,0.75
91,17.jpg,giữa,"xi
á",0.75
31,94.jpg,thật,t4,0.75
27,97.jpg,được,buec,0.75
74,88.jpg,dừng,dư,0.75
117,30.jpg,kiện,kh,0.75
117,42.jpg,thực,tt,0.75
117,44.jpg,ubnd,uv),0.75
90,48.jpg,trào,<*rzo,0.75
49,69.jpg,nghị,nến,0.75
36,63.jpg,luận,l,0.75
25,23.jpg,định,irh,0.75
36,17.jpg,công,"^
cơng",0.75
86,26.jpg,thức,hn,0.75
84,64.jpg,sông,anh,0.75
84,54.jpg,biết,be,0.75
17,35.jpg,phải,p^,0.75
97,40.jpg,vanh,ch,0.75
121,92.jpg,chất,cc,0.75
117,46.jpg,tĩnh,tl,0.75
90,39.jpg,được,jưiv,0.75
46,24.jpg,giải,g2!,0.75
148,64.jpg,mạnh,mul,0.75
148,41.jpg,cũng,cứ,0.75
39,3.jpg,sang,“tn,0.75
104,77.jpg,rộng,r,0.75
97,52.jpg,phía,pc,0.75
86,91.jpg,tùng,t4,0.75
15,60.jpg,cùng,c 5o,0.75
8,18.jpg,bệnh,b4,0.75
133,81.jpg,gian,g0,0.75
29,34.jpg,hoàn,_od^,0.75
29,40.jpg,phức,p⁄,0.75
41,84.jpg,tham,«xa,0.75
86,2.jpg,phút,th44,0.75
149,38.jpg,truy,su.,0.75
55,44.jpg,công,cu,0.75
55,57.jpg,viết,v1,0.75
66,21.jpg,kiến,k:,0.75
11,36.jpg,dưới,vi,0.75
43,66.jpg,sinh,no,0.75
41,48.jpg,hiện,2 an,0.75
31,76.jpg,liệm,am,0.75
83,2.jpg,việc,vt ếc,0.75
83,15.jpg,hàng,"keng,",0.75
16,29.jpg,cuốn,cm,0.75
16,41.jpg,tiếp,tw,0.75
49,35.jpg,hàng,"ha
j",0.75
49,75.jpg,được,cục,0.75
36,23.jpg,xông,on,0.75
78,91.jpg,biệt,bu,0.75
78,27.jpg,thật,tiêr,0.75
78,64.jpg,nhận,„á«n,0.75
83,49.jpg,công,tờvg,0.75
90,76.jpg,chia,đua,0.75
25,19.jpg,phát,pìvd,0.75
93,43.jpg,theo,đo,0.75
51,74.jpg,phải,pí,0.75
42,99.jpg,sóng,s.ú,0.75
51,82.jpg,tuổi,"tt
à",0.75
27,55.jpg,việc,v1,0.75
27,57.jpg,csgt,cc,0.75
27,63.jpg,việc,wvữc,0.75
46,51.jpg,mang,mi,0.75
46,55.jpg,đồng,đây,0.75
46,31.jpg,2003,20o 5,0.75
97,21.jpg,quất,gu,0.75
104,100.jpg,tiền,n,0.75
8,80.jpg,hiện,/n,0.75
93,50.jpg,dựng,"đán,",0.75
104,46.jpg,công,cc,0.75
97,20.jpg,biết,bị,0.75
148,99.jpg,đồng,đo,0.75
62,41.jpg,tổng,tzố4,0.75
62,48.jpg,quản,4ucu,0.75
148,61.jpg,phục,vụ“,0.75
104,3.jpg,biển,lan,0.75
104,11.jpg,viết,vưä,0.75
39,40.jpg,công,cc,0.75
17,27.jpg,công,đầg,0.75
56,26.jpg,cộng,co,0.75
91,50.jpg,toàn,bo,0.75
8,81.jpg,đông,ä øng,0.75
8,85.jpg,chất,"cu
\",0.75
43,20.jpg,công,cv,0.75
104,29.jpg,ubnd,0n,0.75
46,3.jpg,công,ca,0.75
4,27.jpg,nhất,mt,0.75
97,5.jpg,ngàn,(go,0.75
17,81.jpg,phạm,[om,0.75
122,17.jpg,chia,cực,0.75
27,23.jpg,vinh,"nh,",0.75
86,84.jpg,ngày,n1,0.75
83,32.jpg,thật,+h@,0.75
104,48.jpg,châm,ø«m,0.75
17,80.jpg,được,ưa,0.75
148,11.jpg,điều,chu,0.75
148,21.jpg,quán,ẳu⁄,0.75
148,33.jpg,2003,g0 5,0.75
104,86.jpg,cách,c4,0.75
46,100.jpg,tỉnh,ni,0.75
46,27.jpg,được,ảư,0.75
87,32.jpg,lịch,l,0.75
133,41.jpg,cung,cc,0.75
102,53.jpg,cảnh,c2,0.75
29,82.jpg,chắn,án,0.75
51,92.jpg,cơ quan đại diện liên hiệp quốc tại vn và ban tư tưởng văn hóa trung ương tổ,"vì quwv ăn. àa l® đỷ (1x và. v^ b2 tàu l 102, ~„yk",0.75
51,98.jpg,nhất,ni,0.75
17,99.jpg,đang,“2n,0.75
23,62.jpg,tình,ừuh,0.75
20,14.jpg,nhập,no,0.75
23,25.jpg,kinh,kwkb,0.75
90,98.jpg,động,đứa,0.75
78,17.jpg,vàng,vo,0.75
78,23.jpg,thái,tt,0.75
71,60.jpg,vang,"ng,",0.75
113,24.jpg,định,ch,0.75
16,51.jpg,lịch,kh,0.75
71,1.jpg,viên,"vu
¬",0.75
113,37.jpg,đuổi,luớc,0.75
113,41.jpg,đồng,n,0.75
112,97.jpg,sang,s1,0.75
36,99.jpg,nhân,nj_^,0.75
2,78.jpg,việt,vư~,0.75
26,57.jpg,phối,yhá,0.75
60,15.jpg,cách,c,0.75
73,30.jpg,được,chức,0.75
92,34.jpg,trai,tưc,0.75
92,43.jpg,cùng,c4,0.75
69,89.jpg,nghị,nợ,0.75
101,88.jpg,nâng,in,0.75
130,47.jpg,phải,pó«,0.75
130,53.jpg,viên,tren,0.75
101,100.jpg,dụng,nh,0.75
36,81.jpg,hành,na,0.75
134,61.jpg,loại,lư,0.75
134,65.jpg,tiền,ta,0.75
126,22.jpg,thực,—xéc,0.75
127,13.jpg,diện,c\iøn,0.75
53,45.jpg,thấy,há,0.75
58,51.jpg,được,21c,0.75
58,94.jpg,hành,áoná,0.75
9,11.jpg,ngay,"ma,",0.75
10,78.jpg,trên,nn,0.75
126,75.jpg,thấy,1kấu,0.75
126,91.jpg,theo,+ ko,0.75
71,24.jpg,nước,nh 2,0.75
89,99.jpg,hiện,lún,0.75
113,83.jpg,đúng,đá,0.75
113,88.jpg,công,ca,0.75
113,92.jpg,công,cơm,0.75
113,94.jpg,hiện,án,0.75
90,99.jpg,ubnd,ud ni,0.75
126,34.jpg,trên,t«mð,0.75
31,27.jpg,trực,ty,0.75
71,73.jpg,đăng,được,0.75
36,58.jpg,quát,đt,0.75
10,76.jpg,thấy,"tt»,",0.75
71,34.jpg,nhau,n,0.75
113,51.jpg,nhân,ni,0.75
78,50.jpg,thực,c,0.75
113,77.jpg,giao,qi<°,0.75
121,6.jpg,nghị,~g3⁄,0.75
121,12.jpg,luật,l^#,0.75
150,38.jpg,long,lø4,0.75
48,19.jpg,đáng,ồn,0.75
1,26.jpg,ngăn,mg,0.75
79,42.jpg,chặn,(ấn,0.75
80,51.jpg,biến,b iøù,0.75
150,10.jpg,sáng,kg,0.75
1,51.jpg,biết,bớr,0.75
1,77.jpg,ccnv,ceðntv,0.75
109,64.jpg,vùng,v4,0.75
48,74.jpg,viện,nn,0.75
2,6.jpg,tiền,teà,0.75
22,62.jpg,thời,t+hà-,0.75
48,90.jpg,hạnh,no,0.75
48,98.jpg,căng,coua,0.75
105,2.jpg,nhất,nu “,0.75
47,14.jpg,bệnh,bøá,0.75
137,65.jpg,nghe,n7⁄^,0.75
105,3.jpg,phải,ch,0.75
130,54.jpg,ubnd,ljbd,0.75
75,14.jpg,thời,xuôi,0.75
79,11.jpg,miền,m _,0.75
79,12.jpg,phút,p4,0.75
79,15.jpg,từng,bản,0.75
75,26.jpg,tivi,ni,0.75
48,83.jpg,xhcn,xxtcnn,0.75
92,64.jpg,khai,“a5,0.75
96,27.jpg,nâng,"nen
/",0.75
130,62.jpg,cách,cú,0.75
54,68.jpg,quán,gu,0.75
54,93.jpg,đồng,đôcl,0.75
54,97.jpg,nước,hóc,0.75
121,15.jpg,bằng,be ),0.75
121,18.jpg,diện,đớn,0.75
150,100.jpg,tách,nh,0.75
80,19.jpg,mình,h,0.75
124,24.jpg,biên,(ben,0.75
92,44.jpg,theo,áo,0.75
96,1.jpg,mình,„4h,0.75
117,91.jpg,bánh,bal,0.75
49,15.jpg,đang,đø/,0.75
54,5.jpg,theo,“tr¿o,0.75
71,61.jpg,tình,7h,0.75
20,8.jpg,công,ca,0.75
23,59.jpg,thật,t4,0.75
2,3.jpg,cháy,"đáy,",0.75
150,48.jpg,đang,đề,0.75
124,98.jpg,xuân,x¿z,0.75
150,92.jpg,trên,ằn,0.75
80,73.jpg,bình,n,0.75
121,14.jpg,việt,ít,0.75
25,96.jpg,quan,1n,0.75
117,90.jpg,gánh,gốm,0.75
60,61.jpg,giai,an,0.75
118,24.jpg,minh,li,0.75
118,38.jpg,chợt,cá,0.75
88,51.jpg,dùng,dlue,0.75
9,55.jpg,công,cm,0.75
6,27.jpg,cũng,c,0.75
6,42.jpg,thật,rh đt,0.75
89,61.jpg,liệt,lu,0.75
71,10.jpg,bình,wwni,0.75
71,15.jpg,tiền,tnếy,0.75
20,92.jpg,mình,“⁄⁄h,0.75
5,27.jpg,nặng,no,0.75
60,14.jpg,ngân,món,0.75
139,21.jpg,viên,v5,0.75
82,79.jpg,theo,tù,0.75
144,58.jpg,trên,{c¿n,0.75
38,7.jpg,rạng,vn,0.75
82,86.jpg,liên,l.,0.75
131,27.jpg,công,c4,0.75
131,28.jpg,kinh,kí,0.75
89,55.jpg,nhân,nà,0.75
77,84.jpg,công,cø,0.75
94,23.jpg,công,cc,0.75
131,61.jpg,thỏa,hé,0.75
131,46.jpg,đồng,"đl
í",0.75
144,61.jpg,cuộc,c,0.75
112,79.jpg,"nhỏ, và chưa bao giờ được chính thức ra sân. nhưng đó không phải là thất","„k2 „ và đây, la èœ -ó 6⁄24. <5, [nhà xo nhi -a#44/",0.75
26,60.jpg,tuổi,tw,0.75
81,13.jpg,2004,<°°4,0.75
134,90.jpg,cũng,cm,0.75
134,94.jpg,nước,qưởco,0.75
118,47.jpg,2004,"“0,",0.75
118,72.jpg,định,ch,0.75
50,97.jpg,biết,bịdi,0.75
53,17.jpg,giao,ti an,0.75
119,59.jpg,cứng,cá,0.75
51,22.jpg,nhân,n,0.75
112,37.jpg,vĩnh,viu,0.75
56,59.jpg,từng,tc,0.75
29,52.jpg,niên,n\*ð,0.75
131,64.jpg,quản,(an,0.75
131,73.jpg,dòng,d4,0.75
77,97.jpg,trực,tðlíc,0.75
82,29.jpg,chìm,dì,0.75
118,22.jpg,nước,wäc,0.75
102,38.jpg,trên,n,0.75
102,45.jpg,theo,#xo,0.75
102,48.jpg,trạm,treomm,0.75
9,92.jpg,2003,9⁄23,0.75
77,57.jpg,lược,lu,0.75
94,81.jpg,được,đi,0.75
56,57.jpg,chất,clhi&t,0.75
9,39.jpg,phải,p4,0.75
6,85.jpg,"đường liên cảng a5 có bị "" chìm xuồng ""?","máu đệ v ah xuâu ""2",0.75
50,60.jpg,đông,tần,0.75
58,1.jpg,quản,"3
quan",0.75
10,45.jpg,soát,ác,0.75
131,12.jpg,đình,đưa,0.75
89,38.jpg,xuất,"/
«uất",0.75
139,27.jpg,trên,ta,0.75
139,32.jpg,cùng,củc,0.75
10,66.jpg,xách,xd,0.75
111,16.jpg,bệnh,b>á,0.75
111,17.jpg,răng,ơn,0.75
20,66.jpg,sinh,xi,0.75
118,10.jpg,trộm,r2,0.75
59,77.jpg,trên,ìr,0.75
73,15.jpg,lãnh,l_,0.75
73,36.jpg,liền,lư),0.75
138,24.jpg,cách,c4,0.75
138,28.jpg,miền,mới,0.75
60,25.jpg,dựng,"hận,",0.75
118,89.jpg,hiện,ai,0.75
73,49.jpg,biển,bè h,0.75
111,31.jpg,ninh,nu,0.75
111,5.jpg,nước,ni,0.75
60,7.jpg,điện,chên,0.75
60,12.jpg,vĩnh,_xh,0.75
60,13.jpg,được,ic,0.75
20,76.jpg,cùng,cục,0.75
88,70.jpg,viết,v,0.75
10,13.jpg,lịch,tèh,0.75
119,74.jpg,ngày,njau,0.75
138,76.jpg,phải,píd,0.75
127,12.jpg,tham,+ax,0.75
134,75.jpg,diện,đứn,0.75
134,85.jpg,ngất,“g#f,0.75
38,18.jpg,trạm,tte^,0.75
82,44.jpg,hoặc,/o«z,0.75
82,55.jpg,thất,tới,0.75
94,34.jpg,công,c6,0.75
59,69.jpg,cười,caẩở,0.75
82,98.jpg,luân,l2,0.75
20,39.jpg,công,cơm,0.75
144,25.jpg,phần,"_
phán",0.75
139,60.jpg,xong,xe,0.75
139,69.jpg,lưới,lao,0.75
144,34.jpg,xuân,xs,0.75
59,34.jpg,chậm,"e1
m",0.75
20,43.jpg,khắc,thế,0.75
126,54.jpg,được,"đây,",0.75
126,15.jpg,chân,c\,0.75
139,76.jpg,cuộc,cô,0.75
139,79.jpg,bình,na,0.75
23,36.jpg,bình,"bín/,",0.75
16,59.jpg,lượm,áưởn,0.75
59,70.jpg,đoạn,do,0.75
33,83.jpg,việc,vao,0.75
33,28.jpg,thân,ta,0.75
110,63.jpg,công,"cu,",0.75
57,2.jpg,bệnh,b2,0.75
68,30.jpg,được,«2c,0.75
68,33.jpg,ninh,in ~,0.75
145,36.jpg,khởi,kk„#,0.75
128,84.jpg,ngày,n#,0.75
145,74.jpg,bình,ni,0.75
35,14.jpg,ngày,nợ“,0.75
123,68.jpg,thời,tò,0.75
135,41.jpg,chức,bh,0.75
42,53.jpg,chịu,chi w,0.75
52,57.jpg,dụng,d4,0.75
52,64.jpg,phát,p5,0.75
145,96.jpg,được,"u
c",0.75
135,7.jpg,nước,mi c,0.75
145,83.jpg,sinh,s,0.75
141,96.jpg,nông,"n2
í",0.75
47,57.jpg,mình,na,0.75
40,71.jpg,tiền,kớn,0.75
40,74.jpg,nguy,ni,0.75
123,71.jpg,cũng,của,0.75
123,15.jpg,việt,vui,0.75
99,40.jpg,phần,pñ&,0.75
135,42.jpg,phải,ghé,0.75
47,52.jpg,càng,"ch
/",0.75
129,47.jpg,chéo,“ké,0.75
24,50.jpg,mang,nh,0.75
24,52.jpg,kiện,k‹®,0.75
140,77.jpg,thật,ta,0.75
18,12.jpg,tnhh,th =,0.75
98,22.jpg,chân,cc,0.75
3,61.jpg,căng,c2,0.75
24,25.jpg,tiếp,tu),0.75
63,7.jpg,khái,kh4 í,0.75
137,54.jpg,viên,non,0.75
33,92.jpg,trai,tt,0.75
33,60.jpg,giản,gad—,0.75
114,63.jpg,nước,"ni
”",0.75
128,61.jpg,biết,bí,0.75
128,62.jpg,quát,đu <,0.75
114,66.jpg,động,2n,0.75
68,45.jpg,tuổi trẻ online.,2unò _ _ n,0.75
123,74.jpg,tiêu,†cu,0.75
123,79.jpg,đang,âen,0.75
123,89.jpg,cách,acc,0.75
99,72.jpg,soát,to 1,0.75
40,52.jpg,tỉnh,n4,0.75
40,58.jpg,rạng,ấn,0.75
108,1.jpg,giám,quán,0.75
123,41.jpg,tỉnh,đ/ná,0.75
114,55.jpg,chặt,cá,0.75
61,31.jpg,định,đướ,0.75
61,33.jpg,pháp,péíý,0.75
61,52.jpg,đồng,02g,0.75
61,72.jpg,khác,ch,0.75
103,52.jpg,tiến,xid,0.75
68,4.jpg,khỏi,kí,0.75
103,62.jpg,"đ "".",b vậ,0.75
103,64.jpg,đang,đi,0.75
68,21.jpg,tình,tt,0.75
44,1.jpg,nông,nữa,0.75
145,60.jpg,phía,p2,0.75
143,97.jpg,châu,cố,0.75
123,65.jpg,trên,ta,0.75
65,86.jpg,sống,sâv,0.75
115,68.jpg,dính,du,0.75
47,89.jpg,nông,nh),0.75
57,15.jpg,việt,với,0.75
68,8.jpg,tiếp,tˆ,0.75
103,96.jpg,giao,“ko,0.75
115,71.jpg,ngày,na«4,0.75
57,99.jpg,châu,c3,0.75
12,93.jpg,thôi,tn,0.75
103,74.jpg,năng,"nón
u",0.75
103,78.jpg,ngàn,ni,0.75
103,17.jpg,hiệp,trùp,0.75
143,92.jpg,biết,xi,0.75
65,85.jpg,giữa,j đa,0.75
3,24.jpg,thác,„cc,0.75
129,88.jpg,dành,kh,0.75
61,14.jpg,thẳm,1h,0.75
33,13.jpg,phần,pé,0.75
33,29.jpg,trận,to,0.75
145,61.jpg,việc,tvc,0.75
100,89.jpg,đang,án,0.75
98,48.jpg,thủy,t«⁄|,0.75
67,57.jpg,biết,bức,0.75
61,93.jpg,cho biết tỉnh sẽ đầu tư xây dựng khu phố đi bộ tại 6 đường phố chính của khu,"đo 2ý k0, 2ð 2l 4⁄2 x2 “2p, pióa bc “ duàng, ppo 2⁄2, e«2, 4a",0.75
67,84.jpg,cùng,cửm,0.75
35,25.jpg,nghị,ná,0.75
67,85.jpg,cổng,co,0.75
57,60.jpg,trâu,ti,0.75
141,38.jpg,ubnd,uubntb,0.75
67,45.jpg,mạnh,mm,0.75
61,9.jpg,băng,"bơáng,",0.75
129,2.jpg,tham,hn,0.75
105,96.jpg,đồng,đứa,0.75
47,96.jpg,bằng,by,0.75
47,98.jpg,gian,li,0.75
95,69.jpg,công,còa,0.75
63,38.jpg,biển,bu,0.75
44,14.jpg,đồng,ẩn,0.75
44,19.jpg,công,cơ,0.75
145,72.jpg,cũng,"cần
)",0.75
35,32.jpg,quản,qjh,0.75
14,29.jpg,trên,r⁄4,0.75
14,11.jpg,nhấn,tin,0.75
54,56.jpg,nghị,ns,0.75
121,1.jpg,nhấn,„4n,0.75
101,22.jpg,thần,nền,0.75
130,86.jpg,công,ca,0.75
109,22.jpg,thay,tr«d,0.75
146,96.jpg,nặng,g,0.75
2,36.jpg,hàng,ôn,0.75
109,34.jpg,trên,-réèn,0.75
116,30.jpg,bệnh,"bè,",0.75
109,98.jpg,tầng,on,0.75
47,51.jpg,toán,tơa⁄,0.75
13,49.jpg,sinh,ấn,0.75
13,50.jpg,công,cơm,0.75
13,54.jpg,tiền,đưn,0.75
13,20.jpg,tròn,{nen,0.75
76,70.jpg,tính,$*rh,0.75
150,23.jpg,được,úc,0.75
13,76.jpg,được,ả ước,0.75
48,25.jpg,chức,6c,0.75
22,15.jpg,phép,p2,0.75
79,5.jpg,kinh,®\cnh,0.75
125,44.jpg,lãnh,(kh,0.75
129,66.jpg,sách,sa;,0.75
124,18.jpg,cũng,"vì
ng",0.75
32,49.jpg,được,hức,0.75
32,63.jpg,giao,no,0.75
32,70.jpg,tiếp,tt,0.75
32,72.jpg,kiềm,cm,0.75
80,60.jpg,phút,pgá,0.75
32,16.jpg,chai,cn,0.75
116,49.jpg,loại,loa í,0.75
32,33.jpg,nhất,ni,0.75
150,47.jpg,bệnh,bè‡,0.75
116,18.jpg,cung,nu,0.75
116,20.jpg,cuộc,c5,0.75
116,21.jpg,xuất,xư<c,0.75
14,26.jpg,liên,l5,0.75
14,5.jpg,công,n,0.75
150,94.jpg,khác,ac,0.75
114,28.jpg,rằng,r2,0.75
37,87.jpg,diện,dở,0.75
49,3.jpg,giấy,g4,0.75
49,44.jpg,chơi,cc,0.75
130,36.jpg,malaysia,đai,0.75
101,35.jpg,giản,e n,0.75
54,25.jpg,cười,cx,0.75
96,18.jpg,nguy,nó,0.75
121,65.jpg,việc,(6c,0.75
1,21.jpg,nhân,nh #à,0.75
14,25.jpg,thâm,+om,0.75
13,98.jpg,cạnh,c24dh,0.75
125,69.jpg,đang,nh,0.75
33,50.jpg,việc,v,0.75
128,20.jpg,thẩm,hh.,0.75
128,26.jpg,đang,đ«7,0.75
57,14.jpg,khác,ki,0.75
99,96.jpg,đình,duh,0.75
44,82.jpg,biết,bớ,0.75
44,83.jpg,cũng,đơn4,0.75
128,18.jpg,quét,gui,0.75
47,31.jpg,trên,{aen,0.75
75,11.jpg,khâm,kk,0.75
79,54.jpg,chức,hạ,0.75
129,70.jpg,hoàn,can,0.75
108,51.jpg,lưới,"l
t",0.75
114,20.jpg,vùng,v,0.75
137,96.jpg,gián,quốn,0.75
47,11.jpg,chưa,cớ,0.75
142,13.jpg,tích,|+h,0.75
114,91.jpg,lịch,lư,0.75
137,31.jpg,vùng,v2,0.75
142,50.jpg,hoặc,lước,0.75
129,90.jpg,hđxx,bđðxy,0.75
22,86.jpg,cảnh,c,0.75
22,38.jpg,viện,tưzn,0.75
47,44.jpg,chắc,"ấhá,",0.75
47,50.jpg,buổi,bwst,0.75
125,72.jpg,vàng,—n,0.75
105,18.jpg,năng,nem,0.75
114,15.jpg,csgt,c$@ï,0.75
114,17.jpg,việc,vu,0.75
3,45.jpg,tình,—h,0.75
3,47.jpg,1999,140909,0.75
37,79.jpg,nguy,lg/u,0.75
125,39.jpg,chan,cv,0.75
37,35.jpg,theo,#uo,0.75
22,8.jpg,được,àuc,0.75
22,9.jpg,viện,wwên,0.75
37,6.jpg,nước,⁄⁄⁄c,0.75
37,52.jpg,cuộc,cá,0.75
79,26.jpg,theo,äwo,0.75
22,70.jpg,điều,đá,0.75
105,45.jpg,trực,tư,0.75
105,48.jpg,bệnh,l th,0.75
105,49.jpg,diện,đứn,0.75
3,44.jpg,phát,p⁄4,0.75
114,32.jpg,công,cơ,0.75
114,35.jpg,công,cm,0.75
125,50.jpg,soát,s4,0.75
99,6.jpg,phút,p4,0.75
40,87.jpg,trao,“ko,0.75
79,89.jpg,trần,| n,0.75
24,92.jpg,công,c—,0.75
108,55.jpg,đằng,đ⁄4,0.75
75,54.jpg,giám,geú,0.75
66,10.jpg,theo,đao,0.75
66,14.jpg,chất,et,0.75
66,20.jpg,ngày,mzøy,0.75
28,59.jpg,nhất,ch,0.75
28,13.jpg,biển,b,0.75
45,49.jpg,công,cm,0.75
45,50.jpg,đáng,đa,0.75
45,54.jpg,nhân,n hấu,0.75
19,99.jpg,muốn,wu),0.75
41,34.jpg,ngờ.,na ễ,0.75
19,71.jpg,nhìn,ni,0.75
136,66.jpg,hình,n,0.75
12,51.jpg,cuộc,cxlšc,0.75
66,9.jpg,công,c22,0.75
136,73.jpg,cùng,cu,0.75
136,75.jpg,nhân,no,0.75
72,95.jpg,thực,ltc,0.75
72,97.jpg,công,©_n4,0.75
43,78.jpg,chưa,cu,0.75
43,62.jpg,vùng,vv4,0.75
107,29.jpg,pháp,£##p,0.75
66,32.jpg,phải,ho,0.75
66,82.jpg,việc,utéc,0.75
19,77.jpg,tụng,tc,0.75
107,42.jpg,việc,vwwð,0.75
136,68.jpg,chơi,co,0.75
64,72.jpg,cược,lc,0.75
64,15.jpg,nhân,ván,0.75
120,11.jpg,cấp cứu.,ceêý ii.,0.75
64,83.jpg,chôn,cứ,0.75
149,83.jpg,kong,kø@,0.75
34,76.jpg,cuộc,caa,0.75
34,65.jpg,gian,ái”,0.75
7,53.jpg,cuộc,co,0.75
7,99.jpg,phía,na,0.75
65,35.jpg,chia,c4,0.75
7,12.jpg,csgt,ceđơ,0.75
7,17.jpg,công,cô-vx,0.75
100,66.jpg,ngồi,nh,0.75
95,62.jpg,sống,ơn,0.75
143,33.jpg,cũng,cửm,0.75
7,24.jpg,dịch,chu,0.75
7,29.jpg,phát,bá,0.75
11,11.jpg,hạnh,l.h,0.75
42,71.jpg,phúc,(w«c,0.75
45,79.jpg,phạt,(2t,0.75
136,19.jpg,diện,ân,0.75
136,20.jpg,thai,ẩh~,0.75
28,27.jpg,công,ca,0.75
34,22.jpg,công,c2 0g,0.75
34,24.jpg,2004,209⁄|,0.75
34,37.jpg,toàn,-to«,0.75
45,33.jpg,long,kơnu,0.75
64,51.jpg,sang,3an14,0.75
45,61.jpg,pháp,px,0.75
28,93.jpg,được,2lớc,0.75
106,59.jpg,hssv,w<$v,0.75
84,14.jpg,ngày,na^ø,0.75
19,34.jpg,ngay,ni,0.75
19,52.jpg,theo,hh,0.75
100,28.jpg,giục,im,0.75
100,34.jpg,nặng,2n,0.75
4,17.jpg,hành,(an,0.75
51,84.jpg,định,"đà,",0.75
45,85.jpg,lượm,lở,0.75
84,8.jpg,lệnh,áh,0.75
42,50.jpg,thêm,h,0.75
80,69.jpg,được,đi,0.75
147,40.jpg,quá lớn.,quố,0.75
88,11.jpg,việt,v/,0.75
70,88.jpg,viện,v4,0.75
106,14.jpg,vịnh,v4,0.75
106,20.jpg,rừng,côn,0.75
70,79.jpg,được,z uc,0.75
29,24.jpg,việc,ulc,0.75
29,27.jpg,lãnh,ni,0.75
19,16.jpg,đình,ni,0.75
8,68.jpg,công,ca,0.75
29,44.jpg,phải,phe!),0.75
42,48.jpg,cách,"⁄
«ch",0.75
120,75.jpg,định,lan,0.75
120,21.jpg,giập,dớp,0.75
120,37.jpg,chơi,ca:,0.75
8,40.jpg,bệnh,bùa_,0.75
72,88.jpg,bóng,b⁄4,0.75
107,56.jpg,pháp,p#f,0.75
149,31.jpg,hoàn,áo,0.75
15,93.jpg,thần,hoc,0.75
107,3.jpg,giấy,hi,0.75
84,23.jpg,đồng,đo,0.75
4,76.jpg,dụng,chúng,0.75
4,82.jpg,sông,ni,0.75
64,48.jpg,đáng,2n,0.75
149,81.jpg,trạm,trev/,0.75
84,12.jpg,đứng,đa,0.75
84,30.jpg,việc,c,0.75
84,41.jpg,cũng,vn,0.75
107,46.jpg,công,0ốn4,0.75
86,64.jpg,nhậu,n⁄x,0.75
107,50.jpg,nhận,na,0.75
100,38.jpg,tiêu,t0,0.75
100,41.jpg,hiện,khán,0.75
28,53.jpg,cách,c^«_,0.75
107,78.jpg,kinh,h-=h,0.75
107,83.jpg,việt,về,0.75
64,45.jpg,giàn,quan,0.75
43,51.jpg,gánh,"á
«nh",0.75
2,43.jpg,lãng,là,0.75
74,34.jpg,"nằm trong biên chế được duyệt. "" đừng ngại "" - thứ trưởng võ trấn an. "" thỏa","s ơn li . 2a đ~ + „ . k2 1 con vở vố «cóc, tế sẻ",0.75
96,21.jpg,đang,"đầu,",0.75
96,76.jpg,ngày,na,0.75
146,55.jpg,cũng,nh,0.75
146,61.jpg,được,1® c,0.75
146,69.jpg,khâu,ke.,0.75
2,66.jpg,chôn,ca^,0.75
26,84.jpg,chịu,ah,0.75
116,92.jpg,cũng,co,0.75
115,72.jpg,nước,ni,0.75
115,13.jpg,khỏi,ơi,0.75
85,56.jpg,thực,kàc,0.75
116,74.jpg,vĩnh,vi,0.75
74,8.jpg,ngắn,ng=úy,0.75
96,92.jpg,năng,n#⁄,0.75
36,2.jpg,tiếp,1ẹp,0.75
78,83.jpg,tour,+ow,0.75
135,17.jpg,định,zù⁄h,0.75
7,4.jpg,nhân,nơ,0.75
65,51.jpg,việt,v~zx,0.75
65,72.jpg,gian,si,0.75
21,17.jpg,ubnd,uibwp,0.75
135,84.jpg,gian,trnn,0.75
135,92.jpg,định,.n,0.75
135,96.jpg,cảnh,"cc
%",0.75
60,1.jpg,cảng,c^m,0.75
103,14.jpg,quan,q*°,0.75
103,36.jpg,trên,(in,0.75
57,80.jpg,khác,c,0.75
140,12.jpg,khởi,k&,0.75
18,46.jpg,tiên,tà,0.75
135,58.jpg,liệt,l°†,0.75
18,61.jpg,bổng,be/,0.75
141,47.jpg,liệm,am,0.75
141,19.jpg,nghị,xgñ,0.75
105,91.jpg,ngồi,mứi,0.75
140,94.jpg,lượm,lo,0.75
140,34.jpg,5 - 2004 tổng lượng mưa tại các tỉnh trong khu vực sẽ thiếu hụt so với trung,l. -9ø24 +⁄⁄4 àyoru r^~va t⁄4 _ ch the bl„ lén sg . %2 bẻ km),0.75
76,21.jpg,được,âa0c,0.75
140,51.jpg,tang,t^m,0.75
130,6.jpg,cung,cơ],0.75
130,19.jpg,phải,nh,0.75
69,46.jpg,cũng,c1,0.75
73,82.jpg,hồng,n,0.75
73,98.jpg,nhân,an,0.75
136,54.jpg,quan,(quznc,0.75
67,9.jpg,ninh,n4,0.75
32,1.jpg,thấy,tú,0.75
14,85.jpg,biểu,bón,0.75
14,90.jpg,điểm,ni,0.75
81,24.jpg,xoan,xœ,0.75
81,27.jpg,công,cầaa,0.75
140,39.jpg,xuất,xcœ,0.75
66,62.jpg,lượn,lo,0.75
66,71.jpg,dịch,d1,0.75
85,21.jpg,công,có,0.75
143,22.jpg,bệnh,b¿ễl,0.75
143,29.jpg,công,co,0.75
141,55.jpg,thức,uc,0.75
141,56.jpg,theo,{co,0.75
12,69.jpg,công,"ứng,",0.75
115,45.jpg,phân,p«⁄^,0.75
21,55.jpg,nhận,đán,0.75
21,64.jpg,tiệc,i7,0.75
72,75.jpg,hiện,ti,0.75
12,67.jpg,quan,la,0.75
143,47.jpg,hoàn,ấn,0.75
120,88.jpg,tặng,1g,0.75
143,32.jpg,công,"cứ,",0.75
85,19.jpg,tích,tứ,0.75
52,3.jpg,luật,„at,0.75
65,5.jpg,tĩnh,tu,0.75
65,15.jpg,bằng,bờ,0.75
21,53.jpg,cũng,cư,0.75
18,89.jpg,2003,16023,0.75
21,78.jpg,công,cx,0.75
72,23.jpg,tiêu,thỏ,0.75
65,23.jpg,thực,(dc,0.75
65,24.jpg,bưng,"bứu,",0.75
72,17.jpg,trực,tu,0.75
63,84.jpg,công,cm,0.75
63,85.jpg,phân,lên,0.75
66,39.jpg,luật,lặt-,0.75
52,42.jpg,công,cv,0.75
135,54.jpg,biển,"bử,",0.75
52,47.jpg,công,cu,0.75
70,3.jpg,trạm,ýpem,0.75
70,14.jpg,được,dũc,0.75
63,44.jpg,bằng,b4⁄4,0.75
63,54.jpg,quốc,"ˆ
đc",0.75
67,20.jpg,cuộc,co ø,0.75
65,79.jpg,công,của,0.75
95,50.jpg,thắm,tc,0.75
106,92.jpg,2010,22/2,0.75
61,97.jpg,cuộc,(cọc,0.75
136,50.jpg,tiếp,t.,0.75
136,3.jpg,vòng,won,0.75
136,7.jpg,đứng,ân,0.75
11,3.jpg,việc,à àc,0.75
106,53.jpg,chẩn,c1,0.75
70,55.jpg,trạm,đam,0.75
35,67.jpg,được,đi,0.75
35,84.jpg,động,đt,0.75
95,27.jpg,hành,/høn,0.75
95,28.jpg,ngàn,nạ ở,0.75
95,96.jpg,pháo,p^=,0.75
7,1.jpg,đồng,đa,0.75
6,91.jpg,hay bê gà đi khắp các sới bằng chiếc ôtô hiệu camry trị giá vài chục ngàn usd của mình.,_ \8 b 4 ik“i sc cơ ò c -l„xc §# 1s gan tủ — _ vn,0.7471
87,59.jpg,"100.000 đ, qua đoạn dầu giây dính 200.000 đ, đến giá rai - xuân lộc bị thu tiếp 100.000","aoooøod, @~“⁄ ơn d0 aứa 2z2.0ooz, 2e @ 0 x4 . b vn. l2 22c",0.7471
110,53.jpg,""" tiến thoái lưỡng nan "" phải thanh toán hợp đồng khi chỉ thực hiện ngót nghét 28% khối",“ 2 1z lờ vớ... du xinh {xo hp d4 [l0 ‹u-1x à_œ wøgl⁄ 2 ˆ,0.7471
86,38.jpg,"nghị lực và quyết tâm, đã chiến thắng hoàn cảnh để theo đuổi ước mơ từ ngày thơ bé.","_ /h vn 294! im, a” cac 1á _ 4 s  /⁄xaớp 559 2 mở `2, 72) ^",0.747
138,97.jpg,"được phát hai phần cơm / ngày, cả suất trưa và chiều dồn một. cuộc sống kéo dài",1d “⁄< áx gi “2n /404 2 có «4í ái di xố. gò 4% & 2x.,0.7468
116,36.jpg,"khắp mâm. thật kinh ngạc, 42 khối vuông hình sắc cạnh không hơn kém nhau 1 gam.","ad2ä” tần - 4h54 kim, ngọc ,i8/chbtmebu ñuxhucxt nh. adn/n2 điền, xe ha, 42.",0.7468
39,15.jpg,"đựng đồ phế liệu. chỉ trong một buổi sáng, số cộng tác viên của",_ ww / 12 : (l hơn mot bó .—_ y “®m m .,0.746
44,2.jpg,"chính thực tế này đòi hỏi những chủ trương mạnh dạn hơn, thông thoáng và toàn diện",ca va đe mj 2ÿ kệ như hệ auyey anechh d1ca kv) f2 về 1© áo,0.7439
104,61.jpg,ba phước đang là chủ tịch hội đồng quản trị doanh nghiệp tư nhân sản xuất nước,"nh p1⁄4# #^«4 2 c1 4, 2 đái i ®i tự ở aa đà © xư4ä ai",0.7436
17,96.jpg,"lúc anh đại còn làm tổ trưởng quản lý hơn 20 công nhân, chị nhận lãnh chân nấu",xố và 2 cì kế kế vuhy quê vy kén d6 cả ã d6 và đá,0.7436
93,8.jpg,"kịp nhìn, tài phụ đã nhanh như sóc nhảy bộp xuống chạy vào góc tối đưa cho",duy nh kế: 0 đờ mml 5 œ2 lô lớp óc đu v2 124644. 1.,0.7432
4,52.jpg,"rất linh hoạt, trình giấy tại cửa trạm hoặc đưa cho anh csgt đứng phía",àx% l ok t1 4129 xa tem kh. cse k2,0.7429
55,21.jpg,"trãi, quận 1 cũng nổi tiếng bán hàng độc). quán luôn thu hút khách",tơ j {v34 ị của “ế jửa b k 2s. ) : ( „ùn (f.« n7 t6,0.7424
3,32.jpg,""" thả cửa "" cho sự hình thành một khu du lịch trời ơi như thế... sáu năm trôi đi vắng",6 1k hn ) à2 mí ji 22h xu kàa 0i ke ô âu am)“. an mm 1⁄ b7,0.7412
122,75.jpg,""" thấy trời mưa lớn, trưa 13 - 11 chúng tôi cho anh em nghỉ việc, cho một số rút ra cơ quan công ty.","“24 tới ve đ, du, 25-44 2u 1ø đo «2 se xðm 2%, „v21 bỉ wä mi ô 4w eum.",0.74
74,22.jpg,"sáng nay, 31 - 3, hội nghị thành ủy tp.hcm mở rộng tiếp tục làm rõ nguyên nhân vì sao tình hình kinh",soá -ˆ „8⁄4 <4 na nm n7 vj q3} .hteh vạn xóa lơ _ [¿„ nà r về 1ao xc,0.74
132,18.jpg,phải gánh chịu hậu quả?,ni a« my cha q24},0.7391
115,97.jpg,thần làm việc của mình.,xi vn viết ơi mi irk,0.7391
19,25.jpg,trong bộ máy nhà nước của chúng tôi. người dân tuân thủ đúng pháp,lyom4 ý má s4¿w22 cu ấm 162: n2⁄2>: di. 7ø. 1â z⁄w tậ,0.7385
116,93.jpg,"món ăn mẹ thích nhân ngày 8 - 3. món canh có thể hơi mặn, món",rao w an mm w v)ù~2`a đe @-3 - hh cv) 6e nà on) u,0.7377
27,32.jpg,"chủ đầu tư cienco 5 đang đứng trước bờ vực phá sản chợt tràn ngập hi vọng thoát hiểm. đến trạm thu phí tạm vấn đề không dừng lại, cũng từ ý định "" cứu "" nhà đầu tư, các trạm thu phí được chóng vánh dựng lên cũng theo kiểu "" gặt lúa non "". trong khi dự án đầu tư xây dựng cầu bình triệu 2 không hoàn thành các hạng mục công trình đúng như qui mô đã được phê duyệt, cho nên kế hoạch đặt trạm thu phí ban đầu ở giữa cầu đúc nhỏ và cầu ông dầu trên quốc lộ 13 không thể thực hiện được (đường chưa xây dựng).","(á2 a29 42 go š de 2⁄0) thuế 6f' 0l ghc xi đợt tình no â
{ử ""í du ""ác ""ná zấ 42 , các đam 1u phí hợc jéc, 4á áu
cc  ớ  ố k đưa xe
đ hơn 1o đác eo) lwac cơng nhờ chuc cho qu so
là gót cà đốc mưer e ụ pụ hở q6 45 hay đe

tđac mù được (ai vø cho tu dịng .",0.7376
144,67.jpg,"sáng nay, 31 - 3, hội nghị thành ủy tp.hcm mở rộng tiếp tục làm rõ nguyên nhân vì sao tình hình",te) 34-25 lệ quốc tả nâ. vl) tp.tich mở xâm 1í 2⁄42 km xƒ nguyệt 57758,0.7368
81,20.jpg,cuộc đời à tui mệt!,cuộc. lo,0.7368
3,78.jpg,"những người nói lên sự thật "" phát hành, nhiều bạn đọc đã bày tỏ sự chia sẻ,","nhữua . /#ồ xá ấy sa än0g 4d ni, a0 lạ áo á đán #⁄42/⁄&",0.7368
144,3.jpg,"về phía mình... "". sáng 31 - 3, sau hai cuộc điện thoại, nhóm phóng viên",v2) na c1 c8 1124 6e áo? ceey đc. (6c nh «4 6,0.7361
150,52.jpg,nhặt và gọi. một ngày làm việc của anh âm bắt đầu bằng việc làm quen,w ấn na “⁄4 ác xe  ká # bàn viết á~ je=^,0.7353
135,25.jpg,"nhân dân trong nước, do vậy thường chỉ nghĩ tới nghĩa vụ đóng góp của họ, chú trọng","„^^ z5 si ^^ m, t2 chỉ má” tá ma w zm ly 0e lề cđƒ",0.7349
9,40.jpg,"ban phòng chống aids quốc gia, đưa ra một lý thuyết quản lý mà ông gọi là mang tính","p—~ k5 3222 at0s pec px, đd~  xệeu kp q92 vnx rgạw ở ka?”",0.7349
59,79.jpg,luận : nếu kéo dài thời gian không thu phí sẽ làm tăng lãi vay -,"22h: xí ki “0à 6w giáo. an, #6 (ố ø lầm 4",0.7344
147,75.jpg,tính ra một tháng có 1.500 kg thịt rừng vào bụng con người. như vậy một năm,"ae n« we) to « á.šs00 kụ s juều 0ø _. cạn vu ,}32 o3, w®isen",0.7333
79,97.jpg,"biết, nhưng người ta vẫn ơn ớn và vẫn cứ tránh không tiếp xúc với bất cứ ai","ý, ^^ xywt ta x sâ vu v2 12⁄4. lò xe v4 ày =",0.7333
55,83.jpg,"thức được rằng việc thực hiện chính sách sẽ luôn được sự theo dõi, đánh","lứn đc _ vvc am ng —⁄ aec (š 5 _ 7è “4,",0.7324
112,83.jpg,chức năng đã thừa nhận ngày đầu tiên việc tuyên truyền về hiv đã bị gắn,có x1 s2 4 đạc t0 vậc hạn lạ v0-wdv ách dự,0.7324
74,18.jpg,"hiện trường đến cổng bệnh viện. sau khi nhận điện báo, mỗi ca cấp cứu gồm êkip một","đức tướng 0 chủ kê, vớ lá, ác nếóo ẩm ké „ ná”. e2 s4 v64",0.7317
43,30.jpg,đi cùng cả số tư trang ít ỏi trên người cũng được đánh đổi lấy đồ dùng trong những,äi ov] cự a6 “ế hang dì trôi no xe ác kiểu,0.7317
8,66.jpg,"quanh "" nhà vĩnh biệt "" nằm âm u bên ngút ngàn rừng núi trường sơn.",4 «2w 6 u( ve bứi ” sốc cản ba _ s vàna ni,0.7313
120,45.jpg,"đã nỗ lực hết sức để khẳng định mình. đó là ý nghĩa vẹn nguyên của các kỳ thi,","vở 42 ký xả x? thấu ảo. xinh. 6 @ƒ l2 ven meòồn ®éo^4772,",0.7308
56,55.jpg,"management service pte của singapore khi đặt chân đến đây đã... ngây ngất,","5n pk cửa lá án ẩli #l ca án đm ki lệ 4,",0.7297
17,97.jpg,"nữa, nếu đá cũng chỉ vài hồ là bỏ chạy sớm. phải xem phong độ, hôm ra trận",7 đệ về k6 bề tổ đu) 5. - ác xương kê 48 no xroa,0.7297
113,16.jpg,cho xã hội thì việc xã hội cung cấp việc làm cho anh là một,~øˆ ⁄~ ⁄ v4! c«pmex kh ; ⁄ c2 c2/ vc ^^ on e@ “1ˆ 2=:,0.7288
84,92.jpg,"lã thị kim oanh : ""thủ tục để triển khai công trình rất phức tạp, hđxx","lủ m4 bà c2. 5 và xá 2ố bởi m2 c5) ki cứ gióc ke,",0.7286
5,89.jpg,đơn vị đầu tư cần xem xét kỹ và cân nhắc kỹ các phương án lựa chọn sao,ph 4) xở dị và ø^ vố đ ø® 1x ký 2 géan 2ý zh. 2n e=,0.7286
129,63.jpg,"việc ký xác nhận này, theo ông luân, diễn ra "" sau khi vụ trưởng vụ tài chính","sáø- rá v2 bó vo, thao 6y v0 , đố ^e“ 8ee đế2 cụ 16êm na: ó4",0.7273
86,77.jpg,"xây dựng chủ nghĩa xã hội, có liên quan trực tiếp đến sự phồn vinh","và đào dể v|‹#f sỹ là, ài lô, gai hc lạ 47 vĩ đi; ¬~«c",0.7273
2,40.jpg,bị dột vì mưa quá lớn.,l (9 ww#x 4u 0ó .,0.7273
55,25.jpg,"xuân đại 150.000 đồng, một cô gái tên nhung ở tân bình gửi tặng 100.000 đ, một thanh","ki 1 a0. w0 ââu, ái 6 x mà 2 t2 kù về 1ð ad.4 ,~xj ở,",0.7262
83,68.jpg,"người nhiễm hiv mới được phát hiện, nâng tổng số người nhiễm đã được phát",q66 ahiẩm giá n mối doc ký zaấv ò “nứng lóc áéể n4 đửi' z7: 2m ⁄ ⁄,0.726
13,59.jpg,người không đồng ý ở lại. tám người vào rừng hôm trước thì hôm,"mo vy am 1 9⁄9. t8h 0g sa &ớc. áo tuếc í- lẹ,",0.7258
25,36.jpg,khu dankia - suối vàng thuộc địa bàn thành phố đà lạt và huyện lạc dương. toàn bộ khu vực này (bao gồm,kh do; x—%aø và hướng hạ về tà về kh x .teoà é v #⁄4©&( lé¬,0.7255
71,20.jpg,"xăng, xe, ăn đường, chi phí bốc xếp, chi phí khác, còn một loại chi phí cho csgt",xóm 1k. ) âu đề ghế b9 xâgp  b^ (è 01/2 <äa ‹ã xết đc. đò p0 2l cser,0.725
43,12.jpg,""" sự kỳ thị thật là khủng khiếp và đau lòng. nó làm tôi đau đớn y như",v9) ky đ đại: 2e a4 ý. 4 hờ. mà tp 2e đế y ~^1⁄,0.7246
125,21.jpg,sau khi hoàn thành thủ tục nhập viện là xong ca cấp cứu. bs tuyết mai,"(~« lv køm #hà/j a1 2c nhà (` køje^ cxy ⁄^n,. ô 9twâ~",0.7246
115,25.jpg,"chuông reo vang, trường cầm ống nghe : "" ồ không có gì đâu! nhiệm vụ của chúng tôi mà. anh ấy bình","châg 6ø vấgi th, cớ 05 j0 4á6) cố gử đc! návn tt",0.7245
104,64.jpg,đêm ngày giờ khắc vẫn được tính bằng khoảng cách thời gian,eo ^⁄4 aa. tá 1 doi a01 bến ái côn øh -lt quan,0.7241
4,66.jpg,với trí thức kiều bào. các cơ quan sẽ được quyền chủ động hơn trong việc mời,. ýu v2 í.à là . («. c9 16 ng  — ¿u 1 á~- + nh mà,0.7237
63,79.jpg,"thành công còn là hình ảnh một cậu bé bị dị tật ở chân, không bao giờ đi lại",mu6t dây vã lệ j6 d( với da k7 bị bi è lo 06a kè gã là,0.7237
77,3.jpg,lên như cái trống hầu. bs hà vừa chẩn đoán bệnh vừa an ủi và động,"hn... b6 mới da chú, đủ 2b, so ~ xà ds",0.7231
81,14.jpg,"thế là tôi cùng với êkip cấp cứu gồm bs hà thanh hà, đdv nguyễn thị kim chi, nguyễn",“ác tớ cuời ví kg coấ cá gà lọ lè t1 “ø0/4ge“2v kx 2222,0.7229
48,95.jpg,"hay đó là cách nói khác của từ thành đạt, nghĩa là có được một cuộc sống","(uy l7 đã 4, ơi, lw¿ quà lí at đä, vjư ứ di rứy vớt at co,",0.7222
138,20.jpg,so với thời điểm ban hành những chính sách trước đây. nếu như năm 1986 -,(ọ và /⁄4 đu án anh whớ 142 324% dœ. ⁄⁄a' ăn ae  /4g44 —,0.7222
17,78.jpg,"3 nên hải bảo khoán đi về. khoán tự ái mang cưa ra về, hải đuổi theo và hai bên","2% wò vi bass khzzu dì 0>. l2l.>c0, 3ô z^ _ moa cáa ra ó%3 jj2¿ cu -jluo9s loi k„",0.7215
20,27.jpg,với diện tích trên 1 triệu km2 (gấp 3 diện tích đất liền : 1 triệu km2 / 330.000 km2).,"„no ớn (sp ð 4œ h 1 là: 1u, em3/340œo k=))",0.7209
120,18.jpg,ngày thứ nhất. họ đưa chúng tôi đến khu vực công trường bên cạnh khu,"ky kuá để .ið đá, suuốn, x/, ấy pc hộ, củy (ấp mà cuối ááu",0.7206
36,26.jpg,"chính phủ, còn phải chờ chính phủ cho phép "", không phải sự thể hiện",cðø. q94 ce l2 2> cchúi 1 đò d5p 5 a0 h4 «2 2 #4,0.7206
60,94.jpg,"món ăn mẹ thích nhân ngày 8 - 3. món canh có thể hơi mặn, món cá sốt","w/n xú w mí š- %. mw' c4 ø0⁄” ax, vui w e4 6a",0.7206
103,95.jpg,"có người cho tiền mua sẵn bia đá để đó, ai cần thì cho... chú ơi, dân nghèo",cơ cu đo k2 4 2 b. 22 ø‹& kh... cục ok iàco,0.72
88,44.jpg,diện tích trên 1 triệu km2 (gấp 3 diện tích đất liền : 1 triệu km2 / 330.000 km2).,án 1 6 1x c5 1 ni v t k2 /350 gg0 %&+),0.7195
17,26.jpg,tổ chức tịch thu của những người bán rong trên đường hoặc,ký d.í ke— ảk gà nhổ c46ñ be bơng kế  k,0.7193
5,24.jpg,"nếu tôi ngã xuống, mong các bạn hãy tin cho bố mẹ tôi... sau những dòng địa chỉ của bố mẹ","x võ mô mây, mạ vó k~ (k~ co vế nai go má d6) 4 2 có k ng",0.7191
31,85.jpg,"thấy tôi có vẻ... chịu đựng, đdv huệ cho biết : "" có người không","they 1e à v2 427. ởyv ti). da 2c, ° di vyxh: kho",0.7188
41,73.jpg,""" bần cùng lắm thì làm thêm kiếm đồng tiền, bát gạo thôi "". đó là lý lẽ","66 ầa \éu 1o lơ de. ko, đeu ke bá œ¿ h6. e6; vi",0.7183
26,79.jpg,ràng trên thực đơn. thử làm một phép tính nhỏ : làng nướng a mỗi đêm có,xóa đán (tả la .trp 442 «z2 phê lùh m/ 45) 2 4áố mm ø,0.7183
16,54.jpg,"trên 27 triệu, còn lại của 140 người dân trong vùng tự nguyện đóng góp.","tê ;+%⁄, [40 ng«2 1 thư 0y tơ “5 đi 7:",0.7183
85,79.jpg,"về. cả tuần như thế, ngôi trường quê ồn ào ầm ĩ chuyện đã để cho con bé",vớ (2 lạ ^&l ơi sạn: koäy/ về  < t đua 1 l0 đc ~ k,0.7183
27,68.jpg,đến văn minh và hạnh phúc của nhân dân.,"àâa ví vêv\ vì ma j6, «¿4 nlườ àờ,",0.7179
34,19.jpg,"biển có vùng nội thủy, lãnh hải, vùng đặc quyền kinh tế và thềm lục địa với diện tích","k. e về) sờ xè), 4 2u với ®% k2 4° 4œ: lục 2h, và áø hót",0.7176
52,100.jpg,"luật, chính quyền sai phạm về thủ tục quản lý, sao người dân","lâ +) ch áà, q«x°à prkmv 3⁄4 về 24⁄2 12c quả « 14) 129 vu 2v",0.7167
21,70.jpg,"được hđnd tp thông qua, chính thức áp dụng vào 1 - 4 - 2004.","1k ðm tp đm ÿ^,, 48 ác 4 đẹy cu |—4-àbo#.",0.7167
148,79.jpg,"nguyễn khắc trường (27 tuổi), thủy thủ, một trong hai trường hợp bị",". ki tað, c237 kế) 4025 xu „ nội dụng, áo 1uồn4, ép k",0.7164
138,56.jpg,cất nhà ở còn không có nói chi đến chỗ an táng người thân nếu không,"ca"" èøw art 2 xe. do“ chủ an 1e sờ có z.« nà",0.7164
35,69.jpg,"nước để xốc cây, đổ cột... ngày nay, những người trong ban từ thiện",ức xế œwš at cu. nay xoa  ý >4 ve đồi 0%4 „tà hú,0.7164
123,39.jpg,"trước đây, vẫn có nếp nghĩ cho rằng nvơnn là những người có đời sống sung túc hơn","đà. 29 vế e và v⁄ xen mớnv để nhớ suảh @ đề bả len kế đá,",0.716
10,35.jpg,"có khí hậu biển là vùng nhiệt đới tạo điều kiện cho sinh vật biển phát triển, tồn",có 0k k (ac ác xoa] 5x đc xeo d0 6ò va 22k vốn k6 ác g) xet,0.716
31,67.jpg,"ở đồng hới và dì ruột ở hà nội, nguyễn kỳ sơn viết thêm : là những người kháng chiến cũ,",¿ 6 đồ vị dí đc # hà hk new ý 5 vớ k2. k2. dối xế 492 462 40,0.7159
69,72.jpg,tháo cái chân vịt của tàu chiến pháp đem về làm kỷ niệm hồi năm,(4 dân út vâ và dịc p6 đạn «2` kế. lí xắn hở cáối,0.7143
37,55.jpg,"vụ văn hóa; khắc phục những sơ hở, tiêu cực trong quản lý và hoạt động","na ww ¡ \„& w- wuàa x2 kẻ`, tu .— cơ quah h vớ. lui đox",0.7143
25,35.jpg,"ai có thể làm ngơ được "". xác 19 công nhân làm vàng thuộc công ty tnhh",o  xvề 8ø ”.... xe 48 có vảvom ko  ._ 1luờ cơ tạ t904,0.7143
31,49.jpg,""" không nhờ cấp cứu đã... "".",6. mở cyg. của đề. ch,0.7143
43,86.jpg,kilômet,k/md,0.7143
52,29.jpg,trên áo và nếu có và nếu có nói thì như cãi nhau. tất cả 32 con người của đội,cơ øi bề và cá vs vá cá  v c tái cổ 226 cc,0.7143
35,22.jpg,"trong năm nay, chi hội sẽ thực hiện một số kế hoạch làm từ thiện như :",“key xưa n4 d e4 mãi áxể 12c ~& mỗôt &“ˆ“ kế” jeeel. zx lữ thí nh,0.7143
102,92.jpg,thời gian xây dựng cảng chỉ mất một năm. ông dũng cũng cho biết sẽ cố gắng khởi công sớm đường,ta dê xu -_ cá c7 mẹ x01 mác ốm dài su ti bí - cc co x kủu,0.7128
87,19.jpg,"tia nắng đầu những ngày mưa. cây lá hình như xanh hơn, thắm",lệ cốa d6c 15m cac mắn 00) cc kc. k4 xanh la 2é.,0.7119
135,29.jpg,"ba tiểu... thì khó lo tròn cho người chết, khó có cái nghĩa",lo nh —— xxx ng ko 7h ho mại d n4 @ g m4ána,0.7119
111,38.jpg,"hết sức để khẳng định mình. đó là ý nghĩa vẹn nguyên của các kỳ thi, và cũng","cá (đề 12 đonh, ok. s6 &` lá maár men gwa be 0” cec g xmc „ve øxã",0.7105
149,78.jpg,"và được thấy hoa tươi dâng trước mộ. không, không, không! họ chết cho một lẽ","về đấy đóc na, đc dây kia «2. v5, j kl,] k2) li da jự đè xi @ử",0.7105
78,47.jpg,tích trên 1 triệu km2 (gấp 3 diện tích đất liền : 1 triệu km2 / 330.000 km2),lô vốa 11a. v-utb (ao 9 àứu xa xớt kà.. 4t kw1/33o.@ck„2),0.7105
134,81.jpg,"một đầm lầy với khoảng 10.000 khối đất đá, không kể ngổn ngang","„a3 4ở, 2à, vớ 4aø2xy aoøừto as( dại dể 6 ng he ngồv <2",0.7097
66,77.jpg,hai là sẽ tích cực cải thiện môi trường pháp lý nhằm thu hút bà con việt,cơ các dö an môi 4o nn 4q à6 k co 6è,0.7083
122,29.jpg,"một ngày đêm, mãi đến sáng 15 - 11 mới ra đây được... "", ngô văn hoàng -","«# «4a đa, wp đy n4 x4 za . ng ni vc (222 —",0.7083
93,96.jpg,"tục. trong điện thoại hiện lên số di động 091.3.85..., một người tự xưng","lúc - tthen#g đứt t82o4 ta 0# a$' dk dồn 31 s mộ vy"" t2 s4",0.7083
148,59.jpg,"quay sang tôi, anh trường nói : "" một chị ở quận 8 gọi điện cảm ơn chúng",co $9ms 4à: ktraày nóc: “m¿tklk: 2'ð«@a ï ơn nó camen kóớ,0.7083
20,53.jpg,"trường từ phố núi xuống thành phố tìm việc làm. lơ ngơ thế nào, chàng ta",®đòng. đủ 6 l5 nó: xu@cc 40ốnh p ko “tử x22. “đề « lạ 660 n6,0.7083
141,67.jpg,trại đâm thủng đại ngàn.,1⁄20 đơm ơn (na,0.7083
14,72.jpg,"chuyên môn, phân tích các hiệu quả, nghiên cứu 70 trường hợp giảm",d¬p^ me \ nương nh cóc jxð đju4 ¡ 0n cáú lá nhá ép quên,0.7077
135,30.jpg,bật thứ ba là trong phần đề cập tới trách nhiệm của bà con đối với đất nước,pm at ác li phá #c đp xì 1444 /m uá ác em t6 ví 47 mu,0.7067
70,97.jpg,tư nước ngoài vào vn. chính vì vậy nghị quyết nêu rõ phải phát huy khả năng,lại 25 g2 và vn. øík> võ xếu (9 mà 20 260 462 4ø 240,0.7067
73,41.jpg,bên những áo quan giữa cảnh tử biệt sinh ly đầy những đoạn trường này nhưng,"lạ, đấ) đó qøe5 quế 1b 0 ki <eh l by và, ảo đo ni “l2",0.7067
40,7.jpg,"mũi 4,5 m, để gài chất nổ vào trong đó. đánh bao nhiêu kilôgam thuốc","_—n 4,9 ) đ g2 c4 „z và #⁄ ơng ⁄ ~&^ .ỗ",0.7059
103,85.jpg,"đốc là ông nguyễn thọ tuấn vắng mặt đã lâu vì lý do sức khỏe, ông lê","ấy 2£ ớụ lgøñ th tú 4 xe <ÿ về ai xu ẩé, , ở",0.7059
54,33.jpg,"1, xã thạnh mỹ tây (châu phú, an giang) để gặp ông. người ta thường gọi ông là ông ba","4. 54a ty ah ký t2a c cu pa, 1” đi@^1 3 á2' qấp ®9 .n4e«ä # 1a ạ w",0.7059
143,94.jpg,"cho chúng tôi quá giang cho biết "" giá chung theo "" luật "" ở tuyến đường này :","dục đóng x6) 4e qiea đo biết. tạp 2042422. “0,42% tuy w cử.",0.7051
37,70.jpg,"bên cạnh khu rừng, nơi không có bóng dáng người dân, chỉ có ít người indo đang","đe hệ xu, nơi lây vé ly đớy ngly9 1g,” c€ ý eo t2đb 2e",0.7051
107,37.jpg,cầu cứu các nơi nhưng đều tuyệt vọng. kuala lumpur ngày thứ 39. cuộc sống thật,côn ” a{ r 0867) da †/d voa k„a zœ ngay ơn “22 cơ ⁄ 2<,0.7051
115,44.jpg,"không có những con người như chú ba phước, năm châu, ba liêm,",ádxchs vì nh («n mai è vi á fœ nổ nóm (ac li.,0.7049
108,87.jpg,"trưởng ngọ là một số cán bộ cấp vụ của bộ nn & ptnt, cũng là nhân chứng",jwioa mẹ 1a mãp có e4 bộ 6b vị 6⁄2 ng la an úc „l5 lí,0.7042
105,55.jpg,"lượt mình, nguy cơ kẹt xe sẽ xảy ra ngay tại đây - chỗ đường xe lửa này",ki mà nge 1v 2e - dự đường %œ áà nu,0.7042
104,97.jpg,"anh diên, nơi chỉ cách trung tâm đà nẵng 10 km, thấy làng anh thật đẹp.","an 0ã «6l àd e4 key 1ò đẹ nai 4c ke, kà«ý ẳ«y. «h. 4l 4y",0.7042
94,9.jpg,"tiên tôi nhìn thấy những thợ lặn "" hóa mình "" vào bộ đồ nhái chỉ trong dăm phút rồi nhảy ào","tk 40, viọc quá dư (2 lá. “kớ2 vớ. ""8a lệ 3` chéc dụ tơng đến. (mea& nhu šo",0.7033
23,17.jpg,đưa cho viên csgt mảnh giấy cuộn tròn đủ 200.000 đồng. qui trình,"a212 09. (col w2-ê gi ch lén để (5 00 d2 tu,",0.7031
32,87.jpg,"công đã nở hoa khi cậu bé năm xưa, với bao nghị lực và quyết tâm, đã chiến","&~ để x5 4 6® cdủa. ốy nox&. 2uào, vớ kéo ao đà về quốk 1u xé bí",0.7027
90,70.jpg,"với một anh lái xe ôm bất kỳ. "" tôi là nhân viên công ty báo mất khai minh","ua, với 5 đe cv vet én *tmr ác đx vê> coh l.. _ cịc mư.",0.7027
86,30.jpg,điểm cuối của con đường là vùng sơn thủy gần như trinh nguyên mà ta có thể nhìn thấy,bơm cuốn cáo œv. đường f2 ao .... ph ”ä la œ ø2 ˆi<.,0.7024
140,7.jpg,"sở khám chữa bệnh, trách nhiệm của bác sĩ kê đơn thuốc...",na chào bòk „ tœch nở cc đá ( ——,0.7018
76,95.jpg,"có sự tham gia của các quốc gia, những cuộc đối thoại trực tuyến...",và có có 4⁄2 de nhức « đi 10em uxc. kuối ...,0.7015
92,2.jpg,"mẹ thích nhân ngày 8 - 3. món canh có thể hơi mặn, món cá sốt đáng lẽ phải có","ớ nh nt 44 t-5 kèn 6h 6ó 204” ái n⁄x, n6. « 4 4⁄4 202 ø",0.7013
124,73.jpg,"ngủ tạm nơi vỉa hè. không có giấy thông hành, chúng tôi mất cả quyền tự do đi","ăex mở1 via ly. mm œ với ta 12, áá +⁄4 _ “ ^ 2⁄gš:-42 dc đ",0.7013
126,13.jpg,capability,cọa b tu,0.7
118,68.jpg,của vụ án.,ˆ_ v ” /,0.7
130,68.jpg,"đồ những ngôi mộ được chôn theo vị trí đã được qui định theo giới tính, lứa tuổi","để. dấu, vx mộ đaee da, 4éo « 4 v kuco quả _ ko nó xz  ¿^^+tw",0.7
33,9.jpg,họ không có một đồng tiền lương nào trong những ngày vất vả nơi xứ lạ.,"\e khóa ˆ wsv ^è “tón 6ð sh hả ""2à v=l và m s _",0.7
54,31.jpg,"bán cây cho ông dùng cất nhà tình thương, bán đúng giá coi không đặng,","— e4 ~— ~ ả ng << xí ¬ih à2/n , ~ ở ưng tấn œ0 nh",0.7
138,71.jpg,"đang tá túc, chúng tôi không khỏi chạnh lòng. họ đấu tranh để cứu lấy công trình","dọn, ăế náu chu xà aha mới đóỗ đo ko đố voch đe số đó) số kết",0.7
27,99.jpg,"thường trú của chương trình phát triển liên hiệp quốc (undp) tại hà nội, khẳng định","đang ái cô (no 2á p64 xuất iại đận, địưềdc ( vndp) xe nx ảo n4",0.6988
144,16.jpg,"thạnh, tp.hcm góp tiền mua thêm 2.600 m2 hiến cho địa phương để khu nghĩa",“ie : tp.toơ th nhủ w~~ ta. 2 co0 w” ta cá đu ha wk-,0.6986
56,73.jpg,"trong đó có hai người chưa thành niên, đến khách sạn ngọc vân 2","cu aí é hw xu du vol 2, đi kv) sen ke 2",0.6984
110,46.jpg,"có vị trí chiến lược quan trọng : nối liền thái bình dương với ấn độ dương, châu á với","cóc ^^ k a|wo^ 5 h x ( cn d&ôấụ vấí äñ2 dương, si na",0.6977
91,42.jpg,"chèn trà khô vào quan tài. không có khói nhang, cũng không có một tiếng khóc","da ả@ le vò quốki khe, dị á ca, 6x) key 6 «® ký",0.6974
112,65.jpg,"mọi người cùng cười : "" xui quá hả? thôi, cứ cất làm kỷ niệm, biết đâu... "".","u nà _— c l” xe taxø ~_ tua, củ cứ 462 kế tư  # đấu _ và ,",0.6974
105,22.jpg,trên đường xe qua lại như đan mắt lưới. tiếng còi hụ liên hồi. anh nghĩa lái,9i ⁄ìn ng ø” qqua4 /^' nhỉ n máy 1 : cháu _ 4 z2 nôn “2 1e đá,0.6974
34,8.jpg,"nên khi có biến động, không dn nào dám mở rộng quy mô, phát triển sản","nô đé: «xứ hân, âu dw/nếo cléu trở đồn q7 ở, 269662 su",0.6957
116,72.jpg,bị cảnh sát bắt ngay trong khách sạn sn vì không có giấy tờ tùy thân.,"by œ2 đc bay ký 1ý jưưgg v7 ớ, ơn fn ng 2ˆ 78// 1ø 1z 2á.",0.6957
86,85.jpg,những nét mặt xanh xao như không còn giọt máu.,"nhu : aivak, vøì. xeo á. alôa co #4 ni",0.6957
132,49.jpg,bản chất của thành công,"eu cố có 6 cú,",0.6957
79,37.jpg,"lấy mẫu, tức thanh tra không toàn diện cả công trình, nên cũng không thể","(2) vu tơ 1k là l6 l9 à0, c của bòn na «ng ty",0.6944
38,80.jpg,cứu này sẽ được trình bày và thảo luận thông qua 20 hội nghị truyền hình,"_ v vị ác anh án và 1x4» ¿ca 20g, 1e 2o /2: xu2¿ 2u, 2⁄2",0.6944
29,29.jpg,"hỏi bị cáo nguyễn quang hà (nguyên thứ trưởng bộ nn & ptnt) : "" muốn đối",nh bị ao ngư (n4 1a (wz^ 1-báé‹ (2 tìm ® pt'ytd.“muíi jdã,0.6944
15,30.jpg,"lộ đường xe lửa và đường bộ, không được để ách tắc, ảnh hưởng đến an toàn giao thông.","b an xe lề da le, d6) án để x4 đó, du la 2ó 2ó n6, gu-foa.",0.6941
90,94.jpg,phức tạp. đặc biệt là tình huống kẹt xe ngay trên đường ray trong thời điểm,í“z ấp té kứ1/2 đà h4 kế xe ni vợ đâu vị tr lò bự,0.6933
115,3.jpg,"viên khi đón chúng tôi vào bàn, câu đầu tiên anh ta hỏi : "" các anh có dùng","cứ #l 7# đóa 10 o%> b+o, cu đt na cáh ‡4x 1⁄7,“c2{ ãuá6 có dua",0.6933
79,85.jpg,"nhiều việc ""- thứ trưởng võ nói ngay. ông võ lý giải: nếu chỉ đặt văn phòng",⁄ â} ví) 1 4 tuy võ nó ”⁄y. n4 “ ”á « ”—- z 22,0.6933
66,17.jpg,"là tỉ lệ tái nghiện còn cao ở hầu hết các địa phương, điều tra tại hà nội năm 2003 tỉ lệ","ng xọ n4 củ œø 4 2u àưc ø¿ dẹ plưởng, đc đa bỉ 70 n ø",0.6932
12,3.jpg,"ngày ở tù. họ đếm từng ngày trôi đi trong gánh nặng tiền bạc. riêng hồ văn thông,",4⁄4 ổn. tí ~~ tông n4°/ ý; cử tong 4£ _ —..ẳ ng h6`i⁄24 ẩm,0.6914
27,64.jpg,"nhà, tiếc lắm nhưng phải giữ lời hứa. thấy ông tám on thật lòng chăm","^~  xức (2 ww„aq ph ạt (% lu... tu, 6q to 0 xem, (6g choời",0.6912
13,31.jpg,"cổ hội an, quản lý khu tháp chăm mỹ sơn, chương trình hỗ trợ du lịch","c? 400 2m, qua 47 £h thdp cam ớ/° ho „ cuêàø„, 52 /⁄0°”42⁄2. 4⁄2",0.6912
63,26.jpg,"bại. trái lại, thành công đã nở hoa khi cậu bé năm xưa, với bao nghị","thứ đè, ia2l vng để về đe& áh cò do, đc đo ki:",0.6912
138,58.jpg,"tâm thần, hai đứa con và đứa cháu nhỏ đã 18 tháng tuổi.","l> 4ø, wc 94 ev và. ák „¿ đề 1u 4h”",0.6909
117,75.jpg,"nhiệm cấp cứu đoạn đường từ hiện trường đến cổng bệnh viện. sau khi nhận điện báo, mỗi ca cấp cứu gồm êkip một","vòn đƒ vâ don xấu tử sa trận đi củ, án với ba k¿ cha xm “2 sở ¿ mác",0.6909
59,67.jpg,"không, hôm kia không nhờ cấp cứu đã xong cái mạng già này! "". số là trở về nhà sau một chầu nhậu,","lào, mi đề đô chở coụ c6 đt uy de 2g 6` “cà 1“. z2 s4 2` 0.6 nữ c2 cu,",0.6907
83,17.jpg,"cơ quan có trách nhiệm như ngân hàng... "". ông giải thích thêm : khi ba bộ nông nghiệp,",lì gen ví nếh quên ii nga lớn. 04: giá 2k2 25 ‹ th ba lọ cố,0.6897
101,51.jpg,"đến nhận lại giấy cmnd. chị cầm tờ giấy đã bị thấm nước, hai mặt nilông bị","róc cà c, đói g(ố ca/d dc co h5 004, d6”22 huối nuốt, hec mối tự &y",0.6892
77,22.jpg,"của đơn vị chỉ có vài người, chia việc ra không đủ, đành phải",cc bế navh chu vức ®œ loa ở. đe phe.,0.6885
62,52.jpg,"cùng mua dâm người vị thành niên, nhưng người bị tội, người vô can. ngay ngày","(4 vi ø cl^w h4 bi aakxnh mđ, nà ngđãi bi 6c, mà com .ng^ị nhu",0.6883
72,89.jpg,cả mấy cái wc nằm chỉ cách mép nước vài mét nữa.,cc wc nở eo vn ác lề tả bà.,0.6875
81,15.jpg,"đầu tư vào thế bế tắc, hụt vốn và xin gấp rút cho thu phí hoàn vốn ngay hạng mục","xe vàk2 l2 44, k1 ä xe. f số dẻ đu m mn về xey kg n«",0.6875
67,11.jpg,"ông trực nói tiếp : dân gặp tôi kêu quá trời muốn làm thủ tục này hết bao nhiêu,","lu bi sn g#p 16 ki qá 440 huaii léo, đ8j dục xo) hồi 12 64",0.6875
55,2.jpg,"làm thuê, làm mướn; một vài người còn lại từ những công nhân xây","2o 2h22, xu ưđớn } ng sốt mgàn cón ấn nu kt",0.6875
131,58.jpg,nước tưới vào cuối vụ đông xuân.,wc xưếc j6s ©28ã ủuốc ảsv4 xuâa.,0.6875
130,57.jpg,cơn mưa như trút nước thảm kịch xảy ra trong tích tắc. sau tiếng ầm ào khiếp đảm,"0^ mân. máj cát ndð than kèn vì nh † tế tá, . s4 14-4 ¿2 toe xẻ",0.6875
67,40.jpg,và tìm ra những yếu tố làm nên thành công này. trường hợp nghiên,s5 hài - c 12ần xứ xành ch n4 “ong hào ống,0.6875
149,17.jpg,giải pháp tạm thời này nhằm gỡ thế bí câu thúc về tiến độ cho nhà đầu tư tổng công ty xây dựng công,"đu ph te đốt với nào g7 độc li (bí, v£ đế đc lu d< à1 4ò tài đa à x4 ký",0.6869
74,30.jpg,hầu như họ đã đi khắp 72 nghĩa trang cả tỉnh quảng trị để hi vọng tìm thấy dấu tích,vé vi áo đố 2e lkc ÿ2 giá váy ví ủ (24 to xố ai vy ác đà dế dự,0.6867
139,85.jpg,còi cứu thương lại bắt đầu hú lên. chiếc xe lại phải len lỏi qua những,cz có cu z4 kế ø4 xá đi. chủ x<¿ ếà p4 6. 2 g4 nà,0.6857
99,51.jpg,"chủ trương "" tháo gỡ khó khăn của công trình nhóm a "".","đệ. kdoa “ diễs đỗ v, àkđn ga cần 1h an ai",0.6852
48,79.jpg,phó đại diện thường trú của chương trình phát triển liên hiệp quốc (undp),em t†ế 2q “rể ch. (do tùi. pmt hức lạy tầp g6¿ (9mdp),0.6849
71,78.jpg,"gần hai ngày đêm rồi chứ ít đâu... "" - một thợ liệm khác nói khi anh đang",g 4+ =4 đo xi ch 1 4ã... t vzb (2 22 21⁄1 2⁄4 41 1,0.6849
8,14.jpg,tai có hơi lãng đôi chút nhưng ông đỉnh vẫn chưa quên chuyện lặn. ông nói,ka cá “hư nụ ôn với. chja jiểy chư lỗ âu số,0.6849
17,84.jpg,trần văn sơn làm thuyền trưởng. các nhân viên kiểm tra đã phát hiện tàu này chở nhiều hàng điện,"“665 nón si và 4â g5 2d ‹ các, nhớ v16 bế 45 2c kết làn 192. vấy dở duế. l5) 2e",0.6842
130,42.jpg,"đến 15 - 3 - 2004, hải mang rượu vào lán trại ở thủy điện ia me 3 để mời một","cðønn /§-3-222, ựưi cớ t r*xó do “=4 z( s kớ tùn 74 ð2..5 điˆ° mẽ mốt",0.6842
106,77.jpg,nghèo và tìm ra những yếu tố làm nên thành công này. trường hợp,e2 về ca @ v4 o6 42 46a nối 1820 cðng nen] « (tu lúp,0.6825
50,54.jpg,"họ đã chết trên đường mưu sinh. hơn 2 giờ chiều, vẫn mưa lất phất, thị trấn khâm đức,","no _ a6 i«@ adk~4 wà ác, hà 2 ở chư, va nở tí hở tá jaeˆ khay, h",0.6824
78,8.jpg,"nhân ở các trại bên liền đến đổ xô vào việc tiếp cứu bốn người bị thương, rồi cùng 10","c1 1ó tú 3b xữ về vực tứp ¿ửu š# ngửä 2y , 8t «nu s",0.6824
122,77.jpg,"bằng nỗi đau mất danh dự, tinh thần khi xuất hiện bài báo "" một âm","bea ốc đu. nel 2oaal, đo xinh, 26ax ák¿ xu! vn kế béo hơn",0.6818
134,99.jpg,"cuộc sống vẫn chào đón họ với nv2, nv3. quan trọng là họ đã nỗ lực","6c v4 số duy ko (⁄ á ni, nv. 2~ bềy # 42 4747 đo",0.6818
125,92.jpg,"nào "" tự đặt ra các thủ tục ngoài qui định, gây phiền hà cho người dân "", "" từ chối hoặc","ho 044 j1 lí có xúu 1ợc xao qui ý,0, về, prố, bè do xn2 125 tếủ đa ky:",0.6818
36,12.jpg,nước sạch cho 85% dân số vào năm 2010 và cho 100% dân số vào năm 2020,~ x1. s4 8⁄4 lợn 6š u@a kem z2/2 và dc. (2277 án sˆ-~è› nóc ca,0.6812
59,93.jpg,"chỉ đến khi nghe gọi tên, bà mới ngẩng lên và nói được đúng một câu ngắn","di 2 kh an gì kế be an( thy ^ v ví he án, v cồ su",0.6806
120,35.jpg,"vùng biển và hải đảo nước ta có vị trí chiến lược hết sức to lớn, có ảnh","mà tớ địc ^udôc cố vị ta chợ mãi 2i %ệ b m, e 2",0.6806
121,47.jpg,"hôm nay bỗng lặng lẽ, âm u... "" thấy người ta chết thảm thiết rứa, làm răng","só vn ly, x2 2 w -.“thấ” ngyệi 3ø d6 há ad/ : đ4^ hơn",0.68
73,51.jpg,"chăng đó là kết quả hoàn hảo trong công việc, sự chính xác đến từng chi tiết? hay","x4 ở è 1 g2 #eà kè tưc. còm nộ, ạ du x6 đá sp «ii sắt? bu",0.679
131,59.jpg,"trả lời của chính phủ, trong đó chủ trương đồng ý cho tăng vốn trong 6 tháng đầu năm",á. lƒ ch p^ - e4 à ở đu ý „2k„ #2 uốn hon 660 2) nà,0.6786
74,13.jpg,""" lạ là khi tôi đề nghị phân cấp, mấy anh tổng công ty nghe phân cấp là... chạy "" - ông","ÿ lạ lễ íác 8 2ò siäc nắn, xí, ái «ch xây eg vị ví nắn í 0...9 8",0.6782
44,7.jpg,"tính bằng những niềm vui, và tính như vậy thì công ty đã giàu.",bú ky mẫ môn xà và 4ái va vậy đề du 9 g6 ga.,0.6774
129,20.png,"""hay thôi không yêu đương, không lấy chồng, cùng con bạn thân mua một căn hộ xinh xắn, sáng sáng đi làm, tối về cùng nhau đi ăn rồi đi trà sữa, shopping, đêm về xem phim hàn, ngắm trai đẹp""","ở) chống ; cung com bơn thôn yveuo-.

vội ccn hệ xinh xóm, sang sống

rớt đc trà sáo „hepphg „ đêm về
. vv d)",0.6772
104,80.jpg,nhất có lẽ là hương rừng 2 ở góc đường hai bà trưng - nguyễn đình,xkc (c1 (092g bang 2 2°g°° 1đâm hai ệ4 ta -12⁄4/⁄2%“ đau,0.6769
66,74.jpg,đào vàng bất hạnh phần phật trước ngọn gió từ hướng rừng thổi tới,". voä4 44⁄4 ph v22 tx vả ng iu: _m ân, -jás ti",0.6769
62,74.jpg,"thành công còn là hình ảnh một cậu bé bị dị tật ở chân, không bao",hn r s «ga \& 24 xe9á cỏ bè vị á¿ tt ý” „2h e bé,0.6769
133,65.jpg,"ông nói thêm : "" trước đây tp là trung tâm phân phối hàng hóa. nhưng trong","ôn, né doc. ""tu đây €ệ 0x 4u +6, đón aœx f«c //⁄1fñ7: 1oz-",0.6757
139,40.jpg,làm sụt giảm kinh tế tp. vậy nguyên nhân gốc từ đâu? viện trưởng viện kinh tế,(„„ <4 gềên th 1ø t7. . ma sex nt%xs g6 dc ác ? mix 1x5 mềc kh do,0.6753
113,29.jpg,thường được. từ nhỏ cậu đã nuôi ước mơ trở thành cầu thủ bóng đá. sau bao nỗ lực,"vi duc, ví v62 của ảz xu2, đc xở r8 + ‹® 42 phá. aa số la,",0.675
139,9.jpg,nghị quảng nam triển khai nhanh 10 dự án do ica đề xuất trong phát triển du lịch,"nd cảm tiew <ge1v ^xáoxw„ 10 àd có, ằo te^ đổ si đơn chát 4u âu 0e]",0.675
108,29.jpg,""" săn lùng "" pv qua điện thoại và đề nghị "" thông cảm "" ngay sau khi xảy ra sự việc","in 024 này 0 à0, 10 øoa vớ đ xi k5  g n4g sa kh: đ^u w uc",0.6747
139,59.jpg,tắc giao thông ở cửa ngõ thành phố. nhưng sau đó mới thấy đây là con đường nối liền,"đổ eo 462) 5 a2 số 4. phế này 0a xác t6 dạ, cơn dán số lo",0.6747
100,23.jpg,xảy ra ngay trong ngày khai mạc phiên tòa. đó là việc luật sư phạm hữu tình (bào chữa cho,"cố tu w4 ngớt, áche me, (lùa yôu . đố lò vài, đu ®- [w~ dw/ t24 (65 ch bu, cha",0.6742
98,43.jpg,"trước cửa văn phòng, tất cả đều lặng im, buồn bã.","a xước &ử, uốn phòng , ""61 5...",0.6735
70,10.jpg,đến khách sạn mua dâm nhưng ông phương lại không vào phòng đúng lúc,áếi vhàa seo móc 2n 2⁄24 ền px le m3 và 1a 2⁄44 14,0.6716
77,33.jpg,kênh tiêu thụ hàng hóa việt nam. công tác nvơnn sắp tới cũng sẽ chú,"2h hứa 198 h9 nơ va tem. . (29/14 ny2ni tuy tóc c1, tí 22x",0.6716
106,21.jpg,"tôi nói thiệt, dn sợ "" lót đường "" nên rất muốn vô thẳng phú hữu "".","tà sực hấ, sa ` lớt đều 5 sói kắ nước. số du ph đi!",0.6716
113,72.jpg,sự việc nói trên đã gây bất bình cho hàng trăm hộ dân có đất ở mua tại,"tứ vn xế bu dã. 00, (0 4à). la đo 1m à4 d8». có xấí ý vua.1e",0.6714
150,49.jpg,"về xây dựng năng lực ở những nơi có nhu cầu nước lớn nhất, huy động nhiều","s8' xá hy n«0j 2d ổ nhờ, có cˆ xúc cx ne¿. đốn ná-a_ 4⁄u «#1/ é^«2",0.6712
85,8.jpg,phó đại diện thường trú của chương trình phát triển liên hiệp quốc (undp),"(4 do ản tềm to, của, cua kh. mết tuổi lô 4œ ®86. (0mb)",0.6712
21,16.jpg,"ông trần du lịch : "" có khi chính tình hình kinh tế quý 1 giảm sút, chúng ta","ôs tạm d«llib:“c/ 0u 1a4 #0 221 4e quý j gio s4, 27x.",0.6711
8,94.jpg,"kể rằng trong gia đình, anh sơn là người thông minh và tài hoa nhất. hơn 30 năm","là nếu lau, gõ ^^, sử sa đã xá cầg nh v5 s0 đạc kiến độc 36 ng",0.6709
51,90.jpg,"tìm kiếm địa chỉ và liên lạc với chủ nhân những giấy tờ đã tìm được, mời người đến","và ycôu đò du về đó đọc ví du kho nà dõ, gót 15 gø”16)2 äxlởc, mỗi ngủ 3ý",0.6707
48,49.jpg,"(mỗi trận được tính làm 10 hồ - hiệp đấu, mỗi hồ 15 phút), cặp gà vẫn chưa phân thắng","[e7 vêy 220 @d_ 1xw 1ö kệ ~ án, 4, vũ đề. 4š le), cấp gx sến he (kè ty",0.6706
142,9.jpg,lại,œi,0.6667
129,15.jpg,lại,l,0.6667
137,92.jpg,phương,"ơn,",0.6667
142,31.jpg,bàn,bac,0.6667
61,46.jpg,lát,/á,0.6667
61,54.jpg,tay,vy,0.6667
142,21.jpg,gia,ni,0.6667
24,51.jpg,tài,tùa,0.6667
24,47.jpg,sơn,(ăn,0.6667
61,76.jpg,bên,bao,0.6667
100,87.jpg,lại,là,0.6667
24,46.jpg,lứa,l„,0.6667
100,94.jpg,ảnh,—h,0.6667
141,90.jpg,tạp,map,0.6667
34,7.jpg,nhà,n4,0.6667
67,91.jpg,lúc,lo,0.6667
67,76.jpg,nai,nv,0.6667
67,71.jpg,còn,c%^,0.6667
67,62.jpg,trí,tt.,0.6667
63,30.jpg,bao,"b„,",0.6667
67,92.jpg,mới,mm.,0.6667
98,76.jpg,tòa,đưa,0.6667
125,1.jpg,bán,an,0.6667
129,96.jpg,còn,zc©n,0.6667
22,51.jpg,yếu,vậu,0.6667
129,5.jpg,khi,h,0.6667
37,10.jpg,tại,t4,0.6667
67,96.jpg,nội,li,0.6667
24,83.jpg,bật,t,0.6667
24,13.jpg,bao,4o,0.6667
47,55.jpg,rứa,xưa,0.6667
47,53.jpg,các,c,0.6667
61,58.jpg,cứu,c4,0.6667
47,43.jpg,như,n2,0.6667
142,24.jpg,mai,ao,0.6667
37,15.jpg,bạc,wac,0.6667
63,14.jpg,tàu,tù,0.6667
47,99.jpg,báo,b4»,0.6667
47,100.jpg,một,-mót,0.6667
45,3.jpg,nào,/oo,0.6667
95,67.jpg,hữu,hi,0.6667
95,73.jpg,nan,n4,0.6667
95,75.jpg,mưu,mua,0.6667
141,21.jpg,đặc,2c,0.6667
11,14.jpg,vào,voòo,0.6667
11,30.jpg,"để công ty phủi bỏ mọi trách nhiệm sau đó. căng thẳng từng ngày, đói ăn,",„ câa ( phá be n 5⁄4 †ña „ hò. sau #éí/-. cong ơn tàu kh ấzñ 4,0.6667
66,16.jpg,nơi,môi,0.6667
30,95.jpg,cấp,cd,0.6667
30,98.jpg,tấn,t⁄⁄,0.6667
66,3.jpg,của,cc,0.6667
66,7.jpg,ích,h,0.6667
141,91.jpg,năm,n,0.6667
45,68.jpg,này,n«d,0.6667
45,70.jpg,ảnh,ah,0.6667
28,2.jpg,hải,hố,0.6667
28,12.jpg,một,m2,0.6667
29,16.jpg,năm,na,0.6667
11,38.jpg,năm,nan,0.6667
30,68.jpg,100% số người được hỏi đều cho biết hoàn toàn tán thành và sẵn sàng hợp tác,áoo a số người đaø 2 cc đan ln la tín c te > .,0.6667
136,18.jpg,lợi,lở,0.6667
136,28.jpg,mới,mét,0.6667
45,43.jpg,ban,b,0.6667
95,8.jpg,đêm,đừa,0.6667
34,23.jpg,máy,mếu,0.6667
34,67.jpg,con,cơ,0.6667
34,55.jpg,bày,là,0.6667
28,25.jpg,ông,ona,0.6667
28,29.jpg,bao,bz.o,0.6667
34,15.jpg,chủ,cu?,0.6667
47,92.jpg,khu,{cu,0.6667
47,94.jpg,bật,ba,0.6667
67,38.jpg,hợp,hò,0.6667
129,89.jpg,cắt,c„é,0.6667
3,1.jpg,lãi,l,0.6667
98,5.jpg,hơn,an,0.6667
47,61.jpg,phó,ple,0.6667
47,72.jpg,còn,cd,0.6667
47,77.jpg,yên,en,0.6667
47,78.jpg,tất,t6,0.6667
67,19.jpg,đổi,đ&,0.6667
67,51.jpg,bại,b«¿,0.6667
63,46.jpg,chỉ,cm,0.6667
63,64.jpg,vào,to,0.6667
45,19.jpg,anh,ch,0.6667
28,86.jpg,hợp,tập,0.6667
28,80.jpg,trương,ng,0.6667
28,77.jpg,một,w(t,0.6667
141,45.jpg,sắp,sx,0.6667
141,58.jpg,cái,c”,0.6667
105,93.jpg,kéo,k,0.6667
105,89.jpg,văn,vi,0.6667
67,26.jpg,xén,xe,0.6667
136,39.jpg,bám,bai,0.6667
106,79.jpg,quá,giá,0.6667
106,67.jpg,tên,t⁄4,0.6667
136,10.jpg,chủ,c0,0.6667
61,100.jpg,cáo,"c
đo",0.6667
45,26.jpg,tập,t2,0.6667
106,35.jpg,hợp,lop,0.6667
67,30.jpg,xảy,x⁄4,0.6667
136,48.jpg,địa,"đìa,",0.6667
68,87.jpg,vậy,v«),0.6667
108,37.jpg,tới,"tl
i",0.6667
123,88.jpg,"không việc làm, không nhà ở, không lương bổng, có người bị đói khát, bị tù tội... giờ đây,","cháy vẽ tà ma óc à kk⁄ẫm (nay key cố ngh bt đe bac bệ eà tệ -qử` đo,",0.6667
123,80.jpg,cực,œc,0.6667
110,10.jpg,nhờ,n2.,0.6667
125,89.jpg,hai,a~,0.6667
128,7.jpg,còn,caw,0.6667
98,95.jpg,địa,xa,0.6667
128,41.jpg,hai,ac,0.6667
44,81.jpg,tôi,zối,0.6667
68,80.jpg,phí,p,0.6667
123,6.jpg,học,loc,0.6667
123,3.jpg,chủ,cá,0.6667
68,91.jpg,"mặt bằng khu nghĩa địa để khi lũ về, bà con trong vùng không may qua đời có","vớ hưc kh, vjc da vn vế, bề coc hy ty á1e ve qua x4",0.6667
140,66.jpg,thị,tín,0.6667
145,51.jpg,kêu,k,0.6667
128,43.jpg,bot,bố],0.6667
125,32.jpg,mới,"⁄
mới",0.6667
125,28.jpg,dài,đi,0.6667
137,5.jpg,một,m\&,0.6667
142,93.jpg,tại,t⁄4,0.6667
142,83.jpg,bất,bồ},0.6667
142,82.jpg,cấp,cố,0.6667
33,82.jpg,vks,vớ^s,0.6667
128,73.jpg,cất,c&y,0.6667
137,22.jpg,lkn,clún,0.6667
44,35.jpg,thế,tác,0.6667
123,56.jpg,này,nai,0.6667
123,55.jpg,tin,5n,0.6667
99,4.jpg,mại,mo,0.6667
79,96.jpg,hạn,áon,0.6667
79,95.jpg,cho,c2,0.6667
137,39.jpg,đến,kế,0.6667
142,79.jpg,000,20,0.6667
128,72.jpg,đây,"zâ,",0.6667
128,27.jpg,như,nó,0.6667
44,52.jpg,này,nạ,0.6667
33,49.jpg,thu,tw,0.6667
99,94.jpg,đảo,đưa,0.6667
99,91.jpg,làm,l~4,0.6667
99,90.jpg,trở,t1,0.6667
99,69.jpg,tên,ta,0.6667
145,48.jpg,với,v,0.6667
35,40.jpg,với,cớ,0.6667
57,69.jpg,làm,la,0.6667
57,66.jpg,đến,ân,0.6667
40,21.jpg,bên,ba,0.6667
57,71.jpg,gồm,42m,0.6667
40,36.jpg,vẫn,cn,0.6667
40,34.jpg,sau,s2,0.6667
135,40.jpg,"hoàn trả vốn gốc và lãi là ngày 31 - 12 - 2004, công ty cấp nước tp được ủy quyền","án trẻ või q9 uề tăc đò _ 30-0-4064, ơn “há cc đi và 4⁄0",0.6667
99,66.jpg,mưu,cu,0.6667
135,12.jpg,nv3,ni,0.6667
52,93.jpg,còn,cơ,0.6667
145,17.jpg,vật,v41,0.6667
128,89.jpg,sai,at,0.6667
110,26.jpg,đào,đề,0.6667
68,82.jpg,nguyên,“gym,0.6667
140,63.jpg,xóm,"xom,",0.6667
18,29.jpg,lớn,tốn,0.6667
110,38.jpg,phó,đó,0.6667
18,17.jpg,mỗi,oi,0.6667
140,86.jpg,chủ,cc,0.6667
140,84.jpg,bắt,bè,0.6667
57,10.jpg,đến,cơn,0.6667
99,45.jpg,sụt,su,0.6667
99,25.jpg,tra,{*a,0.6667
123,18.jpg,vui,về,0.6667
123,16.jpg,đặc,đo,0.6667
18,26.jpg,một,môi,0.6667
24,90.jpg,lên,l,0.6667
22,82.jpg,cáo,cò,0.6667
22,71.jpg,anh,⁄^h,0.6667
22,93.jpg,khi,chỉ,0.6667
22,88.jpg,bao,b2,0.6667
105,34.jpg,này,hay,0.6667
98,33.jpg,tắc,"to,",0.6667
79,4.jpg,sới,số,0.6667
37,22.jpg,nghiện,ngfwa',0.6667
37,72.jpg,cầu,c2,0.6667
37,46.jpg,xin,x/⁄,0.6667
37,42.jpg,đầu,cu,0.6667
37,39.jpg,cho,các,0.6667
37,37.jpg,cho,cơ,0.6667
37,28.jpg,các,caí,0.6667
75,56.jpg,giá,g4,0.6667
98,27.jpg,tui,tủ,0.6667
141,84.jpg,bên,bi,0.6667
47,27.jpg,tôi,"tì,",0.6667
129,75.jpg,tìm,đm,0.6667
3,12.jpg,này,nu,0.6667
61,23.jpg,mòn,ơn,0.6667
61,13.jpg,000,0/0),0.6667
129,44.jpg,"bờ biển dài 3.260 km, từ quảng ninh đến kiên giang. như vậy cứ 100 km2 thì có 1 km bờ biển","67 hen đi 3.262 ân, â đuỉy ma đại án đc. m2 về 6 222262 647, “4/5 622",0.6667
129,43.jpg,tài,1ai,0.6667
105,8.jpg,nhà,nx,0.6667
3,35.jpg,của,cao,0.6667
114,25.jpg,tôi,to,0.6667
114,23.jpg,bất,ba,0.6667
114,83.jpg,tạp,đáp,0.6667
114,9.jpg,khí,nh,0.6667
98,97.jpg,tôi,tc,0.6667
66,33.jpg,campuchia,cowmpe« ca,0.6667
105,15.jpg,chi,cả,0.6667
3,72.jpg,môn,n,0.6667
125,86.jpg,cát,cố,0.6667
125,66.jpg,lực,l.,0.6667
108,10.jpg,hội,ai,0.6667
125,87.jpg,một,mới,0.6667
99,17.jpg,rồi,ra,0.6667
75,10.jpg,nv3,v 3,0.6667
40,100.jpg,cửa,cứu,0.6667
79,78.jpg,này,n«),0.6667
24,77.jpg,còn,cv,0.6667
79,71.jpg,cao,ccto,0.6667
79,70.jpg,cái,c4),0.6667
108,90.jpg,kho,áào,0.6667
137,60.jpg,trẻ,tuố,0.6667
137,59.jpg,anh,ch,0.6667
79,24.jpg,rào,ê=o,0.6667
75,19.jpg,tôi,to,0.6667
79,7.jpg,lớn,văn,0.6667
79,74.jpg,mới,má,0.6667
75,100.jpg,hôm,hi,0.6667
24,44.jpg,lại,lo,0.6667
24,24.jpg,đáp,z«p,0.6667
129,74.jpg,sau,hou,0.6667
129,65.jpg,vừa,vưx,0.6667
108,71.jpg,mấy,mu,0.6667
125,52.jpg,nhờ,nn,0.6667
79,29.jpg,ông,øn4,0.6667
108,48.jpg,lạc,laị,0.6667
137,80.jpg,chí,cá.,0.6667
142,63.jpg,máy,mí,0.6667
142,56.jpg,bảo,ro,0.6667
142,49.jpg,cậu,có,0.6667
142,47.jpg,đặc,đ&,0.6667
108,84.jpg,tại,tơ,0.6667
108,53.jpg,lại,bi,0.6667
108,49.jpg,còi,cc,0.6667
137,82.jpg,dài,đà,0.6667
76,24.jpg,cấp,cc,0.6667
14,60.jpg,khi,h,0.6667
14,53.jpg,100,410,0.6667
6,67.jpg,cho,c,0.6667
6,66.jpg,các,cơ c,0.6667
6,54.jpg,vào nét đăm chiêu và sự thinh lặng đầy buồn thảm của hàng chục công nhân,_ và2 ở dù về ^à ww #2 ớn dc thox. long tàvc cổng ho,0.6667
50,12.jpg,cây,cóu,0.6667
29,5.jpg,tết,tỉ,0.6667
53,64.jpg,xin,ơn,0.6667
53,57.jpg,nào,⁄o,0.6667
81,82.jpg,"những chú muỗi gầy có, béo có, nhỏ có, to có lần lượt lao vào ngọn",d(hưna chỉ xi an béc 6 62 «ro ¿ ~dox (5 vš ngạc,0.6667
134,56.jpg,câu,"cầu,",0.6667
134,52.jpg,vào,vd,0.6667
134,35.jpg,còn,cố,0.6667
134,27.jpg,lao,lá.,0.6667
134,15.jpg,vụn,vwun,0.6667
53,42.jpg,tây,tan,0.6667
73,29.jpg,làm,(ơm,0.6667
73,23.jpg,bao,da o,0.6667
73,57.jpg,một,m3,0.6667
73,55.jpg,vậy,vn,0.6667
146,71.jpg,trí,tl,0.6667
2,41.jpg,vật,vox,0.6667
26,89.jpg,đầu,đ,0.6667
76,27.jpg,như,„nh,0.6667
2,63.jpg,làm,l„,0.6667
14,20.jpg,tại,dai,0.6667
14,18.jpg,150,45,0.6667
14,17.jpg,máy,mé4,0.6667
69,55.jpg,các,"⁄
các",0.6667
116,79.jpg,địa,ca,0.6667
81,25.jpg,tục,duc,0.6667
14,89.jpg,bọn,ơn,0.6667
2,68.jpg,hẹn,an,0.6667
118,43.jpg,phê,p2,0.6667
53,20.jpg,năm,na,0.6667
50,94.jpg,lớp,12p,0.6667
50,47.jpg,khu,k⁄,0.6667
50,43.jpg,chi,cụ,0.6667
50,38.jpg,vẫn,—n,0.6667
50,65.jpg,anh,án,0.6667
127,29.jpg,còn,(6n,0.6667
134,84.jpg,còn,cc,0.6667
134,77.jpg,", như lời thủ tướng phan văn khải là "" vô cảm "" của cán bộ quản lý nhà nước",j no ⁄ lp tưới ban v⁄⁄4 (⁄2⁄ ` ố s cớ cai v 7⁄22 “⁄ ø⁄2-„¿,0.6667
134,88.jpg,hợp,đơp,0.6667
118,20.jpg,một,mà,0.6667
118,76.jpg,cam,caanm,0.6667
118,64.jpg,mâm,com,0.6667
58,95.jpg,cao,capd,0.6667
58,79.jpg,hai,h,0.6667
88,86.jpg,tội,"t
&",0.6667
127,26.jpg,lại,lw,0.6667
6,72.jpg,một,m1,0.6667
26,37.jpg,làm,ấẩm,0.6667
26,29.jpg,thu,fu,0.6667
138,25.jpg,nơi,nó,0.6667
118,97.jpg,môn,mm},0.6667
60,19.jpg,tâm,xm,0.6667
118,51.jpg,còn,co,0.6667
118,48.jpg,cho,cl,0.6667
134,64.jpg,chuyên,ch«sf,0.6667
81,50.jpg,kim,kè„,0.6667
81,93.jpg,vào,vab,0.6667
81,57.jpg,mới,má;,0.6667
81,22.jpg,đặt,đz⁄,0.6667
81,17.jpg,mặt,mái,0.6667
26,67.jpg,đất,đã,0.6667
2,84.jpg,ông,7n,0.6667
73,9.jpg,bán,lon,0.6667
76,64.jpg,một,mới,0.6667
109,20.jpg,nữa,dưa,0.6667
109,19.jpg,thu,tín,0.6667
109,69.jpg,mấy,max,0.6667
2,25.jpg,con,cơ,0.6667
69,87.jpg,tác,ta,0.6667
124,20.jpg,cấp,(cáp,0.6667
116,85.jpg,cột,@t,0.6667
124,7.jpg,nhà,h,0.6667
109,96.jpg,với,v0,0.6667
14,70.jpg,đón,đá,0.6667
14,22.jpg,thể,tu,0.6667
76,62.jpg,gần,đền,0.6667
121,5.jpg,tâm,đám,0.6667
48,40.jpg,tội,tớ,0.6667
48,2.jpg,lộc,l6„,0.6667
124,16.jpg,thủ,nh,0.6667
69,79.jpg,hiv,prv,0.6667
138,37.jpg,vào,no,0.6667
127,79.jpg,nhà,nhờ.,0.6667
127,75.jpg,đến,[en,0.6667
127,91.jpg,nói,nế,0.6667
69,64.jpg,bác,"bí,",0.6667
69,62.jpg,làm,l.,0.6667
2,8.jpg,một,mo,0.6667
13,92.jpg,mưa quá lớn.,4. que zsx .,0.6667
146,84.jpg,cơn,ca,0.6667
146,78.jpg,còn,cm,0.6667
32,47.jpg,hcm,+ch,0.6667
69,9.jpg,lâu,l,0.6667
69,8.jpg,môi,mm,0.6667
32,89.jpg,thứ,hn,0.6667
76,45.jpg,đơn,løn,0.6667
76,41.jpg,kết,xt,0.6667
2,5.jpg,nói,hới,0.6667
150,17.jpg,lạc,ílec,0.6667
54,92.jpg,cho,cáoo,0.6667
121,25.jpg,cho,cc.,0.6667
48,14.jpg,câu,c^a,0.6667
48,12.jpg,mọi,mơ,0.6667
48,9.jpg,phí,há,0.6667
80,91.jpg,vào,vj¡o,0.6667
48,1.jpg,còn,c4,0.6667
134,1.jpg,hạn,án,0.6667
138,96.jpg,lúc,l:,0.6667
127,41.jpg,nhu,na,0.6667
138,10.jpg,này,na,0.6667
127,56.jpg,cưa,cc,0.6667
138,36.jpg,tra,tr«&,0.6667
32,12.jpg,cho,_o,0.6667
32,5.jpg,món,wớn,0.6667
134,5.jpg,qua,qđ-,0.6667
48,67.jpg,con,cơ.,0.6667
48,63.jpg,bán,bø,0.6667
124,15.jpg,coi,cờ,0.6667
80,44.jpg,nhỏ,ch,0.6667
1,4.jpg,tôi,tv,0.6667
1,15.jpg,rồi,nồ,0.6667
80,62.jpg,anh,wn,0.6667
48,92.jpg,thế,tả,0.6667
150,1.jpg,học,køc,0.6667
2,4.jpg,mặt,mi,0.6667
48,22.jpg,vào,vab,0.6667
1,89.jpg,gắn,gøá,0.6667
1,85.jpg,vừa,ưa,0.6667
150,33.jpg,một,wàt,0.6667
150,30.jpg,hai,hevi,0.6667
1,59.jpg,hơn,dn,0.6667
150,3.jpg,con,cố,0.6667
109,45.jpg,600,0),0.6667
88,32.jpg,phê,p,0.6667
51,88.jpg,cầm,cao,0.6667
11,59.jpg,tụi,joi,0.6667
30,23.jpg,tạo,tez,0.6667
30,22.jpg,khi,kàm,0.6667
30,9.jpg,nguyễn,nyt`,0.6667
29,98.jpg,lại,ái,0.6667
58,32.jpg,một,mù,0.6667
102,50.jpg,đây,đầu,0.6667
102,9.jpg,bay,box,0.6667
88,25.jpg,tui,tác,0.6667
11,51.jpg,đây là lần đầu tiên các nhà thực hiện và lập chính sách ở các nước,"6a ifef:¬ tt. tín “ đc {8k /“à . ấp ch, s0 ở (< adéc",0.6667
11,46.jpg,hạn,ho,0.6667
11,45.jpg,mắt,m1,0.6667
30,55.jpg,tâm,1m,0.6667
30,50.jpg,cậu,c2,0.6667
29,94.jpg,khi,klư,0.6667
132,89.jpg,một,mb,0.6667
132,47.jpg,vật,vä,0.6667
50,100.jpg,vào,vos,0.6667
11,94.jpg,đêm,cụm,0.6667
11,91.jpg,khi,ch,0.6667
28,1.jpg,vận,uàn,0.6667
42,81.jpg,chỉ,ch)?,0.6667
42,72.jpg,lập,l,0.6667
51,73.jpg,quá,4u,0.6667
45,84.jpg,đàm,đc,0.6667
42,69.jpg,một,mò1,0.6667
42,12.jpg,dân,du,0.6667
88,10.jpg,tôi,ts,0.6667
133,58.jpg,còn,"cøn,",0.6667
133,55.jpg,thể,tc.,0.6667
133,48.jpg,một,mớ+,0.6667
133,47.jpg,hiv,wv,0.6667
42,61.jpg,nơi,na,0.6667
70,100.jpg,ngọ,naø,0.6667
133,87.jpg,trả,tố,0.6667
30,47.jpg,máy,ymáu,0.6667
147,36.jpg,lập,lạt,0.6667
147,35.jpg,thể,he,0.6667
147,37.jpg,nai,nà,0.6667
70,43.jpg,cơn,cớ,0.6667
11,72.jpg,cậu,cäu›,0.6667
106,28.jpg,chỉ,cmw,0.6667
106,27.jpg,vật,vzä,0.6667
29,86.jpg,cấp,có,0.6667
66,29.jpg,cấp,cố,0.6667
11,2.jpg,đẩy,đau,0.6667
63,99.jpg,đâu,tu,0.6667
66,50.jpg,đan,2n,0.6667
66,37.jpg,bọn,éøn,0.6667
70,28.jpg,nếu,đầu,0.6667
11,66.jpg,mặt,m1,0.6667
28,51.jpg,tay,tý,0.6667
28,49.jpg,sau,so,0.6667
28,45.jpg,qua,q#,0.6667
45,55.jpg,vừa,na,0.6667
70,21.jpg,lên,án,0.6667
136,91.jpg,nộp,”p,0.6667
136,86.jpg,trường,trà,0.6667
145,88.jpg,là ngay tại sea games tới. nhóm giải pháp cuối cùng chú trọng tới các,á& 424 +⁄4 .;....1 1. n4 j'^ on c1 công chứ thong xý ở e4,0.6667
100,29.jpg,tâm,ta,0.6667
100,13.jpg,qua,ga,0.6667
100,32.jpg,chi,cu,0.6667
147,8.jpg,văn,v⁄w,0.6667
147,2.jpg,câu,cc,0.6667
34,94.jpg,như,nng,0.6667
28,54.jpg,qua,qwu^,0.6667
29,33.jpg,ban,lpan,0.6667
136,83.jpg,hơn,—n,0.6667
88,57.jpg,xây,xx,0.6667
42,2.jpg,lên,ly,0.6667
88,66.jpg,dài,dœ,0.6667
9,81.jpg,học,ác,0.6667
6,5.jpg,thu phí tạm tại phía bắc đầu cầu bình triệu 2 (phường hiệp bình,"c [tí em đái đác b zâu cóc em cm 2 ta ø it, 9n p",0.6667
102,93.jpg,vào,v2,0.6667
102,91.jpg,cho,cáa,0.6667
51,15.jpg,khi,kl:,0.6667
50,75.jpg,chủ,cv,0.6667
118,27.jpg,này,nø4,0.6667
60,42.jpg,bếp,áp,0.6667
102,43.jpg,với,v4“,0.6667
6,37.jpg,như,nñ hư,0.6667
6,32.jpg,khoảng,áluàng,0.6667
9,74.jpg,phí,p .,0.6667
9,70.jpg,học,lớc,0.6667
50,78.jpg,chương,chớ,0.6667
9,25.jpg,bao,ñoo,0.6667
138,87.jpg,bạn,bơm,0.6667
127,40.jpg,nam,vaơm,0.6667
88,98.jpg,gấp,#4p,0.6667
88,96.jpg,ngờ,nz2,0.6667
81,79.jpg,còn,com,0.6667
81,77.jpg,gia,qua,0.6667
81,72.jpg,này,may,0.6667
60,62.jpg,còn,tơn,0.6667
58,92.jpg,đến,tín,0.6667
58,89.jpg,chỉ,cc,0.6667
58,59.jpg,lán,an,0.6667
26,3.jpg,lưu,l,0.6667
118,49.jpg,đới,kói,0.6667
60,72.jpg,như,ni,0.6667
60,66.jpg,tôi,tờ,0.6667
60,63.jpg,ccv,co,0.6667
81,70.jpg,chế,phá,0.6667
133,8.jpg,ông,"ˆ
ng",0.6667
51,61.jpg,sâu,áäu,0.6667
147,67.jpg,khu,k,0.6667
147,62.jpg,báo,ba,0.6667
147,55.jpg,sài,sg,0.6667
118,18.jpg,vết,v2!,0.6667
118,15.jpg,đầu,lu,0.6667
6,51.jpg,anh,ch,0.6667
132,3.jpg,hẹn,lạn,0.6667
102,63.jpg,lao,ko,0.6667
133,4.jpg,lộc,;c,0.6667
133,2.jpg,dân,dư,0.6667
133,1.jpg,đặc,ảđac,0.6667
102,70.jpg,bản,b^4,0.6667
133,21.jpg,đau,ñaa,0.6667
88,61.jpg,tật,te4,0.6667
132,10.jpg,giữ,gà,0.6667
6,50.jpg,tỏa,tt.,0.6667
9,100.jpg,tác,íac,0.6667
50,62.jpg,cầu,cá,0.6667
58,49.jpg,nên,9n,0.6667
58,39.jpg,chi,các,0.6667
58,34.png,một ngọn gió dữ dội băng qua khu rừng già.,một nơc d6 lại bă xỉ to,0.6667
58,14.jpg,lúc,l,0.6667
6,98.jpg,cầu,co,0.6667
133,10.jpg,xây,x4,0.6667
60,78.jpg,chi,"có,",0.6667
147,69.jpg,cho,cố,0.6667
60,86.jpg,vào,no,0.6667
60,80.jpg,chỉ,c\,0.6667
147,34.jpg,vậy,v64,0.6667
147,21.jpg,xin,xe,0.6667
42,24.jpg,lợi,la,0.6667
42,17.jpg,nai,na ‹,0.6667
6,92.jpg,chuyển,ch,0.6667
139,88.jpg,quả,q1,0.6667
139,7.jpg,bao,(4o,0.6667
5,33.jpg,khi,zh,0.6667
139,14.jpg,nên,rưn,0.6667
131,15.jpg,nam,va,0.6667
89,14.jpg,tòa,tt,0.6667
131,29.jpg,vịt,vị ÿ,0.6667
65,65.jpg,cho,cá,0.6667
111,21.jpg,hcm,trcm,0.6667
89,51.jpg,ngờ,na,0.6667
20,71.jpg,chi,cún,0.6667
59,56.jpg,"thành công ấy, liệu có mấy người đạt được?",thờ côy 4 về <1 nốj nhh 2d 2n ?,0.6667
20,84.jpg,thu,tú,0.6667
82,97.jpg,lan,1law,0.6667
5,29.jpg,cho,so,0.6667
5,7.jpg,mặt,mưa,0.6667
71,23.jpg,hcm,n“m,0.6667
119,91.jpg,km2,m3,0.6667
119,88.jpg,ông,ô%,0.6667
119,79.jpg,cao,(àao,0.6667
144,50.jpg,bếp,b«š,0.6667
126,27.jpg,mưa,mu,0.6667
126,20.jpg,cấp,cân,0.6667
126,19.jpg,vấp,vậy,0.6667
89,88.jpg,con,cơ,0.6667
144,13.jpg,sơn,(6n,0.6667
144,70.jpg,kia,k&,0.6667
139,44.jpg,sơn,sở,0.6667
113,80.jpg,kêu,đu,0.6667
89,70.jpg,còn,cơ,0.6667
113,97.jpg,làm,mm,0.6667
113,91.jpg,kết,k“k,0.6667
89,35.jpg,đặt,đz1,0.6667
126,18.jpg,lập,l,0.6667
139,84.jpg,báo,bò,0.6667
139,70.jpg,chuyên,cu,0.6667
126,68.jpg,khu,(hư,0.6667
139,63.jpg,thứ,hạ,0.6667
59,90.jpg,"kinh tế tp quý 1 - 2004 giảm sút để từ đó đưa ra được những giải pháp khắc phục trong quý 2. trước đó,","laj 1//“ˆt quƒ {~ 200, giên x4 đỉ 4i đ ân xe duy nếm 1t nó 4441 ác an 222 65 0t,",0.6667
59,86.jpg,nghiệp,ng ho,0.6667
16,56.jpg,vậy,vớ,0.6667
36,55.jpg,lại,lò,0.6667
25,2.jpg,vực,vú,0.6667
74,55.jpg,xao,x⁄,0.6667
74,78.jpg,cục,ứxc,0.6667
74,67.jpg,đạo,#zo,0.6667
31,39.jpg,chủ,cơ,0.6667
31,57.jpg,còn,cc,0.6667
31,43.jpg,chị,c,0.6667
31,66.jpg,cực,co,0.6667
23,35.jpg,thường,tư,0.6667
36,45.jpg,chuyên,cho,0.6667
71,75.jpg,hcm,tam,0.6667
71,70.jpg,một,mời,0.6667
71,68.jpg,đất,#ấ,0.6667
71,54.jpg,bọn,bow,0.6667
23,80.jpg,đức,đw,0.6667
126,10.jpg,tây,tu,0.6667
89,80.jpg,lao,#o,0.6667
126,96.jpg,phú,p“,0.6667
10,70.jpg,vào,v3,0.6667
10,69.jpg,lập,tp,0.6667
10,68.jpg,nghiệp,n ép,0.6667
111,2.jpg,con,cùũn,0.6667
10,83.jpg,rồi,hi,0.6667
20,29.jpg,mai,mơ,0.6667
20,59.jpg,đến,on,0.6667
126,58.jpg,khi,km,0.6667
36,96.jpg,800,0o,0.6667
10,2.jpg,xin,xới,0.6667
111,93.jpg,bao,/ac,0.6667
111,83.jpg,mua,v⁄a,0.6667
94,79.jpg,thì,tu,0.6667
77,63.jpg,sơn,<ơp,0.6667
77,52.jpg,lại,la,0.6667
56,58.jpg,đưa,đủ,0.6667
119,93.jpg,vật,vá,0.6667
131,81.jpg,một,mà,0.6667
131,77.jpg,anh,a,0.6667
82,10.jpg,chuyển,uy,0.6667
82,8.jpg,giá,ai,0.6667
82,27.jpg,còn,cown,0.6667
82,21.jpg,bêtông,bc. &g,0.6667
82,19.jpg,báo,ác,0.6667
82,17.jpg,ngơ,nở,0.6667
56,44.jpg,cho,cc.,0.6667
38,87.jpg,dankia,ù«kza,0.6667
38,84.jpg,thu,nh,0.6667
38,82.jpg,tôi,đới,0.6667
39,65.jpg,vực,và,0.6667
87,64.jpg,phú,0h,0.6667
56,22.jpg,một,mò,0.6667
62,11.jpg,đảm,điim,0.6667
10,6.jpg,cứu,cú,0.6667
148,77.jpg,"trong đó có 2 quần đảo hoàng sa, trường sa và 2.577 đảo lớn,","cc xw c~ 9 j3 cc xyezn ẹ, hn —ạ uä 2.c77 àở` cc .",0.6667
77,46.jpg,thị,tế:,0.6667
94,47.jpg,này,n2à2,0.6667
94,6.jpg,43h,35h,0.6667
112,56.jpg,200,25,0.6667
112,50.jpg,nay,ng,0.6667
112,33.jpg,hội,ti,0.6667
112,23.jpg,cho,cá,0.6667
148,81.jpg,bàn,b¿à,0.6667
82,52.jpg,thì,tín,0.6667
94,17.jpg,bạn,ứøn,0.6667
94,35.jpg,qui,gu,0.6667
131,51.jpg,nhỏ,hả,0.6667
119,39.jpg,lớn,lu,0.6667
139,35.jpg,hội,mi,0.6667
82,78.jpg,hội,đài,0.6667
82,16.jpg,hải,hà,0.6667
82,63.jpg,các,cf,0.6667
82,90.jpg,toi,tl.,0.6667
82,87.jpg,trường,(sung,0.6667
38,12.jpg,trí,“r,0.6667
38,8.jpg,rẫy,koy,0.6667
10,32.jpg,bảy,b2u,0.6667
10,29.jpg,tốt,số,0.6667
131,31.jpg,nói,wó,0.6667
82,72.jpg,pin,p ñ,0.6667
94,80.jpg,ông,na,0.6667
56,90.jpg,anh,a„b,0.6667
5,87.jpg,khoảng,"hoà,",0.6667
5,60.jpg,với,va,0.6667
5,40.jpg,đối,đ,0.6667
38,35.jpg,quá,q4,0.6667
38,28.jpg,bàn,2à,0.6667
82,56.jpg,tán,kn,0.6667
20,99.jpg,đến,đời,0.6667
119,50.jpg,km2,“m,0.6667
111,59.jpg,thử,th/ˆ,0.6667
112,2.jpg,chở,cò,0.6667
111,71.jpg,chú,cc,0.6667
111,61.jpg,bạc,bế,0.6667
10,46.jpg,lấy,đy,0.6667
10,37.jpg,con,coøl,0.6667
10,36.jpg,làm,am,0.6667
38,44.jpg,km2,42,0.6667
121,7.jpg,của,co,0.6667
101,61.jpg,các,cóe,0.6667
101,57.jpg,đổi,òi,0.6667
101,53.jpg,chu,có,0.6667
121,58.jpg,nhỏ,kh,0.6667
54,13.jpg,tục,t uc,0.6667
54,8.jpg,đây,đo,0.6667
78,52.jpg,máy,vá,0.6667
92,50.jpg,chế,"chị,",0.6667
92,45.jpg,văn,ấn,0.6667
92,41.jpg,đất,đo,0.6667
92,28.jpg,cho,eo,0.6667
90,16.jpg,lấy,là,0.6667
90,15.jpg,"37 tuổi, cùng bảy người khác đi lặn thuê trong biển phan thiết.","a2 (5 ¡9m f=s nước ti d‹ tên 1h tre hn the,",0.6667
117,78.jpg,cảm,can,0.6667
130,63.jpg,một,vớt,0.6667
78,94.jpg,trì,tt“,0.6667
78,88.jpg,câu,cơ,0.6667
96,69.jpg,xui,xaa,0.6667
96,67.jpg,cáo,cò,0.6667
96,51.jpg,đến,đa,0.6667
83,89.jpg,che,cá.,0.6667
90,56.jpg,đạo,zao,0.6667
117,10.jpg,chuyển,cua,0.6667
25,95.jpg,tôi,tổ,0.6667
83,93.jpg,chở,cho“,0.6667
74,44.jpg,mặc,ma,0.6667
92,87.jpg,đêm,m,0.6667
96,32.jpg,nên,ném,0.6667
96,4.jpg,chuồng,cho,0.6667
25,74.jpg,chờ,cl-,0.6667
92,80.jpg,đảo,22o,0.6667
92,73.jpg,cầu,c,0.6667
83,95.jpg,tôi,mi,0.6667
80,71.jpg,thủ,nh,0.6667
32,62.jpg,nhà,n,0.6667
116,65.jpg,bút,lúc,0.6667
116,59.jpg,hội,ki,0.6667
116,54.jpg,anh,ank„,0.6667
116,51.jpg,xin,xa,0.6667
116,42.jpg,cái,ca,0.6667
49,6.jpg,lao,áo,0.6667
13,10.jpg,tạn,t\^n,0.6667
150,20.jpg,qui,ni,0.6667
1,22.jpg,xem,kex,0.6667
150,28.jpg,này,ni,0.6667
80,7.jpg,chứ,chu/,0.6667
80,76.jpg,ước,đc,0.6667
150,56.jpg,vẫy,vớ,0.6667
124,92.jpg,tra,{r^,0.6667
32,15.jpg,bia,b.,0.6667
101,91.jpg,các,"í
các",0.6667
101,19.jpg,sát,s4,0.6667
101,13.jpg,khó,k ˆ,0.6667
101,10.jpg,bất,tt,0.6667
124,8.jpg,của,các,0.6667
13,60.jpg,quả,q2,0.6667
13,23.jpg,ảnh,vn,0.6667
150,79.jpg,đây,đầu,0.6667
14,2.jpg,vốn,và,0.6667
76,91.jpg,bạc,b4,0.6667
124,32.jpg,ccv,cứ v,0.6667
32,42.jpg,với,sớc,0.6667
32,24.jpg,000,08),0.6667
32,17.jpg,các,czcc,0.6667
69,29.jpg,lời,l,0.6667
69,12.jpg,này,ngư,0.6667
116,14.jpg,đến,_n,0.6667
76,96.jpg,quả,gua,0.6667
16,95.jpg,ông,ín4,0.6667
16,89.jpg,tra,tơ,0.6667
36,39.jpg,khi,k;,0.6667
121,69.jpg,thì,hn,0.6667
54,18.jpg,này,n^ù,0.6667
78,59.jpg,khi,k“,0.6667
78,82.jpg,săn,án,0.6667
78,90.jpg,vào,mgo,0.6667
117,33.jpg,lại,lò¿,0.6667
90,38.jpg,nội,nà!,0.6667
31,73.jpg,ngã,na.,0.6667
36,64.jpg,cây,ca,0.6667
36,59.jpg,kêu,ki,0.6667
25,13.jpg,các,cc.,0.6667
96,89.jpg,với,vy,0.6667
96,88.jpg,000,ồ0ò,0.6667
78,30.jpg,chí,cu,0.6667
78,51.jpg,tôi,to,0.6667
78,48.jpg,vậy,v4,0.6667
78,36.jpg,lại,bi,0.6667
113,19.jpg,che,cíð,0.6667
113,14.jpg,sai,s,0.6667
31,11.jpg,mặt,mxí,0.6667
126,6.jpg,các,0c,0.6667
16,50.jpg,vào,v42,0.6667
20,6.jpg,trở,“hở,0.6667
113,34.jpg,hội,li,0.6667
113,33.jpg,vẫn,ưẩn,0.6667
89,96.jpg,kém,k7,0.6667
113,62.jpg,xác,xe,0.6667
23,77.jpg,thì,t2,0.6667
23,73.jpg,sạn,an,0.6667
23,63.jpg,các,co:,0.6667
20,11.jpg,bạn,b¿a,0.6667
16,60.jpg,nan,wen,0.6667
101,32.jpg,con,(ơn,0.6667
49,49.jpg,này,nex,0.6667
49,40.jpg,lỗi,lc,0.6667
130,48.jpg,mấy,mša,0.6667
130,46.jpg,văn,v4,0.6667
96,78.jpg,đêm,đà,0.6667
25,44.jpg,hơn,lun,0.6667
36,43.jpg,đầu,đa,0.6667
54,73.jpg,địa,đo,0.6667
54,41.jpg,tại,t4,0.6667
121,66.jpg,lộc,l&,0.6667
130,79.jpg,mùi,m l,0.6667
101,78.jpg,văn,on,0.6667
130,21.jpg,mại,m2,0.6667
130,13.jpg,cây,c%,0.6667
130,8.jpg,góp,9gp,0.6667
54,27.jpg,làm,đàn,0.6667
117,15.jpg,vậy,vui,0.6667
83,79.jpg,khổ,ch.,0.6667
83,76.jpg,cha,ah,0.6667
90,86.jpg,còn,cơm,0.6667
90,72.jpg,bên,kèn,0.6667
83,45.jpg,tục,ýơc,0.6667
83,39.jpg,kịp,ép,0.6667
74,93.jpg,mọi,rơi,0.6667
101,44.jpg,chuyện,cu»,0.6667
23,83.jpg,lên,ấn,0.6667
49,21.jpg,chi,cá,0.6667
83,64.jpg,mỗi,m&,0.6667
117,21.jpg,bắc,bo,0.6667
117,20.jpg,cái,c⁄a,0.6667
117,16.jpg,xem,x^^,0.6667
101,72.jpg,cho,cá,0.6667
130,97.jpg,hợp,jep,0.6667
31,65.jpg,huy,up,0.6667
107,25.jpg,bất,cát,0.6667
120,71.jpg,100,j0p,0.6667
120,69.jpg,vậy,vu,0.6667
120,68.jpg,dân,b n,0.6667
85,58.jpg,ngà,n4^,0.6667
41,25.jpg,lãm,0m,0.6667
19,92.jpg,sau,tu,0.6667
38,69.jpg,cho,eo,0.6667
8,7.jpg,đdv,du,0.6667
8,6.jpg,327,12,0.6667
8,5.jpg,cưa,vva,0.6667
43,87.jpg,nhà,n,0.6667
7,39.jpg,phờ,ghš,0.6667
143,46.jpg,thế,t1,0.6667
143,36.jpg,gần,"c
n",0.6667
21,7.jpg,bớt,bồ?,0.6667
19,75.jpg,làm,l,0.6667
21,47.jpg,xin,xw—,0.6667
85,36.jpg,chỉ,c7,0.6667
12,16.jpg,nhà,n{2,0.6667
12,8.jpg,phi,pa,0.6667
12,7.jpg,lần,í„n,0.6667
85,12.jpg,chỉ,cá,0.6667
85,6.jpg,giờ,g2,0.6667
84,6.jpg,đảo,xo,0.6667
35,59.jpg,đời,ai,0.6667
12,46.jpg,như,cư,0.6667
143,88.jpg,đai,đo,0.6667
143,6.jpg,trường,tôn,0.6667
143,3.jpg,như,ni,0.6667
85,17.jpg,cho,c6,0.6667
120,62.jpg,thi,t,0.6667
43,77.jpg,tại,ta,0.6667
143,59.jpg,đẹp,đ,0.6667
72,60.jpg,tra,t&,0.6667
19,59.jpg,thể,th;ˆ,0.6667
4,87.jpg,đen,đ&w,0.6667
4,83.jpg,phí,pác,0.6667
8,52.jpg,này,ngờ,0.6667
43,24.jpg,làm,(am,0.6667
43,37.jpg,đời,dội,0.6667
41,8.jpg,đào,ko,0.6667
64,96.jpg,quý,đu,0.6667
149,86.jpg,vào,v0,0.6667
107,67.jpg,phi,pm,0.6667
85,94.jpg,ông,đag,0.6667
107,91.jpg,cấp,cớ,0.6667
107,88.jpg,cấp,cxó,0.6667
120,39.jpg,phó,p^,0.6667
120,14.jpg,chúng tôi cầu cứu các nơi nhưng đều tuyệt vọng. kuala lumpur ngày thứ 39. cuộc,na có 5 xn đề 1/1 vợ. adda lee. ngài ti 57 duc.,0.6667
55,3.jpg,tin,-rn,0.6667
21,26.jpg,nhỏ,n,0.6667
21,20.jpg,mặt,mạ,0.6667
64,7.jpg,vực,đục,0.6667
64,6.jpg,nữa,^ka,0.6667
7,87.jpg,chi,cả.,0.6667
7,85.jpg,tác,"⁄
ác",0.6667
7,84.jpg,một,mô],0.6667
65,22.jpg,một,m2,0.6667
72,66.jpg,hải,ai,0.6667
115,80.jpg,như,nd,0.6667
55,97.jpg,chương,chùa,0.6667
55,96.jpg,chú,c,0.6667
55,95.jpg,bàn,ấbơn,0.6667
55,89.jpg,như,nm,0.6667
55,64.jpg,đảo,ao,0.6667
55,53.jpg,tôi,si,0.6667
149,50.jpg,các,0c,0.6667
65,42.jpg,tan,teơn,0.6667
35,3.jpg,gái,goú,0.6667
103,68.jpg,gần,jän,0.6667
68,64.jpg,con,cơ,0.6667
68,55.jpg,đạo,4o,0.6667
68,54.jpg,cày,c2,0.6667
124,26.jpg,cái,co“,0.6667
65,64.jpg,khoảng,kh,0.6667
21,49.jpg,thợ,tá,0.6667
115,63.jpg,nặc,"ná,",0.6667
115,53.jpg,cho,áo,0.6667
12,23.jpg,bất,b9í,0.6667
12,19.jpg,đất,dạt,0.6667
35,64.jpg,đăm,cm,0.6667
52,28.jpg,lặn,|«n,0.6667
52,43.jpg,thu,tw,0.6667
52,38.jpg,gia,gœ,0.6667
65,74.jpg,hiv,vi v,0.6667
145,81.jpg,thu,tw,0.6667
52,88.jpg,một,mới,0.6667
52,79.jpg,tạm,2m,0.6667
145,89.jpg,lều,là,0.6667
140,45.jpg,cho,cứ,0.6667
140,30.jpg,bảy,k«y,0.6667
110,86.jpg,giá,gø,0.6667
35,11.jpg,tôi,t>›,0.6667
68,34.jpg,đây,đau,0.6667
68,25.jpg,chỗ,ckỳ,0.6667
57,1.jpg,nhá,nn,0.6667
145,40.jpg,báo,bo9,0.6667
145,20.jpg,tin,tuc,0.6667
135,38.jpg,nhỏ,ha,0.6667
35,13.jpg,cấp,cáó,0.6667
35,12.png,lần,làn.,0.6667
110,83.jpg,ông,"ơng,",0.6667
65,94.jpg,lấy,li,0.6667
57,84.jpg,phố,nh,0.6667
21,45.jpg,câu,c.,0.6667
21,58.jpg,giờ,g\d,0.6667
72,36.jpg,xây,xđj,0.6667
52,15.jpg,với,v4;,0.6667
52,12.jpg,chi,ii,0.6667
135,20.jpg,gia,ki,0.6667
135,89.jpg,một,mwmt,0.6667
149,100.jpg,ngà,n«,0.6667
143,55.jpg,nam,pưam,0.6667
143,54.jpg,hội,li,0.6667
143,70.jpg,tới,t,0.6667
143,68.jpg,đâu,ä⁄u,0.6667
18,78.jpg,len,con,0.6667
18,81.jpg,bắt,ớt,0.6667
52,6.jpg,sau,s,0.6667
135,14.jpg,khí,hn,0.6667
52,51.jpg,với,cớ,0.6667
115,90.jpg,ông,ân,0.6667
115,85.jpg,đến,n,0.6667
12,83.jpg,lại,lo.,0.6667
18,54.jpg,bán,ba“,0.6667
18,45.jpg,tin,tua,0.6667
18,44.jpg,bàn,ba,0.6667
65,96.jpg,kết,kợ,0.6667
140,58.jpg,hcm,mckm,0.6667
140,27.jpg,như,ni,0.6667
140,19.jpg,lưu,la,0.6667
68,2.jpg,các,cc_,0.6667
35,2.jpg,mục,wac,0.6667
115,21.jpg,tôi,"t6,",0.6667
65,89.jpg,khu,lu,0.6667
40,8.jpg,đến,đe,0.6667
140,59.jpg,vài,và ý,0.6667
148,24.jpg,chủ,cà,0.6667
148,15.jpg,đâu,đua,0.6667
91,53.jpg,lao,l,0.6667
93,32.jpg,xưa,x,0.6667
104,37.jpg,bão,ko,0.6667
104,54.jpg,mệt,-t,0.6667
122,49.jpg,hợp,fớp,0.6667
120,10.jpg,cập,tếp,0.6667
122,39.jpg,đạo,2o,0.6667
122,66.jpg,địa,đ4&,0.6667
122,65.jpg,bây,báu,0.6667
17,19.jpg,đất,đạƒ,0.6667
56,20.jpg,giờ,g2`,0.6667
131,98.jpg,đẩy,đứ,0.6667
87,86.jpg,kim,k)^,0.6667
87,81.jpg,nơi,“nơ,0.6667
122,43.jpg,tôi,te,0.6667
39,30.jpg,năm,nợ,0.6667
62,67.jpg,đời,đ,0.6667
62,63.jpg,cao,cơ.,0.6667
97,9.jpg,sơn,đến,0.6667
148,95.jpg,thì,tỳ,0.6667
148,92.jpg,qua,ta,0.6667
148,91.jpg,đến,1n,0.6667
17,93.jpg,con,cơ,0.6667
46,41.jpg,một,at,0.6667
46,40.jpg,cái,cc,0.6667
46,39.jpg,bảo,ko,0.6667
46,29.jpg,vay,v⁄4,0.6667
46,94.jpg,cục,calc,0.6667
46,48.jpg,bắc,6c,0.6667
97,82.jpg,này,nax,0.6667
62,69.jpg,tàu,t†z,0.6667
148,88.jpg,"vất vả lắm duy mới cho biết : "" vào đến đây thì địa chất ổn định hơn nên",v4 vẻ («4 d6 si hé (^ v6 đố 6 cu kẽ nh st t0 ng,0.6667
122,81.jpg,khoảng,aho2m,0.6667
112,46.jpg,hợp,xp,0.6667
17,2.jpg,phú,pw,0.6667
119,23.jpg,tội,đi,0.6667
119,13.jpg,quả,au,0.6667
56,94.jpg,văn,un,0.6667
56,93.jpg,với,và,0.6667
27,83.jpg,anh,a,0.6667
87,49.jpg,lực,là,0.6667
87,46.jpg,xin,"t
xin",0.6667
122,76.jpg,như,ni.,0.6667
122,70.jpg,nam,nnmw,0.6667
112,78.jpg,lại,(ai,0.6667
122,90.jpg,tấc,t1,0.6667
122,86.jpg,các,c,0.6667
38,76.jpg,góp,ép,0.6667
87,61.jpg,cậu,co,0.6667
87,43.jpg,cho,ah,0.6667
77,1.jpg,nhà,ni,0.6667
17,67.jpg,trường,1ylởng,0.6667
17,60.jpg,dài,đà!,0.6667
122,51.jpg,300,0),0.6667
87,16.jpg,trở,tô,0.6667
87,33.jpg,nên,nơ,0.6667
87,30.jpg,ghi,g,0.6667
122,82.jpg,như,n4,0.6667
94,75.jpg,sau,àaa,0.6667
87,98.jpg,nhà,kh,0.6667
93,16.jpg,kịp,v^p,0.6667
93,3.jpg,đảo,áo,0.6667
93,20.jpg,bây,bó,0.6667
91,86.jpg,"phí tạm tại phía bắc đầu cầu bình triệu 2 (phường hiệp bình chánh,","dv⁄ to 4 v4 mê d8 @ bè t4, 2 chư đập bè đd,",0.6667
91,76.jpg,đắp,đu,0.6667
27,70.jpg,địa,da,0.6667
87,26.jpg,trở,tp,0.6667
4,45.jpg,sút,s.,0.6667
4,43.jpg,cấp,ch,0.6667
149,9.jpg,cầu,cc,0.6667
55,76.jpg,tôi,t9,0.6667
15,74.jpg,con,cơ.,0.6667
15,70.jpg,bào,lo,0.6667
15,68.jpg,bảo,bà.,0.6667
38,90.jpg,máu,m,0.6667
15,87.jpg,tận,đun,0.6667
84,71.jpg,đầu,đề,0.6667
149,28.jpg,mỗi,mắc,0.6667
107,57.jpg,thì,tc,0.6667
15,94.jpg,giá,gé,0.6667
84,100.jpg,này,nai,0.6667
46,88.jpg,sắp,số,0.6667
46,76.jpg,cho,cc,0.6667
15,64.jpg,thu,tí,0.6667
64,69.jpg,lái,là,0.6667
15,61.jpg,qui,đut,0.6667
107,24.jpg,này,"nu,",0.6667
64,95.jpg,bãi,bú,0.6667
55,35.jpg,phú,pa',0.6667
4,91.jpg,tục,tư,0.6667
4,63.jpg,cho,ko,0.6667
4,62.jpg,lặn,[an,0.6667
4,50.jpg,cầu,cœ,0.6667
4,54.jpg,bập,b&,0.6667
41,88.jpg,phú,há,0.6667
4,15.jpg,nghiên,wi«n,0.6667
41,96.jpg,heo,to,0.6667
84,67.jpg,hay,na,0.6667
43,36.jpg,sao,ơœo,0.6667
8,15.jpg,thương,vườn,0.6667
8,13.jpg,đến,xịn,0.6667
4,58.jpg,tại,tọa,0.6667
93,76.jpg,nhẹ,h,0.6667
86,100.jpg,đẩy,đa,0.6667
86,87.jpg,một,mớ,0.6667
97,36.jpg,đưa,dư,0.6667
97,33.jpg,một,mô,0.6667
62,99.jpg,thì,tí,0.6667
8,86.jpg,trí,tu.,0.6667
86,10.jpg,tại,t4,0.6667
46,18.jpg,với,vn,0.6667
104,28.jpg,tắc,c,0.6667
104,22.jpg,phí,nhỉ,0.6667
148,85.jpg,còn,cv,0.6667
62,56.jpg,vào,vœ,0.6667
148,58.jpg,đến,"đớn,",0.6667
39,26.jpg,lớn,lba,0.6667
39,2.jpg,cho,eo,0.6667
43,22.jpg,thủ,đủ,0.6667
122,24.jpg,bày,bầ/,0.6667
122,10.jpg,chị,cửa,0.6667
17,85.jpg,này,no,0.6667
17,77.jpg,lao,{4o,0.6667
17,46.jpg,trẻ,"tœ,",0.6667
4,2.jpg,mấy,me,0.6667
15,23.jpg,gài,ge,0.6667
15,2.jpg,cứu,cáú,0.6667
93,85.jpg,gái,g^,0.6667
84,81.jpg,cầu,cc,0.6667
27,6.jpg,văn,an,0.6667
8,46.jpg,sau,bu,0.6667
8,45.jpg,cấp,"c
6",0.6667
97,6.jpg,nền,nơ,0.6667
104,15.jpg,tác,[ac,0.6667
93,60.jpg,khoáng,ko,0.6667
93,87.jpg,làm,la.,0.6667
84,99.jpg,tôi,toc,0.6667
85,23.jpg,cao thật đấy. nhưng cao mà làm gì khi nv1 lấy tới hai bảy phẩy năm? đó thật ra không phải,"co „nang co v5 lầm @ đc n4 19/2h đœ bổ gu, năm ?ð) đi 4¿ v5 giệc,",0.6629
21,27.jpg,quyết toán thuế. sở tài chính làm không nổi. tôi nghĩ giải quyết được hết. không ai,"yết n4 4h. số đc ch bài lo, xế 162 mác gi xuná khai, ló4., áo",0.6627
119,45.jpg,"tôi dừng lại hỏi về tình hình bãi vàng. "" nhà vĩnh biệt "". bên chiếc lều bạt mới",^^ xớ ảun xi ki về dinh tì bố mộ vớt bớt cớ đc ất bẳ số,0.6625
135,94.jpg,17 lao động trở về từ malaysia vì không có việc làm. tại công ty thương mại xuất,"l3 đao đêm, bố x6 + malw ae vị k6ð„, e6 cức lầu _toi ca to",0.6625
38,72.jpg,"người phụ trách phẫu thuật giám định - cũng không cầm được xúc động : "" dù có",v~2k) ủi {hd +r⁄4h ph +u& q ấm th - c«xi (2n cœ xe ví ⁄ềm) cc,0.6623
122,42.jpg,đang lặn thì máy nén khí bị hỏng. năm phút sau thấy bay thợ nổi lên nhưng anh,"de đán thế nếy nói 4iú kc. hém « mến phá xe †l6á #ey-ba ngỉ ®^ nhóm cuá,",0.6623
103,24.jpg,"mới quyết tâm cải cách thủ tục hành chính, buộc bộ máy hành chính phải chuyển","vai an tả cá « tuế lục kế, chó ) b@ hệ mí nơ, 2a do",0.6623
101,45.jpg,"chạy "" - ông bình nói. bí thư thành ủy nguyễn minh triết : "" anh là phó","chu, sgp mể nó bí ều ta v mguyi: huệ 1e2. ""66 4z 2",0.662
108,60.jpg,"dài chừng 600 m, trong đó mái trại "" định mệnh "" này đã bị đẩy đi","ân c00ng 2n, en) xe ấn tín óc ý né để @ #7 4",0.6615
122,63.jpg,ngân hàng dữ liệu giá thuốc (giá thuốc cùng loại ở nước trong khu,hoøm lòng d2 442a dì š t26( q14 được cm 1m 8 năk trna 44,0.6615
71,4.jpg,a5 thi công lại vào cuối tháng 3 - 2004? * vụ sai phạm công trình,"an 2ri uy dụ bấo «6t tế à- 20h 2 xe so lẹo «9g-hel,",0.6615
118,62.jpg,tôi chưa kịp hình dung ông sẽ làm gì với cheo lưới này thì ông,"gò chu đúp add, cháy s4 @ mu qẽ và đáo ảg, nó ác ôá",0.6613
139,64.jpg,"cuộc sống vẫn chào đón họ với nv2, nv3. quan trọng là họ đã","cuse xố, sm đu àýy ^< ð«x: v9, iv... dusw đe lề 1 <4",0.661
61,39.jpg,"ông cho rằng trong quí tới chỉ cần triển khai hai, ba trong 16 chương trình này cũng tạo","bég éo mày tương quí 4ó chc cao tu, 20, kè ao 44 duốy, đ©ä «ơ «224",0.6591
3,56.jpg,"ông tuấn anh nói : "" lỗi không của riêng ai, đây là rủi ro trong làm ăn công ty chỉ kiểm","ốa 2u s6 ảnh xớ. 668 #7 cudl nồng cả, đen, gà củ ý an zâm ch cðm, m cụ tan",0.6591
115,46.jpg,"đã mừng rỡ vẫy : "" có nè... "". anh móc trong túi áo ra ba chứng minh nhân dân :",‡% nà ng kh __ †ếơng hái đề ca kế. chua mn nhón 2x2:,0.6582
58,83.jpg,"nghe chị nguyễn thị tuyết mai, trưởng khoa cấp cứu ngoại viện (ccnv), phân tích","xậy 2 uy pt: tajf m«, hinh ct _ gia vì đ^ (ccmv) ( +",0.6582
40,75.jpg,tỉnh ủy cũng nhất trí với ý kiến của vks về việc tách phần liên quan đến vụ mua,tủ vị b khỉ vớ ý (k vàk£ vÿ x® §⁄ p@ 2h quên ốc n5 ^,0.6582
81,4.jpg,còn vô số câu chuyện thú vị như vậy. đó là khi một anh cán bộ kêu thốt lên ngạc,"có x29 ca, du xu vi yv1 xấu „ bổ eœ ki vớt ok ew⁄ý 62 vấö 2h6ý đ3 ngàc",0.6582
20,38.jpg,"hoàn tất, đó là giấy chứng nhận quyền sử dụng đất, còn gọi là sổ đỏ, đã được","là, kết  ấứ ác gà ốp nấu quã 4 dua z6 cà dụ lệ 47, 4ñ án",0.6579
29,39.jpg,"đdv kim chi xách theo vali cấp cứu, đdv huệ đem chiếc băng ca đẩy vào nhà","00v eèn có xé. 2ĩu ch co 2e, 90v ki ch 0á loa sẽ. độ, và s6",0.6575
102,78.jpg,còn đủ sức bám vào thang dây lần nữa... khi đã được về tĩnh dưỡng tại nhà,"bén  44© kon 06 là mấi... th để duậc ở lê, lớn hụ sửa",0.6575
107,35.jpg,"nào thưa ông? - nghị quyết lần này đã nêu ra bốn nhóm giải pháp, trong đó","w2 do. 90, \ — niek quế 12*^ 5 _ 6œ b#ð nh#na 226i phép ¡“tron",0.6575
36,44.jpg,"hằng nhấn mạnh. về phòng chống tội phạm ma túy, trong ba năm qua số người",an4nh về ppn¿ cñnø d 1⁄4 tạna w km6 í4 nan va sẽ mm,0.6575
92,91.jpg,"trên tuyến đường kỳ đồng cát rơi vãi khắp nơi, dây điện thoại đứt, dãy","đu đua ôn kế bè 64 với x5 kiếp sợi đâu đều 6c 1á, kà",0.6571
128,9.jpg,có khí hậu biển là vùng nhiệt đới tạo điều kiện cho sinh vật biển phát,"0ý am am, mới đề sua nh đốc áao chốc đa cho xe. af bhối ch é",0.6571
82,2.jpg,chở sắt thép cứ nhơi nhơi cuống thép dài ngoằng chực quất vào kẻ khác.,"c\7 6í ý có nế nh cán ý6, đồ hờ đài duy và ..",0.6571
2,96.jpg,đâu. vks nhân dân tỉnh đã có động thái nào khi lộ ra việc ông,"_ k2 2, âu k0 dây ái và tá l$ sa vô na",0.6557
5,30.jpg,"cuộc hành trình gian khổ malaysia "" với chữ ký cùng địa chỉ, số hộ chiếu của 17 / 61","cc ah +cw⁄añ quen về"" maloaso. tp mk kà ø6 đa, ch, 6© 46 cư 4/44",0.6548
80,5.jpg,"không có sự hợp tác, tin cậy..., mệt mỏi từ hai phía "". không tiền bạc, sức khỏe vơi","gây øï a4 lá to, th cá. —.„ mới xui ý ếu neá ^ ka hot kế, ad kh ca",0.6548
146,12.jpg,"tấn nước mắm, cả chục hầm nuôi cá, hiện có trên 600.000","tl. 5 5... các xa w cố, #®a có ti côo.ơưð",0.6545
91,61.jpg,vks nhân dân tỉnh đã có động thái nào khi lộ ra việc ông phương cùng ba đối tượng,vk$ là võ di ví đệ tá te mi li đệ tế c6 sự may øà4 b đố tam,0.6543
7,44.jpg,"bị công ty biến thành những người bất hợp pháp. quả thật, chúng tôi đang","6 cấy & bí 22 đây go kế họ phá - quê xi, củ & du,",0.6528
15,53.jpg,"lối đi đã được bà con trong xóm tới trồng hoa kiểng, thắp nhang trước","[52 xỉ để ke bầ có xua xó ká đây áo áo, hoo nhi 1",0.6522
71,21.jpg,cũng trở thành dễ chịu.,"có céi thèk 2ÿ của,",0.6522
48,64.jpg,""" bọn tôi dồn sức chuyển xác ra, giờ trong bãi chẳng còn ai. phải hơn 10 người mới chuyển","“box {⁄ vớ ak _ xox no e1 long hon cơ nn : phoi, hạ 40 w 1à, mở duuø",0.6517
126,52.jpg,"một tiếng nữa là chim về tổ hết "". lúc này, xung quanh khu vực săn","c0y kề nổ na ki lk«c nói, xuaa quolc khec vớ xóh",0.6515
50,36.jpg,theo từng tuyến hàng đi. tối 1 - 4 chúng tôi có mặt tại quốc lộ 51,"us böv ty ba lì . tế 1 đa, tôí øf một tu ạ2 8%",0.6515
96,53.jpg,"vào trung tâm tp hcm. trong văn bản gửi ubnd tp.hcm, sở giao thông","v0 tu tà ttftp yiccm. ế màn l „ wiðmệị tp.⁄m , _ c; lùa",0.6515
75,62.jpg,hội nghị quốc tế và mở các tour du lịch làng nghề truyền thống.,"12x a0 ạq«œ' tê vớ mở w¿ đoljv, dđ„. _ 0nh tăng ngm 2uuu5 4h.",0.6508
125,82.jpg,"trong khu nghĩa địa có căn nhà mát để người đến thăm mộ, đắp mộ","""[äons van xa anh cơ (dh xà@ mát đ mavè tố mô „ clip mi",0.6508
71,88.jpg,"tiếp đến sự nghiệp bảo vệ nền độc lập dân tộc và xây dựng chủ nghĩa xã hội, có liên","y đói cà nukếp kế xe nồi 4u (để kỳ về vế, kg chỉ, ngố võ lộ  é án",0.6506
29,28.jpg,""" bọn tôi dồn sức chuyển xác ra, giờ trong bãi chẳng còn ai. phải hơn 10 người mới chuyển được một xác.","""bơi 1ởi ảo sóc đai xét my #ìố bài dư ởa v. hà: ở a0 ngẩi xxấ ph 2k. ""81 x",0.6505
123,49.jpg,không quên của họ...,x55 cửa đo...,0.65
134,19.jpg,"phan thế minh hùng cho biết hồi tháng 10 - 2003 vừa qua, đến","pháa thứ mà 1y dã lớp kä the ú- tại âu, g«c, 12c",0.65
120,60.jpg,""" mối ruột "", những người bán hàng rong, sửa xe, thu lượm là những cộng tác viên","„ su vui .. ni ngoài /2 va on va ' qủa xe, {+ka in li mo có ko in",0.65
69,96.jpg,"mất, tìm kiếm địa chỉ và liên lạc với chủ nhân những giấy tờ đã tìm được, mời","mí , tử on có đi và „c v⁄- co nh nh ð⁄š #2 d% xử ở",0.6494
76,74.jpg,"hãy thông cảm vì lúc đó anh em run và mất bình tĩnh. sau đó, trên chiếc honda",hi 4l^) cản 2. đố 42l on. v0 me böp. chỉ. su ân. dc. á'£/ roda_,0.6494
102,46.jpg,"ông hà văn dũng, giám đốc sở giao thông công chánh, đề nghị đưa vào chương","ông ø//⁄5 na ø5, . 4 pc đrao “1⁄4 cong ¿á^xớ, t42  m uđo ng",0.6486
111,18.jpg,ông còn vận động để người bạn thân là trần văn trọng đang sống ở quận bình,"x4 cờ vôa le , cố mø lu tế, đc trái vc tre hy 60 èquxa bài.",0.6486
139,34.jpg,"giảm nghèo nông thôn "". các trường hợp nghiên cứu này sẽ được trình bày",a(. mp s— rg @ó  xưồng đóp nghiên s0 cấu ~« dây 3ð. bều,0.6479
82,96.jpg,"địa này : - chú thấy đó, xung quanh nghĩa địa các lối đi đã được bà con","lạ ng .- cl/ 1y &, x1 je« j~ đa cớ kc h 1“ xe là",0.6479
12,53.jpg,"bờ biển dài 3.260 km, từ quảng ninh đến kiên giang. như vậy cứ 100 km2 thì có km bờ biển","® lối đề 5 262 lu nở guờn, te đố liệu giojg nẵo hổ sứ 2o at ơ> ở  ô 16}",0.6477
98,35.jpg,"chưa có lãi. bên cạnh đó, còn rất nhiều khách hàng chưa được đáp ứng","cac ở í. 6@& g4 , cøš đ né pc đen va tàn đọ cá,",0.6471
44,98.jpg,"văn phòng ngân hàng thế giới (wb) tại vn cho biết từ ngày 25 - 27 / 3, tại thượng hải",am pèng eo” 062w 'ýœ (w8) toc vn œ¿ 6 tã 25- 22 (0% 2v hà,0.6471
34,63.jpg,""" tội nghiệp, họ toàn là người miền bắc... "" - một chủ quán ở đầu thị trấn nói khi","""tế vi, ^2 bế l viên bá tế „1 vội d2 quế. 0 2á, “0 ki số kh:",0.6463
23,94.jpg,phó viện trưởng nguyễn thành phương được phân công phụ trách lĩnh,"[p2 viế, vui ngoyõ (ơn p dê đức po có px hến đủ",0.6462
8,3.jpg,người dân từ thành phố qui nhơn (bình định) và huyện sông cầu (phú yên) đã được,4k dứa. lệ xoh n8“ gai n1 (0à 99l ] cò uy. hồ) gửy (b6 y2 ) á¿ đưrc,0.6456
121,29.jpg,"của lũ tại đô thị cổ hội an, chương trình quản lý đô thị cổ hội an, quản lý khu",củu 1c + để vc el bài #)n ¡ chdàn 4 4c ogda đí 660 46( gỉ hi an ; „hú,0.6456
127,30.jpg,dân nghèo xứ này không phải lo khi chết đi để khổ cho con cháu,dđộu mắ tứ nà hòa thác áo ;a đã 0 ái đó có đó -,0.6452
24,26.jpg,"cơ quan điều tra sẽ làm tới nơi tới chốn, không để "" chìm xuồng ""! theo ông, vì sao bốn người","eä qen ảvà 3m sỹ \s5 a8 nh li d2. khn để đến xổg 1 đá sự, «to kế sử",0.6452
72,72.jpg,khiến các nhà đầu tư... nản lòng khi gia nhập thị trường ở tp là : đất không,"ti _ các đc <4. ` nan â đnz /& ti nhấp” tuày vtp=. ứ la,",0.6447
31,18.jpg,"báo tìm người trên báo, anh chàng lại đọc cả những thông báo tìm giấy tờ,","lao 4ù nao ⁄2ð 365 › avh chon ấá tc cở /(uùm ađơng “có tưn 24,",0.6438
126,7.jpg,và nhà nước đã ban hành nhiều chính sách về vận động nvơnn cũng như nhiều,về ni nwc chế “gv w~ (ah vt vấn đâu mvơnh œ5 c _,0.6438
137,97.jpg,"dâm mà chỉ có ba đối tượng đi mua dâm? "". đặc biệt, trong vụ án đang được",2kxx mx duệ cì bố đố: nàế ác móc đàn tt dđ. bạ th và 4ó na làn,0.6438
145,71.jpg,"vn "". vì không nằm trong danh sách những người được công ty đưa về, khủng hoảng và kiệt","yn”"" vˆ k4 nằm ơn hu „{ nàn «ớt đc 2 đó ) hd đón) x x#",0.6437
98,56.jpg,"qui định theo giới tính, lứa tuổi... chú năm châu, thành viên ban quản","0t b p già xu  áa uc... đu hi đa , xi vừa hoa quên",0.6429
140,71.jpg,rất khác so với thời điểm ban hành những chính sách trước đây. nếu như,»đxt 1⁄2 ^© o8 xo ea be 4 không đy1 x tước đâu n4,0.6429
86,68.jpg,nghiệp & phát triển nông thôn) dự báo khu vực tây nguyên và nam bộ có khả năng sẽ,"„ynín và gfd xuẩi, xữm añân) 4d gõ 44 vức tôi ngun va nam, 48 ⁄ đ6¿ xứ ¿>",0.642
39,41.jpg,sụt giảm kinh tế tp. vậy nguyên nhân gốc từ đâu? viện trưởng viện kinh tế trần du,"ð⁄4 1a. kp xơ tp, vệ) ngưye. ko gốc <9 46? 2e -0aky và. k„ât2xkz> nụ",0.642
105,83.jpg,"trong việc mời các chuyên gia tham gia các dự án, các chương trình,","ímm vừc an ủv vớ ong đc 4w {ãw ca ch . s1 chương rồi,",0.6418
109,2.jpg,"niên - người thoát chết trong gang tấc - vẫn chưa hết bàng hoàng kể lại : "" lúc đó khoảng",ki na xà +khất i x §2⁄4 4 - v8 øhưa. mỹ bang hø8⁄4 & ẩa lu đó áluởn,0.6404
120,44.jpg,thương lại bắt đầu hú lên. chiếc xe lại phải len lỏi qua những ngả đường để,"tưởng áoi 4k “đâu, âu độn. (l2 tt 1c gai án qua — vý 2lšu 4”",0.64
57,91.jpg,"lao động tiếp tục bị bán tứ tán. các ông chủ chặn xe chở lao động vn giành nhau người,","kế dâu tiếp te lị lá lí tối ó¿ đi áo án v đó le vn p2 4é. «2,",0.6395
12,86.jpg,"cho biết khoa gồm 12 bs, 22 đdv, sáu lái xe với 10 xe cấp cứu","j-o biøl bƒ=c gz&` 423 923®pv, 4 tez x về: “2e exp",0.6393
87,73.jpg,"ngả sang màu... đen cháy. nhưng nhìn mâm cơm, mẹ vẫn cười. bởi vì hai bố",s. .  ⁄x đe ch4u ` nhưn ch w^ cm ; w< ưww ø0 s ớt he: k“,0.6389
1,97.jpg,"nhiều gia đình trong số họ đã dắt díu nhau đi đâu, chính anh đại bây giờ",mác gi chhh z \ọng xô áo cek2? jaxt ck_nhàủù ch zcu chính ah tư báu 4®,0.6389
122,100.jpg,"hay đó là cách nói khác của từ thành đạt, nghĩa là có được một cuộc sống giàu sang,",ty đó #2 se nó kho” se tả thui zẹt ghế 0è éí xe t i5,0.6386
138,93.jpg,"rồi mới xin ra ngoài đó, các anh cứ tin tui đi "". vậy là xã đành cho đỗi mặc sức mà","rếc kỉ xen in ngoái #ù 2<⁄4 «(` du, lu j, 9. và, œ xe 2\„ 9 2c ©⁄. wc",0.6386
33,7.jpg,"trong năm nay, chi hội sẽ thực hiện một số kế hoạch làm từ","vương ưn s cái bố sc nác mô, mộc a9 ˆ 2ˆ 4eoce, đà ta",0.6379
83,60.jpg,"làm? có lẽ do cơ quan điều tra thấy chứng cứ chưa rõ, chưa","9. ca quan. à⁄4à k^ 1i, chi, c2 ch. rà, «^^",0.6379
91,93.jpg,"để thanh toán cho bên thi công khi vốn ngân sách chưa kịp cấp phát "".","đô xo tin chó kà m6 câu, âm cố ( ngô ac. đc. an đế prớt",0.6377
136,93.jpg,nước ta giáp với biển đông ở hai phía đông và nam. vùng biển việt nam,"nó ýà giá, vết hóc bôa 84 6x4 nhá bộ về na. mở tre n8 moo",0.6377
26,12.jpg,"xuồng ""! theo ông, vì sao bốn người cùng rủ nhau đi đến khách sạn mua","vớ”! tóe 6, vế sxn lề ngòĩ cm rẻ mai dị ý ao ợơng",0.6377
68,65.jpg,nhưng bà con vẫn có nhu cầu rất lớn về nắm các thông tin trong nước. báo điện tử,"na, là cv vớ œ của xát bá về nà _ ki +#w «uy, na . bố “äxâ lẻ",0.6375
16,76.jpg,"quĩ hỗ trợ phát triển cho tp vay 500 tỉ đồng với lãi suất 7,5% / năm để triển",@uĩ ⁄ # 6t an cíc tí 024 tp nỉ hớm với cớn (g 17 7. /nam,0.6364
36,85.jpg,"đống phế liệu. họ vẫn lau sạch từng vết bẩn, vẫn lưu giữ cẩn thận.","đấụ đề đu. lò và u «6 dây ví ví đu gử củ ta,",0.6364
135,28.jpg,"xã đào viên, huyện quế võ (bắc ninh) nhắn tin rằng : "" sao các con","xa  kớ, auu ko gqu2^ vế (cc bí nai) vo ra ; ao 6£ eo",0.6364
53,51.jpg,"các chương trình của địa phương như làm cầu, đường giao thông nông","- vn nh cá t0 alc, nh g cô ¡ ảohs qao nh nên",0.6364
48,3.jpg,"như hong kong và campuchia "". thanh tra bộ y tế cũng kiến nghị bộ y tế sắp xếp lại","no ni caepw co, ! tô anh an bộ 3c cố khá ndld: là ý-ð“ số, xá âu",0.6341
146,82.jpg,"bờ biển dài 3.260 km, từ quảng ninh đến kiên giang. như vậy cứ 100 km2 thì có 1 km","b kuá, đà. 5 960 ke, (2 @àumo dáí kh đang lều số, só 0k 1h 1m",0.6341
80,55.jpg,gà thường bắt cược những con gà mà họ nắm vững được lai lịch,q& j2 bi eaớc vu ®~jä «^ năm vàng đước lè ket.,0.6333
35,99.jpg,"bờ biển dài 3.260 km, từ quảng ninh đến kiên giang. như vậy cứ 100 km2 thì có 1 km bờ biển","6 by đối 3.9 60 km, tử quần mày, kắn etøn quay, - ni với ø3 4.00 veer2 —.",0.6333
48,26.jpg,công ty không ai dòm ngó. hồ văn trương không có tiền thanh toán viện phí không,ca w khô km nậo . hˆ v⁄aa tm kho ^^ an/ ch. vữa ph áz4h),0.6329
66,27.jpg,chưa thể dùng làm chứng cứ điều tra. do vậy cơ quan điều tra đã phải,"chả 1á"" duầ (^ cu cá” dữ, 3. dò v⁄4u cả gx #%ù 1a để chó",0.6324
126,84.jpg,"ông quả quyết rằng nếu đây là sự thật thì ông sẽ ra làng, xã làm đơn","ông cx~e qua acthe wö đệ /c> ad 10a a” ống xểể jàc hùng, xử kè. đến",0.6324
66,15.jpg,nước hoặc tiếp tục ở lại làm việc trong điều kiện khốn cùng như thế.,nước ke tiết 16c š ko tò viế anou ... 55 đòa zêa vệ,0.6324
149,10.jpg,"trường ở tp là : đất không sẵn sàng, giá đất cao, chi phí đầu tư cao","ưn tp l&: lý khẩy t2⁄đ j ạx xé 2, các phí #021 i _",0.6324
17,89.png,"dạy trẻ như ấp trứng. có trứng gà, trứng vịt, trứng chim sẻ, chim sâu. rồi có khi là trứng đà điểu. dù bạn ấp bằng cách nào cũng cần đủ ngày đủ giờ, đủ nhiệt độ. muốn nhanh cũng không thể đâu ạ","6 tưng gờ. bưưng vị,
hướng cháy à, chim a0.
đai có kíu lại táng dã điều
cu li sn lông cách. mào
\ lát đề. cluøn,nhanì
p các k lon 1⁄4 được dàu ở",0.6321
114,44.jpg,khoán (đối tượng dùng cưa xăng cưa cánh tay trái của hải ngày 15 - 3 - 2004),kế ø< ( p t«øng in cm xen c«n8 ~“⁄œy fø) c«c ##⁄⁄ n 7% /e- 2-49),0.6316
61,61.jpg,một phần biển đông.,t= ev2% ki xông .,0.6316
89,97.png,điện thoại hết pin.,1 l ậ „ cọ hết pin...,0.6316
51,97.jpg,"hứa giải quyết về trước tết, lại làm việc và sống cầm hơi như cũ. ngày 2 - 1 - 2004,","„4 qiet qua về acodé xơ, 1o¿ adam e2 1n đới xử củ. now, =2 ~ 4 “400,",0.631
12,33.jpg,"quý trung, ở cùng xã ia me, chư prông, gia lai, vào khu vực rừng dốc tứ ở","62 t4 _ ng va 1am+  cdu2 pron4 6c vs 4u, việc rang si cc",0.6301
3,40.jpg,"nướng với nhiều tên gọi khác nhau như nam bộ, tây nam bộ, miền tây... đây","hả2«4 ” vv 1e ạ khá? chao nhj max — táp men b®, xứ t _° k",0.6301
31,4.jpg,"quận 7 để giảm 25% lượng xe tải vào tp. ông thông tin : "" nhà nước chỉ cần hỗ trợ","quế 7 4ể giá: 2f2 ta xe +2 «t2, ân 2ù o , (iết nếc ôn @?4d",0.6296
44,49.jpg,"lợi, phát triển ngành biển.","la, vi xin mở. bến",0.6296
67,88.jpg,"chở sắt cây dài cộng thêm một chiếc xe cơ giới). ra tới tazon, bình thuận, anh mới than :","đ s3 2ä 0m ồn vớt <4/62 x2. cỏ gốc). 0a 46 t„se, bê. the, 2m vôi 30a",0.6292
19,69.jpg,", châu á với châu âu, châu úc với trung đông. giao lưu quốc tế","cs x cá á, _ l _ trang đ2g. (3œ €~„ quøt +cˆ",0.629
119,77.jpg,được đề cập đầu tiên là vấn đề trọng dụng nhân tài. chúng ta biết rằng,2u22 àể đọ à8à 4> 1° vấá đề 202m em mến đầu. chấn 4e bié: thơ,0.6286
125,54.jpg,"trong quá trình phát triển vừa qua, các dn sản xuất không qua hệ thống","đơng, gu à2ớấ 1⁄4 ảxic) 422 q2 „ các dnn y 2% 262 que áo 42g",0.6286
78,20.jpg,"tranh thủ "" xin hđxx cho "" phát biểu vài lời "", cho hay ông về bộ tháng 10 - 1997, khi","6 ko 4n cò hðbxx do “nu biếi vớ lỗ c5, 2u ảo ôn về h2 2bu4s (0-1333 ch",0.6279
107,6.jpg,"của các kỳ thi, và cũng là bản chất của thành công.",to c2 kí và của l6 kế cá. áê ềh còa -,0.6275
18,95.jpg,có hiệu quả cuộc vận động xây dựng chỉnh đốn đảng theo tinh,"có adù, gục tuổ (ấy đốm, xé, dâu, cíaá, 2í kôg 0o n4",0.6271
49,11.jpg,"chúi xuống, cố gượng dậy được. chỉ một phút sau tôi đã nhận","d«⁄2 xuôny, c6 quán đề do. chủ? ni, lwak xec tc để thâu,",0.6271
121,81.jpg,cho 85% dân số vào năm 2010 và cho 100% dân số vào năm 2020,eo 65 - clo^ s ưcb hàm 2040 cả co 1oo c can. ecˆ 2/6 ywn 2400,0.6271
35,60.jpg,rên hừ hừ. đdv huệ an ủi và lấy y cụ bó thật chặt vòng bụng,rên hà hồ . đọv tế ăn ỏ cơ 8 g cø là ác,0.6271
141,16.jpg,"khách, đi bộ hàng chục kilômet, qua hàng rào cảnh sát các nước, may","xnal„, ẩ( bị key, chục k4, 2m. 102 to cm. vác có muếu | mau,",0.6269
88,18.jpg,"một thanh niên mặc đồ dân phòng chờ sẵn nơi đầu hẻm đón chúng tôi. xe dừng,","kg] 1e cơn mác đệ đây phốa cỗ xée với se ảòu 4m 2b chu - x2 đâu,",0.6267
91,10.jpg,"nghe thật não nùng nhưng những người khâm liệm vẫn tiếp tục công việc, công nhân",gglc hết nếí sờ hấg nấy ngà hên lo với siý 752 c0 độ cấy sáo,0.625
74,85.jpg,các dự án có vốn đầu tư nước ngoài. rà soát lại chương trình hội,có đó cố vấi xê #4 nước o@. đa (6 le 0/⁄/n) 206 46,0.625
22,18.jpg,bàn để tiếp tục.,"ban d2 sa zmc.,",0.625
115,39.jpg,bờ biển (trung bình của thế giới là 600 km2 đất liền / 1 km bờ biển).,"b bú ({/u luà sửa, tờ giới  tok„l kì /4~b bến ).",0.6232
110,44.jpg,"ngoài ra, chúng tôi sẽ tích cực đáp ứng nhu cầu của bà con trong việc",taø% t9) chín 4® cự anh gái cho đá rhu cấu cấ_ &c2⁄ ng ”,0.6232
53,84.jpg,"cư mới tại xã xuân hải, huyện sông cầu, tỉnh phú yên.","cứ mađ xoá xø `xá wom tm ng ca, , xinh púw “la,",0.6226
15,32.jpg,"thủ đức (tp.hcm) hầu như ai cũng biết tên anh trương xuân đại, người công nhân đấu",@6m¡ đm ctp nem) a2 như c cửa vớa tốy ørh ông kuốn đi mãi ——,0.622
56,4.jpg,nhưng đến nay đã ba năm kể từ thời điểm đường dây mua bán dâm bị phanh phui và khi,"nia, 46 sấu ác àø sau (ở (à ký đc đờn, ạj xóa kê áoo bị lệ phơi øx ®h;",0.622
150,81.jpg,"vẫn chưa hết bàng hoàng kể lại : "" lúc đó khoảng 23 g 30, đa số anh em còn","ưa v- đu 1ø 1y k> _ i_ ‹ ạ l5 đá bn 2 34 %, là sé ah tơ d-",0.6216
148,19.jpg,"sau mỗi mùa thi đại học, có bao "" sĩ tử "" buồn rầu khi biết mình trở thành","su số xã ác xà kc, có béo “ 6 đủ ` vớ ` vì ở nóm. về xnh",0.6216
94,89.jpg,lớn trên địa bàn tỉnh. điều bất ngờ gây xôn xao dư luận đã,". — zña bšn tm .®i@ nt n4 2 4/ x® xao 2y, l%",0.6207
62,98.jpg,"chủ. có một ông đến đưa tám lao động đi, nói vào rừng làm lán trại rồi phát cây",chủ. ( mới _ c;á chuc. 1m đo choa chị cố về cảng lm ẩn dc: gỗ ghóa đu,0.6203
43,21.jpg,"cao hơn khi xuất khẩu đi một số nơi trong khu vực như hong kong và campuchia "".","ơs an (í cc “na đ. 6í aš sẻ teng (íw vớc n, từng lo (2noecha""",0.6203
121,98.jpg,với lãi suất của ngân hàng theo thời điểm nộp tiền. lý do được phía chính quyền,và lở suối su mối ko2ày to sá2 đối xớp v0. đu do dù phố cohikế q22,0.6203
101,90.jpg,"làng, từ bàn tay trắng đã tạo lập nên cơ nghiệp...",ai áể bón ng trờp 2a ng ai nh cỡ ng.,0.62
44,10.jpg,không còn cảnh chôn vùi dưới nước. thấy tôi nhìn khu nghĩa địa được làm,k6 can củi chứ cuc d2 d& 90( vé ch mu nh đu ảụ. km,0.6197
36,34.jpg,"anh trần mạnh hoài (giám đốc công ty xây lắp & vật tư xây dựng,",s5 tiến m2 dếc (6m2 đếét công zp_ x2 đấp % vụ ⁄2 x2“) 29.,0.619
69,35.jpg,"này nè. trước giờ, phân rác ra thỉnh thoảng cũng thấy. gặp giấy","_— [sec g0, plên mế rá nh hoi. øn tá 6®} gà",0.619
43,18.jpg,nvơnn được phổ biến công khai và rộng rãi.,w v ơnm đu ph. bua com v⁄aa va vs ác,0.619
23,18.jpg,con về quê; trương xuân đào dạt về tận định quán (đồng nai) làm,cm u quế ; “-]m6a g `<uôp 1œ dod ø# tòa đùh quố6 (g0?n4 (œ4) áxm,0.619
79,55.jpg,"là trẻ vị thành niên (khi xảy ra vụ việc h 15 tuổi, p. 14 tuổi,","l\ 2k2 vifod~ nem (khí xâu, 4n vệ. viết. tỉ 45 mới _p, 143,",0.619
139,54.jpg,a4 là tâm sự của 17 con người sau 206 ngày,"a⁄v âx lâm gà. 0a ít œn mới, xu, 46 ng,",0.619
135,33.jpg,"một "" xách chim "" dọc tuyến đường xuyên đảo hay tại chợ","kaá 5 xe chen ° dc bus chấn, n4jh điều đa te ”.",0.6182
8,79.jpg,"lý nghĩa địa này, chỉ tôi thấy một bên trong trại có để năm quan tài","l⁄ ngà” 3% mày củ 1ố đố mộ bốn an, ng nhóm cu (eo",0.6176
5,83.jpg,hành vi vi phạm kèm hình thức xử lý kỷ luật đối với người quản lý đã,l4 vủ ví phơn k` ni dd xã li) kj ( 1ý. nh quan ấ#z,0.6176
93,92.jpg,"công khai, hiện vẫn được dựng công khai cách trụ sở ubnd xã xuân hải",ơn với dd độn e@0 hoi eaoh tnw sổ wđmd xơ xươn vai,0.6176
57,95.jpg,"có phẩm chất, đạo đức. kiểm tra, xử lý kiên quyết các vụ tham nhũng,","tí phái, dhấf , 2o à0. kiâu #6, xé &ˆ 6y gi cac. cau no",0.6176
29,38.jpg,"chính sách tạo thuận lợi cho bà con trong việc về thăm thân nhân, sở hữu nhà đất,","vn l g0h an thôn đệ chủ đê on tem vớc võ ro thế 0c (0 kế, se ¬_",0.6173
98,9.jpg,"bổng, có người bị đói khát, bị tù tội... chúng tôi nhận được "" tác phẩm ""","_ tí vo đ60 kh c, bị lề áo... chứa, 16, nhậu agk,'#c hỏi",0.6164
146,87.jpg,"không bị đau khi xe xóc. được chừng mươi phút đường xe, bà cụ đòi",kischa ívéc ảnu khi 5œ v60. bức chỉng mà phá 2ó 2 ) eø ảơ,0.6154
1,3.jpg,"chuyện những người mang số 115. sáng nay ngồi quán cà phê cóc, ông bạn già của tôi tâm sự :","cv mu ngước 2 sánh 2 145.664 n4 na đen ch có, 0 bạw qà c2 w& k⁄ co",0.6154
74,96.jpg,lưới bắt ngon ơ nữa kìa...,a83 1ốk ngơn ÿ nữa,0.6154
48,96.jpg,"lặn tìm tàu hàng, tàu đứt neo chìm ngoài biển xa "". con thuyền trở nên chật chội và","fšc bam cv. heo ¡ ÿtœz na ch; vgel bi: v«"" ce°n fhên †rố yên ok dhề: ⁄",0.6145
96,81.jpg,"vật ở phía sau nhà, trong đó có con kỳ đà to bằng bắp vế.",vớt lá ba nê an hú — con (pl + b4 6%? ấc.,0.614
92,26.jpg,"trong đó có 2 quần đảo hoàng sa, trường sa và 2.577 đảo lớn, nhỏ, gần và xa","co đý ở quốš đảo «eo ša, “(d#ng ae x5 3.61 no tế. dỗ 23 xš",0.6133
81,37.jpg,"không có sự hợp tác, tin cậy..., mệt mỏi từ hai phía "". không tiền bạc, sức","ähùa._ xả áâp hú, là l/..., mối n1 áo) đưa. khoa tế kéc, xo",0.6133
102,56.jpg,ở khâu quyết toán tài chính dn và quyết toán thuế. sở tài chính làm,"ở 23, quyi bé d6 chế dn số quếi ash đoế 6p sí 0⁄2 5,",0.6119
44,28.jpg,kẻ ra công đóng...,an _« cơng dơn4,0.6111
20,18.jpg,"để điều tra bổ sung vì vụ án có dấu hiệu để lọt người, lọt tội. cơ sở để","sở áồ, v vổ bung mô «vé có e3 hóc 20 lốc uc, đọc xế. ø sả? 22",0.6111
22,20.jpg,làm chủ vùng biển.,\ấn 92 văn viến,0.6111
39,95.jpg,"nhà lần lượt đội nón ra đi. tối 21 - 3, chúng tôi tìm đến chỗ trọ của vợ",ác kế mi đả xen na đc. ®ói d4-ố ¡ đua 1â xm 46 ch vo có v6,0.6111
133,11.jpg,"phải chăng liều thuốc chưa đủ đô nên sai phạm ở đây lại tiếp diễn? bên trên, hai csgt và các cò","bái chi hài 6a do, 1 áã đền sai phọm š ảài số3 -éy (3 9 4i cs@t về << c",0.6105
139,92.jpg,"khẳng định mình. đó là ý nghĩa vẹn nguyên của các kỳ thi, và cũng là bản chất","kh dh nh. ®ý & ( xj- vệ~ 2#⁄ƒ2 6œ. cc tà 9, v đu ø@ k chủ",0.6104
146,34.jpg,ty) cùng người phụ trách mảng lao động trực tiếp xử lý việc này.,"w cơn plết 1à ak2h «he, eo “tạ đức tp xở lý xi0 ngữ,",0.6094
114,54.jpg,"có lặn tiếp được không? "". thợ lặn đồng thanh : "" cứ trong vòng 12 giờ có hàng là lặn, kể cả",c f⁄a ( đdè thềm _ thà . đồm 4hoah ` c¿ {em vong 118 ø íex 1c lân cc.,0.6087
107,76.jpg,"qui định chi tiết, rõ ràng. cách làm này sẽ góp phần hạn chế thái độ,","gục du, ch: xi, số mày, g0. 0: nở sở gú, phù đạo ý. <2 ,",0.6087
27,20.jpg,"csgt và các cò xe vẫn tiếp tục cuộc săn lùng. trước tình thế đó, chúng tôi","cc vä cóó cồề ⁄«, wđố kh acc euốy 4c án . ®xưk. ảuxh tế đó „ đua tế",0.6081
7,83.jpg,"của các kỳ thi, và cũng là bản chất của thành công.",cuo cất tế đ¿ bề. ca 1 bao chút cuoi “thsh 6m.,0.6078
88,84.jpg,sẽ tổ chức phố đi bộ tại hội an. chủ tịch ubnd tỉnh quảng nam nguyễn xuân phúc cho biết tỉnh sẽ đầu tư,"s$e lễ đi. ghế áb9-lé hạ no, (hỉ đkh u8rl0 42h quốg len ngồi x6 phê: che bứt nh xơ d6ồ lờ?",0.6078
113,25.jpg,"phú hữu, quận 7 để giảm 25% lượng xe tải vào tp. ông thông tin : "" nhà nước chỉ",g9 2⁄4 quản 4 độ y#em 75 “^^ xe kè vao t7. ó ng ó ⁄2. na,0.6076
46,86.jpg,"giây, thì 6 giờ sáng cùng ngày điện thoại cầm tay của pv đã nghe đổ chuông liên","65v r 6 gi ao^g na ngu 1 soi lờ b. caa, pu đ& njw 38 cl sàn pa",0.6076
112,60.jpg,"tuy nhiên, hđxx vẫn quyết định công bố công khai băng ghi hình và biên bản cuộc","cà na vi vvđxx vớt quệt đà cau l6 2a) ai bi gii p0, xì l6 kếi con",0.6076
65,29.jpg,cố gượng dậy được. chỉ một phút sau tôi đã nhận ra cả trại bị cuốn,- gng đều xi. cá mat p4 cau. tử cử xáđ án. cá t.o¿ a' «xí,0.6061
13,80.jpg,"mỗi tờ giấy ngoài chi phí xăng, xe, ăn đường, chi phí bốc xếp, chi","hn lở qiáy na chỉ wˆ ow x, đớn đươn2 . chỉ ph ®) _",0.6061
6,41.jpg,"nét về khu nghĩa địa này : - chú thấy đó, xung quanh nghĩa địa các","m4. v5 ẩđu nêu tức mô : - vấn _ j02a4. quanh ma là, có",0.6061
20,49.jpg,"ai lo, ông mới nảy ra ý định đóng góp sức mình làm thành nghĩa địa",đi áo ở mô này <« ý a66 kạ gữ số nu đâm vàp đã dã,0.6061
49,46.jpg,"bằng nỗi đau mất danh dự, tinh thần khi xuất hiện bài báo "" một âm","đằng móv đeo nát đen đệ, #uk táo đc gøuấl đớn đốt đã, mới ân",0.6061
93,15.jpg,"trả, có người thì vui vẻ cảm ơn, có người lại nghi ngờ vì đấy là đồ đạc","a4) e€é ngườ vñ2 vu vc cám « , ‹¿ n2 á„ ca nựd “vị zơœ cg2` zac",0.6056
117,38.jpg,"xuân đại rơi vào cảnh túng quẫn gần như cùng cực. và trên hết, nghi vấn","< vớa ©«é ớt <6 conh hóc quốn gãn như +tn wé, ngữ v§8n",0.6056
12,74.jpg,"trên chiếc xe jeep biển số 60c-0779 liên tục nhận "" giấy "". có hai csgt, một","xcớa đi >2 j«2vp be e9 ˆ coc—02ÿ9 28a luc mà “g2. có lai c9&t, mer",0.6053
148,37.jpg,"muốn biết đúng hay sai, tòa phải nhờ... hội đồng thẩm định hội đồng xét xử (hđxx)","- mui bởi âóa, báu sac 202, phú vhề.... 10v 464 dhân 2o) mà dâk, xt xử (6xx)",0.6049
69,97.jpg,phần hàng hải cho biết thông thường các công văn như vậy là cần thiết nhưng không phải,tín tu lu dào bá lê (lầu 0í cộng ván c vận (⁄ gần li nhờ) kh _,0.6047
135,21.jpg,"bị cắt trọng thương... sau đó khoán bỏ trốn, đến ngày","bị: œ8 trợng tổ no ... š« # khá lý — 623,",0.6038
85,70.jpg,"nước hiện có, và đề nghị tp triển khai tiếp dự án cung cấp",vdðc aứà có vớ đề nglc tp. adù đi xe đo s4 —_,0.6034
62,14.jpg,sẽ xảy ra ngay tại đây - chỗ đường xe lửa này chứ chưa nói,cc xé¿ v⁄“ả nag^ với - đề dường xe l. n4 an a?,0.6034
74,74.jpg,"khi đó, tại khu vực trạm thu phí do bị vướng giải tỏa một số hộ",củ 1ó „ tà liu vàc ram pn _ pc bị .. i2 _ mò 6 43,0.6032
105,94.jpg,hội nghị quốc tế và mở các tour du lịch làng nghề truyền thống.,đa v c qguơc dở và mø c4 to dó /⁄az„ n4 g2 1/24 ng,0.6032
125,77.jpg,công an ập vào bắt quả tang? tôi nghĩ lúc đầu họ nhậu rồi rủ nhau đi,lên xe đọ võ ký bản tế n6 bé anh 6ó nhậu rề bá nhạc,0.6029
34,83.jpg,""" tôi không được bàn giao từ bộ trưởng cũ, những cái bộ trưởng cũ đã","""6i n y, add ko giao + às thưởng ^^ ta e` 1> tung  skx",0.6029
100,55.jpg,"chở container, đặc biệt là loại container dài 40 ft chẳng hạn thì hết sức","tụ eetainec , kš, bìit: ä2 (<4 codkaikx^. án 4⁄0 chu, hơn tài 6£ số",0.6027
4,36.jpg,"mại xuất nhập khẩu bình phước, từ ngày 17 - 3 - 2004 đến nay đã có 17 lao",_. xuất náo add 6ốh faước tả ngoại. 47 - z- 4oø„ đố  ⁄,0.6027
128,57.jpg,"rất đơn sơ, do hai người đàn ông nói giọng bắc đứng bán. sau khi yên vị, chúng","xết đố @, áo kẻ mon đà ty vi dạ, bế, đầu bá. tà hà và cì há",0.6026
34,18.jpg,"nhưng rồi kinh tế châu á bị khủng hoảng và... thế là "" dankia resort ""... chết đứng","nhàn hỗ ii vế dạ, á  khóu hàa sà.. kế "" eh, real. ng",0.6024
150,55.jpg,chúng,2 ng,0.6
109,60.jpg,những,mông,0.6
116,12.jpg,người,wg2èi,0.6
73,86.jpg,phước,11ưc,0.6
70,52.jpg,tháng,kháy,0.6
143,44.jpg,hưởng,ng,0.6
69,18.jpg,nghĩa,nhà,0.6
97,45.jpg,những,ương,0.6
97,81.jpg,ngang,an,0.6
88,43.jpg,phòng,"pho,",0.6
13,16.jpg,trung,"đung,",0.6
80,27.jpg,trong,on,0.6
12,6.jpg,những,nhấ,0.6
60,8.jpg,khách,kh,0.6
12,38.jpg,nhiên,nh,0.6
122,31.jpg,nhưng,nh,0.6
133,59.jpg,nhiều,nh,0.6
35,91.jpg,người,ng) ñ,0.6
150,63.jpg,nhưng,nho,0.6
73,16.jpg,thành,nh,0.6
73,31.jpg,thành,“  nh,0.6
141,93.jpg,người,ngàù,0.6
38,45.jpg,ngoài,ngzœci,0.6
79,9.jpg,dương,ng,0.6
75,20.jpg,chúng,ng,0.6
26,48.jpg,nguồn,wquồw,0.6
114,22.jpg,những,ng,0.6
58,71.jpg,không,ng,0.6
114,31.jpg,ngoài,(ngoox,0.6
26,99.jpg,ngoài,ng°«ì,0.6
75,97.jpg,quyền,quả,0.6
105,5.jpg,những,ng,0.6
142,64.jpg,không,ng,0.6
59,95.jpg,quyền,quzồ,0.6
23,6.jpg,thống,nóng,0.6
23,12.jpg,chúng,chak,0.6
137,36.jpg,chánh,ch 40,0.6
22,80.jpg,tượng,đồng,0.6
137,99.jpg,khẳng,khóa,0.6
47,13.jpg,tráng,xứ ng,0.6
142,26.jpg,khủng,khẩu,0.6
144,46.jpg,trong,1høng,0.6
10,94.jpg,chính,ch,0.6
66,49.jpg,nghĩa,~ghx,0.6
43,97.jpg,những,nh,0.6
52,37.jpg,phong,xung,0.6
52,52.jpg,thông,+heny,0.6
135,19.jpg,người,ng,0.6
82,82.jpg,huyện,ẩuym,0.6
144,32.jpg,trong,ro4,0.6
82,15.jpg,quang,gan,0.6
22,75.jpg,nhưng,nhà,0.6
125,48.jpg,những,nhu,0.6
102,24.jpg,trang,ong,0.6
41,29.jpg,không,khoa,0.6
72,16.jpg,người,n ái,0.6
135,95.jpg,trong,non,0.6
106,47.jpg,hương,ng,0.6
4,20.jpg,thành,lwơnh,0.6
70,60.jpg,người,"nu
li",0.6
112,96.jpg,trong,tromm-,0.6
125,90.jpg,synthelabo,/uetheáxbi,0.6
110,14.jpg,chứng,ch,0.6
56,32.jpg,không,“ng,0.6
70,39.jpg,trong,tr⁄,0.6
131,97.jpg,lượng,cong,0.6
41,51.jpg,trọng,“ren,0.6
99,3.jpg,không,"thởng,",0.6
11,34.jpg,tiếng,đínng,0.6
59,29.jpg,không,kh,0.6
45,35.jpg,trọng tới các vấn đề nhân đạo và xây dựng lòng tin. bà con sẽ được tạo,(oaa tố cứ u6ố ch nhấn cho ú6 xu) d4 án) t6. bs cơn ah,0.6
112,80.jpg,chúng,cha,0.6
20,70.jpg,vòng xe cấp cứu. buổi trưa 14 - 11 - 2003 khi tôi đang ngồi nói chuyện,n kẹ cáp đới . [uy du 4ð 44- 2061 4/„ k ngêo nó hiện,0.6
108,93.jpg,những,ung,0.6
109,67.jpg,trong,ng,0.6
7,34.jpg,tháng,the24g,0.6
60,29.jpg,những,nhớ,0.6
143,40.jpg,trinh,txăunh,0.6
146,3.jpg,kuala,kal~^,0.6
2,83.jpg,phòng,phœu,0.6
43,14.jpg,chúng,chuc,0.6
8,30.jpg,thông,hơn,0.6
4,69.jpg,người,ng2h:,0.6
43,40.jpg,những,nhà,0.6
102,66.jpg,thành,hn,0.6
101,3.jpg,thịnh,thư,0.6
67,68.jpg,tiếng,tứna,0.6
63,40.jpg,xuống,xưởn,0.6
24,11.jpg,trang,ta,0.6
23,56.jpg,những,như „,0.6
24,55.jpg,chính,"ch
¿",0.6
19,93.jpg,không,khi nú,0.6
19,46.jpg,trong,to,0.6
87,45.jpg,tháng,thú,0.6
77,40.jpg,luyện,uy,0.6
139,73.jpg,chứng,sáng,0.6
100,18.jpg,thông,“trôg,0.6
16,30.jpg,phòng,v^2ng,0.6
88,2.jpg,nhiều,ni,0.6
86,40.jpg,thiết,thú,0.6
110,79.jpg,chúng,chưa,0.6
37,93.jpg,hương,ng,0.6
131,48.jpg,ngoài,nai,0.6
119,47.jpg,thành,tan,0.6
112,31.jpg,chiếc,cc,0.6
33,91.jpg,trung,tu,0.6
130,51.jpg,người,ngiữờ,0.6
90,58.jpg,nvơnn,n{/&nn,0.6
106,48.jpg,người,ng,0.6
49,10.jpg,khách,kh,0.6
23,28.jpg,những,ng,0.6
21,88.jpg,những,ng,0.6
21,61.jpg,tháng,"xháa,",0.6
103,69.jpg,cường,"cửn,",0.6
90,87.jpg,trình,nìàh,0.6
46,70.jpg,không,khđa,0.6
74,82.jpg,nhưng,nh «y,0.6
54,46.jpg,huyện,hy,0.6
135,4.jpg,quyết,quuøí,0.6
128,36.jpg,chúng,chuến,0.6
44,79.jpg,trách,1«ach,0.6
61,12.jpg,"thành công là khi bố và con trai có dũng khí bước vào bếp, nấu những món ăn","“(h4 - c kh bố và ex trcc ¿¿ 42), hc kế. vềo kế, ^ác ất s6 __",0.6
61,85.jpg,chính,nh,0.6
61,90.jpg,trong,®ơng,0.6
74,45.jpg,trong,on,0.6
64,29.jpg,chiều,cho,0.6
57,47.jpg,quyết,quả,0.6
57,27.jpg,quầng,quêa,0.6
146,17.jpg,người,ng,0.6
146,29.jpg,"là của mình, bởi theo cách nói của ông, cơ nghiệp ông tạo lập nên",42 &¿ wốn⁄ bối to ( gỡ. s4 ñvy) ở ng ống đeo đẹp dân,0.6
66,89.jpg,nhàng,nh,0.6
145,62.jpg,những,nhu,0.6
42,25.jpg,chúng,ch /,0.6
51,57.jpg,thuốc,+hu¿⁄,0.6
14,34.jpg,chúng,"chó,",0.6
14,13.jpg,"tất cả đều không bị khởi tố, truy tố trước pháp luật. viện trưởng","jý- cả đ® khôyg bị khít 195 1u 1s“ p6 kat: n@®-bê,",0.6
118,17.jpg,chóng,ng,0.6
15,18.jpg,206 ngày đêm khốn khổ 87 trang nhật ký trên giấy a4 là tâm sự của,t00 mềà 0a. 6é kh %y ve đok(/ trên quí. 44 xã ©m sa cả,0.6
108,33.jpg,không,ứng,0.6
87,11.jpg,không,long,0.6
110,19.jpg,chồng,ch,0.6
100,59.jpg,thông,hờn,0.6
95,39.jpg,không,ng,0.6
3,96.jpg,tương,móng,0.6
3,80.jpg,phóng,đương,0.6
3,43.jpg,"tất cả, dù gia đình tôi đang rất túng quẫn "".",ké c „ àđ q đính ®v đương { àưng s” 4,0.6
10,55.jpg,không,ng,0.6
10,65.jpg,thành,hnng,0.6
46,25.jpg,thành,ninh,0.6
81,89.jpg,chúng,chu,0.6
101,71.jpg,những,nh “4,0.6
128,95.jpg,người,ng,0.6
33,18.jpg,"trưởng khoa cấp cứu ngoại viện (ccnv), phân tích mới thật sự",cong 412a «⁄ð cu ege biện ( ccnm) giên 42 xác 02124,0.6
67,12.jpg,không,"khờm,",0.6
71,98.jpg,chăng,cha^,0.6
25,16.jpg,trong,(crơng,0.6
10,100.jpg,đường,đưởu,0.6
54,22.jpg,ngoài,"go
ù",0.6
145,91.jpg,thiệp,thợ,0.6
50,5.jpg,không,kkôm,0.6
50,7.jpg,thành,xénh,0.6
6,93.jpg,không,"hôm,",0.6
116,98.jpg,người,/uườc,0.6
102,29.jpg,thành,1 2nh,0.6
71,93.jpg,chồng,đng,0.6
78,34.jpg,những,ng,0.6
9,59.jpg,xuồng,"^`
ng",0.6
104,25.jpg,trong,z“ơng,0.6
21,66.jpg,"ông đành phải đốn dừa nhà mình đang sai trái, cưa xẻ cho kịp ngày dựng","8n, ¿nh che kx a3 vã ầm xang 36c trac, @ó >5 dc ko ngụ 2đ",0.6
93,62.jpg,nhiều,hi,0.6
27,30.jpg,nhiều,nh,0.6
51,77.jpg,tháng,ng,0.6
104,27.jpg,chiếc,chu,0.6
42,75.jpg,nhiệm,ni,0.6
57,45.jpg,những,nh,0.6
85,76.jpg,không,alhêng,0.6
65,7.jpg,những,như m,0.6
34,90.jpg,phóng,pha,0.6
110,24.jpg,không,khu,0.6
78,6.jpg,nhàng,nho,0.6
50,37.jpg,khẳng,khm,0.6
54,87.jpg,chính,chà,0.6
78,80.jpg,trong,ttmno,0.6
96,49.jpg,chiếc,cc,0.6
101,30.jpg,trước,trà,0.6
121,87.jpg,nvơnn,nvđ8mnn,0.6
78,63.jpg,thiệp,tixd,0.6
96,62.jpg,tượng,tưd nq,0.6
54,14.jpg,"thành lập hội đồng giám định xây dựng công trình này. mới đây, cơ quan","ta tp kh đều quả du x0 đủ cu lon, nấy môi đâu, c4 gec",0.6
25,56.jpg,những,nhậi,0.6
150,31.jpg,chứng,chu,0.6
32,71.jpg,chóng,cho,0.6
48,36.jpg,chồng,ch,0.6
1,10.jpg,phóng,phé,0.6
29,41.jpg,chánh,cái,0.6
115,47.jpg,ngang,vung,0.6
67,17.jpg,nhưng,"nha,",0.6
124,22.jpg,trong,xương,0.6
127,2.jpg,những,nh,0.6
60,43.jpg,khủng,kg,0.6
134,89.jpg,nhiều,ni,0.6
29,99.jpg,tuyên,duy,0.6
85,18.jpg,không,kh,0.6
29,97.jpg,thông,th®x,0.6
118,8.jpg,phòng,ng,0.6
120,58.jpg,chính,clxh,0.6
70,51.jpg,thuốc,tc,0.6
17,50.jpg,thành,thơ.,0.6
62,80.jpg,ngành,và h,0.6
30,20.jpg,chính,ch,0.6
8,82.jpg,chung,chay,0.6
134,38.jpg,chiều,ch,0.6
48,8.jpg,thành,thcw,0.6
147,24.jpg,""" tội nghiệp, họ toàn là người miền bắc... "" - một chủ quán ở đầu thị trấn nói khi","lv nghóp, áo 6ãn 2 naủ® miều 6áu „„ ,> _ 4l „k4 quốn â 422 2h #9 n4, thó",0.5976
99,34.jpg,nhưng khủng khiếp nhất là lúc bị sóng nhồi đập vào thành tàu. vừa bám giữ cho,"no tòa làị nhái 45 16, ki sáo shà ânp về thốnh lồ .viô lao giế dhè",0.5974
5,80.jpg,cao su kế tiếp. nơi đây có đến ba chiếc đèn pin của csgt chia nhau thành,"ơs x tế, .nec đầy « đến kh“ điếc 2e pìo 92x cs6at ch. 1m",0.5972
104,96.jpg,"hệ thống các nhà phân phối, nhất là khâu bán buôn nhằm hạn chế kinh","vị, ôn, eếv nhà phờy phá, vi 3 hon, bào, lâm nhđà, hóy cáá nh",0.597
114,68.jpg,số 2554 / qđ - ub ngày 5 - 10 - 2000 của ubnd tỉnh phú yên. thủ tục,% 3554/06 -u® mgoờ. 5- l9 -ạ 090 &ø nd x„ 0 xi „ “4 vc,0.597
150,15.jpg,công sớm đường trường chinh do công tác đền bù giải tỏa tương đối khả quan. ông,"câu xắn đườy tuờu, chy do cây 1⁄6 ồ 02 geớc áả 2om 4í x42 guan. ớv",0.5949
60,90.jpg,ubnd tỉnh lâm đồng vừa quyết định thành lập đoàn thanh tra và chỉ đạo đoàn,usng vải lộ đổi mà guốt 42h venh đp den ve da s5 di đo đều,0.5946
116,31.jpg,vài năm trời với qui mô ngày một lớn.,"vớ: năm “nề: vết go mê ng “hé,",0.5946
137,41.jpg,"tĩnh, ngày 21 - 3 - 2004 đã về đến tp.hcm sau cuộc hành trình ba",to “44 24- ở - 90064. đ# vẻ đe “tp. item ‹w& cốc kh hi 1,0.5938
79,81.jpg,"trao đổi với tuổi trẻ sáng 16 - 11, chủ tịch ubnd tỉnh nguyễn xuân phúc cho biết ngay sau khi thảm nạn xảy ra làm","tao đốt s4c te2 trẻ 464 46~ i4 cổ “12h ubnd4ˆh no x.aa. bí, cho kế oiox lú; tomnan #o†e. (am",0.5929
49,47.jpg,vụ án xảy ra và ông cũng được biết cơ quan điều tra đã,"nơi 6 x24 x4. ơng công zlđ bí>ý cá quan, che œx_ d8",0.5926
82,34.jpg,"không có giấy tờ tùy thân. chu văn thiệp (lâm xuân, nghĩa hoàn, tân kỳ,","px ø q0 tổ tuy tha đu và tháp ( lên «3,06 t„ toa ký,",0.5915
61,5.png,tôi không bao giờ có ý định điên dại soạn thảo một cuốn sách bàn về nghệ thuật viết văn.,êề e tả cá nản điên dại sa thảo một cuốn sách,0.5909
18,96.jpg,(trung bình của thế giới là 600 km2 đất liền / 1 km bờ biển).,n ca thế quêc 6 6ookta) 2m tnà / tkm bš bé).,0.5902
65,12.jpg,"phổ biến chủ trương của ubnd tỉnh phú yên, thu hồi đất đối với các hộ dân",xđp tức cài nảy củố. ưð nd 1éh pr( yến | xâu đe xố và các z9 độn,0.589
60,10.jpg,"kinh doanh của dn, đặc biệt trong bối cảnh thực hiện "" phi chủ quản "" đối","aa,h đel_ đá. dn, đxc hệt tưng b225 ức 04 x0 chä gen ""-xý",0.589
52,82.jpg,có khoán tham dự.,cc kho taw 4⁄2 -,0.5882
134,32.jpg,"hàng chục kilômet, qua hàng rào cảnh sát các nước, may nhờ một người","⁄nv „ lm) 4u4 /«nƒ haoo 4 a4í ea£ ước, m4 nê mới ngdờy",0.5882
39,71.jpg,giúp nhà tình thương còn đóng giường tặng những gia đình nghèo.,cặn đ + tơ 0øn đơn guỡng ®%g nha qua xi ng.,0.5873
142,14.jpg,"tạo ra nhiều hơn nữa các nguồn đầu tư trong và ngoài nước, xác định ưu tiên","tno xx nu ch tt coố người d2, 12 hen, tớ ngoai 0e, xao đề. ¿c 222,",0.5867
110,84.jpg,"sẽ chẳng còn là của tui nữa, nhưng cái nghĩa địa đó mới là",sỹ đu cớ ân vế tớ má khuôn các ngư dua để mốt kð,0.5862
143,61.jpg,làm bằng vỏ hộp coca cola mỹ.,ẩm ba vẻ ấg ca 2w mứœ,0.5862
141,89.jpg,"sau mỗi mùa thi đại học, có bao "" sĩ tử "" buồn rầu khi biết mình trở thành "" tử sĩ "". hai bảy điểm,","sec, m ` nu/ä k2 đói đọc, cổ ko “at tử ° bổn rất 4/0 bế nh “h0 xui 4t 9 bà ki ah,",0.5859
73,39.jpg,"nhưng rồi những người đào vàng cũng sẽ vào. khi đã đưa hết người nằm xuống về quê,","na nội xua vonbi p võng coôa 4ÿ u6b. ul¿ đã đa (óí ft xăm nuữn vô qữ,)",0.5854
99,11.jpg,triệu km2 (gấp 3 diện tích đất liền : 1 triệu km2 / 330.000 km2).,ấrộu ím_( 4⁄p » p ni xịt hợp - 4 tứu ém2 /.31d. bóp m2).,0.5846
121,13.jpg,"mọi nỗ lực nhằm tháo gỡ sản xuất kinh doanh, đưa tốc độ tăng","mới nộ #c_ nhám 2466 ⁄ (22 xu” kí, đ;4n, di ⁄ ⁄⁄ øg",0.5833
138,60.jpg,"giới, không được giải quyết khi bị tai nạn lao động, 6 / 17 người đã nếm","gái khốp đc giế quế ehý bí kí na bố dâu, c/(gề. áÿ sen",0.5833
77,29.jpg,nước ta giáp với biển đông ở hai phía đông và nam. vùng biển việt nam là,"vaic {2 giá, 600 fian đống 2 8e: hóa đầm «š mèo . vai t:ố/ v22 me 4",0.5833
5,96.jpg,có các số liệu thực tế về vật liệu bị bớt xén...,66 cac ss (iu ta về vài. lậu bị,0.5833
23,42.jpg,"vừa thấy bóng anh nghĩa đi vào là mấy chị ở xóm ve chai ở p. 17, gò",và. #h⁄4( beóg on nglÿ dứ vo đè mối väi š xen vc chát vs p.47) để sẽ,0.5821
17,3.jpg,"các anh chị em ccv mỗi người một việc. bs hà chuẩn bị y cụ, đdv kim",có enh chủ „„ ccecv ngời ng 2 4á v5 c y « ðd⁄ _.,0.5821
8,75.jpg,"không ai cho chúng tôi biết phải làm gì, ăn ở thế nào. cả đoàn mang mì gói ra ăn, lượm các lon bia","vhệna a( «ho đuấa 4h ki phố lmd ấn như“ ó ngữ . cổ đjòn trnenj mg rat, lở các bn",0.5816
148,86.jpg,"đó là kết quả hoàn hảo trong công việc, sự chính xác đến từng chi tiết? hay đó là cách","^ế tế àaeø quê de&a ảudo 106y công việc aụ ch xe đốn xân, cho è tố) đ⁄ ga,",0.5814
103,53.jpg,"lại, chị không dám tới và đã nhờ khai minh.","đá, c¿ 1/4) 0% 42 và đờ nê kíxc mùa.",0.5814
127,1.jpg,lập tức các mặt hàng trên bị lập biên bản thu giữ. chiều 22 - 3 các cán bộ,cp kức. e6 mốt 1@y t@. bị cáp kia bán 4i q4. o1 22-2 6+ œ [5,0.5811
40,94.jpg,"một lãnh đạo thanh tra bộ y tế cho biết : "" chúng tôi đang yêu cầu công ty sanofi","mộ to ảo xuol té bỏ tc củ bit.” cá két đang, vậ cấu cáo ta:",0.5802
111,63.jpg,hai năm nữa là dứt điểm. cái khó nằm ở khâu quyết toán tài chính dn và quyết toán,đ22 nấm nà j2 đất ai . có ẩm nên 8 kiều guối bé 1c chói dlvà xu keo,0.5802
56,8.jpg,và giao cho ubnd huyện sông cầu thực hiện. sơ đồ qui hoạch được chính,"v5 gï° áo ()) áuuvii s0à4 cấu 10 áưm - số để quả áo‹ch dư cố n6,",0.5797
36,100.jpg,các loại xe không dừng ở các trạm bán vé đặt rải rác suốt,"e< jo@ xe thân dân, tc v zxt vôi vấc. suố{",0.5789
113,59.jpg,"rạng sáng 3 - 4, khi bị mấy csgt và cò xe rượt đuổi trong rừng cao su ở dầu giây, chúng tôi cùng chiếc","long san 1-1 kh ls — (s6 về cờ ««ẽ cấyt đuối (mg vn (ao 6á ở 0 (riäj, đáy số: cáy kế",0.5784
44,99.jpg,"năng bới hết công trình lên để kiểm tra từng cây cừ, từng mét sắt được.","vớ bởi kột cag na 0 để 420, taa tớm côg cổ, tử xi cú dở,",0.5775
130,100.jpg,và di lý 12 csgt cùng toàn bộ tang vật thu giữ về trạm tạm giam bộ,"ch ở¿ xà á& csøt oun4 tốn à8 äng vớt 2i cái vố. ẩraw, ảtan oloaw bộ",0.5758
50,34.jpg,"phước "" mù "" là một người hiếu thảo, cặm cụi làm ăn, vừa bán vé số","0c t5 05 một ngờ kóu tâ, 2x. @ó (ầ„ xn , su bầu ớẽ số",0.5758
59,94.jpg,sản xuất kinh doanh. mai này chuyện tồn tại và phát triển hay,"sả xó% ky, áéøah.. với vố2 duy tết 48c vớ ph hư hy",0.5738
4,56.jpg,"năm châu, ba liêm, ba tiểu... thì khó lo tròn cho người chết, khó có","vã 0a, 8« di „ bé tết pc lý áo tui cho ngờ dớt, hé ‹",0.5735
32,79.jpg,thực hiện thông báo 904 / tb - ub ngày 15 - 12 - 2003 của ubnd tỉnh phú yên,1 áua 4g béo 404/ tø_0ð ngôi á?- 43 _34003% us ubnd đế phú 9⁄28,0.5733
110,88.jpg,"ngân hàng dữ liệu giá thuốc (giá thuốc cùng loại ở nước sản xuất, ở các nước trong","""ga k2ng, vớ ga gi {«( (ge thuê cưng van ở woð a@n x«&í “— má trọng",0.5732
48,41.jpg,""" nổi tiếng "" về chặn xe tại khu vực km 95 quốc lộ 20, địa bàn la ngà,","xế xa v uử chón yv⁄ hái alhu ø x 96 quốf áộ +0, đáo. km lo-na&,",0.5714
7,57.jpg,"khoảng 2 km. sau khi hoàn tất thủ tục, thời gian qua một số chủ sở hữu","aloav sjâm.. 52v z⁄¿ đao tế 2 1ù, th gi qua một 4ø 42 sử â4,",0.5714
121,91.jpg,vừa hoàn thành là cầu bình triệu 2.,xxx xem cc c2 bình tim 2.,0.5714
6,31.jpg,nỗ lực hết sức để khẳng định mình. đó là ý nghĩa vẹn nguyên của các kỳ,về lởc nấc ức âs> kiều ii mùnh . 00 (x { mhà vớn ngiwwên cát <⁄2 là,0.5714
40,97.jpg,đầu tư.,đò là.,0.5714
81,100.jpg,tế và mở các tour du lịch làng nghề truyền thống.,{e' về mẻ s— búa du (ch lsg nữ +ag® thọ.,0.5714
129,34.jpg,"xác anh hồ nổi lên trong bộ đồ nhái. mới đây biển thanh hóa rộ sò, có thợ lặn được hơn",". anh nè nội #2 tem #ø để nhé! . mac 2à lun “thanh f[ex n2 ⁄,j có ý†hở ấn làn",0.5698
129,99.jpg,"em đã đưa chúng tôi trở về an toàn. sau hơn một ngày nghỉ dưỡng sức, tối","n5 đưa chung, tôf 1ó vðề cw /zi . <w„„ hon nỗi an9^v “gäá dung avt đố",0.5694
74,29.jpg,"phế liệu là "" mối ruột "", những người bán hàng rong, sửa xe, thu lượm là","v2 (0 là “ môi vét!) nhữa. ngờ kén kờn y4 tỏ x„, xh« za46@m lè",0.5694
100,11.jpg,"giới hạn là song phương hay đa phương. chính sách đã có, các cơ quan chỉ",đị? xn & am phng on đ^. p0 : ch s« 1 c6} cóc cơ 42w ch,0.5694
49,39.jpg,"nhanh chóng khắc phục tình trạng quan liêu, cửa quyền, hách dịch.","nhanh hổ khấ p4 tin, ai juaw (72, ta juâ,lé4, ⁄.",0.5692
103,77.jpg,"tặng anh trương xuân đại 150.000 đồng, một cô gái tên nhung ở tân bình gửi","đáng ah qrườn, x22 0k2 260. 009 à0 ng, mốt cô 26 +8n max ""2 22 65-1 sả",0.5676
2,58.jpg,"đó là kết quả hoàn hảo trong công việc, sự chính xác đến từng chi tiết? hay đó là cách nói","4š 13 kế quế aveca hảo trene_ công vo „n ở chính xao s04. èing s2 -1gf 9 tuc xổ 0,2 ca x2",0.5667
136,29.jpg,"nghị lực và quyết tâm, đã chiến thắng hoàn cảnh để theo đuổi ước mơ từ ngày thơ bé.","xgwi lí. số quốr' 46 , để c(n (ng 422a còc. 22 2 2.2: đắc mô tử ng” “há bể",0.5663
148,57.jpg,sẽ giúp anh trong việc tìm người bị mất và trả lại cho họ. anh,ẹ£_ g* n lu viø km ngu bị vất “ vớ kế áo cho lo lnn,0.5645
120,5.jpg,hành vi sai trái và những người bao che. thực hiện tốt các quy định đối,"0h vì asi xruc sở vluð vg ớt vao ke. tku02 kiện xốt œ¿ qua 2d, xor",0.5634
115,43.jpg,trạm thu phí đặt tại chân cầu bình triệu cho thấy sau khi xe nộp,{rao 2u ph“ 4ˆ 4d đòn cấu 6n tê cho v2 si th vẽ _,0.5625
95,36.jpg,"để bà cụ không bị đau khi xe xóc. được chừng mươi phút đường xe,",jc tà cơ kốn4 ệ! xau kh xe xóc .ax cc ”đớ/ ⁄“ e8,0.5625
130,41.jpg,bình thường được. từ nhỏ cậu đã nuôi ước mơ trở thành cầu thủ bóng đá. sau bao nỗ lực khổ,hn tàu đạc “v} tủ cà ác noi 66c mì (5 <2. thủ bớng đá _ 54 bao mò ⁄ khí,0.5618
72,33.jpg,"họ đã chết trên đường mưu sinh. hơn 2 giờ chiều, vẫn mưa lất phất, thị trấn khâm đức, huyện","họ để chứt bên đồn, mø nu. hơn 4, sở chỗ số: vu. r6 v/#b, 4k; 6h mồm -đ, ky:",0.5604
20,98.jpg,"với châu âu, châu úc với trung đông. giao lưu quốc tế thuận lợi, phát triển","ví eh â, ha 0 và tu 6g. cáo âu quốc {ý bo đệ, dd tứ",0.56
84,73.jpg,đến bàn giao những thứ họ đã tìm được ngày hôm trước và lại chia địa bàn để,"ảốn bo 0ò và,à t.x hở đe” 2à đước ngày hon 1a2ó, và` đại ca thứ #g¿` dở",0.56
149,23.jpg,"điểm, cao thật đấy. nhưng cao mà làm gì khi nv1 lấy tới hai bảy phẩy năm? đó thật ra","xu oo thởt ki. nha œ «2 bạ gì ¿nó là/ xí: lai là, phếy năm? đoln",0.5595
113,95.jpg,dòng xe phải đi vòng một đoạn phía thủ đức.,v4 xe phút ác và hét de phá “th đuế,0.5581
89,63.jpg,mới hay tất cả chúng tôi đã được hai ông bà người tàu mua đi bán lại từ người khác như,ki hoa tết chốno đê đă doc oi 6n là siến 2u ni dị bến đo ngân fhe nh,0.5581
90,61.jpg,bật thứ ba là trong phần đề cập tới trách nhiệm của bà con đối với đất,lấy 114 ba. đc bưng ph2i ác cáp 46t t. nhu sửa ax cơ đố o6: đố,0.5571
14,3.jpg,cộng với lãi suất của ngân hàng theo thời điểm nộp tiền. lý do được phía,(ng @gyồt vs cuấ[ ợmh ngân đam đc to ac n®p 4% . p cíc được phía,0.5556
3,76.jpg,"người vẫn trốn tránh sự thật và đã làm lây bệnh cho người thân của họ "".","ng 95% thế t4d_ ax 6xt o« đờ la. 1e) vợ cho ngoài ta của ke,",0.5556
104,71.jpg,"ông hải đặt vấn đề : liệu vụ việc có "" chìm xuồng "" hay không, vì sao đến nay vẫn","ồ hà đời văn đð : tù vú vv¿ tc xxưm ""m2 ki, về sao öða m2 văn",0.5556
55,98.jpg,"nhặt ve chai... nuôi chồng đi kiện. ở cái xóm lao động nghèo thuộc phường bình chiểu, quận","nv vớ cáa ... xuới côn di ân l- đứng co xước phoờna, b#ä (hở quá",0.5556
146,52.jpg,đdv trực ban cho biết có ca cấp cứu đường tô hiến thành đang gọi.,đv tð& bao cho 4 vĩ c„ cấố « đuởng 78 4œ 7/254 #64 g%,0.5538
119,44.jpg,"dâng lên có chỗ ngập trên 2,5 m, với nhiều gia đình nghèo chỗ cao","c(ny đ é ch” vv4#p tên 2,6m với nhớ. an ưa rước œíš eao",0.5538
22,84.jpg,"các anh chị em ccv mỗi người một việc. bs hà chuẩn bị y cụ, đdv kim chi xách",+ đá ch mm cc một n mỗi vử. ê‹ +@` ch„zh bị v eăc „ 3bv ko chỉ }—,0.5526
119,3.jpg,"phí khác, còn một loại chi phí cho csgt được viết thành hàng rất rõ","hé v2 „ cen «8t áãx ch› /⁄ đc csgt add viết trí, jes4 xst x5",0.5522
65,55.jpg,"1 - 12 - 2003, chỉ còn ít lâu là tết nguyên đán, công ty chuộc ra, đưa trở lại","a25 -4065, ch sử 1e 02v z4 tả nguờn. an, của 1y chốc ta đan tố &",0.5513
29,30.jpg,"chị ngọc ánh, chủ tịch mặt trận tổ quốc của xã, còn cho tôi biết thêm","các t{ge nh, đi xái môi 6a tổ cv của xố, cờ (6 4& bố xhêu",0.5507
10,14.jpg,cũng gọi trực tiếp vào số máy của pv cho rằng việc anh em rượt đuổi và cho người truy tìm,tư ti về s2 máy cã 0u 2- vắng việc cnh cm out nxz eo nạ tne/ tác,0.5506
100,36.jpg,"cho chúng tôi quá giang cho biết ""giá chung theo "" luật "" ở tuyến đường","đè 0y {6t 4< g4 ch„ hút ""gì. chưng táo hạt” ổ tuyết đơn",0.5493
95,94.jpg,"thuận buồm xuôi gió. trong làng lặn, anh em đã phải lặng lẽ mang những cái tang...","thuận lò xu. gíe"" trong ^oàa ấểa j anh «m phai ma nhớ ưng",0.5488
92,5.jpg,"có tiền ăn, phải tự cứu nhau. chủ công trường không nhận lại vì hết việc.","có tên ốn, phức lệ ø¿u cháo. (hủ cửa ta kho ha xế 4; øœ.",0.5479
117,39.jpg,công sức xây dựng chắc chắn sẽ tồn tại và phát triển.,csn4 vớ xáu ảuâ chuc của. s tà tá và. ph44 xex,0.5472
106,19.jpg,"bị tấn công trọng thương, nhưng sau đó hải đã thay đổi lời khai.","n —_ công trơm #fơng , nhưng a2 ch #cgr đ ^~/ c6, _&` kí",0.5469
138,3.jpg,tại trạm 20 được các cơ quan chức năng ở đồng nai thống nhất chuyển sang xử lý nội bộ.,kế em 10 ảả cốt cả quan chốc nấu 9 bé na tội đối đun su xả tí rõ 09.,0.5465
26,11.jpg,"bốn khách mua dâm, nhưng trong cáo trạng không một dòng đề cập đến","k5 lí mau. do, ng trong, các lang kho, maf du, đe`coo©x",0.5455
86,93.jpg,"xây dựng và phát triển đội ngũ cb - cc có chất lượng chuyên môn cao,","xu đâu, và tết 4u, đội ngủ (b- có có đại (2/0) duy nội đe,",0.5441
13,61.jpg,"nghệ an) nằm trong số sáu người bị bắt, 19 ngày được chuộc ra khỏi tù.","mp ấn) nữm trng 6 s96 người kì bếế 4 ng “0n đac a„ 62c,",0.5429
16,38.jpg,"nhỏ, và chưa bao giờ được chính thức ra sân. nhưng đó không phải là thất","ni s ch đo giể được ch xước xe aôn . (xa để 1l, phé, tè ®at",0.5417
51,37.jpg,lính đã hi sinh nay vẫn chưa tìm thấy thân xác... nhưng những dòng nhật ký của anh là,"aócðð dể lù «ch noi vốn ehủc lâo đó, th xéc .. . những chống đứng chối bƒ ca ch (ä,",0.5412
149,52.jpg,"xách theo vali cấp cứu, đdv huệ đem chiếc băng ca đẩy vào nhà có nạn nhân.",xe tho vekl œu cá. tbv thứ đơn chư su cœ dàu mgo nhà cý nạn lê xxx,0.5405
21,8.jpg,"bên cạnh việc coi trọng nvơnn như những nhà đầu tư, một khía cạnh",ba canh độc e©ủ ưng mu ö6nm ng hô sa 1ư một lí cach,0.5385
81,58.jpg,làm chi. làm nhà vì thương người lận đận. từng sống trong căn nhà,"1x cà„,. (2k chỗ vì tung ngđc vấn a%n ¡ ng sa tr eg€e2h mà",0.5385
147,86.jpg,"chỉ có 10 tỉ đồng. liệu có tình trạng lơi lỏng, chủ quan trong xử phạt sau sea","cl s2 &0 k lan mp œ từnh than4 lén ng ) c gu txơng, x2 pha axa„ se^",0.5385
85,75.jpg,"11 - 1 - 2003, các hộ mua đất ở khu dân cư mới xuân hải đột ngột bị mời về huyện",4a -4—1y0% tac mua đất ẻ li. pn cá mới xu là d8! mối ñ mềr về ẩuvfa,0.5375
130,1.jpg,"lịch này sẽ tổ chức các lễ hội, như đêm rằm phố cổ mỗi tuần một lần","(„). «ay cếẽ tế diứ có (š tạ nảu đốm. nấm, phố cổ mộc tuôn. nộp đò",0.5373
141,87.jpg,thân của họ mỗi khi có dịp viếng mộ cũng thấy an lòng.,"tấn cù lọ nổi khi có đp s6 c2 tháƒ «eo là,",0.537
114,33.jpg,"như cùng cực. và trên hết, nghi vấn về "" một âm mưu tống tiền "" mà một bài báo gán","na cưng, cực - veo 4⁄/\ 4t, nghệ vi đf2` ` mốc ên màu 2ổng tc4\`""' mở một bức số",0.5366
108,45.jpg,là những nơi tập trung ăn nhậu rầm rộ nhất. thú rừng ở các làng nướng,đã nhun( mi bà 15664 en nhều hến x6 nh . thả mơ ở các my _,0.5362
92,67.jpg,", sách tập cũ các loại. trong một cuốn sách cũ chợt rơi ra tấm thẻ sinh viên của một","i6 2h #ăh cá các t4. troa mít cuối €2. cố vẫn (œ va1ếm nhỉ 6ná v0, cóả mẹi",0.5357
64,25.jpg,""" âm mưu tống tiền "" của anh, người cha già đã 80 tuổi ở tận thôn đông,","""đầm nu2c t60 tưy” tua dính, người cha. ạtố đá toluốt 6 ân hứa đứn",0.5352
113,87.jpg,"các nước, may nhờ một người vn che chở đã đóng tiền để qua được các vòng.","cac mướu „ tư, đihò một xgðn. vn đc đủ kể dung ki để ga đước œ 0œ,",0.5342
85,89.jpg,"có vị trí chiến lược quan trọng : nối liền thái bình dương với ấn độ dương,","&ˆ 4 kí cố, ausy quốc keo: vết đốn thói hành dböểng vật ía đề dưỡng,",0.5333
24,95.jpg,"ở tận thôn đông, xã đào viên, huyện quế võ (bắc ninh) nhắn tin","ở xân xi6n @ớng, ơđă ào vn, ñ&&p quế vốc đé na ) sêš 2n",0.5323
138,26.jpg,"quẫn gần như cùng cực. và trên hết, nghi vấn về "" một âm mưu tống tiền "" mà một","quấn qồa d2 cứng c&.. đã xứ ấối, nglt số <ể "" ai ân mắu 48g xưh"" mở mới",0.5316
67,54.jpg,"nhân dân tỉnh bình dương. theo tìm hiểu của chúng tôi, ngoài ông","nhân di bài bi, dưỡng . “theo tử k;6{, cửa, ch ca 0 ngềe ty",0.5312
45,11.jpg,trên các công văn xin vay tiền của lã thị kim oanh.,xmô céóc c2) tnn xâm vối th cäa 1. tế kim a4 _,0.5294
67,87.jpg,nghiện tập trung.,6⁄4. tấp tung,0.5294
136,76.jpg,đại kiện báo pháp luật (tp.hcm) * luật sư bảo vệ quyền lợi báo pháp luật,"ái kế kế nh liệt (t2.rcm) * lui: sử bá về dep lạ, kếí 0é lake",0.5278
42,18.jpg,"đây gọi là johor, 61 người chúng tôi được đổ xuống một căngtin chật hẹp, không có ông chủ, cũng","d8 an l§ j0h¿r_ 0 người chuế tế zuẳ 2ÿ xu một eấgytìn hệt heo , khôa « la đứ, gáy",0.5263
26,25.jpg,đdv kim chi tiêm một mũi thuốc thông tiểu.,"®dvv kim cơ si, mai mau su ti hóng t2,",0.5238
148,75.jpg,chúng tôi đang yêu cầu công ty sanofi synthelabo giải trình lý do,"chứng đô2 đơn yếu số côm, 4ð $owope tạdiako quá. 4nh 4ý ds",0.5231
7,70.jpg,"tôi đã cấp cứu kịp thời nên chồng chị qua khỏi cơn nguy kịch "". tôi","tềc 2ä cặp «4 ấm ắc nấn cha côe quá hội cản nay &yó"" ta",0.5224
80,99.jpg,"nghiệp bảo vệ nền độc lập dân tộc và xây dựng chủ nghĩa xã hội, có liên quan trực tiếp đến","""a9p ko vệ nến 29c tập đóp độc về 6 đứng chỗ vutuố xx &) c kê quan sức hai",0.5222
16,55.jpg,"việt tại nước sở tại. - trước hết, đây là lần đầu tiên một nghị quyết","vật tị vuố s2 tụ. -dước aốt, dâu đề lon 26) t9y wer ng q6",0.5217
81,39.jpg,"ngạc nhiên khi đến nhận lại một cặp hồ sơ : "" tôi đã bị mất nó khi công tác",ngọc nac 1h đốn no ấm một cản xổ kè; “ tô để b‹ mái nế 114 chí,0.52
11,24.jpg,"còn lại được đưa một ít tiền ăn và những lời hứa. và ngày về chiều 23 - 3 - 2004,",cơn tài được đưa mới ¡í tên đn 0đ nấm ñ „ñ¿ . (& n4 œ` ch. 23-3.,0.5185
32,77.jpg,"chiều 24 - 3, bộ trưởng bộ nông nghiệp và phát triển nông thôn (nn & ptnt) lê huy","ø1 0 8, bệ. kudeq hè nô nhập và phái 14t nộ thôn (nd ptntờ lu",0.5185
138,77.jpg,bây giờ lang thang ở đâu; vợ chồng mai văn lắm lục đục với nhau vì,báu c 1ena 1fena 9 đủ „ vẻ chôàa kc voi lêèm uc đục với ni. 4`,0.5152
132,5.jpg,"xách theo vali cấp cứu, đdv huệ đem chiếc băng ca đẩy vào nhà có nạn",xe 1íko xa cớ đó “90v tuệ duc bàn ( đai vào nhà cể nến,0.5147
64,66.jpg,định rõ mỗi cơ quan có trách nhiệm gì để thực tế hóa chính sách. dựa vào,du) aở kết dì quan có ch kián gì để vùc t7 jeé c1. a«h. lào,0.5139
76,17.jpg,"động tiếp tục bị bán tứ tán. các ông chủ chặn xe chở lao động vn giành nhau người,","lụca vu bóc bệ bến kế bến. cếu ông 0u” cán xe dở đáo động vệ nam giò cứ,",0.5122
10,82.jpg,"du lịch miền trung như dự án trung tâm thông tin du lịch, phát triển bãi đậu đổ xe","l„ {dị nle tuy vđu để ơn tum tâm đông tín da 6đ , g4 trên. bút, đâu đã xe",0.5122
7,48.jpg,"được. từ nhỏ cậu đã nuôi ước mơ trở thành cầu thủ bóng đá. sau bao nỗ lực khổ luyện, cậu","ð đóc. tử nh cu để 005: ắc mở th ai. cau t2 b0 để. seo bao 9 đức 4h72 4/72, c8u,",0.5114
2,52.jpg,cùng chiếc xe gắn máy đã bị lọt xuống một cái hố giữa trời đêm tối đen. lật lại vụ án csgt,"e4 chut ke 4ê neá ¿ở 6, áot xuống not cót ma giờn tróc đâm đờý ùn . lết ác ởu c4 cs6t",0.5111
26,68.jpg,hợp tác nếu dịch vụ ra đời. nhặt và trả đã đủ để vui.,"#%p tat ni để vụ 40 ji. nđấ vì tá đ dì # vu,",0.5094
3,50.jpg,may mắn cũng đang chịu đựng đau thương không ít. tôi đến khi các y sĩ ở,"de tốn củủg đam, chủ đụng đơn ống 2 hớng ở lái đấm ât cơc q epở",0.507
29,17.jpg,"ngã tư đường ray xe lửa và đoạn đến trạm kiểm soát, hàng ôtô vẫn tiếp tục","vẹä 1v va, hay xe đì~ ơ% đoạn đối tren in ao<+, khu ©16 06v “iếp tục",0.5068
101,28.jpg,"liên cảng a5 từ hội đồng này, tuy nhiên sau khi cùng viện kiểm sát nhân dân","ca cớa. r5 đùhộ: đâu này , tựa nh seu bo củng văn kiến gó, nắn 2l,",0.5067
81,90.jpg,"mình cũng phải ráng. toàn là người cùng quê, cùng vì áo cơm cuộc sống mà đem thân","^^ cửu phê k8) 1 2än 23 ngưỗ øng quê, cơn vì áo e;m eửc äøw mà z(øn41⁄n",0.5062
22,23.jpg,"đã ố vàng. cuốn nhật ký của một người lính trẻ, anh là nguyễn kỳ sơn. đồng đội anh đã","để đ xong - guốn chủ ký, so cối ngời đích bở vách ð tguốn lý ý. bổng đãi ah d4",0.5059
51,28.jpg,"cũng trong chương trình đẩy mạnh phát triển du lịch này, tổ chức jica nhật bản đã đề nghị","cu | xenj ehng -l4ềh đ6u monh phát 4à su lở ng ,ïÿ «hức jtc6. hết đón øl 6k ngư",0.5056
112,53.jpg,"tố về tội tham ô tài sản xhcn. khi điều tra mở rộng vụ án, ban chuyên án phát hiện trạm 20 tổ","36 về {ề thán 9 4 6án xhch. vkị ẩ06, tr nổ rống và án, dãn duy án. dứt hội {ren 1⁄2 18",0.5054
125,81.jpg,đặng,ng,0.5
79,50.jpg,sang,s0g,0.5
138,81.jpg,quan,quoơ,0.5
93,2.jpg,châu,cu,0.5
93,6.jpg,chưa,cua,0.5
79,39.jpg,về,v2,0.5
79,20.jpg,tú,cú,0.5
93,10.jpg,phải,ph,0.5
134,49.jpg,từ,tà,0.5
141,14.jpg,bị,b,0.5
27,81.jpg,quan,đan,0.5
27,94.jpg,là,l,0.5
108,61.jpg,trên,treo,0.5
77,7.jpg,và,v⁄,0.5
38,77.jpg,mà,mù,0.5
87,71.jpg,"và hoàng quý trung, ở cùng xã ia me, chư prông, gia lai, vào khu vực","..ỗ..... đu trung ,ở 0.ảng xã tœ m, c&, tổng ¿ đưa. le, väo ch, vc",0.5
87,79.jpg,ubnd,u60nd,0.5
87,91.jpg,tp,tí,0.5
88,97.jpg,do,co,0.5
107,27.jpg,đồng,ống,0.5
108,50.jpg,2004,2°0o4,0.5
107,36.jpg,họ,ho,0.5
108,100.jpg,ra,a,0.5
108,26.jpg,phải,ph,0.5
108,21.jpg,chao,ca,0.5
107,41.jpg,phép,phí,0.5
120,79.jpg,là,l.,0.5
118,30.jpg,bị,bì,0.5
127,58.jpg,nhân,nh,0.5
118,21.jpg,rừng,vắng,0.5
76,58.jpg,thâm,4hom,0.5
13,79.jpg,từ,tl,0.5
108,9.jpg,túng,đóng,0.5
127,5.jpg,cơ,cô,0.5
134,73.jpg,phủi,ph,0.5
134,76.jpg,ký,kú,0.5
125,85.jpg,quán,@ucn,0.5
108,14.jpg,chìm,ch,0.5
27,58.jpg,và,va,0.5
27,71.jpg,lê,lý,0.5
91,45.jpg,dữ,dư,0.5
14,50.jpg,có,cố,0.5
14,58.jpg,băng,bzn,0.5
14,69.jpg,tong,kơng,0.5
27,26.jpg,cơ,có,0.5
94,76.jpg,chuyển được một xác. 40 km từ bãi phước thành ra đây phải đi suốt một ngày,chuẩni đưo mật góc. (0km lừ bố ðàưzờ tro xe. đốt phối chì xuốt vốt mẫu,0.5
39,35.jpg,số,so,0.5
87,5.jpg,là,l,0.5
39,90.jpg,bóng,bốcg,0.5
39,92.jpg,ấp,ấn,0.5
141,11.jpg,ta,to,0.5
104,92.jpg,và,vc,0.5
93,27.jpg,bổ,bố,0.5
38,81.jpg,giải,giá,0.5
94,63.jpg,chắc,cha,0.5
94,67.jpg,tư,t7,0.5
94,69.jpg,đi,đr,0.5
39,70.jpg,đi,di,0.5
27,50.jpg,cố,cô,0.5
77,18.jpg,sẽ,số,0.5
77,19.jpg,định,dành,0.5
93,61.jpg,từ,tả,0.5
93,72.jpg,hàng,ng,0.5
68,85.jpg,tp,tt,0.5
91,2.jpg,cá,ca,0.5
95,41.jpg,toàn,tà,0.5
95,52.jpg,ty,tú,0.5
95,61.jpg,xong,ng,0.5
95,12.jpg,an,ơn,0.5
100,63.jpg,lãng,kng,0.5
93,1.jpg,vụ,vu,0.5
76,25.jpg,lã,l,0.5
2,90.jpg,mở,mả,0.5
14,73.jpg,đủ,đí,0.5
146,5.jpg,phải,phác,0.5
26,74.jpg,gánh,gang,0.5
94,78.jpg,tỏ,tt,0.5
2,76.jpg,bà,bè,0.5
93,28.jpg,32,52,0.5
98,2.jpg,giao,gi,0.5
45,4.jpg,cạnh,tơnh,0.5
47,97.jpg,có,cơ,0.5
47,58.jpg,ra,aa,0.5
141,43.jpg,được,độc,0.5
27,28.jpg,ròng,cng,0.5
93,34.jpg,cơ,c2,0.5
93,44.jpg,và,v6,0.5
104,43.jpg,ba,bs,0.5
28,19.jpg,đã,đá,0.5
28,32.jpg,phát,ph<1,0.5
147,14.jpg,canh,"caná,",0.5
147,15.jpg,được,đưa,0.5
141,94.jpg,vì,vù,0.5
126,100.jpg,suất,sua,0.5
126,72.jpg,ty,tự,0.5
23,22.jpg,bộ,bs,0.5
20,31.jpg,pv,pụ,0.5
20,40.jpg,mơ,m,0.5
16,63.jpg,và,va,0.5
23,33.jpg,nhau,nh,0.5
23,48.jpg,có,c.,0.5
23,49.jpg,tính,“íh,0.5
31,8.jpg,và,vi,0.5
31,35.jpg,18,1,0.5
16,52.jpg,tù,tử,0.5
27,41.jpg,do,ào,0.5
59,10.jpg,đông,đan,0.5
59,18.jpg,bệnh,hạnh,0.5
59,83.jpg,có,co,0.5
5,98.jpg,công,cn,0.5
75,31.jpg,điều,đu,0.5
75,38.jpg,tế,tớ,0.5
14,82.jpg,bình,bìùch,0.5
76,16.jpg,cơ,cw,0.5
38,56.jpg,bình,©ìn,0.5
82,6.jpg,lê,l¿,0.5
28,67.jpg,phương,ph dna,0.5
28,89.jpg,cũng,ng,0.5
20,85.jpg,xuân,xum,0.5
58,100.jpg,rừng,kứng,0.5
58,62.jpg,nh,ni,0.5
58,76.jpg,vàng,ven,0.5
22,43.jpg,61,6ñ,0.5
142,42.jpg,biên,li n,0.5
137,29.jpg,vì,vá,0.5
137,69.jpg,đang,äana,0.5
142,40.jpg,bà,à,0.5
114,27.jpg,cb,co,0.5
75,92.jpg,xoay quanh việc có nên cho phép thu phí cầu bình triệu 2 khi dự án còn,cong 4wenh viếc co“ nên - lv /h l” r0 dì nh triều “v ¿mi ân còn,0.5
75,98.jpg,2004,201,0.5
94,11.jpg,truy,tu,0.5
59,61.jpg,bộ,bỏ,0.5
82,71.jpg,nước,vvước,0.5
82,73.jpg,đồng,ưng,0.5
5,14.jpg,xã,xế,0.5
5,22.jpg,là,l«,0.5
144,81.jpg,sự,s2,0.5
139,11.jpg,cả,có,0.5
22,45.jpg,cụ,cơ,0.5
22,47.jpg,phải,phở,0.5
37,7.jpg,trên,+r9n,0.5
24,59.jpg,và,vá,0.5
20,48.jpg,lẽ,lí,0.5
20,51.jpg,trương,lvươna,0.5
59,25.jpg,hình,anh,0.5
127,39.jpg,xe,xo,0.5
138,75.jpg,thừa,ha,0.5
75,53.jpg,vàng,vưni,0.5
22,77.jpg,sở,s.,0.5
120,55.jpg,16,1ó,0.5
85,35.jpg,xuân,xu,0.5
85,38.jpg,quốc,qšc,0.5
85,42.jpg,niên,nn,0.5
143,35.jpg,sông,søàg,0.5
125,37.jpg,cơ,có,0.5
125,40.jpg,nhân,nhôu,0.5
94,94.jpg,thực,đực,0.5
98,58.jpg,bộ,b2,0.5
77,51.jpg,và,v,0.5
22,78.jpg,xuất,xuaxt,0.5
22,99.jpg,phất,ghxt,0.5
129,91.jpg,cơ,cổ,0.5
82,20.jpg,an,øn,0.5
94,88.jpg,đá,đa,0.5
38,30.jpg,sinh,xonh,0.5
38,36.jpg,ra,ca,0.5
38,43.jpg,biệt,bi,0.5
79,18.jpg,nhận,nhà,0.5
37,76.jpg,chết,ch,0.5
37,47.jpg,trai,*rxi,0.5
94,97.jpg,tiếp,tp,0.5
98,64.jpg,và,v,0.5
105,25.jpg,ba,b,0.5
105,27.jpg,gánh,c nh,0.5
38,50.jpg,2010,«040,0.5
5,82.jpg,vì,vi,0.5
142,15.jpg,lịch,ch,0.5
47,88.jpg,hàng,kháng,0.5
47,29.jpg,đông,ng,0.5
47,48.jpg,võ,vớ,0.5
105,79.jpg,gì,gi,0.5
141,85.png,lịch,(ch,0.5
45,41.jpg,bé,b¿,0.5
127,38.jpg,lẽ,lˆ,0.5
141,86.jpg,bé,b2,0.5
53,89.jpg,đồng,dòng,0.5
144,14.jpg,dự,dj,0.5
94,14.jpg,lòng,ng,0.5
94,30.jpg,có,c,0.5
38,2.jpg,sông,ng,0.5
82,46.jpg,wb,wdb,0.5
105,35.jpg,mình,nh,0.5
143,43.jpg,nhặt,nhi,0.5
143,1.jpg,việt,vtðt,0.5
143,17.jpg,bằng,"bổng,",0.5
127,16.jpg,phát,phế,0.5
127,19.jpg,sẽ,sơ,0.5
45,44.jpg,thời,thủ,0.5
57,77.jpg,tang,tam,0.5
40,23.jpg,bị,bi,0.5
64,21.jpg,là,l,0.5
120,3.jpg,2003,2 00 3,0.5
120,9.jpg,dịch,chch,0.5
84,1.jpg,rằng,ung,0.5
12,59.jpg,ngọn,ng,0.5
57,55.jpg,đồng,éng,0.5
57,62.jpg,động,zøng,0.5
64,27.jpg,tố,tú,0.5
107,71.jpg,giao,go,0.5
109,12.jpg,xe,xo,0.5
86,94.jpg,bằng,b“na,0.5
14,23.jpg,cô,co,0.5
64,62.jpg,mơ,mô,0.5
64,9.jpg,nhận,„hòn,0.5
64,18.jpg,đoạn,đòan,0.5
143,69.jpg,bộ,bỏ,0.5
143,74.jpg,91,41,0.5
115,33.jpg,cũ,cc,0.5
65,91.jpg,đi,ii,0.5
35,71.jpg,la ngà).,lễ na< ).,0.5
143,99.jpg,cư,cơ,0.5
115,64.jpg,bướm,bưcw,0.5
69,27.jpg,ngậm,nam,0.5
14,19.jpg,tp,t,0.5
64,100.jpg,sự,sứ,0.5
84,38.jpg,nghi,ngl,0.5
107,13.jpg,vòng,mang,0.5
88,26.jpg,12,/2,0.5
100,1.jpg,bị,bì,0.5
147,27.jpg,bờ,bì,0.5
68,51.jpg,chịu,cu,0.5
110,70.jpg,giải,giá,0.5
15,88.jpg,phồn,phe,0.5
84,55.jpg,công,đơng,0.5
93,99.jpg,ngập,hgép,0.5
149,74.jpg,là,ly,0.5
57,74.jpg,võ,vy,0.5
40,31.jpg,ia,i,0.5
57,17.jpg,ubnd,nd,0.5
35,48.jpg,ăn,an,0.5
35,51.jpg,bị,b,0.5
107,16.jpg,là,l,0.5
68,1.jpg,vụ,va,0.5
110,97.jpg,mở,mổ,0.5
35,1.jpg,mơ,mô,0.5
149,91.jpg,và,va,0.5
7,78.jpg,nhận,nhu,0.5
7,100.jpg,kinh,link,0.5
120,16.jpg,phương,phảẻno,0.5
103,97.jpg,tinh,dnh,0.5
64,47.jpg,định,anh,0.5
124,77.jpg,luận,đun,0.5
69,25.jpg,đang,"đong,",0.5
48,76.jpg,ty,tu,0.5
43,17.jpg,lặng,ứng,0.5
69,38.jpg,cả,ca,0.5
124,5.jpg,nguyên,t2uy2n,0.5
133,50.jpg,nn,ni,0.5
133,57.jpg,điều,đu,0.5
29,59.jpg,liệt,„it,0.5
97,75.jpg,khắp,kiếp,0.5
62,65.jpg,thấy,kh«y,0.5
41,93.jpg,tích,<íc£,0.5
1,75.jpg,có,c6,0.5
17,95.jpg,bs,bạ,0.5
4,5.jpg,cơ,cc,0.5
4,32.jpg,đình,dìh,0.5
122,5.jpg,giấy,gi,0.5
122,6.jpg,ngày,nay,0.5
122,8.jpg,tp,tô,0.5
115,93.jpg,bị,bỉ,0.5
97,4.jpg,ty,tw,0.5
30,83.jpg,phồn,(hơn,0.5
30,26.jpg,có,cơ,0.5
30,32.jpg,bị,b,0.5
97,29.jpg,là,l5,0.5
13,15.jpg,đỏ,để,0.5
62,76.jpg,vn,vi,0.5
1,80.jpg,vợ,về,0.5
65,60.jpg,ngày,ngzv,0.5
65,76.jpg,vì,vi,0.5
65,78.jpg,nhất,nh,0.5
65,81.jpg,quản,đu“n,0.5
143,56.jpg,sang,ng,0.5
143,64.jpg,thịt,th,0.5
124,74.jpg,vì,vi,0.5
124,62.jpg,có,cð,0.5
116,66.jpg,công,"cổng,",0.5
116,67.jpg,kỳ,k,0.5
116,68.jpg,vỡ,v⁄,0.5
109,49.jpg,là,l,0.5
32,44.jpg,nhơi,nhà:,0.5
69,16.jpg,tiên,t{n,0.5
57,25.jpg,bị,bi,0.5
57,44.jpg,có,cơ,0.5
57,46.jpg,phía,phá,0.5
48,13.jpg,manh,ananh,0.5
150,27.jpg,công,ng,0.5
32,60.jpg,dụng,ủng,0.5
13,63.jpg,động,đón,0.5
124,69.jpg,tháp,tp,0.5
124,72.jpg,cừ,cơ,0.5
13,2.jpg,cũ,c7,0.5
48,46.jpg,nhận,nha,0.5
116,69.jpg,biết,bớt,0.5
95,84.jpg,2010,1040,0.5
99,55.jpg,bộ,bỏ,0.5
147,38.jpg,đủ,đu,0.5
147,48.jpg,là,l,0.5
147,52.jpg,hà,ha,0.5
42,63.jpg,bộ,ba,0.5
42,66.jpg,từ,tt,0.5
45,82.jpg,việt,vi,0.5
45,83.jpg,xuân,xux,0.5
68,28.jpg,mơ,mô,0.5
51,87.jpg,lộ,ls,0.5
42,78.jpg,bộ,b®,0.5
55,39.jpg,ba,b,0.5
42,98.jpg,từng,lùng,0.5
42,52.jpg,chương,chuưởn,0.5
57,5.jpg,trường,'tetờng,0.5
99,53.jpg,"được bà con việt kiều quan tâm, trong đó có tuổi trẻ online.",à0 àx cơn việt ki c|uow têm ) vương đý 6£ tuốt thẻ owb«.,0.5
110,17.jpg,đồ,độ,0.5
110,47.jpg,châu,cha,0.5
40,53.jpg,cổ,cc,0.5
99,22.jpg,là,l,0.5
110,72.jpg,mở,mö,0.5
110,81.jpg,tờ,tu,0.5
68,11.jpg,chào,cho«o,0.5
68,13.jpg,tứ,tt,0.5
84,87.jpg,đông,ng,0.5
42,86.jpg,lã,là,0.5
68,93.jpg,nhẹt,nhép,0.5
15,55.jpg,bệnh,b znh,0.5
15,6.jpg,nghề,ngé2,0.5
84,84.jpg,bị,bé,0.5
60,85.jpg,cũng,cơn,0.5
88,46.jpg,kế,k>,0.5
88,74.jpg,ubnd,upn0,0.5
81,98.jpg,phục,pc,0.5
86,96.jpg,cũng,"~
ng",0.5
86,98.jpg,tình,nh,0.5
104,31.jpg,trăm,tam,0.5
104,35.jpg,được,ượ,0.5
95,81.jpg,về,vệ,0.5
100,45.jpg,việc,v éc,0.5
100,58.jpg,km,êm,0.5
91,97.jpg,và,vớ,0.5
46,8.jpg,bộ,be,0.5
104,23.jpg,phân,phe,0.5
99,33.jpg,chực,ch,0.5
123,30.jpg,bò,b.,0.5
34,53.jpg,là,0à,0.5
76,28.jpg,sang,an,0.5
14,39.jpg,cơ,cổ,0.5
14,44.jpg,liền,lĩnn,0.5
100,70.jpg,nhận,nh,0.5
34,48.jpg,giải,già,0.5
34,81.jpg,khuyến,khu,0.5
55,46.jpg,chưa,ch,0.5
55,65.jpg,du,d.,0.5
84,56.jpg,chậm,ch,0.5
88,7.jpg,đó,đ{,0.5
88,76.jpg,cũng,con,0.5
51,45.jpg,lê,lá,0.5
51,53.jpg,nhóm,nho,0.5
147,1.jpg,cụ,ca,0.5
147,6.jpg,sự,sở,0.5
28,91.jpg,sự,su,0.5
45,67.jpg,chặt,cho,0.5
146,60.jpg,bỏ,bò,0.5
93,74.jpg,đó,đố,0.5
146,16.jpg,việc,v@c,0.5
42,22.jpg,tình,ninh,0.5
42,28.jpg,nhân,nha,0.5
84,69.jpg,quản,guøn,0.5
84,74.jpg,nhận,nh©,0.5
15,31.jpg,ra,2a,0.5
42,16.jpg,đó,đế,0.5
51,54.jpg,đi,bi,0.5
107,80.jpg,phải,phí,0.5
107,90.jpg,quán,quo6,0.5
146,35.jpg,minh,miv,0.5
2,62.jpg,tự,tử,0.5
64,58.jpg,tiếp,tp,0.5
146,64.jpg,ngàn,nđan,0.5
91,57.jpg,và,v4,0.5
75,6.jpg,đang,ng,0.5
79,86.jpg,và,vc,0.5
99,15.jpg,sa,áa,0.5
125,93.jpg,cách,cá ‹h,0.5
110,15.jpg,trăm,tom,0.5
149,33.jpg,cảnh,ch,0.5
86,44.jpg,chức,ch,0.5
86,52.jpg,tưới,tư,0.5
27,3.jpg,bằng,b~g,0.5
27,4.jpg,sinh,nh,0.5
27,5.jpg,chuyển,chu ở,0.5
15,39.jpg,quốc,"|
quốc",0.5
46,72.jpg,vụ,vi,0.5
84,66.jpg,ngồi,ngỡ,0.5
55,31.jpg,tp,7p,0.5
107,48.jpg,rõ,rè,0.5
107,52.jpg,đình,dinh,0.5
107,55.jpg,có,cx,0.5
84,18.jpg,thức,tc,0.5
84,22.jpg,khắp,khób,0.5
149,32.jpg,giải,gi,0.5
42,13.jpg,lộ,lð,0.5
55,17.jpg,malaysia,llalausiø,0.5
55,24.jpg,hi,bi,0.5
15,33.jpg,là,l,0.5
46,71.jpg,bị,b,0.5
10,64.jpg,luân,lxn,0.5
119,58.jpg,cùng,cơnd,0.5
112,1.jpg,cheo,ch,0.5
112,8.jpg,phép,phó,0.5
131,10.jpg,là,l„,0.5
131,17.jpg,đứng,đứa,0.5
131,23.jpg,23,2b,0.5
131,24.jpg,10,1o,0.5
41,55.jpg,phải,phù,0.5
41,60.jpg,sống,đồng,0.5
4,78.jpg,đi,ti,0.5
4,88.jpg,là,l&,0.5
97,31.jpg,và,v&,0.5
111,73.jpg,cứ,c,0.5
111,75.jpg,là,l„,0.5
10,57.jpg,mà,mí,0.5
19,50.jpg,đó,2ó,0.5
19,61.jpg,chia,ch,0.5
19,6.jpg,động,đốn,0.5
19,30.jpg,trăm,“rom,0.5
43,58.jpg,tổng,tên,0.5
8,62.jpg,ký,kị,0.5
8,70.jpg,ra,r_,0.5
43,32.jpg,đá,đa,0.5
70,16.jpg,chia,ch,0.5
111,69.jpg,hàng,h«n,0.5
136,79.jpg,nhân,nín,0.5
43,69.jpg,vì,vị,0.5
43,70.jpg,bị,b,0.5
148,38.jpg,tháo,to,0.5
148,51.jpg,công,c8nơ,0.5
148,60.jpg,ba,b^,0.5
62,39.jpg,phút,phơi,0.5
62,51.jpg,về,v⁄,0.5
112,98.jpg,là,l,0.5
70,73.jpg,phải,ph,0.5
70,78.jpg,có,cc,0.5
119,20.jpg,vượt,vớt,0.5
131,80.jpg,chừa,ch,0.5
119,30.jpg,cà,cở,0.5
56,72.jpg,cũng,eủng,0.5
112,77.jpg,là,lì,0.5
112,84.jpg,km,(m,0.5
112,94.jpg,hàng,ng,0.5
62,57.jpg,phải,phô,0.5
119,95.jpg,và,v,0.5
89,43.jpg,giải,gi,0.5
89,47.jpg,trường,"tuờn,",0.5
112,54.jpg,xe,xz,0.5
112,25.jpg,tiết,hết,0.5
56,81.jpg,a5,^5,0.5
131,71.jpg,lý,l,0.5
119,26.jpg,tịch,“ch,0.5
119,43.jpg,là,l,0.5
111,85.jpg,là,lễ,0.5
21,57.jpg,vàng,xong,0.5
21,62.jpg,ca,cc,0.5
21,92.jpg,dòng,cứng,0.5
18,84.jpg,có,cø,0.5
18,86.jpg,và,về,0.5
52,26.jpg,chân,chó,0.5
71,63.jpg,31,34,0.5
71,31.jpg,dự,dư,0.5
21,77.jpg,ba,"ba,",0.5
21,84.jpg,bị,bc,0.5
19,78.jpg,công,can,0.5
135,56.jpg,sống,aíng,0.5
135,68.jpg,sư,số,0.5
135,79.jpg,chìm,ch,0.5
119,96.jpg,bị,bí,0.5
89,3.jpg,14,44,0.5
50,50.jpg,trạm,trưa,0.5
50,59.jpg,trên,taen,0.5
9,76.jpg,số,sở,0.5
102,90.jpg,thấy,tuy,0.5
132,29.jpg,bè,bơ,0.5
89,12.jpg,động,ứng,0.5
89,22.jpg,dung,duy,0.5
135,49.jpg,nghị,nh,0.5
72,83.jpg,thậm,tum,0.5
21,9.jpg,thật,thả,0.5
21,22.jpg,là,l4,0.5
41,9.jpg,ngày,nge4,0.5
41,24.jpg,xanh,xa.,0.5
135,80.jpg,chức,ch,0.5
36,52.jpg,nghe,ng,0.5
135,86.jpg,do,đo,0.5
72,9.jpg,bà,và,0.5
72,18.jpg,đó,áó,0.5
66,40.jpg,80,89,0.5
66,52.jpg,bị,bí,0.5
119,38.jpg,và,vàà,0.5
136,100.jpg,lã,l_,0.5
111,87.jpg,đi,đa,0.5
61,69.jpg,minh,mn/,0.5
66,72.jpg,mong,tung,0.5
136,5.jpg,nhập,nhàn,0.5
136,6.jpg,đồng,đốn,0.5
136,14.jpg,cộng,ng,0.5
136,16.jpg,táng,đóng,0.5
112,51.jpg,nợ,nở,0.5
89,50.jpg,và,va,0.5
89,54.jpg,phao,heo,0.5
30,99.jpg,chạy,cha,0.5
66,5.jpg,bè,bị,0.5
136,99.jpg,1998,118,0.5
73,93.jpg,bị,b,0.5
69,88.jpg,mỹ,mụ,0.5
13,56.jpg,cư,cx,0.5
109,14.jpg,dưới,dài,0.5
2,18.jpg,đang,#acg,0.5
2,26.jpg,nhìn,nhu,0.5
2,29.jpg,tính,nh,0.5
2,30.jpg,lo,áo,0.5
116,82.jpg,cỡ,c5,0.5
1,99.jpg,đi,đì,0.5
122,50.jpg,họ,h⁄,0.5
122,56.jpg,bằng,long,0.5
136,72.jpg,được,ước,0.5
132,74.jpg,vn,nn,0.5
132,88.jpg,minh,mah,0.5
30,35.jpg,pháp,phr,0.5
30,37.jpg,trên,thôn,0.5
29,56.jpg,ubnd,ubw9,0.5
7,75.jpg,đăng,“ống,0.5
133,94.jpg,về,vø,0.5
29,89.jpg,đã,đc,0.5
29,35.jpg,soát,so,0.5
17,9.jpg,cơ,cá,0.5
17,31.jpg,đô,đó,0.5
17,73.jpg,nhậu,nh,0.5
29,70.jpg,vợ,v8,0.5
76,82.jpg,nhất,nh,0.5
146,89.jpg,lê,l,0.5
134,67.jpg,được,đöc,0.5
97,35.jpg,vi,vì,0.5
115,91.jpg,ca,^a,0.5
116,83.jpg,14,44,0.5
73,40.jpg,giảm,gom,0.5
138,59.jpg,bì,kì,0.5
103,23.jpg,công,ống,0.5
12,2.jpg,nhật,nh! t,0.5
32,91.jpg,bộ,bỏ,0.5
32,98.jpg,13,15,0.5
73,88.jpg,ngày,ngø,0.5
13,11.jpg,giao,go,0.5
120,67.jpg,thật,xh«t,0.5
1,36.jpg,vùng,vn,0.5
35,88.jpg,vn,vu,0.5
35,94.jpg,là,l,0.5
80,15.jpg,có,co,0.5
118,61.jpg,rộng,ng,0.5
138,13.jpg,19,t9,0.5
116,84.jpg,sang,ong,0.5
116,95.jpg,pháp,ph,0.5
69,51.jpg,bs,bc,0.5
1,18.jpg,theo,to,0.5
69,63.jpg,dựng,đứng,0.5
134,53.jpg,tp,tế,0.5
8,55.jpg,đã,đ,0.5
11,82.jpg,an,#n,0.5
4,18.jpg,kẻ,kz,0.5
4,95.jpg,kong,kox,0.5
4,49.jpg,tiếp,viếý,0.5
4,55.jpg,và,về,0.5
43,49.jpg,pháp,ph“,0.5
8,23.jpg,mạnh,maxh,0.5
132,4.jpg,xuất,xuäí,0.5
133,80.jpg,bộ,bo,0.5
102,68.jpg,đã,đ,0.5
132,32.jpg,nắng,màng,0.5
127,84.jpg,lẽ,l,0.5
11,79.jpg,lê,l,0.5
11,80.jpg,tụng,tn,0.5
11,81.jpg,khát,ki t,0.5
72,54.jpg,từ,tu,0.5
72,59.jpg,là,l,0.5
72,61.jpg,tù,tu,0.5
97,28.jpg,tăng,1øng,0.5
29,18.jpg,việc,vi,0.5
72,64.jpg,việt,viế,0.5
19,48.jpg,bộ,b,0.5
19,49.jpg,bị,b,0.5
30,70.jpg,biên,bứn,0.5
30,76.jpg,ubnd,nd,0.5
132,44.jpg,vn,vù,0.5
32,81.jpg,tư,tu,0.5
32,86.jpg,tặng,“ng,0.5
7,9.jpg,lẽ,l.,0.5
7,28.jpg,thực,toc,0.5
7,54.jpg,bộ,bỏ,0.5
7,59.jpg,xích,ch,0.5
134,17.jpg,bộ,bồ,0.5
118,99.jpg,cheo,eo,0.5
73,6.jpg,thác,tc,0.5
73,11.jpg,ba,b,0.5
12,98.jpg,là,l.,0.5
35,29.jpg,đã,để,0.5
72,44.jpg,lũ,l,0.5
69,90.jpg,điện,zin,0.5
62,10.jpg,đã,đi,0.5
62,18.jpg,tự,tụ,0.5
62,26.jpg,được,äước,0.5
17,38.jpg,và,vc,0.5
56,28.jpg,bộ,bỏ,0.5
131,99.jpg,sở,nở,0.5
70,81.jpg,bộ,bò,0.5
70,86.jpg,và,v,0.5
106,17.jpg,tờ,tỷ,0.5
70,44.jpg,xe,x2,0.5
72,26.jpg,phải,phó,0.5
72,34.jpg,nguyên,ngjnn,0.5
40,13.jpg,xe,x=,0.5
31,42.jpg,cứ,c3,0.5
74,57.jpg,có,cò,0.5
74,70.jpg,và,về,0.5
74,16.jpg,ta,la,0.5
16,68.jpg,có,cố,0.5
16,69.jpg,dự,d3,0.5
142,95.jpg,chịu,chu.,0.5
142,98.jpg,từ,tu,0.5
142,99.jpg,sĩ,s.,0.5
117,7.jpg,thân,+hón,0.5
74,26.jpg,a5,5,0.5
117,53.jpg,cô,c«,0.5
52,41.jpg,trường,“bưởng,0.5
90,46.jpg,nhân,nan,0.5
33,100.jpg,đích,auch,0.5
44,64.jpg,từ,tủ,0.5
44,69.jpg,xanh,xaxà,0.5
105,40.jpg,từ,tư,0.5
98,29.jpg,cháy,ch,0.5
98,32.jpg,công,ứng,0.5
98,41.jpg,xế,xe,0.5
114,78.jpg,đó,đ,0.5
101,96.jpg,ký,kj,0.5
117,32.jpg,sơ,cơ,0.5
117,37.jpg,trên,tin,0.5
90,35.jpg,15,45,0.5
128,10.jpg,cách,cc,0.5
101,89.jpg,công,con,0.5
50,25.jpg,vn,vụ,0.5
50,29.jpg,biệt,bi,0.5
50,32.jpg,khoa,kh,0.5
50,33.jpg,xa,a,0.5
53,48.jpg,hđxx,1xx,0.5
53,63.jpg,cơ,cở,0.5
145,59.jpg,có,cố,0.5
33,52.jpg,vàng,đáng,0.5
6,26.jpg,bà,bé,0.5
3,97.jpg,nghiệp,ng ép,0.5
44,86.jpg,bị,bi,0.5
3,77.jpg,xã,xa,0.5
3,83.jpg,biết,bít,0.5
3,91.jpg,em,e m,0.5
53,69.jpg,là,l.,0.5
3,23.jpg,ty,ti,0.5
3,30.jpg,chân,cho,0.5
61,17.jpg,xuân,ấuôn,0.5
61,30.jpg,14,(4,0.5
83,90.jpg,lý,lí,0.5
117,1.jpg,việc,vi ẹc,0.5
117,3.jpg,thực,hức,0.5
9,66.jpg,sở,số,0.5
114,41.jpg,ba,b^,0.5
129,26.jpg,tp,tc,0.5
130,24.jpg,về,v«,0.5
23,29.jpg,được,đươu,0.5
126,30.jpg,vọng,vn,0.5
16,78.jpg,tp,tủ,0.5
16,36.jpg,giao,go,0.5
83,5.jpg,luật,lạt,0.5
23,79.jpg,chào,ch,0.5
16,75.jpg,hiện việc kê khai nhà đất và cơ sở sản xuất kinh doanh,đời vệ kô khu ni đỡ và gì số ÿ4¿ xuất kuá 2222,0.5
20,77.jpg,định,dinh,0.5
139,57.jpg,có,cố,0.5
126,82.jpg,31,21,0.5
126,83.jpg,trăm,tròn,0.5
33,74.jpg,có,cc,0.5
139,94.jpg,thịt,thi,0.5
144,9.jpg,so,áo,0.5
45,20.jpg,là,l_,0.5
3,52.jpg,cơ,c2,0.5
129,72.jpg,nước,"nđớ,",0.5
3,7.jpg,đã,đa,0.5
81,23.jpg,10,1o,0.5
81,49.jpg,ca,cc,0.5
81,52.jpg,nhân,nha,0.5
81,66.jpg,giấy,gi,0.5
9,14.jpg,toàn,[oan,0.5
58,19.jpg,phải,phó,0.5
58,21.jpg,mang,an,0.5
139,80.jpg,tuần,tu5h,0.5
33,76.jpg,ra,rà,0.5
33,87.jpg,thời,th,0.5
128,91.jpg,xe,xớ,0.5
137,53.jpg,bộ,b2,0.5
83,50.jpg,sạch,àach,0.5
63,1.jpg,me,mk,0.5
24,63.jpg,rong,rơøng,0.5
24,70.jpg,mộ,mo,0.5
75,76.jpg,xe,x9,0.5
75,90.jpg,là,l&,0.5
75,91.jpg,về,v2,0.5
125,6.jpg,từ,tu,0.5
130,22.jpg,đổ,đã,0.5
49,42.jpg,phải,phe,0.5
130,50.jpg,bố,b^,0.5
16,2.jpg,khắp,khéo,0.5
16,3.jpg,trạm,tre,0.5
31,69.jpg,giới,giờ,0.5
83,34.jpg,do,ảo,0.5
83,37.jpg,công,ng,0.5
31,37.jpg,2004,3001,0.5
23,93.jpg,trường,rong,0.5
83,88.jpg,nhìn,"nhu,",0.5
90,64.jpg,tiêm,tom,0.5
90,69.jpg,là,li,0.5
74,1.jpg,là,l.,0.5
20,1.jpg,cứ,cụ,0.5
41,2.jpg,xe,x«,0.5
67,16.jpg,bị,bị;,0.5
63,70.jpg,giao,go,0.5
9,48.jpg,là,lo,0.5
9,65.jpg,bỏ,be,0.5
36,47.jpg,sẽ,s2,0.5
89,76.jpg,vô,v®,0.5
89,83.jpg,có,c©,0.5
36,90.jpg,từ,cừ,0.5
111,4.jpg,phúc,phé,0.5
145,44.jpg,được,"đước,",0.5
135,43.jpg,vụ,v,0.5
114,93.jpg,được,đc,0.5
96,94.jpg,công,cơn,0.5
63,72.jpg,hiệp,rip,0.5
66,91.jpg,ra,da,0.5
129,7.jpg,bệnh,b&h,0.5
129,23.jpg,sinh,ánh,0.5
61,2.jpg,2000,2oo0,0.5
61,84.jpg,sở,số,0.5
54,95.jpg,đã,đ_,0.5
54,98.jpg,phạm,ph^w,0.5
25,80.jpg,đuổi,đuc,0.5
96,19.jpg,ngày,ngồ,0.5
54,32.jpg,rách,(ch,0.5
78,89.jpg,tế,tc,0.5
70,25.jpg,minh,m„h,0.5
106,52.jpg,nhận,nh,0.5
136,64.jpg,và,v%,0.5
6,35.jpg,xuân,xu,0.5
6,39.jpg,chịu,cho.,0.5
6,49.jpg,về,v,0.5
133,6.jpg,ve,v1,0.5
133,12.jpg,đóng,đơn,0.5
50,10.jpg,giới,gi,0.5
50,14.jpg,phát,phở,0.5
50,17.jpg,xa,x2,0.5
50,21.jpg,nhận,nh,0.5
145,41.jpg,cư,cá,0.5
25,3.jpg,thần,thu,0.5
25,8.jpg,xuất,xu,0.5
36,21.jpg,cứ,cc,0.5
18,66.jpg,đã,đá,0.5
18,72.jpg,cụ,ca,0.5
145,97.jpg,bị,by,0.5
135,10.jpg,trực,tc,0.5
18,60.jpg,bị,bí,0.5
66,99.jpg,là,lạ,0.5
67,5.jpg,đồng,cong,0.5
67,8.jpg,95,g5,0.5
52,96.jpg,theo,to,0.5
44,5.jpg,bị,bi,0.5
113,84.jpg,cách,cá j,0.5
101,42.jpg,lã,lu,0.5
117,81.jpg,từ,tu,0.5
117,83.jpg,lý,ly,0.5
49,13.jpg,giải,giác,0.5
101,66.jpg,chìm,ch,0.5
92,74.jpg,quan,can,0.5
140,78.jpg,rủ,rỏ,0.5
90,5.jpg,họ,ho,0.5
117,55.jpg,được,ước,0.5
117,59.jpg,biệt,biếl,0.5
117,69.jpg,vì,vu,0.5
101,14.jpg,sa,sc,0.5
96,71.jpg,giải,giá,0.5
130,87.jpg,chào,ch,0.5
61,56.jpg,từ,tu,0.5
25,57.jpg,luật,liệt,0.5
24,10.jpg,bị,b:,0.5
63,24.jpg,ngon,ngu,0.5
67,66.jpg,ra,va,0.5
18,19.jpg,ca,cơ,0.5
140,75.jpg,đà,đ:,0.5
33,54.jpg,phần,ph,0.5
44,36.jpg,chối,chx,0.5
44,45.jpg,phải,pmi,0.5
128,30.jpg,xe,ve,0.5
44,72.jpg,bị,bí,0.5
54,69.jpg,trường,tứưởns,0.5
96,73.jpg,quản,qua,0.5
78,76.jpg,cơ,có,0.5
92,99.jpg,2004,2202,0.5
96,11.jpg,thực,twc,0.5
92,66.jpg,nhặt,nh l,0.5
96,96.jpg,mạng,ong,0.5
36,1.jpg,cụ,c,0.5
121,83.jpg,xuân,xu,0.5
78,74.jpg,chìm,chưa,0.5
121,21.jpg,nhân,nhu,0.5
71,100.jpg,công,ng,0.5
113,6.jpg,chạy,chøa,0.5
101,23.jpg,phục,pc,0.5
113,30.jpg,nhân,"nhấn,",0.5
92,21.jpg,hà,h~,0.5
92,25.jpg,có,cò,0.5
92,27.jpg,số,sø,0.5
121,9.jpg,lỏng,ong,0.5
25,65.jpg,tịch,-ch,0.5
121,51.jpg,an,ấn,0.5
121,59.jpg,sinh,in,0.5
121,67.jpg,và,võ,0.5
96,31.jpg,bờ,b,0.5
96,37.jpg,giám,gi,0.5
101,73.jpg,ty,ti,0.5
3,21.jpg,cũng,(ống,0.5
113,15.jpg,rằng,ng,0.5
34,29.jpg,"mất bao nhiêu đều có giá cả. nay dự thảo nghị định nêu rất rõ anh nào "" tự đặt ra các thủ","má bao nhu â0, có nó sà „nay đã đảo njn dich vối vớt @ ank rao “4ù đt va các",0.4944
15,67.jpg,"khoảng 10% số người thiệt mạng do tai nạn giao thông trong cả nước, tỉ lệ này còn rất","viose 4o ^ s6 ngdồi 4uột món do 2ơ¿ nạp ¡co thông gả nước, ở á€ nấu gn kóú",0.4941
31,61.jpg,"xa này. ngược lại, không có việc thì chúng tôi về, không phải tự nguyện","w sấu. ngwe ly, khẩy é vớc vhð đốn, tà về), khứ phối 2 «quyn",0.493
89,46.jpg,"tìm kiếm địa chỉ và liên lạc với chủ nhân những giấy tờ đã tìm được, mời người đến nhận,","tím lân đa dứ s4 u¿n lơ sớ ư nhào nhưng qiếi 1á tức ước mới người: 46 nhón,",0.4886
61,68.jpg,"thơ, đem lại ánh sáng cho người mù nghèo và trẻ em mù bẩm sinh, xe lăn cho người","v62, đ 26 án dch sóng chð ngồn va nghö và tỷ eụ m3 vấn, c9h, xe đã. che mgàr",0.4875
68,57.jpg,"bs khám bệnh rồi chẩn đoán, đdv đo huyết áp, chích thuốc giảm đau, chuyển bệnh","bé khám bênh vệt chuẩn đoan ,®pvđ 4 2b j ch a1 giem 2l j chujn b¿nk",0.4872
135,62.jpg,"đối với những đơn vị kinh doanh để xe lấn chiếm lòng lề đường, sau ba lần vi","6c cốc những dở ve kh aeal- d6sc lấn chim động ` đường ,a««. đa ` se",0.4868
131,60.jpg,thực hiện được (đường chưa xây dựng).,xxc ùn được ( ở s ch tâu dng },0.4865
114,100.jpg,mang rượu vào lán trại ở thủy điện ia me 3 để mời một số công nhân làm,móng ngà vo lớn bn; 2 duố đều tá má 5 để mê vớt cố cong nón bò,0.4857
12,5.jpg,tục hành chính để làm lại. lại đi tìm việc. đọc chán những thông,«c c4 dể lớn lại . lai dị tê các. đẹ chán nhu thex,0.4844
35,45.jpg,"những tờ giấy bạc còn nóng trên tay, hai người sững sờ khi thấy lơ xe, chủ hàng đồng loạt giơ","nhày ® giuu bác còn cống trên tod) hài ngàờ: sấy $0 bị đãi, 2 xe, đì hàu xửy (œ#* g2",0.4839
13,86.jpg,"hà nội : 98% - 100% người nghiện tái nghiện. phát biểu tại hội nghị sơ kết ba năm công tác phòng chống ma túy,","llệ nốc: 3972, - (001 ngăời nghi 1á nghi . ba biàu lại đại ngột cơ kí ha năm đáy về. ng ấy, mz64,",0.4818
73,46.jpg,ngột vì khúc cua khá gắt.,5 ghã vi kww‹ caa kww gắt .,0.48
96,57.jpg,"hiếu (19 tuổi) bị gẫy một xương sườn, rách tai, sưng bầm khắp người, cũng","46x (44-hối ) bị qóu một vjởng. đòn, racô j6), sưng bẩm 4ã gửi, cứng",0.4795
110,98.jpg,"thẻ sinh viên của một cô gái, hết hạn năm... 2001. mọi người cùng cười : "" xui quá hả? thôi,","tíu, ảửh ~:ứn edw noất có qet, vt hạn năm ... 4001. kiối nguội: cũng e đới: "" xui quá. 4à } thờ di",0.4783
41,32.jpg,và 115 đã trở thành số điện thoại đáng tin cậy của nhiều người... theo những vòng xe cấp,"ú^ 140 đứ 2 tanh xố đu tho dáng xứ cố, cá, nhấu người .—~ to đng «xe e4",0.4773
137,83.jpg,mùi ói xông nồng nặc.,mc xông yên vóc.,0.4762
110,80.jpg,"chưa xác định có tham gia vào vụ mua dâm. nhậu nhẹt, rồi sau đó","dẫu xác đình. có aama gia mab nú. maa. dày. nnhà, nhẹp xồ saaz",0.4762
38,40.jpg,"được phát hiện trên toàn quốc lên gần 80.000 người, phần lớn trong số này là thanh","sac 4 ni vê bồn quế đại dốn 80.000 4g, phô tô ten] s6 ày là hơnh",0.4756
76,18.jpg,thẻ trinh sát đặc nhiệm của tổng cục cảnh sát (bộ nội vụ). cả trạm 20 bị khám xét. trong tủ cá nhân,3k2 troh cất đặc diện của tôy ơc cánh sử (09 vố về à (2 toa 16 0ị výo: xét trey ® cá ha,0.4747
93,86.jpg,"chính mà theo qui định đã đủ điều kiện để thực hiện "", anh đó sẽ bị cảnh cáo hoặc hạ bậc lương...","chi ch mở. theo qvi dụh để ảó điệi lớn 4p, tu eð"", arh26 d. bị cảnh eéo leac ha kóc la...",0.4742
97,88.jpg,cho biết tỉnh sẽ đầu tư xây dựng khu phố đi bộ tại 6 đường phố chính của khu,có bít th số đấu 1a xây dựa mù jố ở bộ tài € đường ếế đứt dạ,0.4737
129,95.jpg,"dựng. chỉ trong một thời gian ngắn, hàng trăm hồ sơ xin giao (mua) đất của","d,. (2 1m, một 1ä giao ngà, đàng điểm đề a8 xở gi (me) đất xử,",0.473
93,23.jpg,trống hầu. bs hà vừa chẩn đoán bệnh vừa an ủi và động viên tinh thần. đdv kim,lrồng hổi . h9 hà väe chất áøá bệ văn en ở sax động viền. ph thứ. 0 dư k=o,0.4675
4,11.jpg,"việc làm, không nhà ở, không lương bổng, có người bị đói khát, bị tù tội... giờ đây, những","vi? lởm , kiny h2, v<hín ga \ưởng kg „cố người bị z⁄ví khát, tì 1ử “0... 012: đầu, nhữná",0.4667
105,39.jpg,"ở tp.hcm, chúng tôi làm việc trực tiếp với đại diện công ty bitocimex. giám","vi tp.hòm, k tị đứn đi tức trộ với đu: diện dilocimex . giam",0.4667
43,61.jpg,ubnd tp nguyễn văn đua cho biết quí 1 - 2004 tai nạn giao thông tăng hơn quí 4 - 2003.,ubw9 qð nawh văn đo kơ gi 1-1203 di nan giao thông từng ai cla q4 4-20».,0.4651
25,90.jpg,"năm 1986 - 1987, số bà con việt kiều về thăm quê chỉ khoảng 8.000 người","nó. 1.365 - 1%7, x bè cơn vi pm cứ 1h xm quỳ chủ khooka 8.060 đám",0.4648
112,89.jpg,"để biết rất thật rằng đây là vn "". vì không nằm trong danh sách những","¿2 biìot rất dể (a@g đà, & vn"" vì alò~z nắm, treng pa sa nh ng",0.4638
14,37.jpg,hắn đã từng chơi những trận cá cược gà hơn 50 triệu đồng... nói đến,lăn đã qua cởi nhằu trên có cc gồ nến 99 tro gởy ... nó <1,0.4627
69,59.jpg,ngày thứ ba phúc thẩm vụ án lã thị kim oanh : bộ trưởng ra tòa làm nhân chứng.,"na, tmế bê phú dhâm vụ án lä tm. vòn 0a : độ tuềng x4 #7, hớn hen chu,",0.4615
138,73.jpg,đồng đối với những người bị thương.,"lốna, 6i vỗc n|uỗq ngưốc bị tưng.",0.4571
8,59.jpg,dâm bị bắt quả tang ở khách sạn ngọc vân 2 với bốn cô gái bán dâm và,"ầm bị bế quả tong # kk4l cơn igsc n 3, về lon. có 4 bán đồ vx",0.4559
117,51.jpg,đồng nvơnn.,ủy nvươnn.,0.4545
117,70.jpg,"mọi ngày, "" phố vàng "" - cái tên được mọi người quen gọi cho khâm đức - hôm nay bỗng","tc gầm""- cói ôn điớc mới mgöỏi quan gọi cho khẩm đức — đếm nay vớu",0.4524
117,57.jpg,ngoài. bên trong là một khối đá lạnh trong suốt ôm chặt một con hổ da vàng vằn,nje2à¿. bên tong kè sót khốc ân lạnh tron not ồn hp nết cm k5” àx vòy v&à,0.4487
67,13.jpg,"trong tích tắc. sau tiếng ầm ào khiếp đảm đó, những công nhân ở các","lnng 1ch = hiểm âm đ® khiếp đảm đơ, những cm nhan, ổ œ",0.4478
149,13.jpg,""" nhà nước vn tái khẳng định một cách công khai và mạnh mẽ những chủ trương,","nùi mẻ vn tết 44ưng đùnh mới cäh công kh và vuae nó hông chủ -bàma,",0.4474
75,59.jpg,an giang.,an cong,0.4444
39,32.jpg,hàng có biểu hiện nghi vấn hoạt động mại dâm.,so có biểm hiön 9 v0 tøøt đóng t dđm.,0.4444
141,54.jpg,campuchia,compu ch,0.4444
122,57.jpg,"thông qua 20 hội nghị truyền hình có sự tham gia của các quốc gia, những","thong q30 ñöv xgä( truyền, hi 2c äò thaw_ œ« củ các quðơ giœ, nu",0.4444
87,47.jpg,những vòng xe cấp cứu. buổi trưa 14 - 11 - 2003 khi tôi đang ngồi nói chuyện với các anh,"ga vot xe cóp edd. đuối tra 4),-44—4o6ø4 khi đê dong ngêt nói chwyn với các aahy",0.4432
44,57.jpg,giám đốc sở tài nguyên & môi trường hải phòng chu minh tuấn cho biết thành phố cảng từng,"giaê đc s2 tàừ muyên ổ mới crờm với phòy 6è mịnh tuổi ch biếi +kòàh hơn sử,",0.4432
128,92.jpg,xe gắn máy đã bị lọt xuống một cái hố giữa trời đêm tối đen. lật lại vụ án csgt nhận mãi lộ tập,"x gắn với dø 0 (ot xuðp mối cái 8 qiã trà xân €6 đán, kài lạ và on (sg@t nhân mái lộ tae",0.4421
58,35.jpg,"tại hà nội, bộ trưởng bộ lao động - thương binh & xã hội nguyễn thị hằng cho biết hiện",và llờ hội „ gà xưởng 6ò lao đồm — tưởng kh % võ tội nguyễn ymi th co biết tiến,0.4419
7,62.jpg,"buổi sáng hôm ấy ràn rạt gió lào, nhang trên đài tưởng niệm thắp xong cứ cháy bùng lên","tớ sống hận đị rấn mờ 46 lao , nhóng 1tr đãi tủổng nấm tháp xen eử ehá, kíng lính",0.4419
53,95.jpg,trong lúc nhiều công dân có đất tại khu dân cư mới xuân hải bất ngờ không,terong bố nhu s6ầg dân có đ6ấ loi 4d dứa cứ sớc xuân vệ bế nuố vôd,0.4384
86,69.jpg,"bằng các hoạt động, dịch vụ của mình, tự nó sẽ nuôi nó. nhân lực không nằm trong biên chế được","sân cóc hơi đớn j, did. vụ các vô. vị nó ổ nuớt có „nhấn bắc ng năm kong kiên chỉ dược",0.4362
115,56.jpg,"quản lý lao động và chuyên gia tại malaysia (ở kuala lumpur), đói và khát, ngủ","qeen ấ( 2 đồng ve. chhuyn v t2 malzse« (6 kuale laapuv ),đn vai khát, nuã",0.4359
50,56.jpg,"làm. lận đận vì bài báo. cũng như số phận của vợ chồng anh đại, những","ca. lo 2a út bớc beo. cung như số phảa cáo $ chống anh-đœ¿ , đua",0.4348
128,99.jpg,căngtin,cong ýn,0.4286
53,66.jpg,xin về.,va. về.,0.4286
29,69.jpg,cuộc đối thoại trực tuyến...,cu ốc 46 hoạt bức tuyêw...,0.4286
1,45.jpg,dưới mọi hình thức.,cải mọi hành 1c,0.4211
2,60.jpg,"đi hát karaoke chung với ba đối tượng kia thì có, nhưng khi đến chỗ",ch vát kardeke chung ví ba đốt hờn kia ` é ha khí đ6( kỳ,0.4179
130,89.jpg,"được biết, dự án qui hoạch phát triển khu dân cư mới tại xã xuân hải được","đượ bức, dd cá quố áoäch phék toế áku đến cì mớ, tac xổ xuân kởc dưc",0.411
10,91.jpg,"tranh chống tiêu cực ở công trình đường liên cảng a5, gia đình anh trương","tozh đống tiêu elo ở cơn, 1hn dưỡng lừ, cảng 7x6 , ga -đứnh anh ươm",0.411
117,14.jpg,phát triển ngành biển.,phat ioe ngành ni,0.4091
54,96.jpg,"trong đó có bốn người bị thương. công ty chúng tôi toàn người tỉnh ninh bình,","] cố g người bị se0/s4p công dd chúng 40% 1+an người dinh: ninh bình ,",0.4026
89,49.jpg,chúng,chín,0.4
66,6.jpg,trong,tưng,0.4
112,13.jpg,nghĩa,nghệệ,0.4
43,33.jpg,chúng,chan,0.4
70,68.jpg,chúng,chon,0.4
70,84.jpg,trách,trúc,0.4
133,24.jpg,buông,bướng,0.4
41,59.jpg,chiếc,chuc,0.4
9,97.jpg,những,n hứng,0.4
6,12.jpg,tượng,"tưng,",0.4
135,64.jpg,thành,+hanh,0.4
135,75.jpg,thành,tàn,0.4
124,21.jpg,người,ngư,0.4
2,54.jpg,trọng,trương,0.4
51,56.jpg,chứng,chứ,0.4
48,57.jpg,quyền,qu;n,0.4
71,28.jpg,trong,tí ng,0.4
78,2.jpg,đường,đườu,0.4
36,50.jpg,thông,tổøng,0.4
21,89.jpg,"một lần mang về. ai ngờ... "" - lê đức hà (18 tuổi) nói bên giường bệnh",nợ kià móng về. xi mở. ”- l6 đức -1(4€-u6\) nói bên. gường bênh,0.4
63,93.jpg,thanh,đha-h,0.4
78,69.jpg,trong,trøn,0.4
101,54.jpg,không,khô,0.4
78,96.jpg,xương,x ng,0.4
21,54.jpg,người,ngờ,0.4
44,11.jpg,nhưng,"như,",0.4
61,60.jpg,prông,prón,0.4
21,97.jpg,nhưng,"nhan,",0.4
128,79.jpg,thành,“ành,0.4
53,60.jpg,quyết,quy”,0.4
20,25.jpg,những,nhữa,0.4
121,30.jpg,đường,hướng,0.4
49,59.jpg,thành,tuầnh,0.4
47,81.jpg,khủng,king,0.4
98,59.jpg,người,ngđới,0.4
114,19.jpg,nhưng,nhưa,0.4
141,73.jpg,trung,ung,0.4
34,64.jpg,thành,th anh,0.4
34,16.jpg,những,nhữa,0.4
141,41.jpg,trong,trena,0.4
100,85.jpg,trước,tröóc,0.4
14,56.jpg,tuyến,tuy,0.4
101,5.jpg,thuốc,a&uốc,0.4
31,89.jpg,phòng,phòòm,0.4
130,67.jpg,quyết,quyeï,0.4
94,15.jpg,triển,trên,0.4
139,52.jpg,người,maười,0.4
139,66.jpg,trong,tưng,0.4
20,80.jpg,trong,tưng,0.4
94,13.jpg,nhiệm,nhi,0.4
24,39.jpg,trong,“ong,0.4
38,39.jpg,chàng,chon4,0.4
24,33.jpg,không,1ihông,0.4
38,9.jpg,thống,thôn,0.4
5,23.jpg,trong,xhong,0.4
137,25.jpg,quyền,quwề,0.4
58,93.jpg,trong,trøvg,0.4
114,61.jpg,trượt,]nượt,0.4
137,17.jpg,người,ngờ,0.4
87,67.jpg,những,nhấn,0.4
9,20.jpg,tháng,hong,0.4
15,27.jpg,ngành,ngan,0.4
108,39.jpg,thẳng,zhống,0.4
79,82.jpg,thoát,+ oát,0.4
27,53.jpg,thiết,thi,0.4
110,9.jpg,người,ngồi,0.4
104,60.jpg,không,ksơng,0.4
40,91.jpg,trong,tìng,0.4
102,1.jpg,người,ngư,0.4
102,21.jpg,trong,tương,0.4
132,80.jpg,trong,taøng,0.4
53,4.jpg,chính,ch ch,0.4
35,52.jpg,nhiệm,nhi,0.4
12,84.jpg,nhưng,nung,0.4
60,51.jpg,nghĩa,ngh«š,0.4
115,23.jpg,tượng,"tưởng,",0.4
103,35.jpg,quyết,quýt,0.4
2,20.jpg,trung,“vung,0.4
134,14.jpg,chứng,chín.,0.4
150,59.jpg,chiều,chi,0.4
146,2.jpg,từ 12 g khuya 13 đến rạng sáng 14 họ đã tìm được xác 19 người. đau,tơ 47 g khuga 49 đến nạm ssdng 40 họ đế” lĩm được xx 44 người 2e,0.3788
103,66.jpg,"đó, một lao động phải đi về bằng đường bộ, vượt qua các cửa khẩu thái","đó , xnốt áo đồng p6 & vì băng đường bộ, vướit quố ca cửa, đủ thú,",0.3768
41,76.jpg,"bỗng những tiếng ầm ầm từ phía bên trên trại vang lên, tôi cùng anh em","bổng nhúng tống ám đm lưử phía bén lnéy t>eư vâng lớn , 1 cũng danh cm",0.3714
16,43.jpg,chuyển cuốn nhật ký về cho gia đình sau khi anh hi sinh và được gia đình gìn giữ như,ehwgh cuốn vhốl kị và cho? gu cảnh eðu khi och i ®ch vã đước giờ ảnh gìn giữ chu?,0.369
36,57.jpg,máy,may,0.3333
10,95.jpg,ông,ống,0.3333
121,70.jpg,000,00,0.3333
9,80.jpg,nv1,nv,0.3333
6,44.jpg,tôi,nôi,0.3333
102,28.jpg,các,cac,0.3333
21,33.jpg,các,cc,0.3333
71,90.jpg,km2,k2,0.3333
52,50.jpg,khi,ki,0.3333
135,48.jpg,mai,mi,0.3333
53,34.jpg,mặt,mot,0.3333
43,3.jpg,đây,đờy,0.3333
4,9.jpg,với,vải,0.3333
102,76.jpg,chờ,nhờ,0.3333
8,8.jpg,các,c«c,0.3333
21,3.jpg,xem,xe,0.3333
72,21.jpg,hộp,hộ p,0.3333
53,27.jpg,môi,mới,0.3333
21,96.jpg,hơn,hởn,0.3333
89,39.jpg,ông,ống,0.3333
48,47.jpg,khó,kh,0.3333
48,42.jpg,núc,nc,0.3333
7,3.jpg,container,conkain~,0.3333
115,89.jpg,lại,loi,0.3333
143,89.jpg,đdv,đpv,0.3333
56,61.jpg,ổng,ông,0.3333
8,88.jpg,góp,gøp,0.3333
8,87.jpg,lái,lá,0.3333
66,70.jpg,tin,ti.,0.3333
71,99.jpg,một,mot,0.3333
106,64.jpg,một,mot,0.3333
71,58.jpg,nam,nay,0.3333
106,55.jpg,thì,th,0.3333
106,38.jpg,kim,km,0.3333
66,46.jpg,nào,no,0.3333
63,91.jpg,cầm,ccm,0.3333
36,33.jpg,tin,t+n,0.3333
25,10.jpg,cho,ch»,0.3333
78,3.jpg,như,nh,0.3333
132,28.jpg,năm,nam,0.3333
66,63.jpg,lai,la.,0.3333
63,66.jpg,qua,quơ,0.3333
67,46.jpg,tội,tại,0.3333
135,9.jpg,xếp,xp,0.3333
78,92.jpg,đọc,đợc,0.3333
101,62.jpg,xin,xen,0.3333
90,6.jpg,đảo,đo,0.3333
96,100.jpg,độc,đặc,0.3333
78,73.jpg,nhà,nh,0.3333
54,99.jpg,bàn,ben,0.3333
58,87.jpg,tin,{in,0.3333
92,52.jpg,phó,ph,0.3333
84,61.jpg,mãi,mai,0.3333
107,86.jpg,bậc,bộc,0.3333
107,70.jpg,đảo,đáo,0.3333
86,58.jpg,tôi,tô,0.3333
23,92.jpg,thủ,thù,0.3333
83,33.jpg,hơi,hi,0.3333
83,30.jpg,gồm,gềm,0.3333
83,82.jpg,cho,co,0.3333
2,87.jpg,ông,ơng,0.3333
92,24.jpg,nhơ,nhỏ,0.3333
131,26.jpg,tốt,tát,0.3333
58,86.jpg,lục,l.c,0.3333
58,84.jpg,ông,ong,0.3333
9,35.jpg,tức,-tức,0.3333
128,34.jpg,chờ,ch,0.3333
44,31.jpg,nhỏ,nhố,0.3333
128,69.jpg,của,ca,0.3333
49,58.jpg,các,cc,0.3333
52,84.jpg,bao,b4o,0.3333
66,96.jpg,giả,gia,0.3333
140,24.jpg,lúc,túc,0.3333
140,13.jpg,40m,40,0.3333
140,2.jpg,các,cc,0.3333
18,48.jpg,làm,lm,0.3333
140,88.jpg,cực,cưc,0.3333
145,14.jpg,giá,gia,0.3333
61,81.jpg,ccv,ccwv,0.3333
54,43.jpg,xem,xe,0.3333
25,31.jpg,khi,ki,0.3333
78,35.jpg,chở,ch,0.3333
72,77.jpg,trở,trẻ,0.3333
112,90.jpg,tạo,to,0.3333
116,40.jpg,như,nh,0.3333
132,87.jpg,thế,qhế,0.3333
29,77.jpg,vui,vua,0.3333
29,76.jpg,nv1,nva,0.3333
133,53.jpg,thọ,thơ,0.3333
43,45.jpg,chi,ch,0.3333
43,44.jpg,khổ,kho,0.3333
43,39.jpg,cầu,cu,0.3333
56,91.jpg,đất,đạt,0.3333
127,37.jpg,cho,co,0.3333
76,50.jpg,lúc,lức,0.3333
76,40.jpg,báo,bao,0.3333
26,87.jpg,ông,ềng,0.3333
122,64.jpg,vạn,vn,0.3333
148,49.jpg,000,00,0.3333
62,49.jpg,ông,sng,0.3333
34,69.jpg,cho,co,0.3333
51,64.jpg,cấp,c4p,0.3333
88,45.jpg,khổ,kh,0.3333
109,79.jpg,cực,cửc,0.3333
103,48.jpg,ngã,ng^,0.3333
149,85.jpg,ven,văn,0.3333
149,64.jpg,nay,na,0.3333
35,73.jpg,thế,th,0.3333
12,41.jpg,chỉ,ch,0.3333
12,40.jpg,thở,th?,0.3333
12,77.jpg,đàm,đờm,0.3333
122,78.jpg,tôi,ti,0.3333
62,9.jpg,nào,no,0.3333
17,5.jpg,một,mvt,0.3333
17,14.jpg,một,mộ,0.3333
107,65.jpg,chú,ch,0.3333
64,74.jpg,anh,an,0.3333
107,22.jpg,cập,cạp,0.3333
107,8.jpg,kịp,kip,0.3333
132,9.jpg,gió,giơ,0.3333
41,95.jpg,dịp,dp,0.3333
41,74.jpg,ông,íng,0.3333
4,70.jpg,trẻ,trp,0.3333
56,67.jpg,với,vớy,0.3333
17,22.jpg,bạn,ban,0.3333
131,50.jpg,cho,cáo,0.3333
70,91.jpg,ban,"ban,",0.3333
29,14.jpg,còn,con,0.3333
43,27.jpg,chi,chỉ,0.3333
4,79.jpg,nội,ni,0.3333
4,73.jpg,đối,đới,0.3333
111,19.jpg,bức,bác,0.3333
111,53.jpg,đưa,đưa.,0.3333
111,81.jpg,chủ,chä,0.3333
45,48.jpg,đạo,đeo,0.3333
112,35.jpg,như,nh,0.3333
56,92.jpg,ông,øng,0.3333
30,62.jpg,một,mot,0.3333
11,35.jpg,năm,nám,0.3333
102,52.jpg,vấn,vn,0.3333
132,63.jpg,nhà,nh,0.3333
132,62.jpg,chỉ,chế,0.3333
30,19.jpg,000,00o,0.3333
30,14.jpg,sau,sa,0.3333
26,51.jpg,nhà,nà,0.3333
112,39.jpg,xâm,xđm,0.3333
146,26.jpg,già,gia,0.3333
88,31.jpg,như,nh),0.3333
109,55.jpg,nét,né,0.3333
60,98.jpg,quả,qu<,0.3333
4,25.jpg,sơn,son,0.3333
147,3.jpg,cho,co,0.3333
100,35.jpg,cao,co,0.3333
42,10.jpg,cho,ch,0.3333
45,91.jpg,che,ch,0.3333
95,4.jpg,cho,co,0.3333
119,49.jpg,bạc,bac,0.3333
100,73.jpg,bàn,ban,0.3333
1,94.jpg,cao,co,0.3333
88,19.jpg,bạc,bac,0.3333
150,84.jpg,tôi,tòi,0.3333
146,48.jpg,che,cho,0.3333
146,99.jpg,bao,boo,0.3333
2,34.jpg,cho,co,0.3333
97,93.jpg,bán,bon,0.3333
4,31.jpg,lao,íao,0.3333
11,21.jpg,các,các!,0.3333
34,41.jpg,các,cc,0.3333
94,62.jpg,cho,co,0.3333
94,60.jpg,phó,phí,0.3333
81,53.jpg,thì,th,0.3333
9,32.jpg,còn,cơn,0.3333
87,82.jpg,gắt,gxt,0.3333
87,72.jpg,cấp,cáp,0.3333
27,21.jpg,chủ,củ,0.3333
46,59.jpg,bao,bo,0.3333
46,44.jpg,bao,ba“,0.3333
105,69.jpg,tại,tơi,0.3333
1,61.jpg,còn,con,0.3333
40,46.jpg,với,vớ,0.3333
57,79.jpg,bán,bá~,0.3333
57,70.jpg,văn,van,0.3333
12,52.jpg,các,cœc,0.3333
124,76.jpg,xếp,xip,0.3333
124,49.jpg,kịp,kép,0.3333
48,70.jpg,vạn,ván,0.3333
99,63.jpg,nhà,nhờ,0.3333
68,63.jpg,báo,bo,0.3333
91,87.jpg,sàn,sơn,0.3333
123,78.jpg,140,[40,0.3333
108,30.jpg,đổi,đối,0.3333
27,66.jpg,kéo,ko,0.3333
27,61.jpg,chị,ch,0.3333
79,61.jpg,lâu,(âu,0.3333
40,88.jpg,chủ,chu,0.3333
99,7.jpg,thi,th.,0.3333
87,25.jpg,quý,quả,0.3333
87,17.jpg,gồm,gam,0.3333
39,82.jpg,phí,ph,0.3333
86,70.jpg,hai,hi,0.3333
93,56.jpg,cơn,"cơ,",0.3333
46,11.jpg,phố,phổ,0.3333
79,100.jpg,mẩy,mấy,0.3333
110,12.jpg,cứu,cấu,0.3333
46,28.jpg,lục,luc,0.3333
104,78.jpg,anh,ah,0.3333
38,100.jpg,ban,ba,0.3333
87,40.jpg,bài,bà:,0.3333
87,3.jpg,đơn,ơn,0.3333
84,93.jpg,báo,đáo,0.3333
48,7.jpg,206,106,0.3333
138,1.jpg,vào,vàs,0.3333
84,47.jpg,của,của.,0.3333
11,49.jpg,tài,cài,0.3333
60,77.jpg,000,0 0,0.3333
104,10.jpg,kết,kế,0.3333
35,9.jpg,cọc,cơc,0.3333
115,54.jpg,đôi,đi,0.3333
65,32.jpg,tôn,tên,0.3333
120,1.jpg,giờ,giở,0.3333
127,62.jpg,khá,kh.,0.3333
118,1.jpg,thì,thỳ,0.3333
88,100.jpg,của,ca,0.3333
51,21.jpg,chủ,chi,0.3333
138,40.jpg,cao,co,0.3333
32,95.jpg,anh,canh,0.3333
118,84.jpg,xây,xay,0.3333
73,35.jpg,thi,1hi,0.3333
138,11.jpg,con,cơn,0.3333
127,85.jpg,một,mát,0.3333
12,96.jpg,nội,nối,0.3333
85,69.jpg,tra,ra,0.3333
85,29.jpg,cấp,cáp,0.3333
115,78.jpg,gia,ga,0.3333
65,50.jpg,đòi,đời,0.3333
55,29.jpg,thuyền,thun,0.3333
15,85.jpg,con,(on,0.3333
15,77.jpg,quê,quế,0.3333
15,72.jpg,000,ø00,0.3333
86,11.jpg,của,ca,0.3333
150,43.jpg,cấp,cáp,0.3333
149,14.jpg,góc,đóc,0.3333
123,69.jpg,chủ,chỉ,0.3333
69,15.jpg,tín,tn,0.3333
70,99.jpg,dầu,dau,0.3333
70,95.jpg,xem,“em,0.3333
133,85.jpg,cho,co,0.3333
29,46.jpg,chỉ,ch,0.3333
29,88.jpg,đâu,đầu,0.3333
46,75.jpg,học,hoc,0.3333
84,37.jpg,chỉ,ch,0.3333
149,15.jpg,như,nh,0.3333
129,87.jpg,phú,piú,0.3333
129,80.jpg,cho,¿ho,0.3333
24,23.jpg,tâm,tôm,0.3333
94,92.jpg,cực,các,0.3333
38,32.jpg,cho,ch,0.3333
82,58.jpg,cho,co,0.3333
22,61.jpg,của,ca,0.3333
108,74.jpg,ica,tca,0.3333
59,47.jpg,kim,km,0.3333
125,99.jpg,ben,be„,0.3333
24,81.jpg,kéo,ko,0.3333
24,64.jpg,anh,ảnh,0.3333
22,54.jpg,cho,chủ,0.3333
126,5.jpg,thế,the,0.3333
59,17.jpg,bao,bo,0.3333
74,51.jpg,chị,ch,0.3333
101,2.jpg,phó,phí,0.3333
67,60.jpg,còn,cồn,0.3333
67,97.jpg,260,20,0.3333
129,40.jpg,làn,ln,0.3333
126,94.jpg,còn,cơn,0.3333
69,34.jpg,cứu,cu,0.3333
47,80.jpg,phú,phố,0.3333
34,66.jpg,cho,co,0.3333
14,83.jpg,cáo,co,0.3333
86,4.jpg,giá,gi,0.3333
15,41.jpg,máy,mái,0.3333
142,30.jpg,chuyên,chwyn,0.3333
47,32.jpg,chủ,chu,0.3333
47,82.jpg,"ngành tp, chủ tịch ubnd tp.hcm lê thanh hải đã đề nghị công an tp.hcm","waàh tp, chủ từch ubmd tế.dcm lô thðwkh hải đá để; công 4. t/,cm",0.3333
47,5.jpg,anh,an,0.3333
141,78.jpg,làm,lạm,0.3333
34,2.jpg,gần,gân,0.3333
141,5.jpg,nhà,nh,0.3333
45,40.jpg,xin,xn,0.3333
23,30.jpg,một,mọt,0.3333
83,13.jpg,hcm,tcm,0.3333
16,28.jpg,bên,bán,0.3333
16,18.jpg,quá,quế,0.3333
104,56.jpg,một,mst,0.3333
93,37.jpg,ông,ng,0.3333
141,35.jpg,cho,co,0.3333
114,77.jpg,100,1400,0.3333
98,28.jpg,các,cac,0.3333
137,14.jpg,đợt,đột,0.3333
137,8.jpg,vào,vo,0.3333
75,73.jpg,sới,si,0.3333
37,53.jpg,cao,co,0.3333
37,27.jpg,ông,ong,0.3333
108,80.jpg,bán,bến,0.3333
59,22.jpg,mãi,mi,0.3333
3,29.jpg,khoảng,[hoóng,0.3333
139,10.jpg,đảo,đo,0.3333
44,53.jpg,bùi,bù,0.3333
125,49.jpg,cực,cc,0.3333
22,30.jpg,chờ,chì,0.3333
94,53.jpg,phí,ph,0.3333
94,50.jpg,nhà,nh,0.3333
94,49.jpg,với,vớ,0.3333
94,39.jpg,chứ,ch,0.3333
77,50.jpg,ngờ,ngà,0.3333
75,74.jpg,qua,qðua,0.3333
144,57.jpg,tra,ta,0.3333
77,95.jpg,tôi,toi,0.3333
77,80.jpg,xưa,xa,0.3333
20,89.jpg,địa,đa,0.3333
49,38.jpg,chủ,ch,0.3333
49,73.jpg,đất,áất,0.3333
49,67.jpg,đọc,đøc,0.3333
3,25.jpg,tật,tt,0.3333
83,100.jpg,bận,b«n,0.3333
49,8.jpg,của,ca,0.3333
31,91.jpg,một,mot,0.3333
33,58.jpg,bản,bon,0.3333
114,65.jpg,cho,co,0.3333
142,70.jpg,ông,ồng,0.3333
142,67.jpg,quá,quá.,0.3333
137,64.jpg,độc,đặc,0.3333
114,40.jpg,tan,t+an,0.3333
26,94.jpg,suy,su,0.3333
81,59.jpg,anh,arh,0.3333
140,65.jpg,thu,tha,0.3333
18,6.jpg,cho,co,0.3333
33,14.jpg,cầu,cau,0.3333
101,16.jpg,hợp,h ợp,0.3333
128,51.jpg,"đầm lầy với khoảng 10.000 khối đất đá, không kể ngổn ngang","đ@m, tài với choảna 4o.cooo kh& đất đá, khứa kể ngôn ngang",0.3276
45,45.jpg,có nguyện vọng được về nước làm việc.,có ngquyn “ng đdảỏc về nước [am viec „,0.3243
120,98.jpg,"lúc đó khoảng 23 g 30, đa số anh em còn thức vì một số vừa xem","lúc để khoang ch 4920, đa số anh im cav thứ ơn vaðÿ số ơưa xem",0.3065
59,8.jpg,phần xây dựng quê hương đất nước.,"p/i xây dụng qu9 hưng, tết xước.",0.303
21,23.jpg,bản chất của thành công,ban chất củi thanh c6,0.2609
43,56.png,"họ đã viết những lá thư tình để chúng ta đọc xong có khi cười ngẩn ngơ, hoặc có khi lại khóc ròng vì buồn bã, có khi thương cảm cho những mối tình si không được đáp lại. nhưng trên tất cả, đó đều là những cảm xúc trọn vẹn: thương có thương, buồn có buồn và vô vọng cũng là một nỗi tuyệt vọng thật đẹp.","nọ đã viết những lá thơ tình
để chúng t4 đọc xen9 có khí ệ
cười ngân na heặc có khí lại
khóc vèn9 sà buôn bã, có khí
thương cảm cho những nội tìrr,
zñ không được ã4y \^é nhưng
1xvyên tât cả, ãó đêu là những
¿ý câm xúc ïtvyen ven thương có
t1hươn2 buồn có buôn và xô
;. vọng cốn9 là một nỗi tuyệt vẹ""9
thạt äđev-",0.2558
48,27.jpg,đồng,đồn,0.25
150,65.jpg,khải,khi,0.25
150,53.jpg,trên,tên,0.25
80,13.jpg,việt,viết,0.25
85,15.jpg,chọn,chen,0.25
134,24.jpg,phía,pha,0.25
51,30.jpg,định,đỉnh,0.25
60,46.jpg,việt,viết,0.25
127,57.jpg,trấn,trán,0.25
143,79.jpg,đoàn,đàn,0.25
115,22.jpg,chợt,chất,0.25
85,3.jpg,chưa,chua,0.25
103,39.jpg,cùng,cũng,0.25
132,8.jpg,cmnd,chmnd,0.25
132,59.jpg,công,cøng,0.25
73,66.jpg,công,cớng,0.25
109,9.jpg,dưới,lưới,0.25
4,24.jpg,cũng,cng,0.25
13,22.jpg,vùng,vùna,0.25
148,36.jpg,nông,nớng,0.25
122,25.jpg,được,đưc,0.25
97,63.jpg,xách,xxch,0.25
102,10.jpg,xuân,xuan,0.25
56,65.jpg,mạnh,mạch,0.25
148,96.jpg,nhằm,nhàm,0.25
69,86.jpg,thủy,thủ,0.25
118,98.jpg,đừng,đồng,0.25
57,81.jpg,đồng,đứng,0.25
69,61.jpg,2004,8004,0.25
54,21.jpg,được,đwợc,0.25
36,37.jpg,quốc,quấc,0.25
72,19.jpg,vàng,vũng,0.25
30,75.jpg,giảm,giam,0.25
53,19.jpg,mạng,mạn,0.25
52,8.jpg,thủy,thuy,0.25
17,23.jpg,ubnd,ubn d,0.25
62,16.jpg,quản,quan,0.25
111,62.jpg,cách,các,0.25
111,20.jpg,đáng,đang,0.25
131,65.jpg,tặng,tang,0.25
29,96.jpg,bằng,bổng,0.25
131,67.jpg,sông,seng,0.25
131,95.jpg,xoan,koan,0.25
136,69.jpg,bệnh,benh,0.25
122,53.jpg,phạm,pham,0.25
36,74.jpg,2004,200u,0.25
92,17.jpg,loại,loei,0.25
52,90.jpg,công,cong,0.25
129,16.jpg,thấy,thy,0.25
54,34.jpg,ubnd,ubnp,0.25
54,76.jpg,kinh,kính,0.25
25,38.jpg,biển,biện,0.25
61,57.jpg,tham,thum,0.25
10,75.jpg,việt,viet,0.25
66,73.jpg,2004,2014,0.25
119,10.jpg,đồng,đống,0.25
112,3.jpg,quốc,quầc,0.25
41,97.jpg,cũng,công,0.25
62,82.jpg,đồng,đứng,0.25
32,7.jpg,công,cong,0.25
124,88.jpg,nhận,nhân,0.25
32,19.jpg,lười,“lười,0.25
26,91.jpg,nhân,nhộn,0.25
124,79.jpg,đồng,đ#ng,0.25
13,75.jpg,mệnh,mộnh,0.25
80,79.jpg,buôn,vuôn,0.25
88,54.jpg,treo,[reo,0.25
147,81.jpg,nhận,nhơn,0.25
100,2.jpg,chấp,chép,0.25
45,78.jpg,mình,m ình,0.25
64,56.jpg,được,đưc,0.25
64,55.jpg,bằng,bảng,0.25
51,52.jpg,động,đồng,0.25
149,71.jpg,cảng,củng,0.25
55,81.jpg,thấp,chấp,0.25
93,55.jpg,cũng,cang,0.25
136,32.jpg,xoan,xoon,0.25
31,86.jpg,quẫn,quản,0.25
24,6.jpg,dụng,dung,0.25
94,21.jpg,phần,phân,0.25
21,34.jpg,tăng,tang,0.25
128,32.jpg,quản,quen,0.25
44,38.jpg,động,đờng,0.25
44,24.jpg,quân,quan,0.25
81,85.jpg,chân,cân,0.25
3,63.jpg,biết,bết,0.25
94,3.jpg,phía,pha,0.25
23,47.jpg,csgt,cs§gt,0.25
31,23.jpg,quen,quan,0.25
126,11.jpg,chục,chợc,0.25
5,6.jpg,công,cong,0.25
61,8.jpg,cheo,chuo,0.25
106,56.jpg,nước,cước,0.25
39,5.jpg,chấp,chập,0.25
58,74.jpg,động,đống,0.25
81,45.jpg,2003,200»,0.25
140,97.jpg,được,dược,0.25
128,35.jpg,1987,197,0.25
44,60.jpg,manh,man,0.25
44,91.jpg,cũng,cong,0.25
142,61.jpg,công,cơng,0.25
37,54.jpg,trận,trân,0.25
108,78.jpg,đừng,đứng,0.25
5,67.jpg,chùa,cha,0.25
82,60.jpg,chết,chat,0.25
37,33.jpg,luận,lun,0.25
20,94.jpg,nhập,nhớp,0.25
144,97.jpg,đông,đờng,0.25
22,89.jpg,gian,gan,0.25
39,8.jpg,trại,trai,0.25
46,95.jpg,tiếp,{tiếp,0.25
104,47.jpg,xưng,ưng,0.25
14,87.jpg,chưa,chua,0.25
149,41.jpg,mạnh,mạh,0.25
68,92.jpg,chặn,chon,0.25
91,62.jpg,công,cổng,0.25
104,95.jpg,cảng,cong,0.25
39,54.jpg,phục,phuc,0.25
86,78.jpg,bình,binh,0.25
46,1.jpg,chục,chuc,0.25
79,47.jpg,cũng,công,0.25
38,88.jpg,tống,tông,0.25
108,27.jpg,vùng,vung,0.25
77,94.jpg,thầm,thàm,0.25
90,13.jpg,được,dược,0.25
86,48.jpg,được,đước,0.25
149,51.jpg,dụng,dung,0.25
34,56.jpg,2004,200u,0.25
81,2.jpg,nhận,nhân,0.25
107,74.jpg,nháy,nhá,0.25
55,32.jpg,khỏi,khíi,0.25
64,99.jpg,vùng,văng,0.25
64,79.jpg,vĩnh,vinh,0.25
68,71.jpg,lùng,lưng,0.25
65,34.jpg,cũng,cong,0.25
123,13.jpg,csgt,csgr,0.25
57,6.jpg,cạnh,canh,0.25
149,18.jpg,công,cơng,0.25
46,6.jpg,cuộc,cušc,0.25
86,49.jpg,suất,cuất,0.25
108,43.jpg,việt,vệt,0.25
124,35.jpg,"với việc ra đời nghị quyết này, công tác nvơnn thời gian tới sẽ chú trọng","vớ viếu ra đời nghị quyết này, công 1déc_ nvönhn “thới quan tới sẻ chư rong",0.2329
65,46.jpg,trước,tước,0.2
107,11.jpg,không,khôn,0.2
43,85.jpg,quyết,quyt,0.2
29,10.jpg,khoán,khoan,0.2
131,38.jpg,thịnh,thịh,0.2
87,34.jpg,nhưng,nhung,0.2
62,7.jpg,nhưng,nhúng,0.2
43,52.jpg,thành,thơnh,0.2
69,94.jpg,tưởng,tướng,0.2
148,5.jpg,nghèo,nhèo,0.2
115,74.jpg,thống,thóng,0.2
57,83.jpg,nhưng,"nhưng,",0.2
132,33.jpg,nhưng,nhúng,0.2
4,96.jpg,chạnh,chonh,0.2
9,58.jpg,những,nhàng,0.2
123,25.jpg,trọng,trang,0.2
149,77.jpg,chiếm,chiêm,0.2
103,90.jpg,không,"không,",0.2
93,7.jpg,chích,chch,0.2
144,10.jpg,xuống,xuồng,0.2
144,36.jpg,những,nhúng,0.2
90,30.jpg,chồng,chêng,0.2
75,85.jpg,triệu,triều,0.2
129,21.jpg,người,ngườà,0.2
61,92.jpg,những,nhung,0.2
66,60.jpg,trọng,trong,0.2
52,63.jpg,chừng,chóng,0.2
140,18.jpg,chồng,chóng,0.2
39,81.jpg,chúng,chíng,0.2
87,24.jpg,dương,dưỡng,0.2
123,92.jpg,chúng,chóng,0.2
2,57.jpg,thông,thong,0.2
107,7.jpg,tuyến,tuyền,0.2
26,83.jpg,những,nhữn,0.2
46,91.jpg,không,khong,0.2
146,11.jpg,thuận,thun,0.2
15,34.jpg,thẳng,tháng,0.2
40,83.jpg,thành,thanh,0.2
91,5.jpg,tháng,theng,0.2
114,12.jpg,khoảng,khoang,0.1667
6,86.jpg,nguyên,nguuên,0.1667
62,6.jpg,trưởng,tưởng,0.1667
26,23.jpg,văn hóa dân tộc,uăn hóa dân tộc.,0.1333
137,42.png,người ta thường ước một điều ước khi để ánh sáng của bạn trôi đi vào màn đêm.,người sa thường ước một điều ước khi để ánh sáng của bạn trôi đi vào,0.1299
62,42.jpg,bản chất của thành công,bản chất ca thơnh công,0.087
36,41.png,nhiều người chọn thể thao để giảm căng thẳng.,"nhiều người chọn thể thao để giảm, căng thắng,",0.0667
98,1.png,"các ý kiến đóng góp sẽ được tổng hợp đầy đủ, chính xác,","(ác ý kiến đóng góp sẽ được tổng hợp đầy đủ, chính xác,",0.0182
