folder,image,ground_truth,prediction,cer_score,confidence
41,64.jpg,dị,reli:,2.5,0.4536
71,47.jpg,ở,82,2.0,0.286
14,30.jpg,đó,ofo',2.0,0.652
10,25.jpg,đã,otor,2.0,0.6746
119,18.jpg,để,ote',2.0,0.652
15,54.jpg,để,ots?,2.0,0.5552
67,55.jpg,đó,dt`s,2.0,0.4762
9,19.jpg,y,rx,2.0,0.656
134,96.jpg,đá,cta',2.0,0.6037
85,52.jpg,hà,i-1a,2.0,0.5289
147,76.jpg,bị,ler',2.0,0.6597
100,17.jpg,để,ota?,2.0,0.6373
102,2.jpg,đề,aker,2.0,0.4931
71,30.jpg,ở,23,2.0,0.5645
34,68.jpg,ở,o2,2.0,0.2118
9,46.jpg,đó,olo',2.0,0.6008
70,13.jpg,ở,'o,2.0,0.4064
51,55.jpg,ở,10,2.0,0.6554
22,52.jpg,xế,cee',2.0,0.4953
114,52.jpg,ký,tayi,2.0,0.3717
32,83.jpg,ưu,1221,2.0,0.4734
5,93.jpg,ở,a',2.0,0.2954
46,54.jpg,m,wn,2.0,0.4797
37,50.jpg,để,ate',2.0,0.6887
15,29.jpg,ở,8',2.0,0.4463
150,45.jpg,ở,11,2.0,0.2555
1,91.jpg,ở,07,2.0,0.5865
64,98.jpg,đỏ,cte2,2.0,0.4512
129,48.jpg,ở,a',2.0,0.4535
41,75.jpg,đó,tho',2.0,0.5635
124,52.jpg,ở,20,2.0,0.8743
91,63.jpg,cá,loi',2.0,0.5436
5,43.jpg,kế,lca',2.0,0.3929
95,90.jpg,bị,lo4',2.0,0.4786
113,39.jpg,sau,tocene,2.0,0.681
91,6.jpg,vì,tou',2.0,0.6349
132,99.jpg,để,ote?,2.0,0.709
113,49.jpg,xử,pati,2.0,0.2145
147,32.jpg,bị,lot',2.0,0.6355
145,57.jpg,đã,otar,2.0,0.6757
23,50.jpg,ý,y',2.0,0.6696
61,22.jpg,độ,it o,2.0,0.5929
2,33.jpg,ở,21,2.0,0.5091
72,87.jpg,ở,3',2.0,0.4134
110,73.jpg,bác,lorde,1.6667,0.5241
16,74.jpg,vào,ttun',1.6667,0.6366
39,65.jpg,vực,aantt,1.6667,0.4338
101,74.jpg,đến,"oten """,1.6667,0.7238
85,32.jpg,đầu,atcis,1.6667,0.7298
69,14.jpg,bảy,pocus,1.6667,0.3171
85,39.jpg,ông,phuay,1.6667,0.4476
17,41.jpg,đầu,atar',1.6667,0.6034
18,40.jpg,vụ,u-a,1.5,0.6503
26,45.jpg,hệ,rue,1.5,0.2707
62,4.jpg,đã,iau,1.5,0.2657
85,7.jpg,sẽ,1or,1.5,0.2455
86,73.jpg,sú,fn',1.5,0.5317
107,1.jpg,vụ,u-u,1.5,0.6169
40,50.jpg,em,lun,1.5,0.5683
55,45.jpg,số,kol,1.5,0.3672
132,72.jpg,ninh,fv1 r&,1.5,0.6406
34,61.jpg,số,ng',1.5,0.5047
132,78.jpg,số,16',1.5,0.601
124,45.jpg,bà,tha,1.5,0.5976
45,66.jpg,đó,do',1.5,0.7663
124,46.jpg,để,d2',1.5,0.6221
16,90.jpg,hạ,tla,1.5,0.7189
82,20.jpg,an,our,1.5,0.8933
40,33.jpg,đó,do',1.5,0.8799
35,63.jpg,đỏ,dt?,1.5,0.4847
133,68.jpg,bộ,12e,1.5,0.2635
144,94.jpg,bờ,hei,1.5,0.5699
19,4.jpg,đề,de`,1.5,0.6294
19,2.jpg,đổ,do',1.5,0.5224
49,74.jpg,về,url,1.5,0.317
137,28.jpg,vụ,nll,1.5,0.4957
120,86.jpg,số,151,1.5,0.3633
120,82.jpg,sẽ,rey,1.5,0.6508
123,66.jpg,để,de',1.5,0.5483
57,82.jpg,đã,dot,1.5,0.4536
62,43.jpg,kế,lce,1.5,0.4383
142,40.jpg,bà,tra,1.5,0.5215
23,98.jpg,cố,cs ',1.5,0.5826
26,8.jpg,bộ,los,1.5,0.27
9,26.jpg,dỡ,clo,1.5,0.848
34,93.jpg,đó,at',1.5,0.4478
1,93.jpg,bờ,"hd""",1.5,0.5387
103,12.jpg,xe,scc,1.5,0.4952
87,38.jpg,đồ,ota,1.5,0.5496
71,14.jpg,và,b-o,1.5,0.4165
111,99.jpg,để,te',1.5,0.4119
12,49.jpg,bà,lsa,1.5,0.5575
107,39.jpg,số,hel,1.5,0.1889
6,60.jpg,về,ave',1.5,0.5887
11,8.jpg,từ,pui,1.5,0.4993
98,69.jpg,đã,ota,1.5,0.7743
41,1.jpg,bộ,lie,1.5,0.235
6,95.jpg,để,tel,1.5,0.6205
121,63.jpg,để,te',1.5,0.7885
2,82.jpg,đó,ato,1.5,0.4708
116,63.jpg,đó,ato,1.5,0.508
11,69.jpg,để,de',1.5,0.5152
97,44.jpg,đề,cte,1.5,0.5712
116,3.jpg,xã,sac,1.5,0.4072
64,53.jpg,bị,ln:,1.5,0.6242
109,31.jpg,số,ne',1.5,0.4601
104,50.jpg,đó,ch',1.5,0.6026
22,26.jpg,xã,9ca,1.5,0.729
51,47.jpg,tố,for,1.5,0.5999
97,77.jpg,vụ,ull,1.5,0.4961
115,11.jpg,và,uai,1.5,0.4343
77,30.jpg,bò,lgo,1.5,0.387
94,27.jpg,đã,ata,1.5,0.5899
103,45.jpg,đủ,oti,1.5,0.7622
104,79.jpg,tế,1e',1.5,0.3735
76,31.jpg,đề,cle,1.5,0.8373
113,43.jpg,tờ,+3`,1.5,0.7258
38,22.jpg,đồ,tit,1.5,0.4075
8,31.jpg,từ,tut',1.5,0.4954
127,3.jpg,mà,hna,1.5,0.6182
56,50.jpg,dự,&ue,1.5,0.5178
88,41.jpg,đó,dor,1.5,0.4004
88,46.jpg,kế,22',1.5,0.3449
26,31.jpg,đó,cto,1.5,0.6806
104,18.jpg,số,56',1.5,0.5328
69,39.jpg,lý,d.-,1.5,0.552
146,85.jpg,bà,lsa,1.5,0.602
59,98.jpg,và,laa,1.5,0.4078
8,21.jpg,hà,tui,1.5,0.6565
115,27.jpg,đã,tta,1.5,0.6683
85,22.jpg,từ,+ut,1.5,0.8013
68,14.jpg,sự,aul,1.5,0.6965
19,86.jpg,số,ao',1.5,0.3447
102,39.jpg,bà,boen,1.5,0.5295
91,29.jpg,đã,ala,1.5,0.3384
98,45.jpg,kỷ,ley,1.5,0.8091
114,95.jpg,bị,li:,1.5,0.5634
37,18.jpg,sử,sus3,1.5,0.4376
70,72.jpg,họ,fro,1.5,0.7804
91,45.jpg,dữ,che,1.5,0.4051
39,77.jpg,đề,dei,1.5,0.8237
74,21.jpg,đổ,cta,1.5,0.301
114,62.jpg,để,te',1.5,0.4996
70,67.jpg,đủ,tha,1.5,0.5618
12,78.jpg,đó,to-,1.5,0.5692
81,65.jpg,dự,ala,1.5,0.5009
91,41.jpg,kế,le',1.5,0.6866
110,11.jpg,tế,ve',1.5,0.5295
105,29.jpg,bà,los,1.5,0.475
23,29.jpg,được,otuede,1.5,0.5071
20,91.jpg,đi,ott,1.5,0.7342
78,41.jpg,đó,do-,1.5,0.8129
29,37.jpg,đã,dat,1.5,0.4408
137,98.jpg,diện,lan den,1.5,0.9253
29,89.jpg,đã,atr,1.5,0.2781
35,34.jpg,hoàn,cascim,1.5,0.3681
47,19.jpg,đi,ch.,1.5,0.6201
122,71.jpg,về,uet,1.5,0.4761
137,10.jpg,bí,dh.,1.5,0.481
10,56.jpg,đã,dta,1.5,0.7246
43,98.jpg,ký,luy,1.5,0.4697
52,34.jpg,bị,boi.,1.5,0.4849
29,50.jpg,và,u'n,1.5,0.5851
42,76.jpg,kỳ,juy,1.5,0.7599
92,27.jpg,số,s 61,1.5,0.5811
143,14.jpg,sở,88',1.5,0.5051
51,87.jpg,lộ,2s.,1.5,0.6146
32,78.jpg,bỏ,to?,1.5,0.4231
125,56.jpg,đô,cha,1.5,0.6934
140,96.jpg,đã,ald,1.5,0.4464
1,69.jpg,kể,he?,1.5,0.8371
14,71.jpg,kỷ,lay,1.5,0.5167
87,15.jpg,để,dc',1.5,0.7429
66,67.jpg,đã,cla,1.5,0.6839
130,22.jpg,đổ,ato,1.5,0.5967
56,62.jpg,tỉ,4i',1.5,0.7256
35,37.jpg,tổ,48?,1.5,0.3464
40,64.jpg,đề,tt`,1.5,0.504
123,48.jpg,hổ,le2,1.5,0.31
5,49.jpg,kể,hs',1.5,0.5975
110,42.jpg,vé,nee,1.5,0.7194
95,80.jpg,kể,hor,1.5,0.6438
80,1.jpg,có,lo',1.5,0.5159
23,90.jpg,ký,huy,1.5,0.4302
23,72.jpg,đã,ata,1.5,0.4647
101,52.jpg,kế,he',1.5,0.3152
25,11.jpg,đó,dhe,1.5,0.3794
108,36.jpg,số,561,1.5,0.4841
101,17.jpg,đỏ,s82,1.5,0.332
105,67.jpg,bộ,jre,1.5,0.5553
52,60.jpg,vụ,194,1.5,0.6704
50,1.jpg,hồ,118,1.5,0.8757
39,24.jpg,đi,at:,1.5,0.4498
57,12.jpg,mỹ,ruy,1.5,0.4294
143,2.jpg,và,ual,1.5,0.6318
28,17.jpg,đã,the,1.5,0.51
149,19.jpg,sự,au2,1.5,0.4433
28,57.jpg,bố,6;',1.5,0.357
94,88.jpg,đá,au',1.5,0.4309
29,74.jpg,xã,lor,1.5,0.5593
67,2.jpg,đổ,ato,1.5,0.5923
100,25.jpg,bị,loi,1.5,0.7551
57,39.jpg,đả,ott,1.5,0.9147
108,76.jpg,số,86',1.5,0.4099
11,36.jpg,dưới,cht 8:,1.5,0.698
119,28.jpg,đã,dur,1.5,0.6869
145,58.jpg,bị,loi,1.5,0.624
3,7.jpg,đã,ota,1.5,0.886
90,60.jpg,ra,&cc,1.5,0.5452
100,80.jpg,và,ara,1.5,0.7052
111,45.jpg,đã,ata,1.5,0.6514
112,44.jpg,đã,dla,1.5,0.4883
90,28.jpg,độ,tla,1.5,0.2783
1,57.jpg,để,all,1.5,0.3613
13,3.jpg,đồ,c15,1.5,0.2809
90,31.jpg,kỳ,lei,1.5,0.7668
46,82.jpg,đã,dta,1.5,0.6665
18,68.jpg,gỗ,ap?,1.5,0.4398
17,11.jpg,về,lel,1.5,0.2115
72,67.jpg,ký,fay,1.5,0.6703
20,96.jpg,tổ,+3',1.5,0.4349
22,87.jpg,đồ,oto,1.5,0.8106
116,39.jpg,đầu,atar,1.3333,0.5693
26,82.jpg,anh,otal,1.3333,0.6713
142,85.jpg,hải,mans,1.3333,0.6082
30,66.jpg,đến,terr,1.3333,0.6547
90,84.jpg,bốn,loer,1.3333,0.2008
60,17.jpg,trí,dni',1.3333,0.5995
111,92.jpg,khi,nelr,1.3333,0.436
144,8.jpg,đây,atcay,1.3333,0.5431
78,22.jpg,bếp,4-20,1.3333,0.5065
14,86.jpg,đến,ate.,1.3333,0.6096
146,18.jpg,thì,feui,1.3333,0.6814
85,90.jpg,tại,f or,1.3333,0.6383
39,42.jpg,đào,otas,1.3333,0.6865
19,79.jpg,đại,dlas,1.3333,0.5924
38,65.jpg,đưa,ttiu,1.3333,0.6881
145,87.jpg,đại,fcu',1.3333,0.7255
110,66.jpg,đến,ater,1.3333,0.7643
1,92.jpg,đối,it's,1.3333,0.3751
55,6.jpg,lại,karl,1.3333,0.546
126,49.jpg,chứ,olu;,1.3333,0.5569
78,92.jpg,đọc,dtor,1.3333,0.7573
78,33.jpg,đức,phu'c,1.3333,0.5467
131,83.jpg,của,en'n,1.3333,0.6961
95,24.jpg,tạm,tauno,1.3333,0.7018
101,12.jpg,đầu,dtaw,1.3333,0.6207
14,1.jpg,bếp,e-et,1.3333,0.48
139,6.jpg,đời,olsr,1.3333,0.7356
48,16.jpg,nếu,h&'w,1.3333,0.625
28,56.jpg,200,q 6o,1.3333,0.6932
29,8.jpg,bạn,laeun,1.3333,0.6828
11,55.jpg,nhà,idra,1.3333,0.6992
125,1.jpg,bán,2-cm,1.3333,0.6288
64,71.jpg,món,h ow,1.3333,0.7335
92,58.jpg,bao,cozuo,1.3333,0.646
2,89.jpg,thứ,hus',1.3333,0.3158
127,81.jpg,dài,clar,1.3333,0.678
93,29.jpg,dõi,oloy,1.3333,0.693
25,88.jpg,đưa,tri'a,1.3333,0.811
3,8.jpg,đấu,tail,1.3333,0.8272
121,38.jpg,đợi,ctdy,1.3333,0.5888
41,95.jpg,dịp,cliyp,1.3333,0.6977
142,52.jpg,địa,cth'a,1.3333,0.6678
127,21.jpg,bảo,. bq,1.3333,0.7767
21,85.jpg,bãi,lsu:,1.3333,0.2891
69,62.jpg,làm,lairv,1.3333,0.4813
99,92.jpg,đảm,cloum,1.3333,0.6043
28,14.jpg,khi,iclu,1.3333,0.7066
73,61.jpg,nơi,mite,1.3333,0.6383
147,80.jpg,năm,20v3,1.3333,0.8492
90,6.jpg,đảo,da'd,1.3333,0.6533
139,95.jpg,kia,lsvin,1.3333,0.6609
87,81.jpg,nơi,'nos',1.3333,0.7845
89,17.jpg,đưa,fu't,1.3333,0.7132
56,35.jpg,tức,due',1.3333,0.6847
137,76.jpg,đói,hhat,1.3333,0.7587
118,37.jpg,đầu,cton,1.3333,0.775
145,51.jpg,kêu,leen,1.3333,0.6141
84,40.jpg,vào,necro,1.3333,0.755
92,30.jpg,bất,haim,1.3333,0.8399
85,5.jpg,kết,lacat,1.3333,0.4712
50,31.jpg,bàn,croun,1.3333,0.5106
127,10.jpg,đốc,tot',1.3333,0.6445
118,15.jpg,đầu,t&ct,1.3333,0.9289
96,14.jpg,dân,olam,1.3333,0.6448
32,74.jpg,đến,cten-,1.3333,0.9261
114,79.jpg,hầm,koin,1.3333,0.4408
111,10.jpg,đón,afor,1.3333,0.4446
112,72.jpg,ủng,mimq,1.3333,0.6311
64,80.jpg,cán,towr,1.3333,0.4896
27,8.jpg,của,. aua,1.3333,0.7216
65,50.jpg,đòi,ater,1.3333,0.5317
104,10.jpg,kết,lee't,1.3333,0.7956
46,45.jpg,ngơ,heyb,1.3333,0.5549
1,83.jpg,dâm,chtn,1.3333,0.6894
143,58.jpg,báo,lras,1.3333,0.6288
42,87.jpg,kết,thef,1.3333,0.4274
31,98.jpg,díu,out',1.3333,0.5115
23,77.jpg,thì,feus,1.3333,0.898
37,42.jpg,đầu,atoa,1.3333,0.4468
130,69.jpg,000,o 6o,1.3333,0.8181
121,53.jpg,ngủ,myn',1.3333,0.6173
97,47.jpg,đến,der.,1.3333,0.6495
81,22.jpg,đặt,dtar,1.3333,0.7538
72,43.jpg,lại,dar',1.3333,0.6407
14,64.jpg,dám,ola'm,1.3333,0.8261
54,71.jpg,khả,1thai,1.3333,0.6817
60,47.jpg,gồm,qoun,1.3333,0.5804
90,71.jpg,sáu,/hmm,1.3333,0.5975
76,92.jpg,bạn,"lar,",1.3333,0.697
130,25.jpg,thú,flur,1.3333,0.7028
31,58.jpg,đặc,itae,1.3333,0.7164
34,6.jpg,tạm,toure,1.3333,0.7076
91,24.jpg,phố,plus',1.3333,0.7006
45,70.jpg,ảnh,ailn,1.3333,0.658
57,18.jpg,đến,ater,1.3333,0.7528
47,8.jpg,bảy,/3auy,1.3333,0.5948
123,58.jpg,cây,long,1.3333,0.3576
84,76.jpg,đặc,stae,1.3333,0.5566
29,2.jpg,qua,qlice,1.3333,0.7144
147,78.jpg,nhà,ulun,1.3333,0.5527
74,87.jpg,đến,dher,1.3333,0.7472
58,7.jpg,bầm,hran,1.3333,0.4642
9,33.jpg,đêm,déin,1.3333,0.6996
88,65.jpg,đây,tirg,1.3333,0.4399
65,80.jpg,được,otuor,1.25,0.7076
131,45.jpg,viên,wer l,1.25,0.7193
131,93.jpg,đừng,cutiny,1.25,0.3774
10,28.jpg,khởi,heher-,1.25,0.4675
112,86.jpg,trên,".l,nen",1.25,0.5478
62,95.jpg,nước,hib'r,1.25,0.4387
127,86.jpg,định,=li n0,1.25,0.6406
108,13.jpg,được,du'de,1.25,0.7182
111,5.jpg,nước,mid't,1.25,0.5412
15,69.jpg,được,atioe,1.25,0.7442
115,100.jpg,nước,hue'l,1.25,0.5128
88,16.jpg,được,chitt,1.25,0.5095
140,10.jpg,được,atuoi,1.25,0.6428
81,83.jpg,được,ohues,1.25,0.4969
49,18.jpg,nước,mi'st,1.25,0.5322
124,100.jpg,sáng,ecdiny,1.25,0.6015
4,53.jpg,vùng,oo-iny,1.25,0.5072
123,67.jpg,điểm,chenn,1.25,0.7245
117,55.jpg,được,atuse,1.25,0.6622
18,52.jpg,được,tuisr,1.25,0.5182
72,68.jpg,tiền,d't'm,1.25,0.6477
26,33.jpg,biển,er'ér,1.25,0.5395
45,85.jpg,lượm,lutoin,1.25,0.58
123,77.jpg,định,ctail,1.25,0.5353
90,13.jpg,được,draar,1.25,0.4546
103,60.jpg,được,tutde,1.25,0.4916
59,57.jpg,được,drior,1.25,0.8972
80,69.jpg,được,ctlse,1.25,0.5624
143,19.jpg,2003,q 0o s,1.25,0.5985
24,84.jpg,đóng,dtirs,1.25,0.6779
16,59.jpg,lượm,dulonr,1.25,0.5214
50,27.jpg,được,tuxrt,1.25,0.4796
90,36.jpg,nghị,ancyly,1.25,0.6351
94,81.jpg,được,dhi'r,1.25,0.5718
46,55.jpg,đồng,diory,1.25,0.5197
76,55.jpg,được,ctutr,1.25,0.8879
76,66.jpg,được,thide,1.25,0.7813
100,81.jpg,điểm,ch'en,1.25,0.5681
87,80.jpg,được,tuo'r,1.25,0.6962
111,60.jpg,buôn,howom,1.25,0.7768
102,55.jpg,động,darey,1.25,0.5023
122,13.jpg,sống,toriy,1.25,0.3194
32,49.jpg,được,chibe,1.25,0.6972
81,30.jpg,nhân,mlair,1.25,0.6768
13,26.jpg,được,chloe,1.25,0.5159
73,30.jpg,được,thide,1.25,0.6693
32,31.jpg,đồng,dorey,1.25,0.6848
145,96.jpg,được,aw'de,1.25,0.6102
139,22.jpg,hàng,frary,1.25,0.3245
80,45.jpg,động,otory,1.25,0.6014
31,45.jpg,hđnd,t p md,1.25,0.6279
14,67.jpg,quan,cpucer,1.25,0.8132
1,2.jpg,nghị,mqli:,1.25,0.662
14,77.jpg,người,mayitr,1.2,0.3045
16,30.jpg,phòng,furorug,1.2,0.6913
126,26.jpg,chính,"clrt'no,",1.2,0.626
113,99.jpg,người,mynia.,1.2,0.6245
7,49.jpg,đường,ptasiy,1.2,0.5924
96,23.jpg,người,mquidi',1.2,0.6219
97,59.jpg,người,nquial-,1.2,0.6291
33,10.jpg,hướng,luioia,1.2,0.3946
80,9.jpg,đường,"dtu'o,",1.2,0.5496
71,8.jpg,trong,a yurz,1.2,0.6142
14,97.jpg,ở,d,1.0,0.2004
47,10.jpg,bây,loay,1.0,0.7877
14,96.jpg,nhỏ,al',1.0,0.6481
133,13.jpg,đầu,ro,1.0,0.4063
47,16.jpg,hà,to,1.0,0.6725
47,4.jpg,tế,6',1.0,0.2781
2,88.jpg,trời,fas,1.0,0.4847
47,1.jpg,sẽ,in,1.0,0.5077
85,99.jpg,đó,ds,1.0,0.3982
103,15.jpg,các,cevic,1.0,0.7461
58,16.jpg,"bằng các hoạt động, dịch vụ của mình, tự nó sẽ nuôi nó. nhân lực không nằm trong biên chế được duyệt. "" đừng ngại "" - thứ trưởng võ trấn an. "" thỏa thuận "" hay không "" thỏa thuận ""?",,1.0,0.0
103,13.jpg,hỏi,n:,1.0,0.5558
133,42.jpg,sở,a,1.0,0.3832
117,97.jpg,nước,mihr,1.0,0.6108
133,31.jpg,lúc,lute,1.0,0.4642
14,88.jpg,được,am,1.0,0.3101
102,81.jpg,đã,x,1.0,0.1596
102,83.jpg,tổ,17,1.0,0.2366
2,86.jpg,7,?,1.0,0.8361
102,67.jpg,là,los,1.0,0.729
102,13.jpg,nước,malr,1.0,0.4673
102,16.jpg,bắc,tt,1.0,0.1957
55,70.jpg,mưu,mu'n,1.0,0.7185
55,65.jpg,du,ow,1.0,0.5923
103,38.jpg,vực,wylc,1.0,0.5157
58,25.jpg,điện,sher,1.0,0.5284
55,63.jpg,lại,lau',1.0,0.741
14,95.jpg,yêu,n,1.0,0.3698
103,43.jpg,lý,&y,1.0,0.6034
94,78.jpg,tỏ,+2,1.0,0.412
94,92.jpg,cực,we,1.0,0.3452
61,41.jpg,sử,su',1.0,0.836
61,38.jpg,đi,oh,1.0,0.5228
11,77.jpg,giá,gh'a,1.0,0.7908
94,93.jpg,ở,o,1.0,0.1294
94,96.jpg,đó,&e,1.0,0.2172
11,76.jpg,số,sa1,1.0,0.3128
11,83.jpg,như,nini,1.0,0.6303
93,27.jpg,bổ,ha,1.0,0.5036
78,51.jpg,tôi,+o,1.0,0.6497
58,29.jpg,bạn,la,1.0,0.6482
78,55.jpg,"vậy bốn người khách mua dâm đó là ai? theo cáo trạng, khoảng 14 g ngày 8 - 12 - 2001, bị cáo lê minh quang và lê thị thắm chở bốn cô gái, trong đó có hai người chưa thành niên, đến khách sạn ngọc vân 2 để bán dâm thì bị công an bắt quả tang. luật sư phạm hữu tình trích bút lục của cơ quan cảnh sát điều tra cho thấy bốn đối tượng có hành vi đi mua dâm bị bắt quả tang hôm đó là các ông lý, thành, thu và phương.",,1.0,0.0
94,82.jpg,để,tt,1.0,0.4157
117,20.jpg,cái,con',1.0,0.6282
78,43.jpg,ầm,t,1.0,0.5786
93,24.jpg,tá,ta',1.0,0.3977
117,22.jpg,ký,i,1.0,0.1898
117,9.jpg,sới,n&,1.0,0.2704
75,76.jpg,xe,2&,1.0,0.6475
117,29.jpg,ở,o,1.0,0.2136
75,37.jpg,đồ,de,1.0,0.4607
75,40.jpg,rừng,ruiwy,1.0,0.4674
93,9.jpg,vì,vi`,1.0,0.8453
78,46.jpg,sẽ,&,1.0,0.1237
103,57.jpg,trọng,triamey,1.0,0.8063
137,59.jpg,anh,ounf,1.0,0.7115
137,56.jpg,băng,lx7,1.0,0.5473
137,66.jpg,án,ah,1.0,0.9798
47,20.jpg,đã,da,1.0,0.7919
137,46.jpg,đường,tay,1.0,0.6025
47,23.jpg,với,w6,1.0,0.2673
131,63.jpg,đồng,tay,1.0,0.5126
131,75.jpg,bé,&e,1.0,0.6312
131,73.jpg,dòng,cloy,1.0,0.8692
78,42.jpg,làm,pan,1.0,0.5359
94,77.jpg,để,de,1.0,0.5069
14,70.jpg,đón,dor,1.0,0.6199
32,37.jpg,đa,t2,1.0,0.3243
78,53.jpg,đuổi,otur,1.0,0.637
94,66.jpg,xử,2u,1.0,0.2194
94,67.jpg,tư,tui,1.0,0.8375
94,69.jpg,đi,oti,1.0,0.7877
78,37.jpg,nội,min,1.0,0.5262
93,67.jpg,20,&o,1.0,0.542
61,49.jpg,về,ut,1.0,0.606
61,47.jpg,và,2,1.0,0.1571
93,71.jpg,đầu,thi,1.0,0.5873
75,31.jpg,điều,f,1.0,0.1896
14,68.jpg,đề,c,1.0,0.2208
32,21.jpg,"trước đây, việc bảo hộ nvơnn với tư cách là công dân (đối với những người mang quốc tịch vn) hoặc bảo vệ họ với tư cách đồng bào (đối với những người đã nhập quốc tịch nước khác) có được đề cập nhưng chưa nhấn mạnh. nghị quyết lần này khẳng định nhà nước có trách nhiệm bảo vệ quyền lợi chính đáng của cộng đồng nvơnn theo luật pháp, công ước và thông lệ quốc tế. điểm đổi mới nổi bật thứ ba là trong phần đề cập tới trách nhiệm của bà con đối với đất nước đã không đặt nặng nghĩa vụ đóng góp của bà con.",,1.0,0.0
11,63.jpg,2,&,1.0,0.4098
2,97.jpg,bị,&!,1.0,0.7607
103,82.jpg,và,wa,1.0,0.6569
103,83.jpg,từ,h,1.0,0.3298
103,61.jpg,có,n,1.0,0.2434
32,3.jpg,vị,ut,1.0,0.2542
103,63.jpg,có,co',1.0,0.8109
32,13.jpg,đó,ad,1.0,0.7575
103,64.jpg,đang,chary,1.0,0.778
75,69.jpg,sự,a,1.0,0.1256
117,53.jpg,cô,23,1.0,0.6303
55,18.jpg,về,se,1.0,0.5396
47,70.jpg,độ,at,1.0,0.7016
2,50.jpg,bất,hak,1.0,0.6165
75,70.jpg,suy,ant,1.0,0.3481
32,9.jpg,vùi,loui,1.0,0.5633
75,75.jpg,giập,cylap,1.0,0.7236
93,39.jpg,dự,dui,1.0,0.535
32,8.jpg,quả,ymi,1.0,0.5548
93,41.jpg,năm,han,1.0,0.5872
93,42.jpg,ấy,2,1.0,0.1624
102,46.jpg,"ông hà văn dũng, giám đốc sở giao thông công chánh, đề nghị đưa vào chương",ó,1.0,0.37
102,37.jpg,nó,no',1.0,0.6524
32,28.jpg,sức,suiic,1.0,0.6338
2,27.jpg,đã,a&,1.0,0.4536
2,42.jpg,khám,lchan,1.0,0.5751
55,59.jpg,đến,de',1.0,0.7988
2,75.jpg,lều,len',1.0,0.6116
103,44.jpg,bất,nat',1.0,0.7728
2,15.jpg,cơ,a,1.0,0.1275
32,29.jpg,được,tio c,1.0,0.7539
102,54.jpg,ào,ad,1.0,0.7113
102,68.jpg,đã,da,1.0,0.9972
102,75.jpg,với,&,1.0,0.3651
103,76.jpg,500,soo,1.0,0.3778
93,13.jpg,20,&e,1.0,0.3553
2,95.jpg,câu hỏi 49: trình bày quan điểm của triết học mác - lênin về vai trò của quần chúng nhân dân và lãnh tụ trong lịch sử? ý nghĩa phương pháp luận của quan điểm này?,,1.0,0.0
47,49.jpg,sử,t,1.0,0.1939
61,28.jpg,tận,la,1.0,0.4625
61,27.jpg,tố,a:,1.0,0.7314
47,54.jpg,lâu,cav,1.0,0.6712
61,25.jpg,đầu,da,1.0,0.7303
102,42.jpg,đều,da,1.0,0.625
11,58.jpg,các,the,1.0,0.6641
2,23.jpg,với,ua,1.0,0.4629
93,50.jpg,dựng,olirg,1.0,0.4851
11,57.jpg,"bản chất của thành công đã bao giờ bạn tự hỏi thành công là gì mà bao kẻ bỏ cả cuộc đời mình theo đuổi? phải chăng đó là kết quả hoàn hảo trong công việc, sự chính xác đến từng chi tiết? hay đó là cách nói khác của từ thành đạt, nghĩa là có được một cuộc sống giàu sang, được mọi người nể phục? vậy thì bạn hãy dành chút thời gian để lặng mình suy ngẫm. cuộc sống sẽ chỉ cho bạn có những người đạt được thành công theo một cách giản dị đến bất ngờ.",f,1.0,0.1695
2,91.jpg,những,wuly,1.0,0.438
32,23.jpg,được,hee,1.0,0.2923
14,100.jpg,hội,lor,1.0,0.4794
103,22.jpg,đút,ot't,1.0,0.688
75,44.jpg,xe,nce,1.0,0.5805
103,21.jpg,độ,to,1.0,0.9069
78,16.jpg,hợp,lae,1.0,0.3876
78,19.jpg,bảy,&ray,1.0,0.6894
103,31.jpg,đội,otai,1.0,0.6599
75,79.jpg,đi,ol,1.0,0.3305
55,42.jpg,bộ,lg,1.0,0.1661
55,99.jpg,dân,daiv,1.0,0.8687
78,2.jpg,đường,tibry,1.0,0.4719
78,4.jpg,tiền,hert,1.0,0.5285
32,57.jpg,lại,ra:,1.0,0.7536
75,48.jpg,phồn,qlum,1.0,0.6061
32,63.jpg,giao,yw,1.0,0.3573
117,47.jpg,"qua mấy chục cây số mênh mông là ruộng, cuối cùng cái giỏ xách đã được hoàn lại chủ. cũng có khi người được mời đến nhận giấy tờ đã đến văn phòng cùng với một anh... công an : "" tại sao đồ tôi bị ăn trộm mà lại xuất hiện ở đây? ""... nhưng cũng có rất nhiều giấy tờ chưa tìm được chủ. lại có nhiều giấy tờ bị những chủ nhân từ chối nhận lại.",,1.0,0.0
117,35.jpg,tới,18,1.0,0.5593
103,56.jpg,"tin bài liên quan : viết tiếp về vụ anh trương xuân đại * công nhân trương xuân đại kiện báo pháp luật (tp.hcm) * luật sư bảo vệ quyền lợi báo pháp luật đề nghị hòa giải * công dân trương xuân đại thắng kiện * số hận của những người nói lên sự thật * đấu thầu lại đường liên cảng a5 * đường liên cảng a5 thi công lại vào cuối tháng 3 - 2004? * vụ sai phạm công trình đường liên cảng a5 có bị "" chìm xuồng ""?",,1.0,0.0
117,66.jpg,bị,l!,1.0,0.4193
78,11.jpg,đến,d's,1.0,0.5051
103,55.jpg,lắm,xan,1.0,0.5508
94,100.jpg,cấp,a,1.0,0.3874
78,26.jpg,"ngoài ra, nếu bà con có nhu cầu thờ cúng, xây chùa chiền ở nước ta, nếu được chính quyền sở tại chấp nhận, trong nước sẽ có hỗ trợ cụ thể. thưa ông, một vấn đề được nhiều nvơnn băn khoăn là tư cách pháp nhân của bà con tại nước sở tại để bà con có thể cư trú và làm ăn một cách chính đáng. vấn đề này sẽ được quan tâm như thế nào thưa ông? - vâng, theo tinh thần của bộ chính trị, bộ ngoại giao sẽ phải có tham mưu và kiến nghị cụ thể để đàm phán và ký kết với các nước những hiệp định về tư cách pháp lý của công dân vn, ví dụ như các hiệp định lãnh sự, hiệp định hỗ trợ tư pháp.",,1.0,0.0
103,37.jpg,được,an,1.0,0.292
58,27.jpg,khách,qun,1.0,0.8297
131,36.jpg,đề,t,1.0,0.5813
32,61.jpg,cứu,cuii,1.0,0.7405
75,49.jpg,được,tudt,1.0,0.3269
93,51.jpg,ở,o,1.0,0.1158
75,34.jpg,ấy,a,1.0,0.207
93,66.jpg,và,ua,1.0,0.8164
75,35.jpg,trí,mi',1.0,0.4945
83,94.jpg,đặc,ca,1.0,0.5562
93,35.jpg,"khái quát về biển đảo việt nam nước ta giáp với biển đông ở hai phía đông và nam. vùng biển việt nam là một phần biển đông. bờ biển dài 3.260 km, từ quảng ninh đến kiên giang. như vậy cứ 100 km2 thì có 1 km bờ biển (trung bình của thế giới là 600 km2 đất liền / 1 km bờ biển). biển có vùng nội thủy, lãnh hải, vùng đặc quyền kinh tế và thềm lục địa với diện tích trên 1 triệu km2 (gấp 3 diện tích đất liền 1 triệu km2 / 330.000 km2).",,1.0,0.0
14,73.jpg,đủ,dw,1.0,0.5199
133,9.jpg,bảo,ba's,1.0,0.8443
55,93.jpg,khu,hlun,1.0,0.5523
133,12.jpg,đóng,chry,1.0,0.525
131,8.jpg,kế,ka',1.0,0.5402
55,82.jpg,với,co,1.0,0.3468
78,7.jpg,nếu,me,1.0,0.8446
55,49.jpg,cá,ca',1.0,0.9318
55,48.jpg,hưng,aiy,1.0,0.5156
83,95.jpg,tôi,1s:,1.0,0.2532
75,8.jpg,tế,de,1.0,0.362
32,51.jpg,kết,la,1.0,0.2045
131,5.jpg,việc,u'ct,1.0,0.4304
131,1.jpg,vô,2o,1.0,0.5277
32,56.jpg,và,nvi,1.0,0.6781
32,42.jpg,với,&,1.0,0.3867
137,81.jpg,"thành công còn là hình ảnh một cậu bé bị dị tật ở chân, không bao giờ đi lại bình thường được. từ nhỏ cậu đã nuôi ước mơ trở thành cầu thủ bóng đá. sau bao nỗ lực khổ luyện, cậu bé trở thành cầu thủ dự bị trong một đội bóng nhỏ, và chưa bao giờ được chính thức ra sân. nhưng đó không phải là thất bại. trái lại, thành công đã nở hoa khi cậu bé năm xưa, với bao nghị lực và quyết tâm, đã chiến thắng hoàn cảnh để theo đuổi ước mơ từ ngày thơ bé",,1.0,0.0
103,26.jpg,hồ,ts,1.0,0.5966
55,55.jpg,điều,de,1.0,0.4155
66,75.jpg,có,co',1.0,0.6964
66,78.jpg,thì,d,1.0,0.2181
66,79.jpg,ở,:,1.0,0.4058
66,83.jpg,lợi,cor,1.0,0.4073
81,7.jpg,khiến,teher,1.0,0.5873
121,58.jpg,nhỏ,-hho,1.0,0.7289
20,12.jpg,đây,dtay,1.0,0.7751
78,99.jpg,trong,mat,1.0,0.8616
20,1.jpg,cứ,cu',1.0,0.8089
113,31.jpg,ý,y,1.0,0.3897
20,34.jpg,ngắn,rya,1.0,0.8445
20,19.jpg,bị,fi,1.0,0.4293
66,53.jpg,ở,&,1.0,0.3286
81,28.jpg,đã,ta,1.0,0.6679
50,81.jpg,bao,nsv,1.0,0.2418
71,79.jpg,nếu,ni'n,1.0,0.7791
71,80.jpg,lầm,xan,1.0,0.5664
71,68.jpg,đất,otat,1.0,0.836
66,40.jpg,80,to,1.0,0.483
20,4.jpg,về,n,1.0,0.1601
50,48.jpg,ấy,a,1.0,0.152
50,63.jpg,và,uc,1.0,0.5774
113,82.jpg,tờ,+8,1.0,0.4296
113,98.jpg,tượng,hay,1.0,0.782
97,16.jpg,túi,tou:,1.0,0.4396
50,69.jpg,bác,bas',1.0,0.7562
50,70.jpg,từ,hi,1.0,0.735
50,57.jpg,vụ,hu,1.0,0.4823
50,58.jpg,kể,he,1.0,0.5715
97,25.jpg,và,ca,1.0,0.5716
71,95.jpg,đã,d&,1.0,0.7985
39,49.jpg,chủ,nt,1.0,0.4093
97,36.jpg,đưa,dwc,1.0,0.7295
97,22.jpg,đó,0o,1.0,0.257
50,84.jpg,trên,her,1.0,0.7322
50,73.jpg,kiên,lu'ln,1.0,0.5179
50,75.jpg,chủ,eli,1.0,0.6153
79,4.jpg,sới,r&,1.0,0.5725
79,19.jpg,từ,f,1.0,0.5362
71,92.jpg,thoại,urn,1.0,0.4551
104,62.jpg,có,co',1.0,0.7011
104,63.jpg,trái,ma',1.0,0.8549
84,12.jpg,đứng,ta,1.0,0.6597
39,66.jpg,đó,di,1.0,0.4456
39,86.jpg,sẵn,sarv,1.0,0.7125
119,1.jpg,cả,ea,1.0,0.6806
71,48.jpg,giờ,ye,1.0,0.2163
71,51.jpg,đồng,1s,1.0,0.2034
71,52.jpg,25,af,1.0,0.2626
74,92.jpg,bờ,l,1.0,0.2479
81,19.jpg,chồng,say,1.0,0.3836
84,5.jpg,đã,da,1.0,0.2943
84,6.jpg,đảo,daio,1.0,0.7288
97,41.jpg,tiền,hev-,1.0,0.6345
39,80.jpg,xương,cly,1.0,0.4061
81,71.jpg,vì,ut,1.0,0.6139
81,62.jpg,dựng,dulry,1.0,0.5824
81,63.jpg,khu,eln,1.0,0.617
81,64.jpg,dn,pa,1.0,0.4445
71,55.jpg,mỗi,wun,1.0,0.6702
74,93.jpg,mọi,at,1.0,0.3035
74,82.jpg,nhưng,ury,1.0,0.4503
113,81.jpg,để,ti,1.0,0.6365
71,71.jpg,đã,aa,1.0,0.8635
71,89.jpg,đất,dal,1.0,0.6128
71,36.jpg,số,6',1.0,0.626
50,90.jpg,000,an,1.0,0.3552
50,91.jpg,để,t&,1.0,0.8148
50,92.jpg,ở,a,1.0,0.1236
113,100.jpg,về,2s,1.0,0.2075
84,35.jpg,người,mgi'n:,1.0,0.6797
71,9.jpg,nói,hm',1.0,0.614
104,57.png,"để đảm bảo trật tự, an toàn giao thông, tạo thuận lợi cho nhân dân đi lại dịp tết nguyên đán năm 2026 trong thời gian đang đầu tư các trạm dừng nghỉ, cục đường bộ cung cấp thông tin vị trí các trạm dừng nghỉ.",,1.0,0.0
104,58.jpg,"trong khi đó, tại lễ kỷ niệm ngày nước thế giới (22 - 3), bà kanni ignaraja, phó đại diện thường trú của chương trình phát triển liên hiệp quốc (undp) tại hà nội, khẳng định nếu vn muốn giải quyết được mục tiêu cung cấp nước sạch cho 85% dân số vào năm 2010 và cho 100% dân số vào năm 2020 thì phải có ba yếu tố : tạo ra nhiều hơn nữa các nguồn đầu tư trong và ngoài nước, xác định ưu tiên về xây dựng năng lực ở những nơi có nhu cầu nước lớn nhất, huy động nhiều đối tượng tham gia thực hiện phương thức quản lý tài nguyên nước.",,1.0,0.0
71,13.jpg,ý,y,1.0,0.9036
71,16.png,"học tập là một quá trình diễn ra liên tục trong cuộc sống. con người tiếp thu kiến thức qua nhiều hình thức khác nhau. việc học không chỉ giới hạn trong nhà trường. kinh nghiệm thực tế cũng đóng vai trò quan trọng. nhờ học tập, con người hoàn thiện bản thân từng ngày.",,1.0,0.0
39,74.jpg,đi,t,1.0,0.7613
119,6.jpg,ăn,au,1.0,0.7221
119,8.jpg,ve,un,1.0,0.7068
97,4.jpg,ty,the,1.0,0.4467
50,80.jpg,tư,am,1.0,0.6979
79,48.jpg,1,l,1.0,0.7255
39,47.jpg,trí,m,1.0,0.5135
119,42.jpg,đều,tey,1.0,0.3699
99,76.jpg,xe,&,1.0,0.867
99,81.jpg,của,wis,1.0,0.6855
99,83.jpg,phú,a hl,1.0,0.6724
39,38.jpg,vả,ua,1.0,0.6315
39,51.jpg,mà,mor,1.0,0.8996
39,43.jpg,"nhiều cuộc họp giữa đại diện hđnd tp.hcm và lãnh đạo ubnd tp để chỉ xoay quanh việc có nên cho phép thu phí cầu bình triệu 2 khi dự án còn dở dang, manh mún? thậm chí, một phó chủ tịch hđnd tp đã có lúc cho rằng thu phí vào thời điểm chưa hoàn thành hợp đồng chẳng khác nào "" gặt lúa non "". thế nhưng với lập luận : nếu kéo dài thời gian không thu phí sẽ làm tăng lãi vay - điều này không chỉ gây khó khăn cho chủ đầu tư mà cả người dân cũng chịu thiệt... và việc tổ chức thu phí cầu bình triệu 2 được hđnd tp thông qua, chính thức áp dụng vào 1 - 4 - 2004.",,1.0,0.0
50,46.jpg,ở,,1.0,0.0
27,93.jpg,khóa,whos!,1.0,0.6752
101,24.jpg,đã,da,1.0,0.9732
39,14.jpg,lý,2,1.0,0.2142
27,98.jpg,đi,cti,1.0,0.8015
99,85.jpg,đồng,sta'ng,1.0,0.6358
79,94.jpg,tới,ht':,1.0,0.5514
79,98.jpg,lớn,br,1.0,0.3043
79,84.jpg,đến,der,1.0,0.779
79,40.jpg,đã,ta,1.0,0.7471
79,80.jpg,sống,gry,1.0,0.6981
148,66.jpg,tử,43,1.0,0.5425
53,97.jpg,bớt,664,1.0,0.6195
66,35.jpg,đã,da,1.0,0.8151
66,38.jpg,đã,ta,1.0,0.9605
101,93.jpg,giao,y cu,1.0,0.6947
101,96.jpg,ký,4y,1.0,0.2512
101,81.jpg,sự,gu,1.0,0.3122
101,83.jpg,tế,te',1.0,0.7635
53,99.jpg,dữ,dui,1.0,0.7283
50,89.jpg,có,"co""",1.0,0.5745
121,27.jpg,"thành công còn là hình ảnh một cậu bé bị dị tật ở chân, không bao giờ đi lại bình thường được. từ nhỏ cậu đã nuôi ước mơ trở thành cầu thủ bóng đá. sau bao nỗ lực khổ luyện, cậu bé trở thành cầu thủ dự bị trong một đội bóng nhỏ, và chưa bao giờ được chính thức ra sân. nhưng đó không phải là thất bại. trái lại, thành công đã nở hoa khi cậu bé năm xưa, với bao nghị lực và quyết tâm, đã chiến thắng hoàn cảnh để theo đuổi ước mơ từ ngày thơ bé.",,1.0,0.0
27,52.jpg,độ,ta,1.0,0.3843
27,84.jpg,và,ua,1.0,0.4797
101,49.jpg,lưu,h'n,1.0,0.5336
101,56.jpg,ở,2,1.0,0.1026
101,65.jpg,đất,da,1.0,0.7495
101,69.jpg,phúc,p hu's,1.0,0.8436
97,1.jpg,ban,lm,1.0,0.6472
97,3.jpg,ý,4,1.0,0.323
121,23.jpg,ở,6,1.0,0.1632
148,29.jpg,vốn,loy,1.0,0.3796
148,12.jpg,"tuy nhiên theo các lao động này, bảy tháng qua họ chỉ có việc làm ít ngày không có lương, bị chuyển nhượng, "" bán "" qua lại giữa nhiều nhà môi giới, không được giải quyết khi bị tai nạn lao động, 6 / 17 người đã nếm mùi "" tù tội "". với tiền phí dịch vụ trên 1.000 usd / người, công ty cho biết đã chi nhiều khoản phí môi giới và chưa có hướng giải quyết cho số lao động này khi họ không có một đồng tiền lương nào trong những ngày vất vả nơi xứ lạ.",,1.0,0.0
148,15.jpg,đâu,da,1.0,0.9259
66,66.jpg,""" tôi không dám tin rằng mình còn sống bởi tất cả như là cơn ác mộng, hết đi từ nỗi sợ hãi này đến kinh hoàng khác. cứ lấy chân đạp trên nền đất để biết rất thật rằng đây là vn "". vì không nằm trong danh sách những người được công ty đưa về, khủng hoảng và kiệt sức, tôi cố bám theo đoàn thương lái 30 người, trà trộn và giả dạng người campuchia, nhảy xe khách, đi bộ hàng chục kilômet, qua hàng rào cảnh sát các nước, may nhờ một người vn che chở đã đóng tiền để qua được các vòng.",,1.0,0.0
119,43.jpg,là,ra,1.0,0.7583
119,27.jpg,hải,tas,1.0,0.4641
50,16.jpg,đơn,alo,1.0,0.6405
50,4.jpg,kiện,les2n,1.0,0.62
79,31.jpg,ở,%,1.0,0.2819
79,66.jpg,tới,t6 s,1.0,0.6739
119,25.jpg,10,no,1.0,0.5287
119,2.jpg,trương,haiory,1.0,0.3661
119,4.jpg,với,ux,1.0,0.5587
71,26.jpg,rằm,laim,1.0,0.4036
71,32.jpg,đã,t5,1.0,0.397
113,76.jpg,đã,da,1.0,0.9634
113,80.jpg,kêu,ha,1.0,0.3252
50,40.jpg,thoại,tlrcu',1.0,0.659
50,43.jpg,chi,tn,1.0,0.3408
79,35.jpg,2,&,1.0,0.7577
79,67.jpg,cứ,a,1.0,0.1944
79,68.jpg,đó,ts,1.0,0.5575
79,73.jpg,đặc,vat,1.0,0.5746
66,51.jpg,ta,fo,1.0,0.6325
20,42.jpg,sẽ,2e,1.0,0.5092
148,2.jpg,các,ai,1.0,0.5069
74,36.jpg,trăm,fann,1.0,0.6283
74,37.jpg,người,iylr,1.0,0.3238
74,57.jpg,có,co',1.0,0.8488
148,28.jpg,hải,thar,1.0,0.7735
20,46.jpg,núi,nu'u,1.0,0.7055
20,36.jpg,được,mise,1.0,0.4165
20,37.jpg,tế,ter,1.0,0.7217
66,13.jpg,rồi,6,1.0,0.1244
74,61.jpg,thờ,fla,1.0,0.6456
74,46.jpg,có,co',1.0,0.8267
74,47.jpg,lợi,23,1.0,0.2747
66,64.jpg,bà,&a,1.0,0.6687
119,12.jpg,xét,4ef,1.0,0.6631
148,25.jpg,của,eud,1.0,0.8224
97,32.jpg,được,otulc,1.0,0.5582
146,63.jpg,đảo,tas,1.0,0.7714
75,95.jpg,khám,flan,1.0,0.825
75,99.jpg,bị,l,1.0,0.2527
61,56.jpg,từ,tui,1.0,0.7388
61,20.jpg,hầu,.,1.0,0.5898
131,99.jpg,sở,n,1.0,0.2442
146,1.jpg,"làm được một tháng tám ngày, không thấy lương bổng gì, cũng không biết ai là ông chủ. có một ông đến đưa tám lao động đi, nói vào rừng làm lán trại rồi phát cây cao su. có tám người đi, những người không đồng ý ở lại. tám người vào rừng hôm trước thì hôm sau bị cảnh sát bắt sáu người vì không có giấy tờ tùy thân. chu văn thiệp (lâm xuân, nghĩa hoàn, tân kỳ, nghệ an) nằm trong số sáu người bị bắt, 19 ngày được chuộc ra khỏi tù.",,1.0,0.0
131,61.jpg,thỏa,hhou?,1.0,0.6682
81,91.jpg,lý,&,1.0,0.2768
81,73.jpg,đdv,o) v,1.0,0.5165
61,1.jpg,đời,tet,1.0,0.4476
11,23.jpg,đêm,fen,1.0,0.6095
11,39.jpg,khải,,1.0,0.0
11,40.jpg,ký,ly,1.0,0.6189
146,67.jpg,được,thie,1.0,0.3692
11,37.jpg,đi,ds,1.0,0.3914
81,94.jpg,vả,ua,1.0,0.6555
81,96.jpg,á,a,1.0,0.9921
61,99.jpg,tộc,a,1.0,0.0928
11,49.jpg,tài,s,1.0,0.296
84,49.jpg,hồng,ttons,1.0,0.6217
84,60.jpg,đó,,1.0,0.0
84,65.jpg,có,co',1.0,0.7294
84,53.jpg,trấn,far,1.0,0.7062
104,3.jpg,biển,ines,1.0,0.6564
104,6.jpg,lưu,wi,1.0,0.3906
113,29.jpg,thường được. từ nhỏ cậu đã nuôi ước mơ trở thành cầu thủ bóng đá. sau bao nỗ lực,,1.0,0.0
113,13.jpg,8,&,1.0,0.5905
137,12.jpg,ta,aw,1.0,0.7044
146,71.jpg,trí,dni,1.0,0.5718
146,90.jpg,nối,mi',1.0,0.7535
104,9.jpg,nhọn,mlusn,1.0,0.7298
104,15.jpg,tác,aei,1.0,0.4585
104,8.jpg,đăng,jary,1.0,0.5581
84,97.jpg,số,so',1.0,0.486
137,15.jpg,kiểu,"mn""",1.0,0.4886
75,41.jpg,ở,',1.0,0.2445
137,35.jpg,một,irst,1.0,0.3416
137,43.jpg,khu,mm,1.0,0.7857
137,13.jpg,về,w-,1.0,0.6906
117,71.jpg,có,2,1.0,0.7681
113,3.jpg,đổ,t6,1.0,0.435
146,14.png,"gạo là nguồn tinh bột chính trong khẩu phần ăn của người việt và nhiều nước châu á. tuy nhiên, không phải tất cả các loại gạo đều tạo ra phản ứng đường huyết giống nhau sau khi ăn.",,1.0,0.0
135,66.jpg,cửa,c u?,1.0,0.8457
135,67.jpg,3,8,1.0,0.6037
135,69.jpg,"khái quát về biển đảo việt nam nước ta giáp với biển đông ở hai phía đông và nam. vùng biển việt nam là một phần biển đông. bờ biển dài 3.260 km, từ quảng ninh đến kiên giang. như vậy cứ 100 km2 thì có 1 km bờ biển (trung bình của thế giới là 600 km2 đất liền / 1 km bờ biển). biển có vùng nội thủy, lãnh hải, vùng đặc quyền kinh tế và thềm lục địa với diện tích trên 1 triệu km2 (gấp 3 diện tích đất liền : 1 triệu km2 / 330.000 km2)",,1.0,0.0
146,44.jpg,là,da,1.0,0.6429
135,85.jpg,lý,4,1.0,0.5857
131,85.jpg,gì,o,1.0,0.2422
61,87.jpg,ký,hy,1.0,0.6679
131,47.jpg,tăng,fay,1.0,0.6854
2,1.jpg,duyệt,ow,1.0,0.7061
2,7.jpg,thì,-,1.0,0.7196
135,78.jpg,đã,dx,1.0,0.5716
146,8.jpg,nước,mir,1.0,0.5942
146,13.jpg,sự,&u,1.0,0.4266
78,45.jpg,như,nlne,1.0,0.5944
93,3.jpg,đảo,da'o,1.0,0.6372
93,30.jpg,có,co',1.0,0.7511
146,31.jpg,sự,h,1.0,0.7001
11,43.jpg,nói,mot,1.0,0.6646
135,31.jpg,về,2e,1.0,0.3557
135,44.jpg,cơ,c q,1.0,0.8668
135,45.jpg,đã,da,1.0,0.8069
135,52.jpg,tôi,1 a,1.0,0.6378
84,79.jpg,sách,miu,1.0,0.6617
84,80.jpg,giàu,paur,1.0,0.6094
146,78.jpg,còn,si,1.0,0.359
117,92.jpg,ở,,1.0,0.0
117,85.jpg,đường,has,1.0,0.2769
131,33.jpg,lẩu,fa'u,1.0,0.7055
117,72.jpg,chưa,oluda,1.0,0.7413
117,76.jpg,"mục đích của việc phổ biến rộng rãi là gì? thứ nhất, để tái khẳng định một cách công khai và mạnh mẽ những chủ trương, chính sách ưu đãi của nhà nước dành cho bà con việt kiều. thứ hai là để các bộ ngành của vn nhận thức được rằng việc thực hiện chính sách sẽ luôn được sự theo dõi, đánh giá sát sao của dư luận trong và ngoài nước. điểm mới nổi bật thứ hai ở nghị quyết này là lần đầu tiên đã xác định rõ trách nhiệm của nhà nước đối với cộng đồng nvơnn.",,1.0,0.0
2,37.jpg,rồi,ao,1.0,0.2634
2,38.jpg,có,co',1.0,0.8723
131,59.jpg,"trả lời của chính phủ, trong đó chủ trương đồng ý cho tăng vốn trong 6 tháng đầu năm",,1.0,0.5888
146,21.jpg,hạn,tlan,1.0,0.9147
146,37.jpg,và,oa,1.0,0.5977
117,82.jpg,các,eni,1.0,0.5329
117,83.jpg,lý,ly',1.0,0.7728
137,79.jpg,vật,nm,1.0,0.421
71,7.jpg,có,co',1.0,0.8475
84,86.jpg,sự,t,1.0,0.2546
84,89.jpg,khí,fcr,1.0,0.5092
137,7.jpg,sống,xshy,1.0,0.543
84,96.jpg,sẽ,1e,1.0,0.3147
104,35.jpg,được,fuot,1.0,0.8266
104,37.jpg,bão,lo2,1.0,0.4683
104,38.jpg,vì,c,1.0,0.1912
135,3.jpg,""" nếu không có xác nhận của bộ chủ quản đối với dự án, nh sẽ không cho vay vì không nắm rõ được nhu cầu vốn của công ty tiếp thị "". cũng với lý do tương tự, đại diện của nh đầu tư phát triển cũng sẽ dứt khoát không cho vay. "" nhẹ nhàng "" hơn, đại diện của nh thương mại cổ phần hàng hải cho biết thông thường các công văn như vậy là cần thiết nhưng không phải là quyết định đối với các khoản vay nh.",,1.0,0.0
135,26.jpg,11,m,1.0,0.4334
97,93.jpg,bán,ba'nv,1.0,0.7117
97,84.jpg,ý,y,1.0,0.6311
39,96.jpg,buổi,pia,1.0,0.3139
146,89.jpg,lê,&,1.0,0.5856
84,84.jpg,bị,l2,1.0,0.2768
135,23.jpg,đã,da,1.0,0.995
135,8.jpg,đó,&,1.0,0.4733
135,14.jpg,khí,men,1.0,0.4555
135,15.jpg,và,ja,1.0,0.2556
39,94.jpg,b,0,1.0,0.21
81,9.jpg,bị,li,1.0,0.7233
61,83.jpg,về,ne,1.0,0.5964
121,49.jpg,được,tie,1.0,0.5126
121,52.jpg,tái,aa,1.0,0.8231
81,11.jpg,hộ,&a,1.0,0.4767
81,14.jpg,"thế là tôi cùng với êkip cấp cứu gồm bs hà thanh hà, đdv nguyễn thị kim chi, nguyễn",á,1.0,0.5161
74,64.jpg,vì,22,1.0,0.2652
74,66.jpg,vụ,uw,1.0,0.5423
74,53.jpg,động,dhry,1.0,0.3397
71,6.jpg,họ,iho,1.0,0.6082
97,64.jpg,rõ,no,1.0,0.5189
97,51.jpg,được,tua,1.0,0.4442
97,67.jpg,đặc,dae,1.0,0.7198
97,56.jpg,đối,da,1.0,0.8042
121,44.jpg,và,lf,1.0,0.5495
121,48.jpg,số,,1.0,0.0
71,1.jpg,viên,weu,1.0,0.4488
71,19.jpg,cả,ccr,1.0,0.4475
71,3.jpg,"quay sang tôi, anh trường nói : "" một chị ở quận 8 gọi điện cảm ơn chúng tôi đã cấp cứu kịp thời nên chồng chị qua khỏi cơn nguy kịch "". tôi đã từng nghe cấp cứu nhưng chỉ khi nghe chị nguyễn thị tuyết mai, trưởng khoa cấp cứu ngoại viện (ccnv), phân tích mới thật sự hiểu rõ "" nội tình "". ccnv chỉ đảm nhiệm cấp cứu đoạn đường từ hiện trường đến cổng bệnh viện. sau khi nhận điện báo, mỗi ca cấp cứu gồm êkip một lái xe, một bác sĩ (bs), hai điều dưỡng viên (đdv) tức tốc lên xe.",,1.0,0.0
74,54.jpg,ở,!,1.0,0.2121
113,61.jpg,lợi,,1.0,0.0
84,15.jpg,cứ,ui,1.0,0.6643
113,69.jpg,đẹp,cty,1.0,0.8752
113,71.jpg,các,cait,1.0,0.7657
113,73.jpg,ào,a,1.0,0.6091
74,25.jpg,với,w',1.0,0.2308
74,9.jpg,mang,1 uy,1.0,0.3699
146,96.jpg,nặng,wnay,1.0,0.4959
146,97.jpg,đào,pa,1.0,0.369
113,44.jpg,sơ,n,1.0,0.438
104,41.jpg,không,lehsy,1.0,0.7797
104,42.jpg,số,e',1.0,0.3234
113,74.jpg,điều,tor,1.0,0.3156
113,36.jpg,cần,lal,1.0,0.6547
113,23.jpg,đơn,cton,1.0,0.8069
146,39.jpg,như,nlui,1.0,0.6733
137,77.jpg,"thứ trưởng ký xác nhận vào công văn công ty tiếp thị không? "" ""bộ không có chủ trương này "",",,1.0,0.0
137,60.jpg,trẻ,the',1.0,0.8662
113,10.jpg,ói,.,1.0,0.685
104,21.jpg,vì,ei,1.0,0.5033
104,84.jpg,điểm,den,1.0,0.5122
81,47.jpg,và,mi,1.0,0.4376
81,48.jpg,nói,mn,1.0,0.6404
84,70.jpg,nói,mo,1.0,0.7734
113,53.jpg,ý,y,1.0,0.3313
113,41.jpg,đồng,fory,1.0,0.6233
11,12.jpg,đường,chly,1.0,0.4197
78,79.jpg,để,,1.0,0.0
61,91.jpg,đầu,tur,1.0,0.7424
11,9.jpg,"trước mắt tôi sẽ yêu cầu ông phương báo cáo lại vụ việc. tại phiên tòa đang xét xử, luật sư phạm hữu tình đề nghị tạm hoãn phiên tòa còn có lý do các lời khai, bút lục liên quan đến bốn đối tượng mua dâm nói trên chỉ là bản photocopy (về nguyên tắc tố tụng những bút lục này không có giá trị), không phải bản chính. ông thấy sao? có lẽ do sơ sót, anh em kiểm tra không kỹ nhưng theo tôi không làm thay đổi được bản chất của vụ án.",,1.0,0.0
61,95.jpg,ở,&,1.0,0.2328
121,90.jpg,số,1o,1.0,0.1658
121,74.jpg,gì,or,1.0,0.3339
61,36.jpg,mà,mor,1.0,0.7765
78,66.jpg,hồi,ro:,1.0,0.6434
78,96.jpg,xương,x u2nqy,1.0,0.6647
78,98.jpg,số,m1,1.0,0.3208
78,82.jpg,săn,sair,1.0,0.5675
78,89.jpg,tế,te',1.0,0.6923
74,12.jpg,những,nllery,1.0,0.4719
121,80.jpg,được,d cdc,1.0,0.7461
86,46.jpg,đi,d,1.0,0.91
116,23.jpg,đã,da,1.0,0.7812
116,25.jpg,khai,fclar,1.0,0.6085
38,6.jpg,"khái quát về biển đảo việt nam nước ta giáp với biển đông ở hai phía đông và nam. vùng biển việt nam là một phần biển đông. bờ biển dài 3.260 km, từ quảng ninh đến kiên giang. như vậy cứ 100 km2 thì có 1 km bờ biển (trung bình của thế giới là 600 km2 đất liền / 1 km bờ biển). biển có vùng nội thủy, lãnh hải, vùng đặc quyền kinh tế và thềm lục địa với diện tích trên 1 triệu km2 (gấp 3 diện tích đất liền : 1 triệu km2 / 330.000 km2).",,1.0,0.0
116,64.jpg,phố,tha',1.0,0.6535
25,97.jpg,việc,wet,1.0,0.6253
25,100.jpg,đất,atat,1.0,0.714
116,29.jpg,gì,o,1.0,0.1773
116,32.jpg,đến,aten,1.0,0.8015
148,68.jpg,ở,3,1.0,0.8223
38,92.jpg,vì,2,1.0,0.256
38,95.jpg,liệu,a,1.0,0.3075
116,67.jpg,kỳ,le,1.0,0.5187
116,56.jpg,đường,dram,1.0,0.458
116,22.jpg,động,daerg,1.0,0.5846
38,53.jpg,dần,lag,1.0,0.5336
49,87.jpg,dự,did,1.0,0.6301
49,96.jpg,5,s,1.0,0.8048
49,97.jpg,70,t,1.0,0.1561
49,81.jpg,có,(o,1.0,0.4877
38,91.jpg,đầy,th,1.0,0.2992
91,82.jpg,đi,t,1.0,0.3466
91,70.jpg,cư,au,1.0,0.4652
91,71.jpg,của,cubs,1.0,0.7662
91,76.jpg,đắp,tan,1.0,0.3847
91,17.jpg,giữa,us,1.0,0.4208
62,55.jpg,tật,dar,1.0,0.5696
62,60.jpg,dần,olan,1.0,0.7571
62,61.jpg,của,eua',1.0,0.6523
86,48.jpg,được,du&,1.0,0.9
25,93.jpg,đã,da,1.0,0.5542
5,40.jpg,đối,chai,1.0,0.4397
86,19.jpg,do,clo,1.0,0.8032
86,22.jpg,đến,2,1.0,0.3105
86,24.jpg,vị,ui,1.0,0.5144
86,25.jpg,nước,yul'c,1.0,0.5264
91,64.jpg,nỗi,mo,1.0,0.4855
91,65.jpg,đừng,tury,1.0,0.452
86,41.jpg,để,de,1.0,0.5886
86,29.jpg,kết,lf,1.0,0.2982
25,92.jpg,có,os,1.0,0.4768
86,50.jpg,mở,mol,1.0,0.4671
144,77.jpg,cũng,roy,1.0,0.4777
144,79.jpg,bè,le,1.0,0.5684
144,80.jpg,cố,c61,1.0,0.3254
144,83.jpg,đồ,c,1.0,0.242
144,84.jpg,thợ,of,1.0,0.5187
144,86.jpg,có,cor,1.0,0.5895
19,18.jpg,tế,42,1.0,0.7813
116,5.jpg,có,5o,1.0,0.3285
19,42.jpg,đơn,dor,1.0,0.9298
59,69.jpg,cười,ua,1.0,0.5867
130,3.jpg,phụ,plun,1.0,0.562
130,4.jpg,đã,da,1.0,0.9067
18,34.jpg,bị,&,1.0,0.9454
19,65.jpg,hội,"ma,",1.0,0.542
19,50.jpg,đó,6,1.0,0.806
19,57.jpg,nước,muo,1.0,0.4578
18,23.jpg,đồng,thy,1.0,0.5643
59,33.jpg,khẳng,aat,1.0,0.2358
38,82.jpg,tôi,do:,1.0,0.5269
19,100.jpg,của,cuin,1.0,0.4213
59,82.jpg,phải,lang,1.0,0.8451
49,82.jpg,nhà,mo,1.0,0.6403
49,83.jpg,được,h&,1.0,0.5937
18,14.jpg,ý,a,1.0,0.1014
18,15.jpg,đỡ,t:,1.0,0.8147
18,3.jpg,tờ,fo,1.0,0.4601
19,76.jpg,của,wlg,1.0,0.6729
59,16.jpg,xếp,2n,1.0,0.2536
59,19.jpg,đời,d,1.0,0.0881
19,80.jpg,vẫn,5,1.0,0.1514
18,7.jpg,với,ua.,1.0,0.3218
59,43.jpg,và,ua,1.0,0.6605
59,20.jpg,phó,per!,1.0,0.693
59,6.jpg,5,s,1.0,0.6733
59,11.jpg,có,co',1.0,0.6295
5,12.jpg,"17 lao động trở về từ malaysia vì không có việc làm. tại công ty thương mại xuất nhập khẩu bình phước, từ ngày 17 - 3 - 2004 đến nay đã có 17 lao động trở về từ malaysia vì không có việc làm và vì công ty không thực hiện đúng hợp đồng như đã cam kết. trong số đó, một lao động phải đi về bằng đường bộ, vượt qua các cửa khẩu thái lan, campuchia, trở về vn sau cuộc hành trình gian khổ. hợp đồng lao động được thực hiện từ tháng 8 - 2003, thời hạn 36 tháng với loại công việc là công nhân xây dựng.",,1.0,0.0
5,32.jpg,lượng,peonay,1.0,0.524
5,20.jpg,đội,dle,1.0,0.2587
5,21.jpg,bí,d',1.0,0.2898
59,12.jpg,bị,bt',1.0,0.6887
59,28.jpg,tịch,fody,1.0,0.4989
59,14.jpg,về,22,1.0,0.2273
18,10.jpg,đạo,otao,1.0,0.5775
25,67.jpg,000,ov,1.0,0.4269
25,55.jpg,bé,ee,1.0,0.4495
116,100.jpg,8,&,1.0,0.3681
25,26.jpg,cụ,a,1.0,0.1618
25,29.jpg,"xe "" bò "" đến cuối đường hầm, nơi chiếc máy khoan đang hì hục làm việc, thì dừng lại. dưới ánh sáng mờ mờ, hai mũi khoan đường kính phi 45 to đùng cắm sâu vào lòng núi tựa như một con bọ cạp trong tư thế nghênh chiến. dẫu ống thông hơi đường kính gần 2 m đã gí sát cũng chỉ làm giảm chút ít sự ngột ngạt đang bao trùm ở cuối đường hầm, nơi những người thợ đang làm. thấy chúng tôi tháo mũ bảo hộ ra tác nghiệp, tổ trưởng đinh trung duy chạy ngay tới gần ra hiệu bằng tay ngầm chỉ "" đá rơi "".",,1.0,0.0
25,50.jpg,khác,lclhac,1.0,0.6172
107,82.jpg,nửa,uuia,1.0,0.5423
107,73.jpg,đáng,dary,1.0,0.7631
25,77.jpg,về,ui,1.0,0.3575
116,57.jpg,được,arisc,1.0,0.6292
25,82.jpg,nay,ltax,1.0,0.3506
150,99.jpg,mừng,wniy,1.0,0.5816
107,85.jpg,ở,2,1.0,0.452
69,37.jpg,kỳ,hy,1.0,0.8342
69,38.jpg,cả,cai,1.0,0.7679
69,43.jpg,dân,clan,1.0,0.8115
69,52.jpg,nêu,mud,1.0,0.8325
25,41.jpg,tố,10,1.0,0.7122
107,55.jpg,có,s',1.0,0.4227
91,79.jpg,đến,tr,1.0,0.6032
25,62.jpg,với,2ot,1.0,0.4547
35,77.jpg,đều,f,1.0,0.4212
35,62.jpg,số,ss*,1.0,0.3673
65,49.jpg,đối,t6,1.0,0.2465
150,93.jpg,có,co',1.0,0.5301
150,97.jpg,họ,tho,1.0,0.6524
150,85.jpg,án,ar,1.0,0.8911
65,43.jpg,đầu,tar,1.0,0.2938
65,45.jpg,70,fo,1.0,0.8279
65,31.jpg,đó,d,1.0,0.4261
5,3.jpg,được,tulsc,1.0,0.595
116,94.jpg,ra,i2,1.0,0.2814
38,23.jpg,đó,pr,1.0,0.294
38,10.jpg,sĩ,di,1.0,0.4091
38,12.jpg,trí,thi',1.0,0.824
150,23.jpg,được,ctudc,1.0,0.6767
150,27.jpg,công,citiny,1.0,0.5102
150,14.jpg,với,udi',1.0,0.3214
25,84.jpg,xã,xa',1.0,0.7159
25,22.jpg,em,eun,1.0,0.6921
69,92.jpg,tại,faw,1.0,0.7093
116,91.jpg,ở,&,1.0,0.1149
38,19.jpg,đất,ta,1.0,0.4907
65,68.jpg,đường,toy,1.0,0.5295
38,98.jpg,bộ,ho,1.0,0.266
59,1.jpg,sau,cm,1.0,0.7598
38,58.jpg,từ,hi,1.0,0.7669
38,50.jpg,2010,q 01 o,1.0,0.7419
38,62.jpg,đội,62,1.0,0.472
65,70.jpg,á,a,1.0,0.9915
65,91.jpg,đi,dti,1.0,0.7441
91,14.jpg,tốt,do4,1.0,0.3339
150,12.jpg,để,,1.0,0.0
49,70.jpg,cầu,cann,1.0,0.5887
38,31.jpg,"tại nơi đây, trước kia khoảng đất chỉ rộng 1.634 m2 của ông lâu dần gò đất này toàn chôn cất người nghèo khó, không có bia mộ, thậm chí chôn chồng lên nhau và trâu bò giẫm nát cũng không ai lo, ông mới nảy ra ý định đóng góp sức mình làm thành nghĩa địa từ thiện. năm 1999, ông ba phước đến gặp bà trần thị phụng, vợ ông nguyễn văn tâm (đã mất), để bàn bạc, thuyết phục bà phụng hiến phần đất này cho hội người cao tuổi của xã mà ông là phó chủ tịch, rồi ông bỏ tiền mua thêm 2.855 m2 đất bên cạnh để mở rộng khu nhị tì này làm thành nghĩa địa từ thiện.",,1.0,0.0
38,33.jpg,85,& 5,1.0,0.9004
62,64.jpg,và,u&,1.0,0.5587
62,66.jpg,mới,hat,1.0,0.6129
62,67.jpg,đời,dbt,1.0,0.472
49,54.jpg,sẵn,h,1.0,0.1742
49,75.jpg,được,ctirc,1.0,0.4917
49,78.jpg,đó,,1.0,0.0
49,52.jpg,vào,nad,1.0,0.6303
86,17.jpg,3,2,1.0,0.5531
91,80.jpg,sốt,54,1.0,0.3332
68,4.jpg,khỏi,flss,1.0,0.3502
68,8.jpg,tiếp,h,1.0,0.2628
68,10.jpg,đã,ta,1.0,0.7337
68,16.jpg,chỉ,ll:,1.0,0.6117
107,32.jpg,sự,au,1.0,0.4377
107,33.jpg,nói,mal,1.0,0.5518
108,20.jpg,bộ,6,1.0,0.5575
62,93.jpg,nước,midt,1.0,0.699
65,38.jpg,mâm,maan,1.0,0.6458
65,82.jpg,đầu,tow,1.0,0.3905
65,84.jpg,ở,3,1.0,0.6513
68,2.jpg,các,ut,1.0,0.162
150,37.jpg,kỳ,ki`,1.0,0.9129
116,80.jpg,đỗi,c,1.0,0.2082
116,82.jpg,cỡ,c8v,1.0,0.5036
116,86.jpg,hừ,na,1.0,0.3944
108,10.jpg,hội,jho:,1.0,0.5169
108,11.jpg,có,es,1.0,0.5411
62,97.jpg,ở,%,1.0,0.1276
65,97.jpg,đây,ofcy,1.0,0.3698
130,85.jpg,bắt,l4,1.0,0.2831
130,93.jpg,bắt,dir,1.0,0.2719
139,96.jpg,số,1s6,1.0,0.564
129,10.jpg,ái,ou,1.0,0.4726
129,19.jpg,đà,da,1.0,0.212
130,87.jpg,chào,&aw,1.0,0.5465
130,80.jpg,của,ouu,1.0,0.7856
139,100.jpg,đã,ta,1.0,0.9462
67,21.jpg,sẽ,te,1.0,0.4648
62,36.jpg,đã,,1.0,0.0
143,83.jpg,giữ,g'ur,1.0,0.5194
63,4.jpg,văn,aar,1.0,0.5978
63,5.jpg,có,&,1.0,0.1823
143,48.jpg,song,cry,1.0,0.6405
13,87.jpg,công,ary,1.0,0.9009
106,12.jpg,đã,ta,1.0,0.9348
106,13.jpg,tồn,sr,1.0,0.3677
67,34.jpg,cậu,ccls,1.0,0.3433
67,35.jpg,chế,oht',1.0,0.813
90,80.jpg,độ,ds,1.0,0.4025
67,24.jpg,đó,pu,1.0,0.3126
18,57.jpg,hằng,t,1.0,0.1898
18,60.jpg,bị,6,1.0,0.3848
48,53.jpg,rừng,ndy,1.0,0.7137
48,44.jpg,tiếng,heay,1.0,0.5164
5,55.jpg,đó,to,1.0,0.3077
5,58.jpg,xử,g?,1.0,0.3418
5,63.jpg,tư,tur,1.0,0.7082
48,89.jpg,đi,ali,1.0,0.5306
48,84.jpg,đào,ta,1.0,0.6951
118,78.jpg,sự,3,1.0,0.2271
118,65.jpg,8,&,1.0,0.9848
118,66.jpg,vườn,wrisn,1.0,0.5502
118,16.jpg,có,co',1.0,0.5749
118,74.jpg,"hắn đã lập gia đình, nhưng cái gia đình ấy đã tan vỡ. thế nhưng mức độ chơi bạc gà của tuấn "" cụt "" chưa ăn thua gì so với hậu "" trọc "". dân đá gà miền bắc chỉ biết hắn có hộ khẩu thường trú tại hà nội chứ không ai biết chính xác hắn làm nghề gì. hắn thường hay bê gà đi khắp các sới bằng chiếc ôtô hiệu camry trị giá vài chục ngàn usd của mình. hắn đã từng chơi những trận cá cược gà hơn 50 triệu đồng... nói đến chân dung những kẻ bạc gà không thể quên những tay chủ sới.",,1.0,0.0
48,87.jpg,ấy,,1.0,0.0
48,31.jpg,cả,w,1.0,0.273
139,90.jpg,bà,&a,1.0,0.48
139,93.jpg,1,l,1.0,0.6021
130,71.jpg,án,um,1.0,0.5684
130,14.jpg,lại,ta',1.0,0.6475
5,53.jpg,sai,p an,1.0,0.7334
105,7.jpg,được,dudr,1.0,0.368
139,2.jpg,15,h 5,1.0,0.7815
139,56.jpg,cứu,cutw,1.0,0.4385
139,10.jpg,đảo,das,1.0,0.5271
130,59.jpg,đáy,otay,1.0,0.931
130,44.jpg,đã,&a,1.0,0.2096
139,62.jpg,về,5,1.0,0.108
139,48.jpg,"gần hai ngày đêm rồi chứ ít đâu... "" - một thợ liệm khác nói khi anh đang chèn trà khô vào quan tài. không có khói nhang, cũng không có một tiếng khóc bên những áo quan giữa cảnh tử biệt sinh ly đầy những đoạn trường này nhưng vẫn buồn bã, vẫn đầy não nề thương cảm với người dân khâm đức, với những ai đến bãi xác này khi họ nhìn vào nét đăm chiêu và sự thinh lặng đầy buồn thảm của hàng chục công nhân đứng tản mát quanh "" nhà vĩnh biệt "" nằm âm u bên ngút ngàn rừng núi trường sơn.",f,1.0,0.2591
129,52.jpg,khiếp,m,1.0,0.4699
90,89.jpg,kể,1e,1.0,0.3868
129,38.jpg,từ,tur,1.0,0.7374
129,25.jpg,độc,tee,1.0,0.5348
139,13.jpg,5,s,1.0,0.7901
48,99.jpg,thị,el:,1.0,0.7787
5,59.jpg,làm,ty,1.0,0.9041
5,45.jpg,giấy,p'ciy,1.0,0.3822
5,65.jpg,kiện,aua,1.0,0.5837
5,66.jpg,có,o,1.0,0.2363
129,27.jpg,"khủng khiếp nhất là lượng đất đá này đã trôi trượt trên một đoạn dài chừng 600 m, trong đó mái trại "" định mệnh "" này đã bị đẩy đi gần 200 m! không một tiếng kêu gào, trong cơn mưa như trút nước thảm kịch xảy ra trong tích tắc. sau tiếng ầm ào khiếp đảm đó, những công nhân ở các trại bên liền đến đổ xô vào việc tiếp cứu bốn người bị thương, rồi cùng 10 người còn lại bới đào tìm thi thể những người bất hạnh.",,1.0,0.0
13,43.jpg,đã,ta,1.0,0.4726
139,15.jpg,với,6,1.0,0.5593
143,37.jpg,đến,ter,1.0,0.6967
105,90.jpg,ở,1,1.0,0.1846
106,23.jpg,mẹ,ome,1.0,0.7623
106,9.jpg,đã,f,1.0,0.3256
90,39.jpg,được,dun,1.0,0.4615
90,100.jpg,đới,2&,1.0,0.5362
106,10.jpg,5,s,1.0,0.6596
106,11.jpg,chú,clur,1.0,0.8042
51,19.jpg,ăn,om,1.0,0.7362
100,31.jpg,ty,+,1.0,0.1416
105,17.jpg,về,u2,1.0,0.2539
100,34.jpg,nặng,weiny,1.0,0.4688
100,20.jpg,ở,&,1.0,0.1026
106,15.jpg,sĩ,ti,1.0,0.5097
90,96.jpg,dân,clcn,1.0,0.8431
13,30.jpg,cả,c 2,1.0,0.8138
13,66.jpg,không,dahmy,1.0,0.4992
13,32.jpg,vợ,u,1.0,0.3482
13,33.jpg,bộ,2,1.0,0.6415
105,71.jpg,đứng,ctuy,1.0,0.5473
105,95.jpg,20,&,1.0,0.878
100,33.jpg,"- thời gian phản hồi: là khoản thời gian cần thiết để có thể đổi màu một điểm ảnh - máy in kim, máy in laser, máy in phun, máy in nhiệt",,1.0,0.0
19,16.jpg,đình,otinl,1.0,0.8171
107,11.jpg,không,icliyg,1.0,0.4046
91,33.jpg,ở,,1.0,0.0
91,40.jpg,với,c,1.0,0.3369
5,9.jpg,g,2,1.0,0.144
19,22.jpg,độ,ta,1.0,0.4962
19,23.jpg,với,&,1.0,0.6664
19,35.jpg,có,s,1.0,0.2153
19,24.jpg,bà,bai,1.0,0.691
144,4.jpg,sở,sa',1.0,0.5229
62,41.jpg,tổng,toiey,1.0,0.6732
62,29.jpg,ước,,1.0,0.0
130,9.jpg,xe,,1.0,0.0
144,7.jpg,đầu,da,1.0,0.7371
144,20.jpg,ói,o,1.0,0.8089
144,9.jpg,so,80,1.0,0.6129
144,15.jpg,xã,lr,1.0,0.4811
139,74.jpg,nếu,al'u,1.0,0.7032
59,49.jpg,đến,ten',1.0,0.6903
19,5.jpg,ba,lu,1.0,0.5942
144,74.jpg,24,2tl,1.0,0.3921
62,25.jpg,"ngoài ra công ty tnhh trường sơn quyết định hỗ trợ gia đình 19 nạn nhân thiệt mạng trong đợt lũ quét vừa qua, mỗi gia đình 50 triệu đồng để lo chi phí mai táng. ở bệnh viện huyện phước sơn, bốn con người được xem là lớn số, là may mắn cũng đang chịu đựng đau thương không ít. tôi đến khi các y sĩ ở đây vừa làm thuốc buổi chiều cho họ. bị trầy sướt và sưng tấy người, một ngón tay bị gẫy, nguyễn hoài nam (23 tuổi) vẫn quên đau, ứa nước mắt khóc cho người bạn bùi văn luyến cùng xóm với mình : "" nó hay nói đùa.",,1.0,0.0
18,41.jpg,từ,tur,1.0,0.6087
18,33.jpg,sử,o,1.0,0.1951
19,10.jpg,báo,hut,1.0,0.7394
19,13.jpg,trong,aenty,1.0,0.6383
129,98.jpg,với,h.,1.0,0.3848
86,100.jpg,đẩy,atey,1.0,0.5855
86,56.jpg,giá,qi'a,1.0,0.7684
48,17.jpg,triển,ha',1.0,0.3257
48,19.jpg,đáng,ctai,1.0,0.515
62,49.jpg,ông,,1.0,0.0
86,61.jpg,đã,da,1.0,0.9399
107,15.jpg,ô,o,1.0,0.1591
107,3.jpg,giấy,1ai,1.0,0.2524
107,5.jpg,lần,leom,1.0,0.471
86,26.jpg,thức,huit,1.0,0.7039
107,23.jpg,bà,la,1.0,0.6659
86,66.jpg,được,dussc,1.0,0.8366
86,72.jpg,như,mhui,1.0,0.6367
62,32.jpg,bé,ke,1.0,0.643
59,13.jpg,tử,r,1.0,0.2619
48,21.jpg,trả,ma,1.0,0.6215
48,60.jpg,dương,cdar y,1.0,0.6747
130,96.jpg,với,wa,1.0,0.4099
48,5.jpg,đến,a',1.0,0.6505
129,73.jpg,và,na,1.0,0.6484
129,59.jpg,bị,i,1.0,0.4471
129,83.jpg,viên,or,1.0,0.2817
118,96.jpg,số,as',1.0,0.6262
129,61.jpg,hú,hui,1.0,0.8072
129,64.jpg,cầu,ca'n,1.0,0.7715
144,91.jpg,"bỗng những tiếng ầm ầm từ phía bên trên trại vang lên, tôi cùng anh em vùng dậy. lũ ống xuất hiện, kèm theo lở núi đổ ào xuống trại. tôi và một số anh em liền chạy thẳng ra phía trước, bị lũ đẩy chúi xuống, cố gượng dậy được. chỉ một phút sau tôi đã nhận ra cả trại bị cuốn trôi và vùi lấp... "". bãi dựng trại rộng chừng 1 ha nay đã gần như một đầm lầy với khoảng 10.000 khối đất đá, không kể ngổn ngang những cây rừng lớn nhỏ.",,1.0,0.0
18,66.jpg,đã,da,1.0,0.7841
18,70.jpg,ở,&,1.0,0.2918
18,55.jpg,sẽ,1e,1.0,0.3318
91,7.jpg,chỉ,j',1.0,0.2907
118,72.jpg,định,tlr,1.0,0.3374
144,17.jpg,nêu,mei,1.0,0.6547
18,81.jpg,bắt,lodt,1.0,0.706
18,84.jpg,có,s,1.0,0.367
18,85.jpg,lý,lyy,1.0,0.5662
144,1.jpg,sẽ,a,1.0,0.3307
144,68.jpg,nước,mid',1.0,0.6463
139,84.jpg,báo,ha,1.0,0.8236
130,62.jpg,cách,c acll,1.0,0.753
130,52.jpg,số,s6',1.0,0.615
130,32.jpg,ói,o',1.0,0.5708
130,34.jpg,bã,ha,1.0,0.9569
144,40.jpg,nở,2d,1.0,0.1933
144,51.jpg,đã,d&,1.0,0.8724
144,37.jpg,địa,tin,1.0,0.9605
144,69.jpg,"câu hỏi 27: phân tích nội dung quy luật phủ định của phủ định, từ đó rút ra ý nghĩa phương pháp luận?",,1.0,0.0
59,59.jpg,"quy luật kinh tế tác động vào các động cơ lợi ích và quan hệ lợi ích của con người, từ đó điều chỉnh hành vi của họ. khi vận dụng đúng các quy luật kinh tế, sẽ tạo ra các quan hệ lợi ích kinh tế khách quan, đúng đắn tạo động lực thúc đẩy sự sáng tạo của con người trong xã hội. thông qua đó thúc đẩy sự giàu có và văn minh của xã hội.",,1.0,0.0
48,58.jpg,đàn,dam,1.0,0.5567
5,85.jpg,đá,ta,1.0,0.6057
62,17.jpg,suối,mo',1.0,0.6961
62,8.jpg,sáng,naiy,1.0,0.6324
144,56.jpg,tử,4,1.0,0.2632
144,60.jpg,máu,mari,1.0,0.8754
48,54.jpg,điều,dhed,1.0,0.539
118,26.jpg,bị,e,1.0,0.498
118,33.jpg,hải,tu,1.0,0.4683
118,34.jpg,chỉ,eu',1.0,0.6588
118,35.jpg,không,fnlnong,1.0,0.6156
62,10.jpg,đã,t,1.0,0.3452
133,95.jpg,15,ls,1.0,0.6962
133,96.jpg,đốc,to',1.0,0.553
133,97.jpg,chứ,c&n',1.0,0.6513
9,3.jpg,ủi,u,1.0,0.2505
133,90.jpg,xã,ta,1.0,0.4065
128,13.jpg,đối,de:,1.0,0.3991
83,55.jpg,khải,ichui',1.0,0.7039
83,58.jpg,biển,meiy,1.0,0.6028
9,82.jpg,động,dho ng,1.0,0.4111
126,43.jpg,vị,2,1.0,0.3605
36,40.jpg,ước,nge,1.0,0.354
36,42.jpg,tôi,16,1.0,0.3019
36,43.jpg,đầu,da,1.0,0.3573
36,31.jpg,định,tiul,1.0,0.3665
85,2.jpg,trại,hon,1.0,0.526
96,47.jpg,tịch,nqwy,1.0,0.8376
134,36.jpg,bị,w,1.0,0.432
134,37.jpg,""" săn lùng "" pv qua điện thoại và đề nghị "" thông cảm "" ngay sau khi xảy ra sự việc phóng viên (pv) thực hiện tuyến bài bị rượt đuổi rạng sáng 3 - 4 - 2004 tại dầu giây, thì 6 giờ sáng cùng ngày điện thoại cầm tay của pv đã nghe đổ chuông liên tục. trong điện thoại hiện lên số di động 091.3.85..., một người tự xưng tên lê hùng - đội trưởng đội tuần tra kiểm soát giao thông địa bàn dầu giây, trảng bom, thống nhất, đồng nai - đề nghị được gặp mặt pv.",,1.0,0.0
134,39.jpg,đồng,to'rg,1.0,0.4683
134,40.jpg,kể,ke',1.0,0.7195
36,27.jpg,được,thst,1.0,0.5123
58,44.jpg,bị,ti,1.0,0.4656
9,28.jpg,kịp,lcip,1.0,0.7232
9,30.jpg,ở,,1.0,0.0
9,45.jpg,"lái xe mai thanh hoàng kể lại lần đi xuống củ chi cấp cứu một hộ ở một xã vùng sâu, xe cấp cứu băng qua những con đường đất gập ghềnh dưới cơn mưa như thác nước. dọc đường không có một ngọn đèn nào, lái xe căng mắt lăn bánh. ngồi trên xe ai cũng nóng lòng như lửa đốt. cuối cùng tuy tới trễ nhưng cũng sơ cứu kịp thời cho nạn nhân trước ánh mắt biết ơn của gia đình. mới đây, lúc 1 giờ sáng 17 - 10 - 2003 tại ngôi nhà đường âu dương lân, quận 8, một phụ nữ 56 tuổi ho đàm đã bốn ngày, mệt khó thở, đi chích thuốc về bỗng bất tỉnh, liền gọi cấp cứu.",,1.0,0.0
9,31.jpg,cầu,caal,1.0,0.7371
133,94.jpg,về,ve-,1.0,0.7622
36,29.jpg,tôi,15,1.0,0.5188
83,36.jpg,dữ,dur,1.0,0.6874
69,16.jpg,tiên,vi`er,1.0,0.5818
128,44.jpg,bán,non',1.0,0.6767
69,19.jpg,lý,ey,1.0,0.4666
9,65.jpg,bỏ,he,1.0,0.7618
9,67.jpg,đến,den',1.0,0.8129
83,80.jpg,về,vi`,1.0,0.7604
83,67.jpg,biết,eria,1.0,0.774
128,6.jpg,đạt,atat,1.0,0.8006
128,25.jpg,sẽ,ne,1.0,0.4965
128,26.jpg,đang,duy,1.0,0.8558
128,49.jpg,bổng,1,1.0,0.6695
128,39.jpg,ở,,1.0,0.0
69,4.jpg,đã,ta,1.0,0.7147
9,57.jpg,giỏ,cyu,1.0,0.6503
68,66.jpg,đảm,lan,1.0,0.658
128,78.jpg,đầu,da,1.0,0.4034
128,81.jpg,đào,las,1.0,0.4808
128,97.jpg,tư,m,1.0,0.8108
83,1.jpg,đi,l,1.0,0.271
68,59.jpg,tư,he,1.0,0.368
83,14.jpg,với,co,1.0,0.3302
83,31.jpg,"- rom: bộ nhớ chỉ đọc, ko cần nguồn, có thể lưu dl và chương trình lâu dài (các chương trình kiểm tra, khởi động máy)",f,1.0,0.1792
134,44.jpg,là,aé,1.0,0.1681
83,45.jpg,tục,sfuc,1.0,0.8229
128,98.jpg,đấu,ctau,1.0,0.7853
52,1.jpg,đường,ataan,1.0,0.718
52,4.jpg,đựng,day,1.0,0.5275
128,86.jpg,tôi,+o,1.0,0.4227
128,90.jpg,cuộc,cl loc,1.0,0.4933
58,82.jpg,lại,ra,1.0,0.7892
58,69.jpg,bị,di,1.0,0.6264
58,70.jpg,phước,pllt's,1.0,0.439
58,72.jpg,sống,lory,1.0,0.7923
83,44.jpg,chống,clnsty,1.0,0.4284
134,2.jpg,bắt,ladt,1.0,0.7232
85,54.jpg,âm,an,1.0,0.7354
85,43.jpg,rất,nar,1.0,0.6472
110,91.jpg,để,te,1.0,0.3821
134,10.jpg,từ,du,1.0,0.4836
134,11.jpg,chỉ,l,1.0,0.2675
110,94.jpg,đi,"t,",1.0,0.5363
9,62.jpg,đốc,da',1.0,0.3402
9,63.jpg,kỹ,hy,1.0,0.2432
36,16.jpg,rầu,n&,1.0,0.4076
96,13.jpg,thì,a,1.0,0.2329
134,66.jpg,hay,houl,1.0,0.5409
134,70.jpg,bên,leen,1.0,0.5224
134,55.jpg,đi,t,1.0,0.9222
85,50.jpg,và,&c,1.0,0.3888
9,68.jpg,đó,to,1.0,0.6634
9,69.jpg,phú,pinw,1.0,0.5958
9,78.jpg,ở,3,1.0,0.1667
9,79.jpg,gần,2,1.0,0.3588
134,58.jpg,bộ,30,1.0,0.3728
134,63.jpg,tiên,wer,1.0,0.3704
36,21.jpg,cứ,a,1.0,0.3889
36,92.jpg,cấu,can',1.0,0.7023
85,64.jpg,việc,1'20,1.0,0.3789
58,24.jpg,bếp,b ey,1.0,0.8055
14,43.jpg,trở,123,1.0,0.2672
14,49.jpg,ước,ust,1.0,0.2995
14,38.jpg,sự,m,1.0,0.7441
133,44.jpg,đó,t6,1.0,0.3931
93,89.jpg,cố,cs',1.0,0.7316
93,75.jpg,đầu,da,1.0,0.7151
58,41.jpg,"một lãnh đạo thanh tra bộ y tế cho biết : "" chúng tôi đang yêu cầu công ty sanofi synthelabo giải trình lý do giá một số mặt hàng của công ty này bán tại vn với giá cao hơn khi xuất khẩu đi một số nơi trong khu vực như hong kong và campuchia "". thanh tra bộ y tế cũng kiến nghị bộ y tế sắp xếp lại hệ thống các nhà phân phối, nhất là khâu bán buôn nhằm hạn chế kinh doanh lòng vòng làm nâng giá thuốc; lập ngân hàng dữ liệu giá thuốc (giá thuốc cùng loại ở nước sản xuất, ở các nước trong khu vực) để có cơ sở quản lý giá; quản lý khâu cung ứng, sử dụng thuốc tại cơ sở khám chữa bệnh, trách nhiệm của bác sĩ kê đơn thuốc...",,1.0,0.0
93,94.jpg,dự,du:,1.0,0.7568
93,95.jpg,đ,+,1.0,0.4222
14,51.jpg,lạ,sa,1.0,0.5738
14,54.jpg,động,dtony,1.0,0.7461
14,55.jpg,"tuy không nói chuyện được với pv sau rất nhiều lần gọi, nhưng các cuộc gọi từ số máy này vẫn cứ gọi tới liên tiếp không dưới 10 lần. sau đó, liên hệ lại thì chủ máy nói : "" xin gặp v. h. khó quá, tại sao h. không chịu gặp? nghe nói v. h. có lên dầu giây làm việc vào tối thứ sáu, rạng sáng thứ bảy phải không? có gì thì nói để chủ yếu mình giáo dục, khuyên răn thôi. cho anh gặp mặt h. nhé "". ngày 4 - 4 - 2004 một người là lãnh đạo một đội csgt khác cũng gọi trực tiếp vào số máy của pv cho rằng việc anh em rượt đuổi và cho người truy tìm pv như thế là bậy quá, sai hoàn toàn rồi.",,1.0,0.0
128,22.jpg,kẹt,/cut,1.0,0.6651
32,66.jpg,cổ,cs',1.0,0.7128
83,86.jpg,đảo,ofé,1.0,0.6028
83,91.jpg,50,s,1.0,0.8628
83,79.jpg,khổ,the',1.0,0.8095
93,79.jpg,hồ,he',1.0,0.5585
58,9.jpg,từ,the,1.0,0.8743
58,11.jpg,tích,hel,1.0,0.4228
14,89.jpg,bọn,fson,1.0,0.5752
14,84.jpg,đủ,du,1.0,0.4908
103,98.jpg,bế,bt',1.0,0.422
58,2.jpg,bố,ber,1.0,0.5884
14,85.jpg,biểu,tran,1.0,0.8202
133,57.jpg,điều,ffei,1.0,0.4821
9,18.jpg,kiều,en,1.0,0.6706
14,6.jpg,hỏi,&a,1.0,0.6382
14,12.jpg,khu,aalu,1.0,0.5252
36,65.jpg,có,co',1.0,0.509
36,69.jpg,hồ,&,1.0,0.2074
36,71.jpg,""" tội nghiệp, họ toàn là người miền bắc... "" - một chủ quán ở đầu thị trấn nói khi tôi dừng lại hỏi về tình hình bãi vàng. "" nhà vĩnh biệt "". bên chiếc lều bạt mới được công ty trường sơn dựng lên để tạm làm "" nhà vĩnh biệt "", bốn người thợ liệm - vốn cũng là công nhân đào vàng - đang tiếp tục công việc của họ. "" chúng tôi đang "" sửa soạn "" cho người thứ 12 đây! "" - một thợ liệm nói. "" mặt mày, mình mẩy ai cũng bị trầy sướt, bầm giập cả.",,1.0,0.0
102,94.jpg,gì,a,1.0,0.1558
14,40.jpg,trời,c.,1.0,0.8201
102,84.jpg,đến,dut,1.0,0.5229
102,85.jpg,hề,di,1.0,0.4749
36,89.jpg,xe,2ce,1.0,0.8089
9,8.jpg,là,a,1.0,0.701
133,67.jpg,năm,nain,1.0,0.6991
85,45.jpg,xử,e,1.0,0.2919
85,47.jpg,tài,da,1.0,0.6739
85,49.jpg,độ,a,1.0,0.1557
36,53.jpg,vì,3,1.0,0.3112
36,56.jpg,đánh,dois,1.0,0.8869
134,92.jpg,triển,na,1.0,0.5292
134,94.jpg,nước,mlou,1.0,0.3492
85,31.jpg,gấu,gart,1.0,0.7758
58,46.jpg,số,s6',1.0,0.6147
83,20.jpg,đã,da,1.0,0.9012
133,72.jpg,số,86,1.0,0.6366
133,74.jpg,tư,hi,1.0,0.4845
85,40.jpg,cai,ear.,1.0,0.7479
85,27.jpg,đều,tar,1.0,0.5059
85,44.jpg,để,+,1.0,0.7848
36,30.jpg,vợ,e!,1.0,0.3238
58,60.jpg,số,s6',1.0,0.615
58,61.jpg,sơn,ser2,1.0,0.4533
58,38.jpg,có,3,1.0,0.253
58,40.jpg,đây,stay,1.0,0.7877
133,89.jpg,đuôi,te,1.0,0.3169
83,23.jpg,"sau khi vụ việc xảy ra, cơ quan đã tổ chức kiểm điểm về việc đảng viên đi vào những chỗ không lành mạnh. những dư luận liên quan đến mình tôi đã giải trình và đã báo cáo với viện kiểm sát cấp trên. mình cũng ở cấp lãnh đạo, phụ trách điều tra, nhưng trong vụ này từ khi có dư luận, tiếng tăm thì mình không theo dõi. để khách quan hơn, các vấn đề dính đến tôi, đề nghị anh em phóng viên nên hỏi viện trưởng, lãnh đạo cơ quan điều tra, vì nếu nói thì bao giờ tôi cũng nói có lợi về mình",,1.0,0.0
83,25.jpg,"nghe ở đâu có người nghèo cần giúp làm nhà, công trình công cộng thiếu kinh phí, thiếu công thợ, dù xa xôi tận an hiệp, thành triệu, quới thành (huyện châu thành),thạnh ngãi (huyện mỏ cày) hay mỹ thạnh an (thị xã bến tre), chợ gạo (tiền giang)... các ông vẫn khăn gói lên đường làm giúp mà không tính toán điều gì. ông nguyễn văn hậu, bí thư ấp tân qui, xã tân phú, huyện châu thành (liền ranh với ấp tiên long 1), kể : lúc làm cầu tân qui, không có thợ, ông tám đưa cả đội thợ hồ sang giúp.",,1.0,0.0
93,83.jpg,đó,dd,1.0,0.5708
32,88.jpg,vào,la,1.0,0.4385
32,91.jpg,bộ,bo.,1.0,0.6769
32,99.jpg,ở,0,1.0,0.3715
128,19.jpg,được,tice,1.0,0.727
133,86.jpg,mức,mu' c,1.0,0.7573
85,74.jpg,một,s+,1.0,0.9412
85,77.jpg,"có tài nguyên sinh vật và khoáng sản phong phú, đa dạng, quý hiếm. vùng biển và hải đảo nước ta có vị trí chiến lược hết sức to lớn, có ảnh hưởng trực tiếp đến sự nghiệp bảo vệ nền độc lập dân tộc và xây dựng chủ nghĩa xã hội, có liên quan trực tiếp đến sự phồn vinh của đất nước, đến văn minh và hạnh phúc của nhân dân.",,1.0,0.0
133,83.jpg,đã,da,1.0,0.8042
75,19.jpg,tôi,+&,1.0,0.3148
75,24.jpg,tốt,167,1.0,0.4001
75,9.jpg,dụng,oluny,1.0,0.6678
93,80.jpg,"có tài nguyên sinh vật và khoáng sản phong phú, đa dạng, quý hiếm. vùng biển và hải đảo nước ta có vị trí chiến lược hết sức to lớn, có ảnh hưởng trực tiếp đến sự nghiệp bảo vệ nền độc lập dân tộc và xây dựng chủ nghĩa xã hội, có liên quan trực tiếp đến sự phồn vinh của đất nước, đến văn minh và hạnh phúc của nhân dân.",,1.0,0.0
36,72.jpg,bản,loan,1.0,0.6906
85,84.jpg,đơn,dor,1.0,0.5511
85,71.jpg,đó,at,1.0,0.3624
85,72.jpg,kỳ,kay,1.0,0.5626
133,22.jpg,vị,s,1.0,0.1569
85,92.jpg,tế,"te""",1.0,0.6692
93,74.jpg,đó,t6,1.0,0.673
68,62.jpg,nội,wa,1.0,0.4249
52,77.jpg,vấn,vouk,1.0,0.4968
52,65.jpg,dài,l,1.0,0.4741
126,95.jpg,với,coe,1.0,0.317
126,54.jpg,được,tsze,1.0,0.2165
35,59.jpg,đời,ef,1.0,0.2675
35,44.jpg,1,j,1.0,0.302
35,8.jpg,xây,na,1.0,0.4226
126,96.jpg,phú,rrr,1.0,0.4246
94,44.jpg,khi,wn,1.0,0.4434
126,87.jpg,rõ,x,1.0,0.5052
126,74.jpg,ở,:,1.0,0.2394
108,28.jpg,công,wa,1.0,0.389
110,17.jpg,đồ,de,1.0,0.5366
110,2.jpg,để,de,1.0,0.5833
110,5.jpg,tìm,turn,1.0,0.759
110,6.jpg,khi,hlni,1.0,0.7296
110,9.jpg,người,mauid,1.0,0.6286
35,40.jpg,với,h,1.0,0.1149
35,29.jpg,đã,da,1.0,0.7371
126,97.jpg,giờ,y',1.0,0.3526
42,40.jpg,ý,,1.0,0.0
42,61.jpg,nơi,aor,1.0,0.4049
68,24.jpg,là,g,1.0,0.195
68,83.jpg,đến,ton',1.0,0.8083
68,30.jpg,được,tua,1.0,0.4136
68,32.jpg,"trong đó có 2 quần đảo hoàng sa, trường sa và 2.577 đảo lớn, nhỏ, gần và xa bờ, hợp thành phòng tuyến bảo vệ, kiểm soát và làm chủ vùng biển. có vị trí chiến lược quan trọng : nối liền thái bình dương với ấn độ dương, châu á với châu âu, châu úc với trung đông. giao lưu quốc tế thuận lợi, phát triển ngành biển. có khí hậu biển là vùng nhiệt đới tạo điều kiện cho sinh vật biển phát triển, tồn tại tốt.",,1.0,0.0
68,34.jpg,đây,ctay,1.0,0.7341
42,65.jpg,đèn,cten,1.0,0.811
42,59.jpg,là,&,1.0,0.4037
68,75.jpg,điều,fei,1.0,0.3427
94,17.jpg,bạn,fran,1.0,0.7897
52,18.jpg,đạo,etao,1.0,0.8181
25,9.jpg,mỗi,wa,1.0,0.4027
52,48.jpg,độ,4,1.0,0.36
52,49.jpg,án,cun,1.0,0.6385
52,50.jpg,khi,deh:,1.0,0.5795
52,53.jpg,đỏ,t,1.0,0.5943
94,26.jpg,gọi,you,1.0,0.9012
68,86.jpg,này,mncty,1.0,0.6017
68,73.jpg,dự,dur,1.0,0.5515
35,51.jpg,bị,4,1.0,0.5434
91,89.jpg,động,ds,1.0,0.1354
69,65.jpg,ở,2,1.0,0.1578
52,98.jpg,"khi tặng mẹ "" đoá hồng "" của tình yêu. một món quà ý nghĩa hơn cả những món",,1.0,0.0
49,27.jpg,8,&,1.0,0.849
150,50.jpg,bếp,loep,1.0,0.4969
126,9.jpg,lái,w,1.0,0.3921
150,71.jpg,đây,dhay,1.0,0.4413
150,57.jpg,đến,dor,1.0,0.7207
150,61.jpg,bộ,4o,1.0,0.3349
35,32.jpg,quản,,1.0,0.0
35,85.jpg,cô,s,1.0,0.3261
49,29.jpg,xe,n,1.0,0.1573
49,32.jpg,là,la',1.0,0.6615
150,16.jpg,để,te,1.0,0.7376
150,19.jpg,vậy,,1.0,0.0
49,9.jpg,là,ta,1.0,0.6412
65,36.jpg,từ,+3,1.0,0.7052
126,35.jpg,về,vc`,1.0,0.525
126,36.jpg,ở,°,1.0,0.077
150,86.jpg,lê,t,1.0,0.1087
150,64.jpg,tôi,e,1.0,0.305
126,80.jpg,khá,icha,1.0,0.7664
65,40.jpg,vị,m,1.0,0.2071
65,6.jpg,bà,bci,1.0,0.7172
65,59.jpg,và,aa,1.0,0.772
126,70.jpg,hết,kef,1.0,0.6606
126,71.jpg,gì,o4,1.0,0.2185
126,73.jpg,biển,loier,1.0,0.6809
42,74.jpg,độ,as,1.0,0.657
126,77.jpg,160,ago,1.0,0.7852
108,44.jpg,đã,da,1.0,0.8741
91,100.jpg,về,uc,1.0,0.2424
35,64.jpg,đăm,dtam,1.0,0.7216
35,87.jpg,số,as',1.0,0.5821
35,75.jpg,bộ,my,1.0,0.3146
42,73.jpg,vụ,su,1.0,0.649
49,4.jpg,hai,tnui,1.0,0.6743
49,7.jpg,đá,da,1.0,0.8813
65,28.jpg,ứng,a,1.0,0.4609
52,56.jpg,tôi,5:,1.0,0.3027
69,71.jpg,huỳnh,ttanrl,1.0,0.2426
69,75.jpg,ống,m,1.0,0.6938
65,18.jpg,di,cl,1.0,0.8321
108,97.jpg,vĩnh,0 gl,1.0,0.3919
108,99.jpg,với,whe,1.0,0.4405
42,11.jpg,đời,da,1.0,0.6289
134,13.jpg,khẳng,dunom,1.0,0.5698
134,18.jpg,ở,&,1.0,0.2057
42,3.jpg,đáng,ta1,1.0,0.3802
42,13.jpg,lộ,18,1.0,0.4185
85,12.jpg,chỉ,lu,1.0,0.616
85,16.jpg,người,mqi8:,1.0,0.562
110,41.jpg,kiểm,fron,1.0,0.3532
83,16.jpg,đó,00,1.0,0.5593
42,14.jpg,cảnh,cavil,1.0,0.7502
42,16.jpg,đó,do,1.0,0.7288
42,19.jpg,hộ,k,1.0,0.4219
42,33.jpg,đã,du,1.0,0.6606
42,36.jpg,định,tut,1.0,0.4283
42,24.jpg,lợi,resi,1.0,0.533
96,83.jpg,thì,tlui,1.0,0.4908
52,36.jpg,phân,1rhar,1.0,0.6663
52,44.jpg,có,&,1.0,0.8703
96,5.jpg,giờ,2d,1.0,0.1305
94,46.jpg,hộ,&o,1.0,0.4333
83,39.jpg,kịp,elip,1.0,0.4663
83,29.jpg,đổi,tot,1.0,0.7775
58,92.jpg,đến,dor,1.0,0.6102
58,80.jpg,suy,awx,1.0,0.746
134,25.jpg,sẽ,2,1.0,0.4277
134,26.jpg,đảo,a,1.0,0.3088
58,96.jpg,đã,ta,1.0,0.8192
58,97.jpg,trại,hai',1.0,0.7235
134,83.jpg,liệu,raa,1.0,0.2625
108,95.jpg,2,,1.0,0.0
85,24.jpg,bài,"bau""",1.0,0.8037
110,78.jpg,đã,d,1.0,0.8914
110,20.jpg,đến,d en,1.0,0.6677
110,21.jpg,bạc,lae,1.0,0.6943
110,22.jpg,bộ,66,1.0,0.5724
108,63.jpg,và,na,1.0,0.7384
110,56.jpg,ở,8,1.0,0.201
9,93.png,"ông nguyễn văn dũng cũng khẳng định sẽ phát triển mạnh mẽ dịch vụ tài chính, ngân hàng bằng các giải pháp thúc đẩy phát triển nhanh các hình thức mua sắm hiện đại, thông minh, ứng dụng điện tử; tập trung thực hiện định hướng mục tiêu phát triển trung tâm tài chính quốc tế",,1.0,0.0
9,95.jpg,nuôi,mo,1.0,0.5474
85,20.jpg,nổi,onot,1.0,0.5013
134,71.jpg,đã,d,1.0,0.2747
96,24.jpg,du,th,1.0,0.4737
96,38.jpg,đề,de,1.0,0.7301
96,39.jpg,và,2a,1.0,0.4858
108,62.jpg,bền,lven,1.0,0.3813
108,79.jpg,km,lem,1.0,0.7405
35,91.jpg,người,neyb di,1.0,0.7425
35,92.jpg,khi,tlni,1.0,0.5509
108,30.jpg,đổi,do,1.0,0.6159
108,37.jpg,tới,+:,1.0,0.4853
68,35.jpg,ngày,angaur,1.0,0.7532
108,81.jpg,tự,tul,1.0,0.7452
108,82.jpg,người,mpite,1.0,0.7549
108,83.jpg,đi,di',1.0,0.7263
96,64.jpg,ở,%,1.0,0.1152
35,20.jpg,xã,a,1.0,0.3746
35,21.jpg,đứt,ctut,1.0,0.6247
108,69.jpg,đến,oten,1.0,0.8994
35,39.jpg,đường,ctu'ong,1.0,0.7638
35,55.jpg,do,clo,1.0,0.7548
35,56.jpg,đi,t-,1.0,0.8511
42,51.jpg,tới,42,1.0,0.2224
68,50.jpg,gia,ywu,1.0,0.5352
68,37.jpg,gì,di,1.0,0.5325
52,10.jpg,về,ue,1.0,0.2818
52,14.jpg,lấp,1,1.0,0.2151
52,31.jpg,tiếng,fra,1.0,0.5495
52,29.jpg,trên áo và nếu có và nếu có nói thì như cãi nhau. tất cả 32 con người của đội,,1.0,0.0
128,83.jpg,cứu,cez'u,1.0,0.6868
128,77.png,"theo ông nguyễn hiền, trong năm 2026, phường cũng triển khai xây mới, sửa chữa chống dột cho 2 căn nhà ở khu phố 46, trong đó có 1 căn thuộc xóm ve chai.",,1.0,0.0
69,29.jpg,lời,c,1.0,0.2962
52,21.jpg,niên,m&,1.0,0.3845
110,77.jpg,để,de,1.0,0.594
96,42.jpg,các,ew,1.0,0.6048
96,44.jpg,tư,h,1.0,0.1713
110,68.jpg,40ft,ao fk,1.0,0.6797
96,28.jpg,rất,na't,1.0,0.9193
96,89.jpg,với,usl,1.0,0.6076
96,31.jpg,bờ,3&,1.0,0.3636
96,34.jpg,tốc,fn,1.0,0.4361
96,36.jpg,có,co',1.0,0.5227
110,59.jpg,bộ,bs.,1.0,0.8213
42,32.jpg,bố,be',1.0,0.6818
52,35.jpg,đá,da,1.0,0.9599
82,26.jpg,khó,1th?,1.0,0.5505
57,32.png,"là một nước nhiệt đới có bờ biển kéo dài từ bắc vào nam và địa hình đồi núi chiếm khoảng 75% diện tích đất nước, việt nam được thiên nhiên ưu ái với rất nhiều cảnh đẹp trải dài trên các địa hình đa dạng như đồng bằng, đồi núi và biển đảo. hãy cùng khám phá 10 địa danh đẹp nhất đất nước nhé!",,1.0,0.0
57,34.jpg,tờ,tos,1.0,0.9311
57,35.jpg,âu,aw,1.0,0.916
57,38.jpg,tối,15-,1.0,0.5989
82,33.jpg,lộ,c6,1.0,0.5642
23,34.jpg,tắc,d,1.0,0.1221
23,22.jpg,bộ,fs,1.0,0.5946
28,81.jpg,""" nếu không có xác nhận của bộ chủ quản đối với dự án, nh sẽ không cho vay vì không nắm rõ được nhu cầu vốn của công ty tiếp thị "". cũng với lý do tương tự, đại diện của nh đầu tư phát triển hà nội khẳng định nếu không có công văn xác nhận này, nh đầu tư phát triển cũng sẽ dứt khoát không cho vay. "" nhẹ nhàng "" hơn, đại diện của nh thương mại cổ phần hàng hải cho biết thông thường các công văn như vậy là cần thiết nhưng không phải là quyết định đối với các khoản vay nh.",,1.0,0.0
129,42.jpg,giữ,fu,1.0,0.6476
57,3.jpg,hộ,l:,1.0,0.2122
28,88.jpg,đầu,fur,1.0,0.4914
28,93.jpg,được,ditoc,1.0,0.5588
142,6.jpg,vụ,v u,1.0,0.8206
10,90.jpg,vừa,1nia,1.0,0.7442
57,8.jpg,đó,to,1.0,0.4542
57,10.jpg,đến,kien,1.0,0.7633
57,11.jpg,sẽ,a2,1.0,0.3713
28,100.jpg,biển,lher,1.0,0.6479
142,98.jpg,từ,tut,1.0,0.7161
28,85.jpg,biết,lia'k,1.0,0.4442
95,65.jpg,7,1,1.0,0.2901
95,67.jpg,hữu,riy,1.0,0.4861
114,90.jpg,ở,"""",1.0,0.1108
114,93.jpg,được,na,1.0,0.1874
114,78.jpg,đó,do,1.0,0.6879
141,46.jpg,các,oae,1.0,0.7672
89,27.jpg,lý,dy,1.0,0.3119
57,66.jpg,đến,ter,1.0,0.8819
57,56.jpg,có,cc',1.0,0.3797
28,52.jpg,ở,,1.0,0.0
10,67.jpg,có,ce',1.0,0.5148
10,80.jpg,để,de,1.0,0.9157
10,84.jpg,được,dier,1.0,0.7038
10,87.jpg,lỗi,ys:,1.0,0.4845
23,23.jpg,trước,aw'oc',1.0,0.7364
23,40.jpg,biển,lorw,1.0,0.5147
23,41.jpg,đường,triany,1.0,0.5629
40,76.jpg,du,oh,1.0,0.5536
40,81.jpg,dừng,dllryg,1.0,0.6066
28,47.jpg,đó,2,1.0,0.2164
10,62.jpg,vào,. ao,1.0,0.5237
40,66.jpg,ào,ad,1.0,0.7479
40,82.jpg,ói,o,1.0,0.316
40,89.jpg,đó,06,1.0,0.6519
23,80.jpg,đức,due,1.0,0.506
23,68.jpg,tốt,&,1.0,0.2123
23,70.jpg,đã,du,1.0,0.7978
147,54.jpg,để,de,1.0,0.4341
147,55.jpg,sài,saur,1.0,0.6984
147,56.jpg,được,thi,1.0,0.3913
142,99.jpg,sĩ,o,1.0,0.2485
147,94.jpg,triển,her,1.0,0.4421
147,95.jpg,tín,hh,1.0,0.362
147,45.jpg,tổ,48,1.0,0.5078
147,50.jpg,ông,my,1.0,0.8676
23,43.jpg,khi,t,1.0,0.2997
142,76.jpg,ôtô,6de,1.0,0.2309
23,45.jpg,đến,16i,1.0,0.3761
23,48.jpg,có,(,1.0,0.7313
28,55.jpg,cứu,ar,1.0,0.7402
147,52.jpg,hà,h a,1.0,0.8471
23,14.jpg,đạp,atap,1.0,0.8172
28,80.jpg,trương,cuzy,1.0,0.4765
95,30.jpg,có,c.',1.0,0.602
95,31.jpg,đầu,ctui,1.0,0.5615
89,51.jpg,ngờ,38,1.0,0.5952
1,39.jpg,trước,teude',1.0,0.7682
1,40.jpg,các,eorc,1.0,0.4116
1,42.jpg,và,a,1.0,0.984
1,44.jpg,nhất,mha'l,1.0,0.7724
95,17.jpg,đã,da,1.0,0.7028
95,64.jpg,ly,2,1.0,0.2237
23,73.jpg,sạn,gar,1.0,0.5458
89,65.jpg,được,d k6c,1.0,0.7431
89,57.jpg,đã,d&,1.0,0.3016
95,47.jpg,hứa,lula,1.0,0.7707
95,25.jpg,tứ,hi,1.0,0.8947
95,28.jpg,ngàn,ng ari,1.0,0.842
23,71.jpg,khổ,"hho""",1.0,0.637
23,86.jpg,đối,d&,1.0,0.9493
23,89.jpg,cụ,e,1.0,0.611
95,55.jpg,đau,bael,1.0,0.5729
95,79.jpg,đôi,6t,1.0,0.3257
95,43.jpg,cũng,ly,1.0,0.2299
21,40.jpg,biến,hnian',1.0,0.6466
21,24.jpg,nhân,iuran,1.0,0.6576
40,53.jpg,cổ,co2,1.0,0.5812
142,11.jpg,đề,a,1.0,0.2458
142,1.jpg,đối,dos,1.0,0.4215
10,60.jpg,thư,mw',1.0,0.543
142,17.jpg,cứu,ciir,1.0,0.6513
109,37.jpg,kể,,1.0,0.0
109,38.jpg,rầu,nan,1.0,0.755
51,80.jpg,đời,th,1.0,0.9487
109,29.jpg,không,lehmy,1.0,0.4478
109,47.jpg,bị,ki,1.0,0.5383
10,47.jpg,""" làm việc này tuy âm thầm nhưng vui, rất vui, chẳng có gì để buồn. việc tốt mà... "", các nhân viên của khai minh nói như vậy. phi cho biết khi làm dự án về dịch vụ báo mất, anh đã thực hiện một cuộc thăm dò về nhu cầu của người dân tp.hcm. hầu như 100% số người được hỏi đều cho biết hoàn toàn tán thành và sẵn sàng hợp tác nếu dịch vụ ra đời. nhặt và trả đã đủ để vui. dịch vụ của họ chính là khâu trung gian đảm bảo cho những niềm vui ấy được trọn vẹn.",,1.0,0.0
10,38.jpg,hi,lu,1.0,0.5441
10,40.jpg,bọn,13on,1.0,0.6897
109,49.jpg,là,lcu,1.0,0.5012
109,35.jpg,xây,ocoy,1.0,0.3578
109,36.jpg,không,ray,1.0,0.2746
57,98.jpg,để,a,1.0,0.4156
57,85.jpg,phần,foi,1.0,0.4808
109,41.jpg,"trong đó có 2 quần đảo hoàng sa, trường sa và 2.577 đảo lớn, nhỏ, gần và xa bờ, hợp thành phòng tuyến bảo vệ, kiểm soát và làm chủ vùng biển. có vị trí chiến lược quan trọng : nối liền thái bình dương với ấn độ dương , châu á với châu âu, châu úc với trung đông. giao lưu quốc tế thuận lợi, phát triển ngành biển. có khí hậu biển là vùng nhiệt đới tạo điều kiện cho sinh vật biển phát triển, tồn tại tốt.",,1.0,0.0
114,45.jpg,đến,te,1.0,0.6261
114,63.jpg,nước,muo',1.0,0.28
114,66.jpg,động,tihy,1.0,0.5847
1,100.jpg,kê,he,1.0,0.5677
141,12.jpg,"giá trị hàng hóa biểu hiện mối quan hệ kinh tế giữa những người sản xuất, trao đổi hàng hóa và là phạm trù có tính lịch sử. khi nào có sản xuất và trao đổi hàng hóa, khi đó có phạm trù giá trị hàng hóa. giá trị trao đổi là hình thức biểu hiện ra bên ngoài của giá trị; giá trị là nội dung, là cơ sở của trao đổi. khi trao đổi người ta ngầm so sánh lao động đã hao phí ẩn giấu trong hàng hóa với nhau.",,1.0,0.0
141,74.jpg,hừ,hit,1.0,0.8884
141,75.jpg,tôm,her,1.0,0.6565
141,77.jpg,việc,ne,1.0,0.2684
141,62.jpg,biển,ther,1.0,0.6263
21,38.jpg,được,chroc,1.0,0.8086
141,83.jpg,để,de,1.0,0.6368
89,11.jpg,sĩ,&,1.0,0.2946
40,3.jpg,nước,ruse,1.0,0.6772
40,5.jpg,được,dusu,1.0,0.6422
40,8.jpg,đến,dten,1.0,0.7373
33,97.jpg,mở,mos,1.0,0.663
10,3.jpg,tổ,to2,1.0,0.602
127,55.jpg,bà,bcu,1.0,0.6789
4,7.jpg,có,a,1.0,0.1658
33,93.jpg,cả,ca',1.0,0.8726
141,79.jpg,đối,tr-,1.0,0.4148
40,23.jpg,bị,bn',1.0,0.6628
10,79.jpg,về,&,1.0,0.9359
21,13.jpg,vào,ucw,1.0,0.496
142,18.jpg,là,la-,1.0,0.7203
142,20.jpg,có,&,1.0,0.4099
142,22.jpg,rơ,ne,1.0,0.4956
40,43.jpg,thủ,de,1.0,0.4287
40,47.jpg,và,a,1.0,0.1507
40,51.jpg,"mỗi sới gà đều có lịch đá cụ thể. cách tổ chức đá gà ở những phường gà này đều mang đậm tính chuyên nghiệp. có sới đá liền cả tuần như sới vạn phúc, hà đông, có sới đá hai ngày một tuần như sới đền đô, từ sơn, bắc ninh (thứ ba, thứ năm) hay sới yên sở, tây hồ, hà nội (thứ bảy, chủ nhật). 1.001 thủ đoạn. thông thường dân chơi gà thường bắt cược những con gà mà họ nắm vững được lai lịch của nó : đã thua trận nào chưa, đã đá như thế nào...",,1.0,0.0
109,1.jpg,ông,6y,1.0,0.3056
142,86.jpg,ngày,ma,1.0,0.2387
142,89.jpg,"làm được một tháng tám ngày, không thấy lương bổng gì, cũng không biết ai là ông chủ. có một ông đến đưa tám lao động đi, nói vào rừng làm lán trại rồi phát cây cao su. có tám người đi, những người không đồng ý ở lại. tám người vào rừng hôm trước thì hôm sau bị cảnh sát bắt sáu người vì không có giấy tờ tùy thân. chu văn thiệp (lâm xuân, nghĩa hoàn, tân kỳ, nghệ an) nằm trong số sáu người bị bắt, 19 ngày được chuộc ra khỏi tù.",,1.0,0.0
23,58.jpg,ít,h4,1.0,0.4026
142,92.jpg,toán,pcer,1.0,0.5298
142,96.jpg,nói,no't,1.0,0.7991
142,97.jpg,sĩ,ai,1.0,0.5047
89,35.jpg,đặt,da,1.0,0.5797
89,40.jpg,về,ue,1.0,0.2415
89,30.jpg,trí,nu',1.0,0.5873
51,71.jpg,nuôi,ms,1.0,0.5637
21,11.jpg,và,ua,1.0,0.6175
21,56.jpg,từ,12,1.0,0.4811
21,42.jpg,đả,da,1.0,0.758
141,53.jpg,đáng,daiy,1.0,0.696
57,93.jpg,ban,ncm,1.0,0.5567
57,97.jpg,đ,t,1.0,0.3824
23,91.jpg,hộ,ro,1.0,0.429
23,96.jpg,sĩ,m,1.0,0.5106
23,97.jpg,quý,9y,1.0,0.4406
10,99.jpg,cổ,co',1.0,0.3691
142,56.jpg,bảo,la',1.0,0.485
109,11.jpg,địa,clia,1.0,0.616
57,25.jpg,bị,6i,1.0,0.6728
57,54.jpg,hội,ttsi,1.0,0.4482
21,14.jpg,ông,or,1.0,0.3127
23,100.jpg,gần,4,1.0,0.1434
21,2.jpg,"thứ trưởng bộ tài nguyên & môi trường đặng hùng võ cho biết dự thảo nghị định đã thiết kế văn phòng đăng ký quyền sử dụng đất ở hai cấp: thuộc sở và thuộc phòng tài nguyên & môi trường (cấp tỉnh và huyện). văn phòng này có chức năng tổ chức thực hiện đăng ký sử dụng đất, quản lý hồ sơ địa chính và thực hiện thủ tục hành chính trong quản lý, sử dụng đất theo cơ chế "" một cửa"". nhưng trong đó chỉ duy nhất ""cửa"" ở cấp tỉnh được lập, chỉnh lý và quản lý hồ sơ địa chính gốc, còn ""cửa"" ở cấp huyện chỉ giữ các bản sao.",,1.0,0.0
21,4.jpg,đồ,to,1.0,0.6933
21,19.jpg,đẹp,/hy,1.0,0.5038
142,41.jpg,kiểm,la'om,1.0,0.5972
142,47.jpg,đặc,t&,1.0,0.7683
109,9.jpg,dưới,chet,1.0,0.509
142,58.jpg,nỗ,new,1.0,0.3536
44,89.jpg,kong,mary,1.0,0.735
44,75.jpg,án,ar,1.0,0.7958
44,77.jpg,cả,a,1.0,0.5072
44,78.jpg,ý,4,1.0,0.095
64,56.jpg,được,ctuoc,1.0,0.8166
64,57.jpg,"trước đây, vẫn có nếp nghĩ cho rằng nvơnn là những người có đời sống sung túc hơn nhân dân trong nước, do vậy thường chỉ nghĩ tới nghĩa vụ đóng góp của họ, chú trọng tới khía cạnh "" khai thác "". nghị quyết lần này nêu rõ nhà nước khuyến khích bà con đề cao trách nhiệm đối với bản thân mình trước, như thực hiện tốt hội nhập, thực hiện nghiêm chỉnh luật pháp sở tại... rồi cuối cùng mới là tùy theo điều kiện và khả năng của mỗi người mà góp phần xây dựng quê hương đất nước.",,1.0,0.0
64,7.jpg,vực,nu'c,1.0,0.7861
64,28.jpg,hàng,ray,1.0,0.6425
64,30.jpg,ông,bry,1.0,0.4606
28,19.jpg,đã,d&,1.0,0.9491
64,50.jpg,ái,a,1.0,0.7546
140,79.jpg,sẽ,me,1.0,0.3039
111,90.jpg,ứ,u,1.0,0.3832
111,81.jpg,chủ,clus,1.0,0.5225
123,53.jpg,trạm,han,1.0,0.4819
123,81.jpg,bị,bi',1.0,0.7988
123,83.jpg,và,ac,1.0,0.3171
37,14.jpg,số,s6',1.0,0.6531
37,1.jpg,sĩ,ay,1.0,0.5039
37,5.jpg,hỏi,ln,1.0,0.2299
64,63.jpg,vụ,nu,1.0,0.6109
147,29.jpg,lẽ,&,1.0,0.7602
73,93.jpg,bị,l,1.0,0.6766
138,32.jpg,ty,+,1.0,0.666
73,99.jpg,"khái quát về biển đảo việt nam nước ta giáp với biển đông ở hai phía đông và nam. vùng biển việt nam là một phần biển đông. bờ biển dài 3.260 km, từ quảng ninh đến kiên giang. như vậy cứ 100 km2 thì có km bờ biển (trung bình của thế giới là 600 km2 đất liền / 1 km bờ biển). biển có vùng nội thủy, lãnh hải, vùng đặc quyền kinh tế và thềm lục địa với diện tích trên 1 triệu km2 (gấp 3 diện tích đất liền : 1 triệu km2 / 330.000 km2)",,1.0,0.0
73,87.jpg,vì,1t,1.0,0.1644
73,60.jpg,"ban biên tập báo tuổi trẻ cũng quyết định gửi tặng nhóm công nhân đã tố cáo tiêu cực ở đường liên cảng a5 10 triệu đồng. đừng để người dân đặt cược cho niềm tin! qua báo chí, bản thân tôi đã được biết về việc tố cáo những sai phạm của công trình đường liên cảng a5 mấy năm trước đây, nhưng nay mới biết việc làm dũng cảm và tốt đẹp đó đã mang đến bao hệ lụy phiền phức cho những người trong cuộc, những người mà theo tôi vô cùng xứng đáng với danh hiệu hiệp sĩ.",,1.0,0.0
147,16.jpg,về,2t,1.0,0.5123
147,19.jpg,thứ,ak,1.0,0.329
147,22.jpg,tra,thoe,1.0,0.7617
44,68.jpg,và,u,1.0,0.3134
147,26.jpg,giảm,yuan,1.0,0.7658
23,5.jpg,vụ,nu,1.0,0.6333
64,44.jpg,dự,dls,1.0,0.4257
73,65.jpg,làm,lons,1.0,0.6327
73,68.jpg,nam,plau,1.0,0.8215
73,69.jpg,số,h,1.0,0.3273
138,6.jpg,và,s,1.0,0.3739
147,5.jpg,đến,ier,1.0,0.4286
3,94.jpg,tư,h,1.0,0.0708
64,39.jpg,có,co',1.0,0.7078
147,38.jpg,đủ,tu,1.0,0.6839
3,100.jpg,đây,d ay,1.0,0.783
64,26.jpg,nước,miol,1.0,0.6383
64,27.jpg,tố,to',1.0,0.369
3,71.jpg,ở,2,1.0,0.1982
64,31.jpg,ai,cu,1.0,0.6598
123,86.jpg,đầm,2,1.0,0.1206
72,47.jpg,có,3,1.0,0.1656
72,50.jpg,rơi,ac,1.0,0.3718
72,53.jpg,trống,cthmy,1.0,0.5029
37,25.jpg,để,te,1.0,0.4246
123,22.jpg,là,r&,1.0,0.5397
72,57.jpg,năm,tai,1.0,0.9303
140,55.jpg,là,ka,1.0,0.5578
123,62.jpg,phán,plam',1.0,0.6038
123,64.jpg,đến,ve,1.0,0.3323
72,61.jpg,tù,hu,1.0,0.5781
72,62.jpg,tài,vu,1.0,0.4096
1,6.jpg,đó,d!,1.0,0.4537
123,95.jpg,bộ,48,1.0,0.4773
123,85.jpg,khó,u,1.0,0.2966
72,54.jpg,từ,tui,1.0,0.8567
3,37.jpg,đã,da,1.0,0.8641
3,41.jpg,số,sol,1.0,0.4106
37,17.jpg,và,ua,1.0,0.4575
122,1.jpg,tự,he,1.0,0.6351
122,9.jpg,tưởng,hui,1.0,0.5502
122,10.jpg,chị,l,1.0,0.3887
73,27.jpg,đẩy,t,1.0,0.3167
122,79.jpg,nước,wot,1.0,0.7619
73,19.jpg,lớn,mr,1.0,0.1107
73,22.jpg,để,te,1.0,0.7414
3,99.jpg,ý,y,1.0,0.9146
3,93.jpg,đỗi,bs,1.0,0.396
138,44.jpg,mảnh,was,1.0,0.5388
138,66.jpg,ở,3,1.0,0.2779
138,52.jpg,gì,of,1.0,0.1648
64,35.jpg,đa,0,1.0,0.1411
64,5.jpg,đã,ax,1.0,0.5963
138,98.jpg,đ,a,1.0,0.431
138,100.jpg,sợ,%,1.0,0.1605
3,79.jpg,sẽ,&,1.0,0.9273
3,95.jpg,có,@,1.0,0.1358
73,25.jpg,đỏ,d,1.0,0.2253
1,34.jpg,mọi,invi,1.0,0.6606
1,82.jpg,tổ,t8a,1.0,0.5353
140,4.jpg,sĩ,sia,1.0,0.7822
1,78.jpg,đến,tex,1.0,0.5099
28,4.jpg,đùi,tu,1.0,0.6526
28,7.jpg,chiều,qua,1.0,0.9133
82,23.jpg,và,s,1.0,0.1762
28,44.jpg,lý,g.,1.0,0.5067
44,15.jpg,hỏi,lo,1.0,0.3827
73,96.jpg,bán,lren,1.0,0.5096
1,66.jpg,bí,4,1.0,0.5271
147,51.jpg,đá,aa,1.0,0.6694
28,2.jpg,hải,ma,1.0,0.6662
147,66.jpg,được,hir,1.0,0.5116
44,23.jpg,"tôi đã mấy lần nhặt được giấy tờ, bóp, túi xách. theo địa chỉ mang đến nhà họ trả, có người thì vui vẻ cảm ơn, có người lại nghi ngờ vì đấy là đồ đạc họ bị đánh cắp, cướp giật. phiền lắm, có công ty đứng giữa là tiện nhất "". sau anh xe ôm là mấy chị gánh hàng rong, gánh ve chai dạo phố, mấy chị đi xe đạp chở hai bên hai cái sọt đựng đồ phế liệu. chỉ trong một buổi sáng, số cộng tác viên của anh âm đã tăng lên đáng kể.",,1.0,0.0
147,89.jpg,đ,+,1.0,0.7532
82,95.jpg,liệu,eoy,1.0,0.4942
82,83.jpg,lũ,lur,1.0,0.788
82,84.jpg,mấy,anay,1.0,0.7591
82,85.jpg,hẳn,hca?,1.0,0.5575
44,4.png,"thể thao giúp con người rèn luyện sức khỏe mỗi ngày. việc vận động thường xuyên làm cơ thể trở nên dẻo dai hơn. nhiều người chọn thể thao để giảm căng thẳng. hoạt động thể chất cũng cải thiện tinh thần. nhờ đó, cuộc sống trở nên cân bằng hơn. thể dục buổi sáng giúp khởi động cơ thể. các động tác đơn giản giúp máu lưu thông tốt hơn. việc tập luyện đều đặn tạo thói quen lành mạnh. nhiều người cảm thấy tỉnh táo hơn sau khi tập. thể dục mang lại năng lượng cho ngày mới.",,1.0,0.0
28,35.jpg,đã,da,1.0,0.5455
28,72.jpg,ý,#,1.0,0.0806
28,79.jpg,"và 115 đã trở thành số điện thoại đáng tin cậy của nhiều người... theo những vòng xe cấp cứu. buổi sáng 10 - 11 - 2003 tôi ngồi ở phòng cấp cứu 115 của bệnh viện trưng vương. trên bàn trực có những năm điện thoại bàn và hai bộ đàm. y tá liêu văn trường trực điện thoại, có tiếng chuông reo vang, trường cầm ống nghe : "" ồ không có gì đâu! nhiệm vụ của chúng tôi mà. anh ấy bình phục là tôt rồi "".",,1.0,0.0
28,65.jpg,huệ,tlue,1.0,0.8971
140,8.jpg,kết,l,1.0,0.3296
95,22.jpg,ở,,1.0,0.0
82,61.jpg,là,x,1.0,0.1769
82,62.jpg,u,w,1.0,0.2608
82,45.jpg,chủ,hn',1.0,0.7688
82,70.jpg,bờ,65,1.0,0.5847
1,33.jpg,"ông tuấn anh nói : "" lỗi không của riêng ai, đây là rủi ro trong làm ăn công ty chỉ kiểm soát được một phần sự việc. sự việc liên tục xảy ra khiến hai bên không có sự hợp tác, tin cậy..., mệt mỏi từ hai phía "". không tiền bạc, sức khỏe vơi đi cùng cả số tư trang ít ỏi trên người cũng được đánh đổi lấy đồ dùng trong những ngày ở tù. họ đếm từng ngày trôi đi trong gánh nặng tiền bạc. riêng hồ văn thông, số hộ chiếu ax 0134520, ở cương gián, nghi xuân, hà tĩnh, ngày 21 - 3 - 2004 đã về đến tp.hcm sau cuộc hành trình ba ngày từ malaysia qua thái lan, campuchia và đến cửa khẩu an giang.",,1.0,0.0
82,5.jpg,"thời cơ cách mạng là thời điểm đặc biệt khi điều kiện khách quan và nhân tố chủ quan của cách mạng xã hội đã chín muồi, đó là lúc thuận lợi nhất có thể bùng nổ cách mạng, có ý nghĩa quyết định đối với thành công của cách mạng.",,1.0,0.0
1,79.jpg,bị,bn:,1.0,0.6993
1,62.jpg,người,yud:,1.0,0.6922
1,63.jpg,980,yo,1.0,0.2949
1,65.jpg,rõ,2o,1.0,0.2933
140,41.jpg,"bằng các hoạt động, dịch vụ của mình, tự nó sẽ nuôi nó. nhân lực không nằm trong biên chế được duyệt. "" đừng ngại "" - thứ trưởng võ trấn an. "" thỏa thuận "" hay không "" thỏa thuận ""?",,1.0,0.4785
140,30.jpg,bảy,vary,1.0,0.4726
89,93.jpg,sử,su',1.0,0.8298
89,83.jpg,có,co',1.0,0.4395
1,71.jpg,âm,an,1.0,0.709
82,1.jpg,được,der,1.0,0.7341
89,86.jpg,sự,sui,1.0,0.7461
89,87.jpg,vào,aad,1.0,0.8395
44,42.jpg,đảm,tur,1.0,0.541
111,87.jpg,đi,u,1.0,0.3051
95,7.jpg,lớn,lui',1.0,0.5743
1,46.jpg,số,&,1.0,0.6487
1,48.jpg,ấy,aiy,1.0,0.7187
72,2.jpg,tư,he,1.0,0.7722
72,3.jpg,ở,?,1.0,0.4695
64,90.jpg,vụ,yu,1.0,0.6273
140,75.jpg,đà,da,1.0,0.2259
73,89.jpg,lã,ha,1.0,0.8674
72,6.jpg,với,w6:,1.0,0.4382
72,8.jpg,nậu,maw,1.0,0.8569
72,11.jpg,thức,fhue',1.0,0.8515
72,12.jpg,độ,cl,1.0,0.4993
72,18.jpg,đó,dk,1.0,0.4235
123,90.jpg,ào,av,1.0,0.676
123,91.jpg,khi,hln,1.0,0.6531
23,10.jpg,để,t,1.0,0.3721
72,4.jpg,án,aw,1.0,0.5611
64,94.jpg,gia,f's,1.0,0.5957
64,82.jpg,là,da,1.0,0.5167
44,30.jpg,sở,83,1.0,0.6796
44,32.jpg,rõ,2s,1.0,0.2466
138,2.jpg,và,uu,1.0,0.2406
82,51.jpg,ở,,1.0,0.0
82,35.jpg,về,ue,1.0,0.1929
82,38.jpg,xuất,xma11,1.0,0.5524
23,16.jpg,150,aso,1.0,0.4899
82,93.jpg,tôi,181,1.0,0.5542
140,22.jpg,ở,6,1.0,0.2699
147,15.jpg,được,chla,1.0,0.6289
44,51.jpg,được,tha,1.0,0.6761
138,31.jpg,rằm,namn,1.0,0.6537
138,21.jpg,và,ua,1.0,0.5083
147,71.jpg,đều,alau,1.0,0.4529
147,60.jpg,được,rdudc,1.0,0.5982
44,40.jpg,người,munld,1.0,0.6383
72,21.jpg,hộp,hole,1.0,0.5521
72,22.jpg,được,ta'sc,1.0,0.8485
140,37.jpg,hỏi,ma,1.0,0.177
147,12.jpg,khẳng,achary,1.0,0.3379
90,7.jpg,bác,pn',1.0,0.3298
90,62.jpg,kêu,hur,1.0,0.6568
90,25.jpg,hồ,hoi,1.0,0.7166
143,74.jpg,91,g4,1.0,0.452
90,22.jpg,đường,thlay,1.0,0.7315
90,9.jpg,rồi,16,1.0,0.1071
90,10.jpg,dài,ctai,1.0,0.8289
90,12.jpg,về,ve',1.0,0.5646
90,27.jpg,ngân,h gam,1.0,0.8257
114,58.jpg,tuổi,het,1.0,0.7141
63,42.jpg,đăng,fay,1.0,0.5565
90,29.jpg,đồng,ta,1.0,0.5646
90,32.jpg,tiếp,h,1.0,0.1661
90,19.jpg,áp,4,1.0,0.488
46,71.jpg,bị,l:,1.0,0.5065
63,74.jpg,có,co',1.0,0.4269
63,59.jpg,từ,h,1.0,0.3217
63,50.jpg,vi,oc,1.0,0.278
46,87.jpg,từ,h2,1.0,0.3618
46,90.jpg,đối,dor,1.0,0.7766
63,92.jpg,ông,ray,1.0,0.4161
136,49.jpg,vãi,ax,1.0,0.3615
136,51.jpg,và,ur,1.0,0.3041
87,9.jpg,để,te,1.0,0.6661
16,32.jpg,ói,01,1.0,0.5158
16,33.jpg,biển,loren,1.0,0.5884
136,21.jpg,đơn,tor,1.0,0.8785
100,97.jpg,bán,1/,1.0,0.9623
100,88.jpg,đường,,1.0,0.0
100,92.jpg,ở,%,1.0,0.1383
90,42.jpg,gì,9,1.0,0.1734
87,10.jpg,độc,doe,1.0,0.4677
87,16.jpg,trở,m,1.0,0.1924
87,28.jpg,điều,dun,1.0,0.5733
90,45.jpg,sò,20,1.0,0.3258
90,47.jpg,"đi tìm giấy tờ rơi, những trạm trung chuyển rác và các điểm thu mua phế liệu là "" mối ruột "", những người bán hàng rong, sửa xe, thu lượm là những cộng tác viên thân thiết vì "" đi bộ, đi xe đạp, ngồi cố định một chỗ mới có nhiều cơ hội nhìn xuống đường "" chứ. từ ngày trở nên thân thiết với các nhân viên của khai minh, những người lao động vốn rất thầm lặng bên lề đường này như vui hẳn lên.",,1.0,0.0
90,52.jpg,người,nyvetr,1.0,0.2968
100,72.jpg,chủ,mi,1.0,0.5337
60,65.jpg,sát,26d,1.0,0.3802
90,53.jpg,được,alu8c,1.0,0.407
90,57.jpg,sống,niy,1.0,0.5932
87,22.jpg,xế,n,1.0,0.5123
106,90.jpg,huyện,aluger,1.0,0.6565
106,91.jpg,ở,3,1.0,0.6947
46,26.jpg,đá,da,1.0,0.886
106,71.jpg,đường,,1.0,0.0
106,56.jpg,nước,mutt,1.0,0.3772
106,57.jpg,đó,do,1.0,0.5816
106,58.jpg,"nếu tôi ngã xuống, mong các bạn hãy tin cho bố mẹ tôi... sau những dòng địa chỉ của bố mẹ ở đồng hới và dì ruột ở hà nội, nguyễn kỳ sơn viết thêm : là những người kháng chiến cũ, bố mẹ, dì tôi sẽ không lấy đó làm điều đau khổ đâu. nếu sự thật xảy ra, mong các bạn hãy bảo mẹ tôi rằng : hãy cho các em kỳ châu, kỳ tâm, kỳ nhân tiếp tục đi trả thù cho tôi. cảm ơn các bạn. cuốn nhật ký khép lại bằng những dòng như thế, và theo giấy báo tử, anh đã hi sinh đúng một tuần sau đó, ngày 25 - 8 - 1972 tại xã triệu thành, mặt trận phía đông sát thành cổ quảng trị.",,1.0,0.0
106,44.jpg,có,co',1.0,0.6732
106,60.jpg,ý,6,1.0,0.1914
46,81.jpg,bộ,fba,1.0,0.5365
63,15.jpg,tôi,+s.,1.0,0.5513
63,95.jpg,sản,nani,1.0,0.5931
60,48.jpg,có,e',1.0,0.6458
60,49.jpg,nước,mot,1.0,0.6053
60,34.jpg,bé,le,1.0,0.5319
106,51.jpg,nước,nadde,1.0,0.4665
46,34.jpg,đã,aa,1.0,0.1951
106,68.jpg,bờ,h,1.0,0.1338
87,55.jpg,xe,ree,1.0,0.9182
16,4.jpg,khác,tchai,1.0,0.6778
63,21.jpg,có,&,1.0,0.9886
63,51.jpg,khí,kll!,1.0,0.8252
63,52.jpg,bị,&i,1.0,0.8569
136,42.jpg,ở,d,1.0,0.4074
136,43.jpg,số,ss',1.0,0.7949
136,44.jpg,kiện,triem,1.0,0.3712
63,45.jpg,lộ,rs,1.0,0.4533
63,65.jpg,sĩ,&,1.0,0.325
63,67.jpg,đá,da,1.0,0.932
63,68.jpg,đói,dor,1.0,0.5226
63,71.jpg,đốc,dai,1.0,0.4025
106,86.jpg,và,ua,1.0,0.3657
46,15.jpg,"giá trị sử dụng chỉ được thực hiện trong việc sử dụng hay tiêu  dùng. nền sản xuất càng phát triển, khoa học - công nghệ càng hiện đại, càng giúp con người phát hiện thêm các giá trị sử dụng của sản phẩm.",,1.0,0.0
46,16.jpg,người,apisr,1.0,0.487
106,79.jpg,quá,qna',1.0,0.5823
106,81.jpg,mớ,nu,1.0,0.4937
46,21.jpg,đã,da,1.0,0.8475
46,23.jpg,khá,hla,1.0,0.5258
46,50.jpg,văn,wau,1.0,0.426
63,29.jpg,y,4,1.0,0.3805
106,49.jpg,cứ,cur,1.0,0.3485
46,98.jpg,là,6,1.0,0.2735
46,27.jpg,được,tat,1.0,0.4624
106,30.jpg,có,cor,1.0,0.5743
105,42.jpg,về,22,1.0,0.4572
105,2.jpg,nhất,nhny ',1.0,0.6805
13,82.jpg,đêm,den,1.0,0.8878
13,84.jpg,"thành công là khi bố và con trai có dũng khí bước vào bếp, nấu những món ăn mẹ thích nhân ngày 8 - 3. món canh có thể hơi mặn, món cá sốt đáng lẽ phải có màu đỏ sậm thì lại ngả sang màu... đen cháy. nhưng nhìn mâm cơm, mẹ vẫn cười. bởi vì hai bố con không thể thành công trên "" chiến trường "" bếp núc, nhưng lại thành công khi tặng mẹ "" đoá hồng "" của tình yêu. một món quà ý nghĩa hơn cả những món quà quý giá, hạnh phúc long lanh in trong mắt mẹ.",,1.0,0.0
13,85.jpg,tôi,fer,1.0,0.8214
105,1.jpg,bốn,1oon,1.0,0.3524
13,47.jpg,sách,1us,1.0,0.6057
105,63.jpg,ở,2,1.0,0.3542
87,18.jpg,bố,bst,1.0,0.6446
67,51.jpg,bại,bae',1.0,0.6449
67,52.jpg,dự,dle,1.0,0.4559
105,48.jpg,bệnh,loeah,1.0,0.6736
105,57.jpg,họ,tho,1.0,0.6948
13,81.jpg,câu,un,1.0,0.3671
143,34.jpg,đã,ta,1.0,0.8784
67,64.jpg,giữ,yi'n,1.0,0.5702
143,20.jpg,các,cai'c,1.0,0.7438
105,72.jpg,bé,&,1.0,0.4626
105,59.jpg,đã,d,1.0,0.7235
105,66.jpg,sắp,nan,1.0,0.4058
13,40.jpg,có,co',1.0,0.5927
106,8.jpg,ngả,ma,1.0,0.8968
67,98.jpg,gà,gat,1.0,0.4283
136,88.jpg,ống,oij,1.0,0.5702
100,40.jpg,nào,nau6,1.0,0.6178
136,81.jpg,sẽ,8,1.0,0.343
136,82.jpg,hôm,fon,1.0,0.6391
100,48.jpg,rồi,a,1.0,0.1313
100,49.jpg,và,va`,1.0,0.5724
13,68.jpg,nước,nuibs,1.0,0.6576
136,57.jpg,cả,coi,1.0,0.5634
100,95.jpg,"cũng may là toàn trại hôm đó chỉ có 33 người, thoát chết được 14 người. công ty chúng tôi toàn người tỉnh ninh bình, đông nhất là ở hai huyện nho quan, kim sơn. anh nguyễn văn niên - người thoát chết trong gang tấc - vẫn chưa hết bàng hoàng kể lại : "" lúc đó khoảng 23 g 30, đa số anh em còn thức vì một số vừa xem tivi ở trại bên về, một số vừa sửa lại mái trại bị dột vì mưa quá lớn.",f,1.0,0.1217
100,96.jpg,bám,hccm,1.0,0.6658
51,6.jpg,được,chiic,1.0,0.7082
51,13.jpg,hành,hurlr,1.0,0.7219
51,14.jpg,tổng,liy,1.0,0.4571
136,98.jpg,rõ,ne,1.0,0.3221
129,45.jpg,hải,ita,1.0,0.7817
143,49.jpg,chồng,daoy,1.0,0.4964
105,31.jpg,xe,2,1.0,0.6287
51,24.jpg,đối,t,1.0,0.1054
106,26.jpg,7,+,1.0,0.7839
106,29.jpg,đại,hat,1.0,0.6046
60,96.jpg,có,co',1.0,0.7424
143,68.jpg,đâu,dai,1.0,0.5375
143,69.jpg,bộ,66,1.0,0.8729
63,33.jpg,được,dist,1.0,0.5063
60,93.jpg,đất,tar,1.0,0.7573
13,12.jpg,đó,d,1.0,0.2212
13,14.jpg,công,u,1.0,0.1735
105,61.jpg,km2,fun,1.0,0.6687
13,17.jpg,sẽ,fe,1.0,0.455
106,36.jpg,8,&,1.0,0.5017
143,50.jpg,anh,dmw,1.0,0.6723
143,70.jpg,tới,4,1.0,0.1662
143,57.jpg,cơ,as,1.0,0.6857
143,11.jpg,an,x n,1.0,0.7767
143,12.jpg,hưởng,hui'ir,1.0,0.6181
13,21.jpg,nói,mo',1.0,0.3863
13,2.jpg,cũ,wt,1.0,0.2836
87,31.jpg,nếu,mit,1.0,0.4776
13,15.jpg,đỏ,do,1.0,0.5724
100,3.jpg,đỏ,k,1.0,0.3492
100,5.jpg,có,co',1.0,0.5725
143,9.jpg,sửa,ht,1.0,0.325
143,26.jpg,70,to,1.0,0.6786
143,31.jpg,đuổi,dho,1.0,0.584
143,32.jpg,công,emy,1.0,0.6459
105,23.jpg,từ,e,1.0,0.2218
105,11.jpg,và,ca,1.0,0.5765
105,14.jpg,trưởng,foaiting,1.0,0.3976
105,15.jpg,chi,am,1.0,0.3047
106,41.jpg,thâm,hran,1.0,0.7929
105,30.jpg,thế,phe',1.0,0.3784
13,56.jpg,cư,cul,1.0,0.7528
60,82.jpg,được,te,1.0,0.4313
60,73.jpg,vụ,u,1.0,0.4216
60,77.jpg,000,o6 0,1.0,0.7245
60,80.jpg,chỉ,om,1.0,0.6771
143,89.jpg,đdv,f ov,1.0,0.786
90,14.jpg,nói,no'l,1.0,0.6567
90,2.jpg,ở,6,1.0,0.1942
106,39.jpg,tôi,lon,1.0,0.3773
105,27.jpg,gánh,ccun,1.0,0.4458
136,9.jpg,lược,wge,1.0,0.5319
141,86.jpg,bé,he,1.0,0.8918
141,94.jpg,vì,vi`,1.0,0.6283
141,51.jpg,làm,lain,1.0,0.8636
141,36.jpg,9,g,1.0,0.6761
21,51.jpg,bại,lrui,1.0,0.6064
10,9.jpg,trộn,hom,1.0,0.6348
51,25.jpg,điều,hai,1.0,0.4163
136,10.jpg,chủ,l,1.0,0.3603
87,93.jpg,nói,no'r,1.0,0.6932
141,43.jpg,được,ctudc,1.0,0.6775
141,26.jpg,của,wi,1.0,0.3377
114,74.jpg,đâu,taw,1.0,0.8815
95,83.jpg,số,5o,1.0,0.1088
4,72.jpg,bé,le,1.0,0.2144
4,78.jpg,đi,oti,1.0,0.5685
4,65.jpg,lên,pe,1.0,0.3091
33,50.jpg,việc,wa,1.0,0.4623
16,27.jpg,với,vah',1.0,0.5204
51,39.jpg,truy,hunz,1.0,0.2667
51,33.jpg,hiện,sher,1.0,0.5174
8,50.jpg,hội,ttr,1.0,0.4315
8,62.jpg,ký,u,1.0,0.3297
109,92.jpg,ở,a,1.0,0.1491
4,47.jpg,cả,ca?,1.0,0.7998
4,48.jpg,trẻ,b2,1.0,0.6013
4,67.jpg,với,n&,1.0,0.481
4,68.jpg,11,a,1.0,0.2971
4,71.jpg,với,2,1.0,0.147
127,27.jpg,biết,lgit't,1.0,0.6303
24,18.jpg,"những chú muỗi gầy có, béo có, nhỏ có, to có lần lượt lao vào ngọn đèn đầy muội đen. a! ov.10 này. a! l.19 này, con này là b.52, con này bay nhanh quá, phong cho nó là f.4 vậy, cứ thế mỗi con là một cái tên tương xứng với không lực hoa kỳ lần lượt lao qua ngọn đèn của tôi... một trò chơi của một người lính trẻ dưới công sự, bên trời bom đạn... cứ nhìn những bức ảnh, xem những thước phim tài liệu về sự khốc liệt của chiến trường quảng trị những ngày tháng ấy mới thấy những dòng nhật ký của nguyễn kỳ sơn thật kỳ diệu.",,1.0,0.0
24,3.jpg,trình,c dsinh,1.0,0.9047
4,59.jpg,một,nsot,1.0,0.7105
8,55.jpg,đã,da,1.0,0.8394
114,9.jpg,khí,hli,1.0,0.7102
127,15.jpg,như,nh cc,1.0,0.8649
127,33.jpg,"hàng chục trang trại nằm rải rác đây đó trong khu vực được gọi tên là suối cạn (thuộc ban quản lý rừng phòng hộ sêrêpôk) và nhiều lâm phận không tên khác. một vài chủ trang trại nói với tôi là đang rao bán những rẫy cà phê, từ 1 - 3 ha, với giá 200 triệu đến hàng tỉ đồng có giấy chứng nhận quyền sử dụng đất do chính quyền huyện lạc dương cấp. "" hầu như tất cả những người sở hữu trang trại ở đây đều là nhân viên ban quản lý rừng phòng hộ sêrêpôk! "" - một người chủ trang trại ở khu vực suối cạn nói.",,1.0,0.0
127,34.jpg,ước,qai,1.0,0.4108
127,23.jpg,toàn,froup,1.0,0.5435
8,86.jpg,trí,thi',1.0,0.7913
127,43.jpg,đi,a,1.0,0.2279
127,28.jpg,độc,tie,1.0,0.4006
10,42.jpg,nữa,hu'a,1.0,0.6367
10,44.jpg,địa,at'a,1.0,0.6808
127,90.jpg,rất,yo,1.0,0.6689
127,78.jpg,hồ,ma,1.0,0.5767
21,73.jpg,các,ae,1.0,0.5988
127,20.jpg,đề,te,1.0,0.7304
21,62.jpg,ca,cov,1.0,0.5744
127,95.jpg,lợi,cr,1.0,0.4466
127,97.jpg,ông,oy,1.0,0.5946
51,40.jpg,lý,4,1.0,0.3724
21,91.jpg,người,yur,1.0,0.5596
21,75.jpg,phải,plad-,1.0,0.6648
127,84.jpg,lẽ,,1.0,0.0
127,88.jpg,nền,hit,1.0,0.5029
114,96.jpg,họ,tho,1.0,0.8767
114,97.jpg,đất,ctat,1.0,0.7372
114,99.jpg,kết,icet,1.0,0.4757
89,9.jpg,đã,da,1.0,0.8953
141,49.jpg,và,ua,1.0,0.3665
1,90.jpg,làm,lounm,1.0,0.5244
21,86.jpg,số,&,1.0,0.6711
51,41.jpg,vực,uu'c,1.0,0.6864
4,29.jpg,đối,as,1.0,0.3381
33,69.jpg,sốt,&,1.0,0.7755
33,70.jpg,đảng,diy,1.0,0.4406
33,64.jpg,sự,au,1.0,0.6837
33,75.jpg,đã,da,1.0,0.4614
33,79.jpg,tư,tul,1.0,0.7135
33,84.jpg,đến,der,1.0,0.8068
4,85.jpg,577,ct,1.0,0.6277
10,31.jpg,g,1,1.0,0.9267
109,23.jpg,kết,lact,1.0,0.5207
40,15.jpg,chủ,u,1.0,0.4208
109,66.jpg,lời,ie,1.0,0.2738
109,75.jpg,đề,de,1.0,0.6505
33,94.jpg,báo,l-do,1.0,0.7675
4,12.jpg,với,ub,1.0,0.1783
21,63.jpg,tôm,tran,1.0,0.3201
127,76.jpg,lý,ni,1.0,0.3345
127,77.jpg,đồng,toy,1.0,0.5172
109,32.jpg,bộ,66,1.0,0.5309
109,33.jpg,vì,.vi,1.0,0.8132
10,34.jpg,5,s,1.0,0.4882
33,23.jpg,khả,irha,1.0,0.8413
33,26.jpg,vị,w,1.0,0.78
33,31.jpg,và,ba,1.0,0.7653
33,32.jpg,hồi,ra,1.0,0.6302
8,98.jpg,nhà,mhar,1.0,0.6655
24,40.jpg,9,g,1.0,0.6594
8,11.jpg,có,a,1.0,0.123
8,12.jpg,lô,46,1.0,0.3507
8,27.jpg,để,t,1.0,0.2494
8,48.jpg,đến,dunr,1.0,0.5042
127,6.jpg,kết,mast,1.0,0.539
127,8.jpg,hôm,honr,1.0,0.7203
63,78.jpg,sở,x,1.0,0.2376
63,83.jpg,577,5 ft,1.0,0.6136
63,98.jpg,đỡ,&2,1.0,0.3038
63,89.jpg,có,6,1.0,0.2879
63,90.jpg,có,3,1.0,0.3019
106,98.jpg,xây,,1.0,0.0
8,10.jpg,tuổi,triér,1.0,0.4974
8,72.jpg,đón,tm,1.0,0.9157
8,93.jpg,ở,,1.0,0.0
87,95.jpg,"vậy bốn người khách mua dâm đó là ai? theo cáo trạng, khoảng 14 g ngày 8 - 12 - 2001, bị cáo lê minh quang và lê thị thắm chở bốn cô gái, trong đó có hai người chưa thành niên, đến khách sạn ngọc vân 2 để bán dâm thì bị công an bắt quả tang. luật sư phạm hữu tình trích bút lục của cơ quan cảnh sát điều tra cho thấy bốn đối tượng có hành vi đi mua dâm bị bắt quả tang hôm đó là các ông lý, thành, thu và phương.",,1.0,0.0
87,86.jpg,kim,ww,1.0,0.5365
87,100.jpg,để,ot,1.0,0.8413
8,71.jpg,đó,t,1.0,0.2739
87,60.jpg,đã,t,1.0,0.362
16,80.jpg,sĩ,m,1.0,0.3262
16,67.jpg,hơn,lm,1.0,0.6434
16,82.jpg,để,t&,1.0,0.3942
16,87.jpg,đến,cten,1.0,0.8978
87,90.jpg,nội,ma,1.0,0.4438
127,11.jpg,từ,hi,1.0,0.8452
46,32.jpg,họ,the,1.0,0.7366
46,65.jpg,lý,dj,1.0,0.4032
16,92.jpg,và,ua,1.0,0.5102
16,98.jpg,cổ,,1.0,0.0
24,100.jpg,sự,ot,1.0,0.398
46,57.jpg,loại,esun,1.0,0.7308
46,61.jpg,vẫn,nam,1.0,0.7214
24,96.jpg,điểm,len,1.0,0.8455
63,48.jpg,tí,if,1.0,0.816
46,56.jpg,lẽ,ce,1.0,0.6306
46,39.jpg,bảo,lodo,1.0,0.7616
16,1.jpg,m,u,1.0,0.4447
141,95.jpg,ơi,:,1.0,0.6722
141,98.jpg,tâm,dan,1.0,0.8407
24,43.jpg,sau,dace,1.0,0.5561
33,16.jpg,"bản chất của thành công đã bao giờ bạn tự hỏi thành công là gì mà bao kẻ bỏ cả cuộc đời mình theo đuổi? phải chăng đó là kết quả hoàn hảo trong công việc, sự chính xác đến từng chi tiết? hay đó là cách nói khác của từ thành đạt, nghĩa là có được một cuộc sống giàu sang, được mọi người nể phục? vậy thì bạn hãy dành chút thời gian để lặng mình suy ngẫm. cuộc sống sẽ chỉ cho bạn có những người đạt được thành công theo một cách giản dị đến bất ngờ.",,1.0,0.0
33,17.jpg,họ,au,1.0,0.5162
33,37.jpg,đã,da,1.0,0.8557
60,25.jpg,dựng,chwing,1.0,0.4533
60,9.jpg,vì,st,1.0,0.3578
60,3.jpg,đi,oh,1.0,0.6822
8,16.jpg,đến,ter,1.0,0.9236
109,97.jpg,bà,ha,1.0,0.9599
127,66.jpg,với,u,1.0,0.2537
127,67.jpg,có,co',1.0,0.5447
4,33.jpg,chị,&:,1.0,0.5989
4,35.jpg,hổ,ho?,1.0,0.6794
4,21.jpg,tục,me,1.0,0.4062
4,40.jpg,lò,1&,1.0,0.4391
4,41.jpg,km,icm,1.0,0.8646
8,58.jpg,lần,tas,1.0,0.6507
60,13.jpg,được,dut,1.0,0.5464
21,92.jpg,dòng,ctn q,1.0,0.6096
24,70.jpg,mộ,mor,1.0,0.7206
24,35.jpg,"trong lúc nhiều công dân có đất tại khu dân cư mới xuân hải bất ngờ không hiểu chuyện gì đang xảy ra thì tiếp đó họ lại nhận được giấy thông báo của phòng tài chính - kế hoạch huyện sông cầu về việc trả lại tiền sử dụng đất, có được cộng với lãi suất của ngân hàng theo thời điểm nộp tiền. lý do được chính quyền tỉnh phú yên thông báo một cách khá lạnh lùng : thực hiện thông báo 904 / tb - ub ngày 15 - 12 - 2003 của ubnd tỉnh phú yên là phải thu hồi đất của các hộ dân ngoài xã xuân hải.",,1.0,0.0
24,24.jpg,đáp,atlp,1.0,0.509
24,27.jpg,liền,hes,1.0,0.4683
114,38.jpg,từ,+h,1.0,0.5289
114,39.jpg,để,ti,1.0,0.4519
87,87.jpg,người,yu3.,1.0,0.4514
51,35.jpg,đà,da,1.0,0.9219
51,50.jpg,đường,tutmy,1.0,0.605
141,100.jpg,kéo,frs,1.0,0.2933
87,74.jpg,ai,cu,1.0,0.8521
87,76.jpg,số,g,1.0,0.1349
87,77.jpg,nó,mo,1.0,0.7636
87,78.jpg,lắm,can,1.0,0.8123
16,49.jpg,từ,the,1.0,0.7453
141,99.jpg,đãi,dcu,1.0,0.6234
114,29.jpg,đã,da,1.0,0.9147
114,18.jpg,số,s6',1.0,0.4973
60,20.jpg,có,a,1.0,0.3465
60,23.jpg,dương,pitoy,1.0,0.7348
51,54.jpg,đi,ch,1.0,0.77
54,62.jpg,chỉ,cll:,1.0,0.8232
120,66.jpg,mua,omlla,1.0,0.777
120,68.jpg,dân,olkn,1.0,0.5407
120,56.jpg,trước,mn,1.0,0.4117
77,88.jpg,giản,tar,1.0,0.6095
77,90.jpg,khái,k maz,1.0,0.7564
77,92.jpg,đền,der,1.0,0.7033
77,82.jpg,kêu,iceu,1.0,0.3772
120,61.jpg,giáo,qrad,1.0,0.5425
122,14.jpg,tư,m,1.0,0.1969
115,5.jpg,904,tol,1.0,0.5905
70,96.jpg,độ,45,1.0,0.5224
77,83.jpg,đến,ter,1.0,0.6201
15,2.jpg,cứu,cull,1.0,0.4103
77,48.jpg,và,u&,1.0,0.3384
15,4.jpg,tư,k,1.0,0.1741
22,34.jpg,gác,yde,1.0,0.8234
22,39.jpg,có,co',1.0,0.6028
22,45.jpg,cụ,w,1.0,0.363
22,33.jpg,đã,da,1.0,0.9189
17,71.jpg,sẽ,2,1.0,0.4089
12,27.jpg,đến,ra:,1.0,0.2155
12,15.jpg,nhân,mlar,1.0,0.6318
12,18.jpg,đối,tor,1.0,0.5548
17,62.jpg,trí,i,1.0,0.53
70,79.jpg,được,tulsc,1.0,0.7858
70,86.jpg,và,u&,1.0,0.5245
70,89.jpg,trước,mnsr,1.0,0.4509
12,20.jpg,tế,19,1.0,0.2853
132,73.jpg,đồng,coy,1.0,0.4797
120,43.jpg,có,5,1.0,0.247
120,65.jpg,đội,da,1.0,0.6986
54,21.jpg,được,atuoc,1.0,0.7107
54,4.jpg,đỏ,ao,1.0,0.5189
12,12.jpg,"và 115 đã trở thành số điện thoại đáng tin cậy của nhiều người... theo những vòng xe cấp cứu. buổi sáng 10 - 11 - 2003 tôi ngồi ở phòng cấp cứu 115 của bệnh viện trưng vương. trên bàn trực có những năm điện thoại bàn và hai bộ đàm. y tá liêu văn trường trực điện thoại, có tiếng chuông reo vang, trường cầm ống nghe : "" ồ không có gì đâu! nhiệm vụ của chúng tôi mà. anh ấy bình phục là tôt rồi "".",,1.0,0.0
12,26.jpg,kể,ke',1.0,0.7458
120,48.jpg,đá,da,1.0,0.8582
120,50.jpg,được,taa,1.0,0.6864
120,40.jpg,đ,d,1.0,0.4199
54,53.jpg,mới,mot',1.0,0.6294
120,42.jpg,19,5,1.0,0.5665
132,76.jpg,tôi,+s.,1.0,0.5662
17,98.jpg,từ,tur,1.0,0.6999
17,100.jpg,được,thie,1.0,0.5379
12,34.jpg,đã,da,1.0,0.7431
12,40.jpg,thở,ho',1.0,0.3906
12,65.jpg,tế,+,1.0,0.3329
12,56.jpg,khi,llu,1.0,0.4804
12,90.jpg,công,uy,1.0,0.6144
12,91.jpg,tự,,1.0,0.0
54,37.jpg,"khái quát về biển đảo việt nam nước ta giáp với biển đông ở hai phía đông và nam. vùng biển việt nam là một phần biển đông. bờ biển dài 3.260 km, từ quảng ninh đến kiên giang. như vậy cứ 100 km2 thì có 1 km bờ biển (trung bình của thế giới là 600 km2 đất liền / 1 km bờ biển). biển có vùng nội thủy, lãnh hải, vùng đặc quyền kinh tế và thềm lục địa với diện tích 1 triệu km2 (gấp 3 diện tích đất liền : 1 triệu km2 / 330.000 km2).",,1.0,0.0
17,64.jpg,về,w,1.0,0.4835
148,76.jpg,y,1,1.0,0.2178
53,88.jpg,các,wit,1.0,0.5829
54,80.jpg,toàn,tucio,1.0,0.8998
54,83.jpg,ở,.,1.0,0.7799
53,67.jpg,đã,ta,1.0,0.6063
77,36.jpg,ăn,cun,1.0,0.8522
77,6.jpg,vùi,oue,1.0,0.454
77,8.jpg,sạn,&m,1.0,0.4249
77,25.jpg,y,1,1.0,0.904
54,89.jpg,bà,bai,1.0,0.8273
53,82.jpg,động,day,1.0,0.3201
17,68.jpg,"làng xóm bỏ luôn con đường trước mặt nhà tôi đi vòng lối khác "". hoàn cảnh của anh diên thật sự bế tắc khi anh dang tay đón đứa cháu hai tháng tuổi mồ côi cả cha mẹ về nhà mình. hàng bánh mì của vợ anh chỉ nhận được những câu nói của bà con xung quanh như : "" thôi để cho chị 2.000 đồng chứ thật tình không dám ăn bánh của chị "". cả nhà anh trông vào đồng lương trợ cấp người mất sức lao động 330.000 đồng / tháng, nuôi một em gái bị tâm thần, hai đứa con và đứa cháu nhỏ đã 18 tháng tuổi.",,1.0,0.0
17,70.jpg,ra,m,1.0,0.7036
6,78.jpg,đọc,tor,1.0,0.9166
70,8.jpg,đá,ta,1.0,0.707
124,94.jpg,ở,3,1.0,0.3962
124,95.jpg,đó,do,1.0,0.8242
6,46.jpg,tuổi,+oo?,1.0,0.763
6,48.jpg,tế,+t,1.0,0.4195
6,50.jpg,tỏa,to u,1.0,0.7766
6,70.jpg,kinh,halt,1.0,0.3954
6,96.jpg,hội,no,1.0,0.4385
6,82.jpg,di,4:,1.0,0.3672
6,83.jpg,đúng,auy,1.0,0.4651
6,99.jpg,nhập,wlit,1.0,0.7465
88,4.jpg,tử,+,1.0,0.2737
6,89.jpg,được,tide,1.0,0.6048
12,79.jpg,để,te,1.0,0.3761
43,1.jpg,ý,y,1.0,0.9647
88,7.jpg,đó,06,1.0,0.4699
88,10.jpg,tôi,4&,1.0,0.6154
88,12.jpg,tối,16,1.0,0.3054
6,81.jpg,đi,dhi,1.0,0.7444
120,75.jpg,định,dul,1.0,0.8472
53,44.jpg,tới,lo.,1.0,0.6232
53,31.jpg,đưa,duia,1.0,0.8135
53,35.jpg,đã,&&,1.0,0.7495
53,50.jpg,trương,dy uay,1.0,0.8416
17,80.jpg,được,dute,1.0,0.6455
17,82.jpg,số,c,1.0,0.1489
120,81.png,"thừa thiên - huế, hồ chí minh thái nguyên, thanh hoá, quảng ninh, cao bằng an giang, bình định, sóc trăng hậu giang, hà tĩnh, đắk nông, quảng bình",ee,1.0,0.4538
120,84.jpg,lợi,or:,1.0,0.4918
70,11.jpg,bố,bo',1.0,0.8068
77,85.jpg,hải,ma,1.0,0.729
53,61.jpg,đọc,flec,1.0,0.7225
53,46.jpg,điều,te,1.0,0.6214
56,96.jpg,với,uc,1.0,0.6578
120,97.jpg,răng,hay,1.0,0.8948
120,76.jpg,ở,2,1.0,0.2642
120,77.jpg,đến,ten',1.0,0.6977
132,53.jpg,được,alv,1.0,0.5513
149,4.jpg,lý,2,1.0,0.16
17,2.jpg,phú,p fu,1.0,0.6039
53,53.jpg,hạn,14un,1.0,0.6511
88,48.jpg,bất,e-at,1.0,0.7116
88,81.jpg,chí,ohi',1.0,0.8603
88,68.jpg,vì,ui,1.0,0.3572
88,58.jpg,độ,d,1.0,0.356
88,14.jpg,kể,he,1.0,0.5509
88,15.jpg,sát,af,1.0,0.4451
125,49.jpg,cực,w'r,1.0,0.6895
125,51.jpg,mở,ma?,1.0,0.6435
125,70.jpg,ngủ,mu,1.0,0.4385
120,74.jpg,bỏ,he,1.0,0.2785
88,78.jpg,đối,,1.0,0.0
125,55.jpg,kinh,feunt,1.0,0.5119
125,41.jpg,"trong khi đó, tại lễ kỷ niệm ngày nước thế giới (22 - 3), bà kanni ignaraja, phó đại diện thường trú của chương trình phát triển liên hiệp quốc (undp) tại hà nội, khẳng định nếu vn muốn giải quyết được mục tiêu cung cấp nước sạch cho 85% dân số vào năm 2010 và cho 100% dân số vào năm 2020 thì phải có ba yếu tố : tạo ra nhiều hơn nữa các nguồn đầu tư trong và ngoài nước, xác định ưu tiên về xây dựng năng lực ở những nơi có nhu cầu nước lớn nhất, huy động nhiều đối tượng tham gia thực hiện phương thức quản lý tài nguyên nước.",,1.0,0.0
115,88.jpg,g,a,1.0,0.083
17,13.jpg,địa,fi'a,1.0,0.4499
17,15.jpg,được,stusc,1.0,0.459
17,17.jpg,"mãi mãi tuổi 20. nguyễn kỳ sơn chỉ là một trong hàng chục vạn người lính đã nằm xuống cho độc lập tự do của tổ quốc, anh cũng chỉ là một liệt sĩ bình thường như hàng ngàn người lính đã hi sinh nay vẫn chưa tìm thấy thân xác... nhưng những dòng nhật ký của anh là câu chuyện chân thực và đầy thuyết phục về một thế hệ, họ đã sống cho lý tưởng, cống hiến tuổi xuân một cách đầy lãng mạn. sáng 27 - 7, như mọi năm tôi vào thắp hương ở đài tưởng niệm thành cổ quảng trị.",,1.0,0.0
125,47.jpg,vụ,ul,1.0,0.2489
125,62.jpg,địa,dlia,1.0,0.408
125,65.jpg,được,t4,1.0,0.4804
7,30.jpg,cũng,euy,1.0,0.4859
115,54.jpg,đôi,to,1.0,0.3137
88,29.jpg,đá,ti,1.0,0.8679
17,32.jpg,đã,ta,1.0,0.7304
17,89.png,"dạy trẻ như ấp trứng. có trứng gà, trứng vịt, trứng chim sẻ, chim sâu. rồi có khi là trứng đà điểu. dù bạn ấp bằng cách nào cũng cần đủ ngày đủ giờ, đủ nhiệt độ. muốn nhanh cũng không thể đâu ạ",,1.0,0.0
17,91.jpg,sổ,la,1.0,0.7083
115,67.jpg,ít,if,1.0,0.3863
115,72.jpg,nước,nuldc',1.0,0.6601
7,95.jpg,tư,5,1.0,0.0808
7,96.jpg,được,ctaoc,1.0,0.5785
17,4.jpg,lý,2,1.0,0.1313
70,18.jpg,đó,ds,1.0,0.4116
70,49.jpg,đề,t-,1.0,0.8471
70,58.jpg,dáng,466,1.0,0.1847
22,19.jpg,xã,xav,1.0,0.7184
12,11.jpg,với,"ud,",1.0,0.4942
70,94.jpg,đó,a,1.0,0.2927
17,94.jpg,9,t,1.0,0.1496
17,31.jpg,đô,do,1.0,0.7827
17,45.jpg,địa,tio,1.0,0.6038
17,47.jpg,tế,l,1.0,0.1283
70,34.jpg,sở,s&',1.0,0.5066
7,63.jpg,của,cuica,1.0,0.6898
7,67.jpg,đuổi,jo.,1.0,0.3088
17,25.jpg,đ,t,1.0,0.1617
120,72.jpg,có,3,1.0,0.3618
120,92.jpg,của,cuci,1.0,0.4305
132,70.jpg,rượt,gw?6,1.0,0.5579
132,38.jpg,đầu,da,1.0,0.2877
54,25.jpg,cười,mor,1.0,0.4342
54,26.jpg,có,&,1.0,0.1227
54,15.jpg,tư,tue,1.0,0.6617
115,52.jpg,sử,bu,1.0,0.1723
88,34.jpg,lại,acu,1.0,0.6968
132,25.jpg,ông,cay,1.0,0.6805
53,37.jpg,viết,nep,1.0,0.3592
15,40.jpg,về,se,1.0,0.32
15,42.jpg,cà,aa,1.0,0.4266
53,43.jpg,rồi,2o,1.0,0.1654
132,77.jpg,dự,aw,1.0,0.3634
7,97.jpg,tạm,fan,1.0,0.7225
17,1.jpg,tồn,u,1.0,0.3125
88,38.jpg,1,a,1.0,0.4895
132,71.jpg,có,cor,1.0,0.6763
43,79.jpg,ban,harr,1.0,0.446
43,82.jpg,nước,mte,1.0,0.5173
43,67.jpg,là,da,1.0,0.793
80,70.jpg,từ,v,1.0,0.1721
27,29.jpg,vì,us,1.0,0.3098
27,32.jpg,"chủ đầu tư cienco 5 đang đứng trước bờ vực phá sản chợt tràn ngập hi vọng thoát hiểm. đến trạm thu phí tạm vấn đề không dừng lại, cũng từ ý định "" cứu "" nhà đầu tư, các trạm thu phí được chóng vánh dựng lên cũng theo kiểu "" gặt lúa non "". trong khi dự án đầu tư xây dựng cầu bình triệu 2 không hoàn thành các hạng mục công trình đúng như qui mô đã được phê duyệt, cho nên kế hoạch đặt trạm thu phí ban đầu ở giữa cầu đúc nhỏ và cầu ông dầu trên quốc lộ 13 không thể thực hiện được (đường chưa xây dựng).",,1.0,0.0
27,34.jpg,đội,dn,1.0,0.3196
27,38.jpg,hải,pa,1.0,0.3895
43,68.jpg,đá,m,1.0,0.2527
54,94.jpg,cho,l,1.0,0.4094
80,61.jpg,được,aae,1.0,0.5502
20,79.jpg,bần,1san,1.0,0.4231
20,82.jpg,giá,pa,1.0,0.5717
99,36.jpg,giá,yla,1.0,0.6958
99,38.jpg,lễ,lew,1.0,0.311
99,68.jpg,làm,loni,1.0,0.4416
99,55.jpg,bộ,he,1.0,0.4245
99,56.jpg,số,as',1.0,0.6384
20,89.jpg,địa,di'a,1.0,0.7833
31,38.jpg,kể,l,1.0,0.2733
80,59.jpg,nói,w,1.0,0.3586
148,49.jpg,000,0 0 c,1.0,0.7182
148,42.jpg,để,te,1.0,0.5545
148,58.jpg,đến,dten,1.0,0.6018
6,26.jpg,bà,boi,1.0,0.5787
43,40.jpg,những,alliy,1.0,0.6001
6,36.jpg,vùi,au,1.0,0.3218
6,40.jpg,của,piw,1.0,0.4327
80,81.jpg,bộ,la,1.0,0.6137
43,91.jpg,sơ,3,1.0,0.8059
99,18.jpg,trú,tnui,1.0,0.6005
99,1.jpg,ở,,1.0,0.0
43,70.jpg,bị,l,1.0,0.206
124,1.jpg,kiện,hna,1.0,0.5052
27,15.jpg,sở,s8',1.0,0.6812
27,7.jpg,và,va`,1.0,0.7905
6,22.jpg,và,&,1.0,0.9877
80,50.jpg,đó,4,1.0,0.2312
80,63.jpg,đến,les,1.0,0.4989
80,68.jpg,"như vậy, việc đặt trạm thu phí giao thông tại chân cầu là giải pháp tình thế và đột xuất, nhưng cienco 5 đã không đưa ra các phương án dự phòng các tình huống xấu nhất có thể xảy ra tại khu vực giao thông vốn rất phức tạp. đặc biệt là tình huống kẹt xe ngay trên đường ray trong thời điểm xe lửa đang qua khu vực này. trong khi đó, tại khu vực trạm thu phí do bị vướng giải tỏa một số hộ dân nên đường vào trạm bị uốn cong không thuận lợi cho các phương tiện vào trạm và nhất là không đủ sức chứa khi lượng xe cùng lúc dồn đến trạm.",,1.0,0.0
99,27.jpg,ở,3,1.0,0.2893
99,21.jpg,với,nit,1.0,0.5601
80,8.jpg,trở,fra',1.0,0.6661
80,15.jpg,có,co',1.0,0.7787
119,50.jpg,km2,hen,1.0,0.557
119,78.jpg,điểm,dun,1.0,0.7945
119,68.jpg,lý,hl,1.0,0.3157
99,44.jpg,địa,dn,1.0,0.5463
119,70.jpg,người,nayisl,1.0,0.5062
101,85.jpg,đến,ter,1.0,0.4321
101,73.jpg,ty,1,1.0,0.0932
31,41.jpg,rầu,fan,1.0,0.4776
31,74.jpg,để,d,1.0,0.1855
31,75.jpg,dự,au,1.0,0.6843
148,24.jpg,chủ,ann,1.0,0.4586
74,75.jpg,lại,1as,1.0,0.4526
66,18.jpg,lực,&,1.0,0.394
66,7.jpg,ích,vi,1.0,0.3258
79,92.jpg,cụ,m,1.0,0.5712
31,77.jpg,ý,4,1.0,0.3206
31,92.jpg,đã,ta,1.0,0.4154
31,94.jpg,thật,hior,1.0,0.4806
66,23.jpg,bao,boue,1.0,0.7538
31,97.jpg,thể,than!,1.0,0.8311
31,100.jpg,sự,m,1.0,0.6025
20,78.jpg,với,wy,1.0,0.2535
27,77.jpg,đá,ad,1.0,0.2995
50,22.jpg,quan,yecin,1.0,0.7492
50,23.jpg,ứng,4,1.0,0.2083
99,77.jpg,đang,otary,1.0,0.7532
27,73.jpg,đó,6,1.0,0.2888
27,65.jpg,đều,tal,1.0,0.6771
27,67.jpg,như,"al,",1.0,0.8294
119,48.jpg,là,ra,1.0,0.4801
80,35.jpg,hòa,toe,1.0,0.4152
99,48.jpg,sò,&,1.0,0.2163
119,80.jpg,sống,eory,1.0,0.379
99,65.jpg,cảm,cu w,1.0,0.6059
119,98.jpg,đón,dou,1.0,0.5501
80,20.jpg,"ông hải đặt vấn đề : liệu vụ việc có "" chìm xuồng "" hay không, vì sao đến nay vẫn chưa có kết quả? ông hải cũng chỉ đạo sở gtcc báo cáo về xử lý tiêu cực ở công trình này. chiều 23 - 3, trả lời tuổi trẻ sau phiên họp nói trên, lãnh đạo cơ quan cảnh sát điều tra công an tp.hcm - nơi đang thụ lý vụ tiêu cực tại công trình đường liên cảng a5 - cho biết vụ án vẫn đang trong giai đoạn điều tra, chưa có kết luận cuối cùng.",,1.0,0.0
101,1.jpg,trong,fimy,1.0,0.4914
119,55.jpg,giảm,yan,1.0,0.8485
119,56.jpg,ở,%,1.0,0.1384
119,59.jpg,cứng,ay,1.0,0.7532
80,17.jpg,trải,ma,1.0,0.7938
80,92.jpg,ít,i,1.0,0.3735
80,94.jpg,sốt,2or,1.0,0.4546
124,6.jpg,là,fa,1.0,0.691
22,69.jpg,ôtô,o tz,1.0,0.5412
22,70.jpg,điều,de,1.0,0.3737
124,47.jpg,trại,ha,1.0,0.9731
6,75.jpg,nhiêu,mwriw,1.0,0.5963
22,49.jpg,chế,he',1.0,0.8396
43,8.jpg,cộng,uy,1.0,0.4435
148,91.jpg,đến,der,1.0,0.8668
43,43.jpg,lãnh,laree,1.0,0.439
43,48.jpg,vi,m,1.0,0.4048
43,37.jpg,đời,t3,1.0,0.5313
43,63.jpg,báo,kad,1.0,0.6957
22,81.jpg,13,b,1.0,0.3912
22,66.jpg,"tp.hcm : vay 500 tỉ đồng triển khai gấp các dự án cấp nước. ubnd tp.hcm vừa đề nghị quĩ hỗ trợ phát triển cho tp vay 500 tỉ đồng với lãi suất 7,5% / năm để triển khai gấp các dự án cấp nước đang thực hiện gồm : hệ thống cấp nước sông sài gòn giai đoạn 1 và các tiểu dự án mạng cấp nước cấp 1, 2, 3. hạn chót hoàn trả vốn gốc và lãi là ngày 31 - 12 - 2004, công ty cấp nước tp được ủy quyền ký hợp đồng tín dụng nhận vốn vay.",,1.0,0.0
77,37.jpg,8,&,1.0,0.531
53,75.jpg,"trong các trường học đã phát hiện 652 học sinh và 229 giáo viên nghiện ma túy. "" đáng buồn là tỉ lệ tái nghiện còn cao ở hầu hết các địa phương, điều tra tại hà nội năm 2003 tỉ lệ tái nghiện sau một năm cai là 90%, sau hai năm cai là 95%, sau ba năm là... 98 - 100% "" - thứ trưởng bộ công an lê thế tiệm cho biết. trong khi đó số người nhiễm hiv tại vn vẫn tiếp tục gia tăng. riêng năm 2003 cả nước có trên 16.000 người nhiễm hiv mới được phát hiện, nâng tổng số người nhiễm đã được phát hiện trên toàn quốc lên gần 80.000 người, phần lớn trong số này là thanh niên 20 - 29 tuổi.",,1.0,0.0
53,63.jpg,cơ,cc?,1.0,0.8614
53,65.jpg,và,&a,1.0,0.3839
43,32.jpg,đá,da,1.0,0.9765
54,95.jpg,đã,da,1.0,0.9199
54,30.jpg,nập,neyo,1.0,0.5709
70,42.jpg,để,t,1.0,0.6036
124,91.jpg,nước,mis,1.0,0.6378
124,75.jpg,"phú yên : cán bộ làm sai, dân lãnh đủ. hàng trăm hộ dân phú yên vừa nhận được thông báo trả lại tiền sử dụng 350 ha đất đã cấp sổ đỏ ở các khu dân cư mới xã xuân hải, sông cầu. cách đây hơn ba năm, vào khoảng tháng 10, 11 - 2000, khi con đường qui nhơn - sông cầu vừa bắt đầu manh nha hình thành, nhiều người có thông tin sớm nhất về việc giao đất ở tại khu qui hoạch dân cư mới tại xã xuân hải, huyện sông cầu, tỉnh phú yên.",,1.0,0.0
124,78.jpg,rồi,a:,1.0,0.3924
77,65.jpg,kiến,hual,1.0,0.6237
77,66.jpg,về,2e,1.0,0.1891
77,10.jpg,đã,aa,1.0,0.864
77,16.jpg,đã,ta,1.0,0.6018
80,89.jpg,vé,c0,1.0,0.3366
124,84.jpg,tư,vi,1.0,0.2284
124,85.jpg,được,tn,1.0,0.3868
70,7.jpg,được,tn,1.0,0.2773
12,57.jpg,dâng,dlaiy,1.0,0.679
12,43.jpg,đất,ctat,1.0,0.9017
70,38.jpg,để,a2,1.0,0.4644
22,60.jpg,"chủ đầu tư cienco 5 đang đứng trước bờ vực phá sản chợt tràn ngập hi vọng thoát hiểm. đến trạm thu phí tạm vấn đề không dừng lại, cũng từ ý định "" cứu "" nhà đầu tư, các trạm thu phí được chóng vánh dựng lên cũng theo kiểu "" gặt lúa non "". trong khi dự án đầu tư xây dựng cầu bình triệu 2 không hoàn thành các hạng mục công trình đúng như qui mô đã được phê duyệt, cho nên kế hoạch đặt trạm thu phí ban đầu ở giữa cầu đúc nhỏ và cầu ông dầu trên quốc lộ 13 không thể thực hiện được (đường chưa xây dựng).",,1.0,0.0
22,63.jpg,độ,ds,1.0,0.148
80,87.jpg,biết,lr,1.0,0.6996
80,73.jpg,bình,siul,1.0,0.4038
124,82.jpg,dần,dlon',1.0,0.673
54,74.jpg,thẳng,keui,1.0,0.4076
124,19.jpg,số,ss',1.0,0.3463
80,75.jpg,tức,tuit,1.0,0.4495
80,76.jpg,ước,ldi,1.0,0.4082
124,33.jpg,lý,w,1.0,0.2772
80,84.jpg,ký,a,1.0,0.2614
124,59.jpg,về,ve',1.0,0.7019
124,13.jpg,đưa,duia,1.0,0.8986
124,72.jpg,cừ,a',1.0,0.2243
43,64.jpg,"được biết, trước đây do có nhiều "" khó khăn "" nên việc thanh tra, xử lý những trường",,1.0,0.0
20,99.jpg,đến,atin,1.0,0.6397
148,97.jpg,ở,2,1.0,0.0974
148,83.jpg,đứt,dw,1.0,0.7159
148,74.jpg,những,wwy,1.0,0.4328
20,68.jpg,khoan,lakom,1.0,0.7516
120,1.jpg,giờ,qne,1.0,0.4444
43,77.jpg,tại,acw,1.0,0.4936
43,92.jpg,với,wy,1.0,0.2961
148,99.jpg,đồng,atony,1.0,0.6265
148,90.jpg,vụ,u,1.0,0.6588
31,42.jpg,cứ,c'i,1.0,0.6382
43,56.png,"họ đã viết những lá thư tình để chúng ta đọc xong có khi cười ngẩn ngơ, hoặc có khi lại khóc ròng vì buồn bã, có khi thương cảm cho những mối tình si không được đáp lại. nhưng trên tất cả, đó đều là những cảm xúc trọn vẹn: thương có thương, buồn có buồn và vô vọng cũng là một nỗi tuyệt vọng thật đẹp.",,1.0,0.0
43,13.jpg,đức,ctuc,1.0,0.8525
43,3.jpg,đây,otay,1.0,0.4313
31,16.jpg,bị,ti,1.0,0.7419
31,47.jpg,"phải xác định bản thân thành phố cũng có phần lỗi là đã thay đổi thiết kế ban đầu. tuy nhiên, khi thuận cho thu phí, hđnd cũng có cảnh báo trước : phải xem xét kỹ vì đây là đoạn gần giao lộ đường xe lửa và đường bộ, không được để ách tắc, ảnh hưởng đến an toàn giao thông. báo chí, cảnh báo rất đúng với cảnh báo của chúng tôi. băn khoăn của cảnh sát giao thông, của dư luận là đúng và cần thiết. chúng tôi nhắc lại : ubnd tp và các ngành liên quan phải lưu ý các ý kiến của công luận để bảo đảm an toàn giao thông.",,1.0,0.0
31,62.jpg,vòng,uory,1.0,0.5611
31,66.jpg,cực,cele,1.0,0.6775
80,46.jpg,y,x,1.0,0.8431
120,30.jpg,ngoài,mpar,1.0,0.7315
120,9.jpg,dịch,oli ch,1.0,0.7546
120,24.jpg,bền,l,1.0,0.3904
31,20.jpg,xe,2ee,1.0,0.7127
120,28.jpg,tiết,hs,1.0,0.4851
31,10.jpg,cứ,cak,1.0,0.7784
31,12.jpg,"hóa ra nơi đang đứng trên đầu là một mạch nước ngầm thấm xuống nên lâu lâu lại phun nước ra như mưa. tiếng ồn từ máy khoan lẫn bụi đá đã khiến nơi cuối đường hầm này con người chỉ nhận ra nhau bằng những vạch phản quang trên áo và nếu có và nếu có nói thì như cãi nhau. tất cả 32 con người của đội khoan hầm số 1 này được chia làm bốn tổ, trong đó có ba tổ khoan và một tổ đánh mìn. mỗi ngày các tổ này thay phiên nhau cầm lái hai mũi khoan xộc thẳng vào lòng núi.",,1.0,0.0
31,15.jpg,để,tt,1.0,0.7694
124,74.jpg,vì,mi,1.0,0.3767
124,50.jpg,y,/,1.0,0.3262
124,58.jpg,đi,t,1.0,0.6303
120,36.jpg,kiện,le:,1.0,0.3265
120,23.jpg,được,tise,1.0,0.4309
31,32.jpg,"chăng lưới xong, ông h. kéo tôi vào bụi cây ngồi đợi. "" đi vào tầm này mới có nhiều chim, vả lại giờ này mấy tay kiểm lâm không còn lượn lờ nữa - ông h. kể - hôm qua mấy thằng ở khu dưới bẫy chim xong không cất lưới bị kiểm lâm thu sạch, thế là mất toi mấy trăm ngàn bạc "". trên nền trời xám xịt, tôi bắt đầu nghe tiếng chim kêu quàng quạc bay về núi. không biết từ phương nào, từng đàn chim bay về ngọn núi trước mặt tôi.",,1.0,0.0
45,20.jpg,là,ca,1.0,0.5615
45,22.jpg,về,s,1.0,0.2935
45,9.jpg,mấy,hray,1.0,0.7968
45,10.jpg,án,aw,1.0,0.9406
45,28.jpg,bán,lbar,1.0,0.7852
29,20.jpg,cổ,es,1.0,0.2043
29,80.jpg,túi,fa,1.0,0.2263
112,5.jpg,sắm,taum,1.0,0.377
112,6.jpg,"thành công còn là hình ảnh một cậu bé bị dị tật ở chân, không bao giờ đi lại bình thường được. từ nhỏ cậu đã nuôi ước mơ trở thành cầu thủ bóng đá. sau bao nỗ lực khổ luyện, cậu bé trở thành cầu thủ dự bị trong một đội bóng nhỏ, và chưa bao giờ được chính thức ra sân. nhưng đó không phải là thất bại. trái lại, thành công đã nở hoa khi cậu bé năm xưa, với bao nghị lực và quyết tâm, đã chiến thắng hoàn cảnh để theo đuổi ước mơ từ ngày thơ bé.",,1.0,0.0
7,79.jpg,về,5,1.0,0.2736
34,86.jpg,để,t,1.0,0.5779
34,87.jpg,vụ,wu,1.0,0.5665
34,88.jpg,kỳ,ly,1.0,0.8497
92,18.jpg,đây,ctay,1.0,0.7835
29,91.jpg,đã,da,1.0,0.924
29,93.jpg,điều,aa,1.0,0.252
29,55.jpg,vụ,w,1.0,0.4025
29,63.jpg,hữu,th&,1.0,0.5274
29,48.jpg,vô,30,1.0,0.4531
92,23.jpg,"87 trang nhật ký trên giấy a4 là tâm sự của 17 con người sau 206 ngày gian nan nơi xứ lạ : không việc làm, không nhà ở, không lương bổng, có người bị đói khát, bị tù đày... giờ đây, những con người ấy dường như không dám nhìn thẳng mặt nhau bởi nỗi đau của những ngày cũ cứ ào tới... nước mắt và sự thảng thốt vẫn còn hiện rõ trên từng khuôn mặt. johor ngày thứ nhất. họ đưa chúng tôi đến khu vực công trường bên cạnh khu rừng, nơi không có bóng dáng người dân, chỉ có ít người indo đang làm việc tại đó.",,1.0,0.0
34,70.jpg,để,fe,1.0,0.6233
98,4.jpg,được,did,1.0,0.6361
140,89.jpg,tự,tui,1.0,0.8265
140,90.jpg,trình,kat,1.0,0.5975
26,85.jpg,thể,thu-',1.0,0.7051
26,89.jpg,đầu,aa,1.0,0.6014
37,100.jpg,là,da,1.0,0.6489
111,55.jpg,về,vel,1.0,0.8437
111,57.jpg,nếu,hew,1.0,0.5687
111,72.jpg,đã,da,1.0,0.9295
111,54.jpg,ở,3,1.0,0.8687
111,61.jpg,bạc,lrac,1.0,0.6785
111,41.jpg,sự,t,1.0,0.1927
111,42.jpg,cụ,n,1.0,0.422
29,47.jpg,nhận,laa,1.0,0.5271
140,95.jpg,phải,nluiu,1.0,0.3715
140,82.jpg,tối,+o,1.0,0.2462
140,87.jpg,tòa,fot,1.0,0.6065
123,16.jpg,đặc,dtac,1.0,0.7331
123,35.jpg,đi,a.,1.0,0.5389
111,49.jpg,vì,m,1.0,0.6788
111,73.jpg,cứ,ci',1.0,0.6966
34,42.jpg,xếp,acep,1.0,0.6504
41,79.jpg,một,1,1.0,0.9925
41,81.jpg,ông,gry,1.0,0.3234
41,91.jpg,đổi,ta,1.0,0.5897
34,47.jpg,hổ,he',1.0,0.7231
41,100.jpg,cả,ca',1.0,0.7806
112,63.jpg,dự,li,1.0,0.411
112,67.jpg,"xây dựng và phát triển đội ngũ cb - cc có chất lượng chuyên môn cao, có phẩm chất, đạo đức. kiểm tra, xử lý kiên quyết các vụ tham nhũng, lãng phí, làm thất thoát tài sản nhà nước... về kinh tế : tập trung mọi nỗ lực nhằm tháo gỡ sản xuất kinh doanh, đưa tốc độ tăng trưởng gdp trên địa bàn tp đạt 12% năm 2004 và trên 12% năm 2005. phát triển nhanh các ngành dịch vụ, tái cấu trúc các ngành công nghiệp.",e,1.0,0.2704
34,28.jpg,nên,a,1.0,0.3181
92,12.jpg,bị,lo,1.0,0.3743
34,36.jpg,sẽ,&e,1.0,0.3751
34,57.jpg,đã,da,1.0,0.79
112,74.jpg,mẹ,mue,1.0,0.7602
112,76.jpg,đủ,tu,1.0,0.7851
112,61.jpg,đỗi,sr,1.0,0.2386
112,22.jpg,võ,8&,1.0,0.3281
112,81.jpg,vụ,vll,1.0,0.5145
26,56.jpg,phụ,elu,1.0,0.3488
26,72.jpg,xe,20,1.0,0.3891
26,73.jpg,vệ,u&,1.0,0.2131
34,52.jpg,xây,2cay,1.0,0.4734
112,47.jpg,lược,w&e,1.0,0.5567
112,49.jpg,văn,cai,1.0,0.7658
34,85.jpg,sẽ,ne,1.0,0.8975
92,15.jpg,hòa,the,1.0,0.5132
112,35.jpg,như,alha,1.0,0.6485
76,67.jpg,ra,a6,1.0,0.2785
76,56.jpg,đã,ad,1.0,0.645
112,43.jpg,có,so,1.0,0.174
34,91.jpg,để,ta,1.0,0.2865
111,43.jpg,có,&,1.0,0.2343
34,38.jpg,ông,oy,1.0,0.6719
72,92.jpg,ủy,aiy,1.0,0.4293
72,93.jpg,ở,2,1.0,0.3034
41,92.jpg,bộ,r:,1.0,0.484
92,54.jpg,chứ,lue,1.0,0.3264
41,71.jpg,biết,era,1.0,0.5626
41,72.jpg,đảo,da',1.0,0.7163
41,74.jpg,ông,my,1.0,0.894
41,77.jpg,hụ,hus,1.0,0.7269
34,59.jpg,đây,ta,1.0,0.696
76,68.jpg,ai,cu,1.0,0.79
111,48.jpg,một,1,1.0,0.9869
3,42.jpg,và,ca,1.0,0.5781
3,49.jpg,có,co',1.0,0.761
3,67.jpg,sử,au,1.0,0.4391
3,68.jpg,nói,nx j,1.0,0.5196
3,69.jpg,rộng,2ory,1.0,0.2908
122,93.jpg,côi,5,1.0,0.2441
122,94.jpg,ra,m,1.0,0.7917
122,52.jpg,100,aco,1.0,0.5105
3,53.jpg,triệu,gus,1.0,0.4152
37,66.jpg,sẽ,a,1.0,0.4632
72,39.jpg,trong,1 t oy,1.0,0.5297
72,40.jpg,ở,1,1.0,0.8849
72,44.jpg,lũ,w,1.0,0.1749
72,30.jpg,khá,lcha,1.0,0.6296
72,32.jpg,địa,chia,1.0,0.7392
122,91.jpg,có,6,1.0,0.2943
98,5.jpg,hơn,tho'n,1.0,0.8094
98,6.jpg,cứ,uk,1.0,0.2205
98,8.jpg,đều,t&,1.0,0.811
26,95.jpg,khí,nw,1.0,0.3772
3,22.jpg,di,ol,1.0,0.6894
122,33.jpg,sự,&,1.0,0.5004
122,20.jpg,để,,1.0,0.0
138,83.jpg,ký,ly,1.0,0.7485
1,14.jpg,có,co',1.0,0.7906
1,15.jpg,rồi,ae,1.0,0.24
122,37.jpg,thuận,fena,1.0,0.5592
122,44.jpg,nhìn,mim,1.0,0.6083
138,90.jpg,số,88,1.0,0.4719
37,6.jpg,nước,m16:,1.0,0.5404
73,52.jpg,tiền,hai,1.0,0.4792
44,96.jpg,ơi,s,1.0,0.1725
122,25.jpg,được,pic'c,1.0,0.6879
73,28.jpg,vị,s,1.0,0.562
122,16.jpg,đã,da,1.0,0.7133
73,18.jpg,đã,da,1.0,0.2848
73,3.jpg,đã,da,1.0,0.9833
122,88.jpg,trời,dk?;,1.0,0.6358
73,10.jpg,vụ,wy,1.0,0.4279
3,9.jpg,hoàng,ttory,1.0,0.6942
3,10.jpg,là,aa,1.0,0.6384
37,8.jpg,số,16,1.0,0.5788
45,96.jpg,xã,c&,1.0,0.6656
45,39.jpg,đến,der,1.0,0.5726
45,42.jpg,các,ut,1.0,0.2844
34,75.jpg,đô,&,1.0,0.4826
29,81.jpg,tỉ,+,1.0,0.894
29,88.jpg,đâu,clau,1.0,0.7032
45,59.jpg,dân,olen,1.0,0.4822
37,88.jpg,nước,ml'r,1.0,0.5978
37,92.jpg,đất,tat',1.0,0.7959
26,97.jpg,lở,co,1.0,0.4026
45,47.jpg,đã,da,1.0,0.7846
45,64.jpg,sĩ,52,1.0,0.5992
45,50.jpg,đáng,day,1.0,0.8053
92,1.jpg,đá,ta,1.0,0.8917
34,98.jpg,kỹ,kig,1.0,0.4765
37,93.jpg,hương,tutry,1.0,0.7443
29,71.jpg,đầu,tay,1.0,0.739
29,60.jpg,các,cai',1.0,0.7862
29,16.jpg,năm,nain,1.0,0.6779
37,80.jpg,độ,do,1.0,0.5955
45,46.jpg,biến,lr,1.0,0.2542
26,80.jpg,bé,he,1.0,0.6841
140,98.jpg,tư,the,1.0,0.9373
37,32.jpg,phú,p fw,1.0,0.6343
140,59.jpg,vài,va d,1.0,0.9518
140,60.jpg,đã,42,1.0,0.4081
140,47.jpg,tư,h,1.0,0.8056
140,50.jpg,sự,h,1.0,0.1588
140,67.jpg,từ,fu,1.0,0.8923
140,91.jpg,thú,val,1.0,0.3687
140,93.jpg,ở,c,1.0,0.1304
45,88.jpg,được,atubc,1.0,0.5602
29,1.jpg,đường,atuonp,1.0,0.5903
122,66.jpg,địa,ti'a,1.0,0.8787
122,72.jpg,ở,2,1.0,0.4712
122,73.jpg,tuổi,ar,1.0,0.4038
37,59.jpg,hố,ha',1.0,0.5306
76,89.jpg,đủ,du,1.0,0.7752
3,28.jpg,được,nlut,1.0,0.5953
3,19.jpg,đồng,atiny,1.0,0.5182
37,40.jpg,sở,sa',1.0,0.5168
45,87.jpg,ói,a,1.0,0.2617
37,64.jpg,sở,,1.0,0.0
125,9.jpg,thể,,1.0,0.0
149,40.jpg,người,nquld:,1.0,0.5773
149,44.jpg,lương,br:,1.0,0.7771
88,55.jpg,vụ,ou,1.0,0.5275
88,56.jpg,biết,a-,1.0,0.5307
7,86.jpg,"thế nhưng, những người đã bỏ công đi tìm không buồn, cũng không vứt trở lại đống phế liệu. họ vẫn lau sạch từng vết bẩn, vẫn lưu giữ cẩn thận. "" có thể những người này đã làm được giấy tờ khác, nhưng biết đâu một ngày nào đó họ lại muốn lấy lại chúng như một kỷ niệm. dẫu sao cũng là vật thiết thân một thời, không hữu ích thì ít nhất cũng mang lại một nụ cười khi thấy lại... "". lãi ròng là những niềm vui.",,1.0,0.0
125,15.jpg,bị,li,1.0,0.5151
125,16.jpg,về,ue,1.0,0.4625
125,17.jpg,có,cor,1.0,0.7815
26,64.jpg,là,&,1.0,0.8576
145,55.jpg,vốn,wr',1.0,0.5578
145,76.jpg,chế,the',1.0,0.7722
145,77.jpg,dọc,che,1.0,0.783
7,2.jpg,vế,s,1.0,0.1022
7,6.jpg,dị,ti,1.0,0.7832
149,88.jpg,gà,12,1.0,0.2513
149,92.jpg,đá,dd,1.0,0.5909
7,36.jpg,chế,&',1.0,0.5102
7,38.jpg,ở,2,1.0,0.3361
7,45.jpg,tự,he,1.0,0.6467
149,87.jpg,xế,2,1.0,0.1503
76,16.jpg,cơ,coo,1.0,0.8152
30,64.jpg,tải,fu-,1.0,0.6231
15,81.jpg,bán,la,1.0,0.1998
15,97.jpg,thợ,+,1.0,0.4741
26,2.jpg,cả,car,1.0,0.481
111,27.jpg,đầu,dar,1.0,0.695
7,24.jpg,dịch,altl,1.0,0.5793
30,67.jpg,và,wa,1.0,0.7456
30,86.jpg,lễ,&,1.0,0.4418
125,8.jpg,đến,der,1.0,0.413
145,82.jpg,nghĩ,wogle,1.0,0.2919
76,6.jpg,vụ,uu,1.0,0.4302
88,90.jpg,chưa,thi'r,1.0,0.7799
7,16.jpg,để,de,1.0,0.7995
145,68.jpg,trong,hmy,1.0,0.8719
30,38.jpg,ỏi,or,1.0,0.825
7,21.jpg,mua,ng,1.0,0.7733
7,22.jpg,đã,a&,1.0,0.5605
7,23.jpg,đã,d&,1.0,0.7065
125,22.jpg,viên,wet,1.0,0.6269
30,32.jpg,bị,ki,1.0,0.5552
30,3.jpg,tộc,46,1.0,0.2713
30,13.jpg,đầu,dar,1.0,0.5259
30,17.jpg,kê,re,1.0,0.5759
53,6.jpg,trở,h,1.0,0.2848
53,9.jpg,tôi,10,1.0,0.2901
53,23.jpg,đó,po,1.0,0.58
56,52.jpg,bản,bouw,1.0,0.7141
88,62.jpg,ngẫm,yu,1.0,0.2789
149,30.jpg,đến,den',1.0,0.8239
111,25.jpg,50,so,1.0,0.4037
149,37.jpg,hầu,hair,1.0,0.7996
149,39.jpg,vị,si,1.0,0.2281
149,62.jpg,5,s,1.0,0.6568
149,76.jpg,1,4,1.0,0.7785
88,17.jpg,được,slan,1.0,0.5144
88,19.jpg,bạc,drac,1.0,0.7035
125,76.jpg,bất,fak,1.0,0.6538
22,7.jpg,rừng,auiy,1.0,0.3305
22,8.jpg,được,aide,1.0,0.5085
7,73.jpg,nơi,mor,1.0,0.7901
149,16.jpg,không,cas7,1.0,0.3076
53,16.jpg,đối,ch,1.0,0.7
15,44.jpg,21,l,1.0,0.186
15,49.jpg,tôi,161,1.0,0.5095
15,50.jpg,đề,ds,1.0,0.4599
56,86.jpg,"có tài nguyên sinh vật và khoáng sản phong phú, đa dạng, quý hiếm. vùng biển và hải đảo nước ta có vị trí chiến lược hết sức to lớn, có ảnh hưởng trực tiếp đến sự nghiệp bảo vệ nền độc lập dân tộc và xây dựng chủ nghĩa xã hội, có liên quan trực tiếp đến sự phồn vinh của đất nước, đến văn minh và hạnh phúc của toàn dân.",,1.0,0.0
145,94.jpg,khởi,e,1.0,0.4602
15,57.jpg,hà,hla,1.0,0.6953
15,73.jpg,đã,tt,1.0,0.5797
15,13.jpg,"thành công ấy, liệu có mấy người đạt được? sau mỗi mùa thi đại học, có bao "" sĩ tử "" buồn rầu khi biết mình trở thành "" tử sĩ "". hai bảy điểm, cao thật đấy. nhưng cao mà làm gì khi nv1 lấy tới hai bảy phẩy năm? đó thật ra không phải là thất bại, chỉ là khi thành công - bị - trì - hoãn mà thôi. cuộc sống vẫn chào đón họ với nv2, nv3. quan trọng là họ đã nỗ lực hết sức để khẳng định mình. đó là ý nghĩa vẹn nguyên của các kỳ thi, và cũng là bản chất của thành công.",,1.0,0.0
15,20.jpg,vừa,ouy,1.0,0.6742
149,85.jpg,ven,wh,1.0,0.5719
125,59.jpg,sò,33,1.0,0.3732
115,98.jpg,400,nee,1.0,0.8192
53,12.jpg,được,tior,1.0,0.9292
53,13.jpg,có,s,1.0,0.1164
72,98.jpg,là,ti,1.0,0.2695
72,99.jpg,đã,d&,1.0,0.748
132,1.jpg,đó,4o,1.0,0.4588
132,6.jpg,tư,fu,1.0,0.7243
132,13.jpg,rủ,tu,1.0,0.5512
56,56.jpg,là,1,1.0,0.335
56,97.jpg,"một khu du lịch chụp giật đã ra đời mà chính quyền không hay. mới đây, tổng cục trưởng tổng cục du lịch võ thị thắng vào đến tận đây, rồi người ta lắc đầu ngao ngán. lại một lần nữa, chính ban quản lý rừng phòng hộ đầu nguồn sêrêpôk đã "" thả cửa "" cho sự hình thành một khu du lịch trời ơi như thế... sáu năm trôi đi vắng lặng kể từ ngày dự án "" dankia resort "" được phê duyệt, ở lâm đồng dường như người dân lơi dần để ý đến nó, báo chí cũng không còn say sưa nhắc đến.",,1.0,0.0
98,63.jpg,cá,ca',1.0,0.9244
98,66.jpg,chỉ,tehe,1.0,0.598
98,51.jpg,đạt,atat,1.0,0.7575
98,97.jpg,tôi,js,1.0,0.5844
98,84.jpg,rồi,her,1.0,0.5738
98,86.jpg,sơ,eb,1.0,0.7795
56,2.jpg,đạo,th,1.0,0.7139
56,3.jpg,bị,li,1.0,0.636
98,55.jpg,dạy,clay,1.0,0.9422
111,9.jpg,họ,to,1.0,0.8077
98,71.jpg,vũ,nw,1.0,0.9417
26,69.jpg,ấy,a,1.0,0.3234
26,55.jpg,xây,xxciy,1.0,0.4812
98,94.jpg,cổ,co',1.0,0.2503
56,1.jpg,ăn,ir,1.0,0.299
112,58.jpg,sa,de,1.0,0.5565
112,59.jpg,tục,lluc,1.0,0.7234
41,31.jpg,cổ,co?,1.0,0.5001
145,16.jpg,sẽ,ac,1.0,0.2974
145,18.jpg,của,wn,1.0,0.2462
98,70.jpg,cố,c51,1.0,0.6719
112,98.jpg,là,ca,1.0,0.6486
112,100.jpg,ít,ii,1.0,0.7879
76,44.jpg,sản,saur,1.0,0.6477
98,31.jpg,để,ds,1.0,0.7476
98,18.jpg,hoạch,rvall,1.0,0.657
26,21.jpg,báo,n&.,1.0,0.6756
26,32.jpg,đã,ta,1.0,0.853
26,35.jpg,cá,cal,1.0,0.8607
98,75.jpg,là,d,1.0,0.1276
34,27.jpg,đến,tm,1.0,0.5745
112,33.jpg,hội,to,1.0,0.6826
98,44.jpg,văn,yow,1.0,0.2732
98,47.jpg,thủ,pil,1.0,0.2646
123,14.jpg,lộ,2s,1.0,0.2274
98,76.jpg,tòa,dou,1.0,0.8876
34,24.jpg,2004,ioh,1.0,0.4901
34,25.jpg,ở,2,1.0,0.2478
92,51.jpg,có,&,1.0,0.1451
92,68.jpg,"chú lơ tên hải đứng gác thuyền, gác máy. nhiệm vụ quan trọng nhất của chú là không để thuyền người khác đi qua vùng lặn kéo theo những dây nhựa đang nổi bồng bềnh trên mặt biển đang nối liền với miệng của thợ lặn để cung cấp khí thở; gỡ các dây khi sóng biển làm rối vào nhau và đổ nước mát cho các máy trên thuyền đủ sức chạy trong nhiều giờ liền. là một thợ lặn trẻ biết hết mọi chuyện mưu sinh dưới biển, hải kể : "" dưới đáy biển, thợ lặn phai dùng một cái dùi bằng sắt hoặc con dao nhọn để cạy những con ngao, con sò bám rất chắc vào hang đá.",,1.0,0.0
92,69.jpg,khẩu,llan,1.0,0.5056
112,30.jpg,sở,2,1.0,0.2607
34,12.jpg,bộ,66,1.0,0.5471
92,95.jpg,hôm,tlom,1.0,0.8267
88,83.jpg,cũng,usy,1.0,0.4655
92,76.jpg,làm,9,1.0,0.956
92,78.jpg,thể,&,1.0,0.4912
92,92.jpg,rất,,1.0,0.0
92,79.jpg,sự,ru,1.0,0.5021
92,81.jpg,vn,vai,1.0,0.7894
92,100.jpg,đã,d&,1.0,0.5393
56,34.jpg,7,a,1.0,0.3087
145,7.jpg,độc,tou,1.0,0.8822
98,90.jpg,được,tis.,1.0,0.6801
92,90.jpg,đdv,d d v,1.0,0.9314
30,69.jpg,sơ,h,1.0,0.3589
30,61.jpg,đó,d',1.0,0.7337
111,15.jpg,đó,0o,1.0,0.2919
56,24.jpg,trong,-lnomy,1.0,0.6749
111,40.jpg,trình,dhier,1.0,0.5696
26,39.jpg,km2,/,1.0,0.3484
56,76.jpg,sẽ,ae,1.0,0.2884
111,7.jpg,xem,cln,1.0,0.284
56,19.jpg,hải,tzn,1.0,0.3973
76,27.jpg,như,mhui,1.0,0.838
98,54.jpg,đạo,da,1.0,0.722
145,31.jpg,hội,to:,1.0,0.6217
145,54.jpg,có,&,1.0,0.2478
145,41.jpg,cư,cul,1.0,0.6185
145,42.jpg,vì,3,1.0,0.1583
76,49.jpg,xử,2,1.0,0.4934
76,40.jpg,báo,hac,1.0,0.6243
76,41.jpg,kết,12't,1.0,0.5799
41,45.jpg,quá,cma,1.0,0.6011
41,8.jpg,đào,das,1.0,0.7931
41,50.jpg,bảo,&0,1.0,0.5555
30,96.jpg,hiếu,thew,1.0,0.7462
30,97.jpg,đến,der,1.0,0.6241
41,13.jpg,có,no,1.0,0.3606
7,9.jpg,lẽ,c,1.0,0.6298
7,14.jpg,quý,gwy,1.0,0.3336
41,14.jpg,kiến,hrek,1.0,0.7124
30,100.jpg,634,6 3l1,1.0,0.6733
30,92.jpg,nơi,w?,1.0,0.4632
41,16.jpg,đồng,dory,1.0,0.746
41,47.jpg,và,ua,1.0,0.6169
58,13.jpg,"bán thuốc giá cao, công ty sanofi phải giải trình. trao đổi với tuổi trẻ chiều tối 22 - 3, một lãnh đạo thanh tra bộ y tế cho biết : "" chúng tôi đang yêu cầu công ty sanofi synthelabo giải trình lý do giá một số mặt hàng của công ty này bán tại vn với giá cao hơn khi xuất khẩu đi một số nơi trong khu vực như hong kong và campuchia "". thanh tra bộ y tế cũng kiến nghị bộ y tế sắp xếp lại hệ thống các nhà phân phối, nhất là khâu bán buôn nhằm hạn chế kinh doanh lòng vòng làm nâng giá thuốc; lập ngân hàng dữ liệu giá thuốc (giá thuốc cùng loại ở nước sản xuất, ở các nước trong khu vực) để có cơ sở quản lý giá; quản lý khâu cung ứng, sử dụng thuốc tại cơ sở khám chữa bệnh, trách nhiệm của bác sĩ kê đơn thuốc...",p,0.9986,0.1523
80,95.jpg,"tuy nhiên, cũng phải nhìn nhận rằng những chính sách này vẫn còn một số điểm hạn chế, chưa đáp ứng được đầy đủ nguyện vọng của bà con. mặt khác, việc thực hiện chính sách chưa đồng bộ, thậm chí có những trường hợp cá biệt còn trái với cả chủ trương, chính sách của nhà nước. lý do thứ hai là hoàn cảnh hiện tại rất khác so với thời điểm ban hành những chính sách trước đây. nếu như năm 1986 - 1987, số bà con việt kiều về thăm quê chỉ khoảng 8.000 người thì nay đã tăng lên 360.000 lượt người / năm, lượng kiều hối chuyển về cũng đạt mức kỷ lục là 2,6 tỉ usd / năm.",r,0.9982,0.1312
57,28.jpg,tây nguyên và nam bộ : có khả năng thiếu nước trên diện rộng. cục thủy lợi (bộ nông nghiệp & phát triển nông thôn) dự báo khu vực tây nguyên và nam bộ có khả năng sẽ thiếu nước ngọt và bị nước mặn xâm nhập trên diện rộng vì từ nay đến tháng 5 - 2004 tổng lượng mưa tại các tỉnh trong khu vực sẽ thiếu hụt so với trung bình nhiều năm cùng thời kỳ. dự báo nếu tiếp tục không mưa và nước mặn xâm nhập sâu sẽ khiến hơn 44.000 ha đất nông nghiệp gặp khó khăn về nguồn nước tưới vào cuối vụ đông xuân.,a,0.998,0.2536
112,62.jpg,"trong lúc nhiều công dân có đất tại khu dân cư mới xuân hải bất ngờ không hiểu chuyện gì đang xảy ra thì tiếp đó họ lại nhận được giấy thông báo của phòng tài chính - kế hoạch huyện sông cầu về việc trả lại tiền sử dụng đất, có được cộng với lãi suất của ngân hàng theo thời điểm nộp tiền. lý do được phía chính quyền tỉnh phú yên thông báo một cách khá lạnh lùng : thực hiện thông báo 904 / tb - ub ngày 15 - 12 - 2003 của ubnd tỉnh phú yên là phải thu hồi đất của các hộ dân ngoài xã xuân hải.",e,0.998,0.1101
39,88.jpg,"và cũng do mặt bằng trạm thu phí không thể mở rộng thêm nên việc xây dựng bốn làn xe ôtô vào trạm rất chật hẹp; còn ở làn xe hai bánh cũng quá chật hẹp không đáp ứng số lượng phương tiện xe lưu thông đi qua nhất là vào giờ cao điểm sáng, lúc mật độ lưu thông tăng cao từ hướng ngoại thành và các tỉnh qua cầu bình triệu về trung tâm tp. trạm thu phí đặt tại chân cầu bình triệu cho thấy sau khi xe nộp phí sẽ khó thông thoát nhanh vì muốn qua trạm là xe bắt đầu leo dốc lên cầu với tốc độ rất chậm.",e,0.998,0.1941
123,99.jpg,"một số người đã xin được giấy phép ubnd xã xuân hải để đổ đất nâng mặt bằng, nhưng khi tiến hành thì bị cư dân ở địa phương ngăn cản quyết liệt. còn ubnd huyện sông cầu lại không trả lời dứt khoát, cứ hẹn lần hẹn lữa về việc sẽ cấp giấy phép xây dựng nhà ở cho những người đã được cấp đất. đến ngày 11 - 1 - 2003 , các hộ mua đất ở khu dân cư mới xuân hải đột ngột bị mời về huyện sông cầu để nghe phổ biến chủ trương của ubnd tỉnh phú yên, thu hồi đất đối với các hộ dân không thường trú tại xã xuân hải.",ef,0.998,0.1708
142,35.jpg,"mới hay tất cả chúng tôi đã được hai ông bà người tàu mua đi bán lại từ người khác như những món hàng. "" cả đời tôi chẳng biết đến một dòng nhật ký. ngày dài nơi xứ lạ với bao sự cố bất ngờ, không hi vọng, tôi thay anh em viết lại cuộc hành trình để mong ngày trở về... làm kinh nghiệm cho những lao động khác "" - nguyễn văn toàn (xóm vạn an, vân diên, nam đàn, nghệ an) - tác giả cuốn nhật ký. không có tiền ăn, chúng tôi phải lội suối đi vào rừng mò cua bắt cá, kiếm rau, xin đu đủ... ăn cho khỏi chết đói.",a,0.998,0.4242
98,100.jpg,"với việc ra đời nghị quyết này, công tác nvơnn thời gian tới sẽ chú trọng những điểm nào thưa ông? - nghị quyết lần này đã nêu ra bốn nhóm giải pháp, trong đó được đề cập đầu tiên là vấn đề trọng dụng nhân tài. chúng ta biết rằng cộng đồng nvơnn tuy vào khoảng 2,7 triệu người nhưng tiềm lực kinh tế của cộng đồng chưa phải là lớn, bù lại tiềm năng chất xám lại vô cùng phong phú. nhiều việt kiều trẻ tuổi, nhiều trí thức kiều bào có nguyện vọng được về nước làm việc.",fa,0.9979,0.2699
88,72.jpg,"trả lời câu hỏi : vì sao vụ tiêu cực gây nhiều bức xúc trong dư luận mà phải để quá lâu, đến nay đã hơn hai năm vẫn chưa có kết luận gì, lãnh đạo cơ quan điều tra giải thích : ngoài nguyên nhân do thiếu... điều tra viên, còn nguyên nhân khác khiến công tác điều tra phải kéo dài là do vướng ở khâu giám định. theo đó, muốn khởi tố, truy tố được những cá nhân sai phạm, cơ quan điều tra buộc phải chứng minh bằng chứng cứ, tức phải có các số liệu thực tế về vật liệu bị bớt xén...",c,0.9979,0.0961
76,65.jpg,"thành công ấy, liệu có mấy người đạt được? sau mỗi mùa thi đại học, có bao "" sĩ tử "" buồn rầu khi biết mình trở thành "" tử sĩ "". hai bảy điểm, cao thật đấy. nhưng cao mà làm gì khi nv1 lấy tới hai bảy phẩy năm? đó thật ra không phải là thất bại, chỉ là khi thành công - bị - trì - hoãn mà thôi. cuộc sống vẫn chào đón họ với nv2, nv3. quan trọng là họ đã nỗ lực hết sức để khẳng định mình. đó là ý nghĩa vẹn nguyên của các kỳ thi, và cũng là bản chất của thành công.",h,0.9979,0.3065
14,65.jpg,"thành công ấy, liệu có mấy người đạt được? sau mỗi mùa thi đại học, có bao "" sĩ tử "" buồn rầu khi biết mình trở thành "" tử sĩ "". hai bảy điểm, cao thật đấy. nhưng cao mà làm gì khi nv1 lấy tới hai bảy phẩy năm? đó thật ra không phải là thất bại, chỉ là khi thành công - bị - trì - hoãn mà thôi. cuộc sống vẫn chào đón họ với nv2, nv3. quan trọng là họ đã nỗ lực hết sức để khẳng định mình. đó là ý nghĩa vẹn nguyên của các kỳ thi, và cũng là bản chất của thành công.",h,0.9979,0.2444
113,86.jpg,"họ đã chết trên đường mưu sinh. hơn 2 giờ chiều, vẫn mưa lất phất, thị trấn khâm đức, huyện phước sơn (quảng nam) đã hiện ra trước mặt chúng tôi. khác với vẻ đông vui, nhộn nhịp mọi ngày, "" phố vàng "" - cái tên được mọi người quen gọi cho khâm đức hôm nay bỗng lặng lẽ, âm u... "" thấy người ta chết thảm thiết rứa, làm răng ai có thể làm ngơ được "". xác 19 công nhân làm vàng thuộc công ty tnhh trường sơn tại bãi vàng phước thành (phước sơn) đã được đưa về thị trấn này.",fe,0.9979,0.1917
26,40.jpg,"thành công là khi bố và con trai có dũng khí bước vào bếp, nấu những món ăn mẹ thích nhân ngày 8 - 3. món canh có thể hơi mặn, món cá sốt đáng lẽ phải có màu đỏ sậm thì lại ngả sang màu... đen cháy. nhưng nhìn mâm cơm, mẹ vẫn cười. bởi vì hai bố con không thể thành công trên chiến trường bếp núc, nhưng lại thành công khi tặng mẹ "" đoá hồng "" của tình yêu. một món quà ý nghĩa hơn cả những món quà quý giá, hạnh phúc ấy long lanh in trong mắt mẹ.",s,0.9978,0.4131
124,56.jpg,"bản chất của thành công đã bao giờ bạn tự hỏi thành công là gì mà bao kẻ bỏ cả cuộc đời mình theo đuổi? phải chăng đó là kết quả hoàn hảo trong công việc, sự chính xác đến từng chi tiết? hay đó là cách nói khác của từ thành đạt, nghĩa là có được một cuộc sống giàu sang, được mọi người nể phục? vậy thì bạn hãy dành chút thời gian để lặng mình suy ngẫm. cuộc sống sẽ chỉ cho bạn có những người đạt được thành công theo một cách giản dị đến bất ngờ.",h,0.9978,0.2338
61,11.jpg,"thì vẫn có hàng ngàn cuộc kiếm tìm như vậy, nhưng câu chuyện về người anh trai của hai người phụ nữ tôi gặp trong buổi sáng 27 - 7 trên đài tưởng niệm thành cổ quảng trị thì không như những cuộc kiếm tìm khác. hai chị lấy từ trong túi xách ra một cuốn nhật ký đã ố vàng. cuốn nhật ký của một người lính trẻ, anh là nguyễn kỳ sơn. đồng đội anh đã chuyển cuốn nhật ký về cho gia đình sau khi anh hi sinh và được gia đình gìn giữ như một báu vật thiêng liêng.",he,0.9978,0.3036
77,47.jpg,"nhặt và gọi. một ngày làm việc của anh âm bắt đầu bằng việc làm quen với một anh lái xe ôm bất kỳ. "" tôi là nhân viên công ty báo mất khai minh ... "". đáp lại là một cái nhìn đầy ngạc nhiên. anh âm giải thích : "" chắc anh cũng đã từng nhặt được giấy tờ rơi rớt, công ty chúng tôi sẽ giúp anh trong việc tìm người bị mất và trả lại cho họ. anh chỉ cần gọi điện thoại... "". anh xe ôm chẳng thắc mắc gì mà nhanh chóng hưởng ứng : "" tốt quá.",e,0.9977,0.5805
20,52.jpg,"trong suốt quá trình trả lời thẩm vấn về các nội dung chi tiền, điệp khúc "" đây là những khoản chi cần thiết trong quá trình thực hiện dự án "" được lã thị kim oanh lặp đi lặp lại. những khoản chi cần thiết, theo lã thị kim oanh, là chi cho hội họp, giao dịch, mời các sở, ban ngành xuống thực địa các dự án, thậm chí... đi lễ chùa. "" công trình trung tâm tiếp thị 79 hàng bồ có gì đâu mà phải mời tất cả các ban ngành xuống? "" "" - tòa hỏi.",e,0.9977,0.1903
12,44.jpg,"những người đi tìm niềm vui. cách đây hai năm có một chàng thanh niên vừa ra trường từ phố núi xuống thành phố tìm việc làm. lơ ngơ thế nào, chàng ta bị mất sạch giấy tờ và phải quay về quê vất vả hoàn tất rất nhiều thủ tục hành chính để làm lại. lại đi tìm việc. đọc chán những thông báo tìm người trên báo, anh chàng lại đọc cả những thông báo tìm giấy tờ, người thân bị thất lạc. và thế là ý tưởng về một dịch vụ báo mất ra đời...",t,0.9977,0.2219
80,96.jpg,"theo dự kiến, hôm nay 24 - 3, hđxx sẽ chuyển sang thẩm vấn nội dung cố ý làm trái gây hậu quả nghiêm trọng của các bị cáo. trao đổi với báo chí chiều qua, phó chánh tòa hình sự nguyễn quốc tú cho biết việc tiến hành đối chất giữa bị cáo nguyễn quang hà và nguyễn thiện luân với nguyên bộ trưởng bộ nn & ptnt nguyễn công tạn và bộ trưởng bộ nn & ptnt lê huy ngọ sẽ được hđxx căn cứ vào tình hình thực tế quyết định.",e,0.9976,0.1762
25,58.jpg,"vừa thấy bóng anh nghĩa đi vào là mấy chị ở xóm ve chai ở p. 17, gò vấp đã đon đả thông báo : "" bữa qua... không nhặt được gì hết. hôm nay thì đang lựa đây "". anh nghĩa xắn tay áo lên cùng với mấy chị xáo tung mớ vỏ hộp, giấy vụn , sách tập cũ các loại. trong một cuốn sách cũ chợt rơi ra tấm thẻ sinh viên của một cô gái, hết hạn năm... 2001. mọi người cùng cười : "" xui quá hả? thôi, cứ cất làm kỷ niệm, biết đâu... "".",fe,0.9976,0.2882
33,41.jpg,"tôi mất hơn một tháng rồi, cũng chẳng biết mất ở đâu. đỡ ghê, khỏi phiền phức... "". còn vô số câu chuyện thú vị như vậy. đó là khi một anh cán bộ kêu thốt lên ngạc nhiên khi đến nhận lại một cặp hồ sơ : "" tôi đã bị mất nó khi công tác ở bạc liêu cơ mà. sao lại lưu lạc tận đây? "". khi một chị ở an giang lên thành phố bị giật mất giỏ xách, có điện thoại hẹn đến q.9 để nhận lại, chị không dám tới và đã nhờ khai minh.",ae,0.9976,0.2243
16,94.jpg,"và 115 đã trở thành số điện thoại đáng tin cậy của nhiều người... theo những vòng xe cấp cứu. buổi sáng 10 - 11 - 2003 tôi ngồi ở phòng cấp cứu 115 của bệnh viện trưng vương. trên bàn trực có những năm điện thoại bàn và hai bộ đàm. y tá liêu văn trường trực điện thoại, có tiếng chuông reo vang, trường cầm ống nghe : "" ồ không có gì đâu! nhiệm vụ của chúng tôi mà. anh ấy bình phục là tôt rồi "".",t,0.9975,0.1605
130,98.jpg,"ông hà văn dũng, giám đốc sở giao thông công chánh, đề nghị đưa vào chương trình công tác quý 2 một số việc liên quan đến ngành giao thông : mở một cảng ở phú hữu, quận 7 để giảm 25% lượng xe tải vào tp. ông thông tin : "" nhà nước chỉ cần hỗ trợ 30 tỉ đồng tiền mặt bằng, còn các dn vận tải biển đồng ý hợp tác đầu tư toàn bộ cầu cảng. tôi nói thiệt, dn sợ "" lót đường "" nên rất muốn vô thẳng phú hữu "".",e,0.9975,0.2644
75,80.jpg,"dankia vẫn lặng lẽ "" nhỡ nhàng ""... đứng trên đỉnh lang bian nhìn xuống, người ta mê mẩn cảnh dankia dưới kia. 110 năm trước, yersin đã bàng hoàng trước vẻ đẹp của vùng rừng núi ấy, để rồi bừng lên ý tưởng về một thành phố nghỉ dưỡng. nhưng rồi đà lạt ra đời lại không nằm ở dankia, mà bên suối lat (hồ xuân hương nay). vậy nên vùng đất tuyệt đẹp kia vẫn mãi nằm lặng lẽ, quyến rũ, gọi mời...",t,0.9974,0.2769
81,55.jpg,"thế là họ tính bài truyền nghề lặn máy cho thanh niên trong làng và tạo lập "" vệ tinh "" để khi cần họ thuê đi lặn. vì thế suốt dọc dài vùng biển phía bắc miền trung có bao nhiêu làng biển, nhưng chỉ có mỗi làng xuân hòa thạo nghề và trở thành "" đội quân thiện chiến "". nơi đây tóc của thợ lặn nào cũng vàng hoe như tóc nhuộm và mắt của họ thì vàng lơ như mắt tây.",h,0.9972,0.1219
28,87.png,"sự dồi dào của tiếng việt không chỉ xuất hiện trong cấu trúc từ ngữ mà còn trong khả năng biểu đạt ý nghĩa. từ vựng của ngôn ngữ này ngày càng phong phú, thể hiện sự phát triển và tiến bộ của xã hội. ngữ pháp, qua thời gian, đã trở nên linh hoạt hơn, chính xác hơn, mang lại sức sống và sự độc đáo cho các diễn đạt.",x,0.9968,0.2112
72,82.jpg,"thứ trưởng bộ tài nguyên & môi trường đặng hùng võ cho biết dự thảo nghị định đã thiết kế văn phòng đăng ký quyền sử dụng đất ở hai cấp : thuộc sở và thuộc phòng tài nguyên & môi trường (cấp tỉnh và huyện). văn phòng này có chức năng tổ chức thực hiện đăng ký sử dụng đất, quản lý hồ sơ địa chính và thực hiện thủ tục hành chính trong quản lý, sử dụng đất theo cơ chế "" một cửa "". nhưng trong đó chỉ duy nhất "" cửa "" ở cấp tỉnh được lập, chỉnh lý và quản lý hồ sơ địa chính gốc, còn "" cửa "" ở cấp huyện chỉ giữ các bản sao.",ht,0.9962,0.2002
95,72.jpg,"điểm cuối của con đường là vùng sơn thủy gần như trinh nguyên mà ta có thể nhìn thấy nó từ đỉnh cao hơn 1.900 m của dãy lang bian. nơi đây ngày nào yersin đã đề nghị xây dựng một trung tâm nghỉ dưỡng độc đáo nhất đông dương trên cao nguyên. những năm đầu thập kỷ 1990, tập đoàn natsteel, jurong environment ngineering, và lkn management service pte của singapore khi đặt chân đến đây đã... ngây ngất, và thế là dự án "" dankia resort "" (một dự án đầu tư du lịch lớn với 706 triệu usd) ra đời (liên doanh với công ty du lịch lâm đồng).",fse,0.9962,0.2456
110,50.jpg,"họ đã chết trên đường mưu sinh. hơn 2 giờ chiều, vẫn mưa lất phất, thị trấn khâm đức, huyện phước sơn (quảng nam) đã hiện ra trước mặt chúng tôi. khác với vẻ đông vui, nhộn nhịp mọi ngày, "" phố vàng "" - cái tên được mọi người quen gọi cho khâm đức - hôm nay bỗng lặng lẽ, âm u... "" thấy người ta chết thảm thiết rứa, làm răng ai có thể làm ngơ được "". xác 19 công nhân làm vàng thuộc công ty tnhh trường sơn tại bãi vàng phước thành (phước sơn) đã được đưa về thị trấn này.",sr,0.9958,0.2509
59,38.jpg,""" tội nghiệp, họ toàn là người miền bắc... "" - một chủ quán ở đầu thị trấn nói khi tôi dừng lại hỏi về tình hình bãi vàng. "" nhà vĩnh biệt "". bên chiếc lều bạt mới được công ty trường sơn dựng lên để tạm làm "" nhà vĩnh biệt "", bốn người thợ liệm - vốn cũng là công nhân đào vàng - đang tiếp tục công việc của họ. "" chúng tôi đang "" sửa soạn "" cho người thứ 12 đây! "" - một thợ liệm nói. "" mặt mày, mình mẩy ai cũng bị trầy sướt, bầm giập cả",hae,0.9955,0.2827
12,17.jpg,"ông trần du lịch : "" có khi chính tình hình kinh tế quý 1 giảm sút, chúng ta mới quyết tâm cải cách thủ tục hành chính, buộc bộ máy hành chính phải chuyển động "". hôm nay, hội nghị tiếp tục làm việc. sáng cùng ngày 30 - 3, ban thường vụ thành ủy đã triệu tập hội nghị cán bộ nghiên cứu quán triệt nghị quyết hội nghị lần 9 ban chấp hành trung ương khóa ix và chương trình hành động của thành ủy thực hiện nghị quyết hội nghị trung ương 9.",ha,0.9954,0.4276
43,93.jpg,"sự thật vụ kiểm lâm bị "" cưa tay "". tt - tuổi trẻ đã đưa tin (theo nguồn tin ttxvn) về vụ trương bảo hải - nhân viên kiểm lâm hợp đồng ở chư prông, gia lai - bị một "" lâm tặc "" cưa tay, gây thương tích phải vào bệnh viện tỉnh gia lai để cấp cứu vào chiều 15 - 3 - 2004. theo thông tin ban đầu, phía nạn nhân khai nhận với một số pv báo chí là do hải đuổi bắt "" lâm tặc "" bị tấn công trọng thương, nhưng sau đó hải đã thay đổi lời khai.",as,0.9954,0.4027
15,98.jpg,"một anh thu gom rác dân lập đang nặng nề đẩy xe trong một con hẻm đường lê lợi đã mừng rỡ vẫy : "" có nè... "". anh móc trong túi áo ra ba chứng minh nhân dân : "" tôi lượm được trong đám rác này nè. trước giờ, phân rác ra thỉnh thoảng cũng thấy. gặp giấy của người quen thì trả, chẳng biết của ai thì... thôi. công chuyện bận quá mà "". anh âm cầm mấy cái giấy, vuốt thẳng rồi cất vào cặp, cẩn trọng như giấy tờ của chính mình...",me,0.9953,0.1745
40,93.jpg,"chuyện những người mang số 115. sáng nay ngồi quán cà phê cóc, ông bạn già của tôi tâm sự : "" chú mày biết không, hôm kia không nhờ cấp cứu đã xong cái mạng già này! "". số là trở về nhà sau một chầu nhậu, bị tăng huyết áp đột ngột, ông bị choáng ngất, bà vợ luống cuống tay chân hét toáng lên. một người hàng xóm nhanh trí gọi số 115 xin cấp cứu... đó chỉ là một trong hàng ngàn trường hợp "" không nhờ cấp cứu đã... "".",toe,0.9952,0.3211
126,46.jpg,"hiện ở công ty khai minh mới chỉ có sáu nhân viên làm nhiệm vụ tìm kiếm, nhưng con số những người làm cộng tác viên cho họ đã nhân ra tới hàng trăm. những bao bì đựng giấy tờ đủ loại thu lượm được ngày càng đầy lên trong ngăn kéo. chỉ thu phí khi "" châu về hợp phố "" nên đã hoạt động hơn một năm nhưng họ vẫn chưa có lãi. bên cạnh đó, còn rất nhiều khách hàng chưa được đáp ứng nhu cầu.",at,0.9948,0.2781
13,96.jpg,"trước giờ g bạt núi thông hầm. ầm... ầm... ầm, những tiếng nổ mìn vang vọng từ lòng đất núi hải vân. những mét hầm cuối cùng sắp sửa thông nhau đã làm cả đại công trình này tấp nập, khẩn trương hơn. pv tuổi trẻ đã có mặt ở điểm nóng này. 152 mũi khoan mỗi ngày...! tại điểm khoan 2.827 m, tiếng va chạm giữa mũi khoan thép và đá cứng siết vào nhau phát ra một thứ âm thanh nghe xé cả tai.",tr,0.9948,0.2738
61,16.jpg,"wb giới thiệu mô hình xóa đói giảm nghèo của vn cho các nước đang phát triển. văn phòng ngân hàng thế giới (wb) tại vn cho biết từ ngày 25 - 27 / 3, tại thượng hải (trung quốc) wb và chính phủ tq sẽ tổ chức hội nghị tri thức toàn cầu nhằm thúc giục giảm nghèo nhanh hơn ở qui mô lớn. hội nghị này sẽ qui tụ khoảng 600 đại biểu cùng nghiên cứu hàng loạt các trường hợp cụ thể minh họa những mô hình thành công và chưa thành công, chỉ rõ những cách tiếp cận thực sự có hiệu quả trong giảm nghèo ở qui mô lớn trong nhiều khung cảnh kinh tế, xã hội và định chế.",eraa,0.9946,0.2735
69,20.jpg,""" mong hđxx xem xét hoàn cảnh của các đồng nghiệp của tôi lúc đó "", bộ trưởng ngọ nói với hđxx nhưng dường như cũng có ý "" chia sẻ "" với hai cấp dưới của mình trên hàng ghế bị cáo. bị cáo nguyễn thiện luân (nguyên thứ trưởng bộ nn & ptnt) cho biết "" không cần thiết "" đối chất với "" cấp trên "" của mình. trước khi kết thúc, bộ trưởng lê huy ngọ "" tranh thủ "" xin hđxx cho "" phát biểu vài lời "", cho hay ông về bộ tháng 10 - 1997, khi dự án khu triển lãm nông nghiệp đã triển khai được 2 - 3 năm.",era,0.9939,0.474
43,9.jpg,"gái bán dâm chủ yếu trong lứa tuổi 18 - 30, phần lớn là ít học, nghèo khó, còn lại khoảng 15% lười lao động, đua đòi ăn diện và tự nguyện đi vào con đường bán dâm. "" tệ nạn mại dâm vẫn đang diễn biến phức tạp, riêng tp.hcm có tới 10.00 gái bán dâm, đối tượng mua dâm vẫn tăng, nhiều người mua dâm là cán bộ công chức "" - bà hằng nhấn mạnh. về phòng chống tội phạm ma túy, trong ba năm qua số người nghiện tăng ở 53 / 64 tỉnh thành, chỉ 40% người nghiện được đưa đi cai nghiện tập trung.",rtre,0.9938,0.4817
57,57.jpg,"với việc ra đời nghị quyết này, công tác nvơnn thời gian tới sẽ chú trọng những điểm nào thưa ông? - nghị quyết lần này đã nêu ra bốn nhóm giải pháp, trong đó được đề cập đầu tiên là vấn đề trọng dụng nhân tài. chúng ta biết rằng cộng đồng nvơnn tuy vào khoảng 2,7 triệu người nhưng tiềm lực kinh tế của cộng đồng chưa phải là lớn, bù lại tiềm năng chất xám lại vô cùng phong phú. nhiều việt kiều trẻ tuổi, nhiều trí thức kiều bào có nguyện vọng được về nước làm việc.",ettre,0.9936,0.3751
22,56.jpg,"với cách nói khẳng khái của một người ở tuổi 40 nhưng có đến 22 năm theo nghề khoan hầm, anh tâm sự : "" trong số 32 người ở đội khoan số 1 này, hơn nửa là lính đi từ thủy điện hòa bình, yaly đến cần đơn và nay là hầm hải vân "". với họ, mỗi năm 365 ngày thì chỉ dành cho gia đình không quá 15 ngày, số còn lại là công trường và lán trại. sau hơn bốn giờ lao động cực nhọc, bữa ăn giữa ca là một bánh chưng, bánh mì, tô mì tôm trước khi về nhà tự túc mỗi bữa cơm.",tar,0.9935,0.2425
50,88.jpg,"thành công là khi bố và con trai có dũng khí bước vào bếp, nấu những món ăn mẹ thích nhân ngày 8 - 3. món canh có thể hơi mặn, món cá sốt đáng lẽ phải có màu đỏ sậm thì lại ngả sang màu... đen cháy. nhưng nhìn mâm cơm, mẹ vẫn cười. bởi vì hai bố con không thể thành công trên "" chiến trường "" bếp núc, nhưng lại thành công khi tặng mẹ "" đoá hồng "" của tình yêu. một món quà ý nghĩa hơn cả những món quà quý giá, hạnh phúc ấy long lanh in trong mắt mẹ.",hrn,0.9933,0.2062
128,12.jpg,"sự thật vụ kiểm lâm bị "" cưa tay "". tt - tuổi trẻ đã đưa tin (theo nguồn tin ttxvn) về vụ trương bảo hải - nhân viên kiểm lâm hợp đồng ở chư prông, gia lai - bị một "" lâm tặc "" cưa tay, gây thương tích phải vào bệnh viện tỉnh gia lai để cấp cứu vào chiều 15 - 3 - 2004. theo thông tin ban đầu, phía nạn nhân khai nhận với một số pv báo chí là do hải đuổi bắt "" lâm tặc "" bị tấn công trọng thương, nhưng sau đó hải đã thay đổi lời khai.",tee,0.9931,0.3357
51,43.jpg,"hỏi nguồn hàng ở đâu, cô nhân viên bán hàng cho biết lấy từ các đầu nậu ở bình phước, nhưng thỉnh thoảng lấy ở nhà ông ba "" đen "" - một đầu mối khá lớn cách đây chỉ 50 m. theo chỉ dẫn của cô bán quán, chúng tôi tìm đến nhà ba "" đen "". tuy nhiên ông ba cảnh giác : "" thú rừng bây giờ hiếm lắm, nhà chỉ còn mỗi một con cheo khoảng 1,8 kg... "". hỏi mua với số lượng lớn thì ông ba lại chỉ sang các đầu nậu ở lâm đồng, đồng nai...",cee,0.993,0.2624
130,16.jpg,"thế rồi hết vụ chống tiêu cực đến việc anh đại đeo đuổi vụ kiện, của cải trong nhà lần lượt đội nón ra đi. tối 21 - 3, chúng tôi tìm đến chỗ trọ của vợ chồng anh trong ngôi nhà nhỏ của người em gái chị xoan. ở đó có đến 13 con người chen chúc nhau sống trong đó. một đầu hè căn nhà được người em cho vợ chồng chị xoan che chắn tạm bợ bằng những tấm bạt, nilông và những miếng tôn vụn còn in dấu vôi vữa ở các công trình để ở tạm.",ase,0.993,0.3152
44,37.jpg,"1 - 12 - 2003, chỉ còn ít lâu là tết nguyên đán, công ty chuộc ra, đưa trở lại công trường, hứa giải quyết về trước tết, lại làm việc và sống cầm hơi như cũ. ngày 2 - 1 - 2004, hồ văn trương bị té lầu trong khi làm việc. từ chiều đến 11 giờ đêm mới có y tá đến đưa đi bệnh viện. 12 người trong tù ra, số còn lại thất nghiệp không có tiền ăn, phải tự cứu nhau. chủ công trường không nhận lại vì hết việc.",teeaxt,0.9926,0.4502
10,8.jpg,"sự việc nói trên đã gây bất bình cho hàng trăm hộ dân có đất ở mua tại khu dân cư mới xuân hải, gây nên kiện cáo kéo dài.",s,0.9917,0.2007
62,71.jpg,"sự việc nói trên đã gây bất bình cho hàng trăm hộ dân có đất ở mua tại khu dân cư mới xuân hải, gây nên kiện cáo kéo dài.",1102a,0.9917,0.2722
50,74.jpg,"cầu bình triệu 2 chưa xây xong, làm đường tạm cho các phương tiện giao thông đi lại điều đáng nói là sau đường tạm đến... trạm thu phí tạm... từ đường tạm mãi đến tháng 9 - 2003 cầu bình triệu 2 mới được thông xe bằng đường tạm (cũng vì phải né sáu hộ dân chưa di dời. như vậy, trước thời điểm cấm xe tải nặng lưu thông ở nội ô vào ban ngày (1 - 9 - 2003), cầu bình triệu 2 được "" ép "" đưa vào khai thác trong tình trạng dòng xe phải đi vòng một đoạn phía thủ đức.",ueer,0.9914,0.293
124,97.png,bóng đá là môn thể thao được yêu thích rộng rãi. môn này đòi hỏi sự phối hợp giữa các cầu thủ. người chơi cần có thể lực tốt và kỹ thuật cơ bản. các trận đấu mang lại cảm xúc mạnh mẽ. bóng đá kết nối mọi người với nhau.,hae,0.9909,0.3092
48,45.jpg,"hệ qtcsdl là phần mềm cung cấp pthức để lưu trữ, cập và truy xuất dữ liệu của csdl, bảo mật và an toàn dữ liệu",t,0.9909,0.5107
80,80.jpg,"cũng may là toàn trại hôm đó chỉ có 33 người, thoát chết được 14 người, trong đó có bốn người bị thương. công ty chúng tôi toàn người tỉnh ninh bình, đông nhất là ở hai huyện nho quan, kim sơn. anh nguyễn văn niên - người thoát chết trong gang tấc - vẫn chưa hết bàng hoàng kể lại : "" lúc đó khoảng 23 g 30, đa số anh em còn thức vì một số vừa xem tivi ở trại bên về, một số vừa sửa lại mái trại bị dột vì mưa quá lớn.",crer,0.9904,0.2509
147,58.jpg,"còn những người khác được bán lại qua các ông chủ nhỏ, không biết số phận ra sao. lao động tiếp tục bị bán tứ tán. các ông chủ chặn xe chở lao động vn giành nhau người, tám người ở lại công trường cũ, 17 người chuyển đi gửi tạm ở một công ty môi giới. chúng tôi cầu cứu các nơi nhưng đều tuyệt vọng. kuala lumpur ngày thứ 39. cuộc sống thật ảm đạm, không một ai giúp đỡ chúng tôi, cứ chuyển dời liên tục.",teta,0.9901,0.342
85,91.png,có những đứa trẻ tự xem mình là bác sĩ riêng của bản thân và âm nhạc là liều thuốc chữa lành tốt nhất,e,0.9901,0.2512
129,20.png,"""hay thôi không yêu đương, không lấy chồng, cùng con bạn thân mua một căn hộ xinh xắn, sáng sáng đi làm, tối về cùng nhau đi ăn rồi đi trà sữa, shopping, đêm về xem phim hàn, ngắm trai đẹp""",ree,0.9894,0.3953
63,94.jpg,"tư thỏa thuận với người sử dụng đất để nhận chuyển nhượng hoặc thuê quyền sử dụng đất, nhận",a,0.989,0.5791
10,14.jpg,cũng gọi trực tiếp vào số máy của pv cho rằng việc anh em rượt đuổi và cho người truy tìm,a,0.9888,0.5257
6,91.jpg,hay bê gà đi khắp các sới bằng chiếc ôtô hiệu camry trị giá vài chục ngàn usd của mình.,k,0.9885,0.6949
104,61.jpg,ba phước đang là chủ tịch hội đồng quản trị doanh nghiệp tư nhân sản xuất nước,i,0.9872,0.5409
139,12.jpg,"nhìn căn chòi tạm bợ mà gia đình anh đại cùng nhóm công nhân chống tiêu cực đang tá túc, chúng tôi không khỏi chạnh lòng. họ đấu tranh để cứu lấy công trình có vốn đầu tư trên 43 tỉ đồng, họ đã ngăn chặn một âm mưu rút ruột nhà nước với số tiền tỉ. để rồi bây giờ họ rơi vào cảnh túng quẫn, bần hàn đến vậy sao?",hrts,0.9871,0.1922
19,58.jpg,""" tôi không được bàn giao từ bộ trưởng cũ, những cái bộ trưởng cũ đã quyết định thì anh em cứ tiếp tục làm, có gì phát sinh mới hỏi ý kiến tôi... "".",t2r1,0.9865,0.1983
31,18.jpg,"báo tìm người trên báo, anh chàng lại đọc cả những thông báo tìm giấy tờ,",g,0.9863,0.443
98,50.jpg,"còn mùa đông lạnh thì sao? sá gì, mặc cho giữa biển lạnh buốt. tất nhiên những lúc ấy họ chỉ lặn khoảng một giờ rồi lên nghỉ một chặp, sau đó lặn tiếp. thợ lặn không sợ lạnh, chỉ sợ nhất đang lặn thì gặp biển nổi bão, dông, gió. bước nhảy từ lặn bộ sang lặn máy đã giúp những hội thợ lặn làng xuân hòa có điều kiện chinh phục những vùng biển xa, rộng lớn hơn.",saatae,0.9861,0.2581
104,76.jpg,"xuyên góp công góp của vào các chương trình của địa phương như làm cầu,",mf d,0.9859,0.5522
4,6.jpg,"vừa thấy bóng anh nghĩa đi vào là mấy chị ở xóm ve chai ở p. 17, gò vấp đã đon đả thông báo : "" bữa qua... không nhặt được gì hết. hôm nay thì đang lựa đây "". anh nghĩa xắn tay áo lên cùng với mấy chị xáo tung mớ vỏ hộp, giấy vụn, sách tập cũ các loại. trong một cuốn sách cũ chợt rơi ra tấm thẻ sinh viên của một cô gái, hết hạn năm... 2001. mọi người cùng cười : "" xui quá hả? thôi, cứ cất làm kỷ niệm, biết đâu... "".",tarttae,0.9857,0.403
145,32.jpg,"chúng tôi hỏi có tay gấu không, bà hạ giọng : "" các đầu mối khác không có nhưng tui bảo đảm có, một bộ tay gấu 3,7 triệu đồng; còn 1 cc mật gấu 100.000 đ "". bà viết cho chúng tôi số điện thoại di động (091386315...) bảo : "" cần cứ gọi "".",tektet,0.9831,0.3981
30,5.jpg,"viết bài văn tả một cảnh đẹp ở quê hương em hoặc nơi em ở,",c,0.9828,0.1707
115,25.jpg,"chuông reo vang, trường cầm ống nghe : "" ồ không có gì đâu! nhiệm vụ của chúng tôi mà. anh ấy bình",gm,0.9796,0.6826
59,67.jpg,"không, hôm kia không nhờ cấp cứu đã xong cái mạng già này! "". số là trở về nhà sau một chầu nhậu,",rc1,0.9794,0.4299
91,46.jpg,"đôi mắt thâm quầng và nước da xanh mét, thông nói : "" dẫu sao chúng tôi cũng may mắn hơn những bạn bè khác hiện đang còn kẹt lại ở xứ người "".",n a,0.9789,0.5133
127,94.jpg,"vùng biển và hải đảo nước ta có vị trí chiến lược hết sức to lớn, có ảnh hưởng trực tiếp đến sự",vuakade,0.9789,0.5149
61,5.png,tôi không bao giờ có ý định điên dại soạn thảo một cuốn sách bàn về nghệ thuật viết văn.,ych,0.9773,0.3534
69,97.jpg,phần hàng hải cho biết thông thường các công văn như vậy là cần thiết nhưng không phải,baá,0.9767,0.5292
3,32.jpg,""" thả cửa "" cho sự hình thành một khu du lịch trời ơi như thế... sáu năm trôi đi vắng",md,0.9765,0.6219
39,28.jpg,"màu... đen cháy. nhưng nhìn mâm cơm, mẹ vẫn cười. bởi vì hai bố con không thể thành",r m,0.9759,0.4755
74,18.jpg,"hiện trường đến cổng bệnh viện. sau khi nhận điện báo, mỗi ca cấp cứu gồm êkip một",in,0.9756,0.4276
146,82.jpg,"bờ biển dài 3.260 km, từ quảng ninh đến kiên giang. như vậy cứ 100 km2 thì có 1 km",nn,0.9756,0.5036
12,3.jpg,"ngày ở tù. họ đếm từng ngày trôi đi trong gánh nặng tiền bạc. riêng hồ văn thông,",to,0.9753,0.5079
55,94.jpg,"sắp xếp lại hệ thống các nhà phân phối, nhất là khâu bán buôn nhằm hạn chế kinh",abadan,0.9747,0.4372
30,68.jpg,100% số người được hỏi đều cho biết hoàn toàn tán thành và sẵn sàng hợp tác,4o m,0.9733,0.5158
43,34.jpg,""" tôi không được bàn giao từ bộ trưởng cũ, những cái bộ trưởng cũ đã quyết định thì anh em cứ tiếp tục làm, có gì phát sinh mới hỏi ý kiến tôi... "".",mstzyapa,0.973,0.5369
74,74.jpg,"khi đó, tại khu vực trạm thu phí do bị vướng giải tỏa một số hộ",in,0.9683,0.5947
148,100.jpg,"kiến cảnh hàng chục xe xuống trình "" giấy "" đi ngay như các tài xế đã cho biết. qui trình rất",najaan,0.9677,0.4251
110,53.jpg,""" tiến thoái lưỡng nan "" phải thanh toán hợp đồng khi chỉ thực hiện ngót nghét 28% khối",jht yyl4,0.9655,0.4919
54,29.jpg,"tế tổng mức đầu tư đã vọt lên 1.223 tỉ, cienco 5 tuyên bố không đáp ứng nổi kinh phí và",j arhp,0.9655,0.5537
30,29.jpg,"một số hệ qtcsdl phổ biển như: oracle, mysql, server...",sro,0.9636,0.3854
94,90.jpg,bị cáo nguyễn thị mửng) đã tung ra một số thông tin cho thấy vụ án có khả năng,aadon,0.9615,0.6007
134,77.jpg,", như lời thủ tướng phan văn khải là "" vô cảm "" của cán bộ quản lý nhà nước",caa4'n,0.96,0.4501
98,9.jpg,"bổng, có người bị đói khát, bị tù tội... chúng tôi nhận được "" tác phẩm """,dn nada,0.9589,0.6776
119,3.jpg,"phí khác, còn một loại chi phí cho csgt được viết thành hàng rất rõ",hvt,0.9552,0.4563
134,99.jpg,"cuộc sống vẫn chào đón họ với nv2, nv3. quan trọng là họ đã nỗ lực",cns.,0.9545,0.5113
66,17.jpg,"là tỉ lệ tái nghiện còn cao ở hầu hết các địa phương, điều tra tại hà nội năm 2003 tỉ lệ",ohdhnd,0.9545,0.6836
59,79.jpg,luận : nếu kéo dài thời gian không thu phí sẽ làm tăng lãi vay -,m un,0.9531,0.5341
22,23.jpg,"đã ố vàng. cuốn nhật ký của một người lính trẻ, anh là nguyễn kỳ sơn. đồng đội anh đã",tahae,0.9529,0.487
3,78.jpg,"những người nói lên sự thật "" phát hành, nhiều bạn đọc đã bày tỏ sự chia sẻ,",n hdi,0.9474,0.62
20,53.jpg,"trường từ phố núi xuống thành phố tìm việc làm. lơ ngơ thế nào, chàng ta",nhpanr+,0.9444,0.5131
51,28.jpg,"cũng trong chương trình đẩy mạnh phát triển du lịch này, tổ chức jica nhật bản đã đề nghị",geephlndd,0.9438,0.5402
5,24.jpg,"nếu tôi ngã xuống, mong các bạn hãy tin cho bố mẹ tôi... sau những dòng địa chỉ của bố mẹ",aio'maa'n,0.9438,0.4618
26,79.jpg,ràng trên thực đơn. thử làm một phép tính nhỏ : làng nướng a mỗi đêm có,nnnn,0.9437,0.433
55,25.jpg,"xuân đại 150.000 đồng, một cô gái tên nhung ở tân bình gửi tặng 100.000 đ, một thanh",nitnmd,0.9405,0.5854
63,6.jpg,"đây thôi, trong một cuộc họp tại phòng họp trung tâm của ubnd tỉnh lâm đồng, tân bí",hpmnvrl,0.9398,0.6178
86,68.jpg,nghiệp & phát triển nông thôn) dự báo khu vực tây nguyên và nam bộ có khả năng sẽ,n  nn,0.9383,0.5931
146,34.jpg,ty) cùng người phụ trách mảng lao động trực tiếp xử lý việc này.,gaaaayhtt,0.9375,0.5185
6,5.jpg,thu phí tạm tại phía bắc đầu cầu bình triệu 2 (phường hiệp bình,shmusil,0.9365,0.4698
39,61.jpg,"tình thế và đột xuất, nhưng cienco 5 đã không đưa ra các phương",g dna,0.9365,0.6828
37,70.jpg,"bên cạnh khu rừng, nơi không có bóng dáng người dân, chỉ có ít người indo đang",bundd,0.9359,0.6598
91,42.jpg,"chèn trà khô vào quan tài. không có khói nhang, cũng không có một tiếng khóc",hadnqmdgn,0.9342,0.4894
70,97.jpg,tư nước ngoài vào vn. chính vì vậy nghị quyết nêu rõ phải phát huy khả năng,1ampavn.:kny,0.9333,0.5793
127,1.jpg,lập tức các mặt hàng trên bị lập biên bản thu giữ. chiều 22 - 3 các cán bộ,a u .cs,0.9324,0.5355
75,30.jpg,"các phóng viên đã đặt khá nhiều câu hỏi, nhưng ông phương",h  aypy,0.9298,0.4911
48,49.jpg,"(mỗi trận được tính làm 10 hồ - hiệp đấu, mỗi hồ 15 phút), cặp gà vẫn chưa phân thắng",mmsms5va,0.9294,0.5088
73,4.jpg,"pháp lý của công dân vn, ví dụ như các hiệp định lãnh sự, hiệp định hỗ","paqdav,",0.9286,0.5631
16,43.jpg,chuyển cuốn nhật ký về cho gia đình sau khi anh hi sinh và được gia đình gìn giữ như,aarhngir,0.9286,0.5136
11,92.jpg,"giờ hiếm lắm, nhà chỉ còn mỗi một con cheo khoảng 1,8 kg... "". hỏi mua",iankly1-sm,0.9286,0.5697
86,38.jpg,"nghị lực và quyết tâm, đã chiến thắng hoàn cảnh để theo đuổi ước mơ từ ngày thơ bé.",hd    i,0.9277,0.5665
115,39.jpg,bờ biển (trung bình của thế giới là 600 km2 đất liền / 1 km bờ biển).,tahh n,0.9275,0.5443
108,5.jpg,"ty biến thành những người bất hợp pháp. quả thật, chúng tôi đang đứng",1da phima,0.9275,0.5675
4,56.jpg,"năm châu, ba liêm, ba tiểu... thì khó lo tròn cho người chết, khó có",nmt..,0.9265,0.6171
40,41.jpg,"vùng biển và hải đảo nước ta có vị trí chiến lược hết sức to lớn, có ảnh hưởng trực tiếp đến sự",y ndi  kon,0.9263,0.5108
6,41.jpg,"nét về khu nghĩa địa này : - chú thấy đó, xung quanh nghĩa địa các",++kttnarm kt,0.9242,0.3396
58,83.jpg,"nghe chị nguyễn thị tuyết mai, trưởng khoa cấp cứu ngoại viện (ccnv), phân tích",mau dcn,0.9241,0.6149
121,98.jpg,với lãi suất của ngân hàng theo thời điểm nộp tiền. lý do được phía chính quyền,vagahadip,0.9241,0.5246
31,80.jpg,"luận trên còn chung chung, chưa cụ thể và chưa thể dùng làm chứng cứ điều tra.",uti dyigat,0.9231,0.53
30,44.jpg,lời hứa đã cũ,oltuiae,0.9231,0.2672
120,14.jpg,chúng tôi cầu cứu các nơi nhưng đều tuyệt vọng. kuala lumpur ngày thứ 39. cuộc,ugogkals,0.9231,0.457
137,42.png,người ta thường ước một điều ước khi để ánh sáng của bạn trôi đi vào màn đêm.,eg edu tg e,0.9221,0.217
124,73.jpg,"ngủ tạm nơi vỉa hè. không có giấy thông hành, chúng tôi mất cả quyền tự do đi",agj  anad,0.9221,0.5493
56,54.jpg,"đã nở hoa khi cậu bé năm xưa, với bao nghị lực và quyết tâm, đã chiến thắng",n  otn,0.92,0.5431
20,27.jpg,với diện tích trên 1 triệu km2 (gấp 3 diện tích đất liền : 1 triệu km2 / 330.000 km2).,n tamdkanon,0.9186,0.6855
50,54.jpg,"họ đã chết trên đường mưu sinh. hơn 2 giờ chiều, vẫn mưa lất phất, thị trấn khâm đức,",da .2a rihaam,0.9176,0.5883
149,23.jpg,"điểm, cao thật đấy. nhưng cao mà làm gì khi nv1 lấy tới hai bảy phẩy năm? đó thật ra",oangmmnnn,0.9167,0.6386
34,18.jpg,"nhưng rồi kinh tế châu á bị khủng hoảng và... thế là "" dankia resort ""... chết đứng",na  .nig,0.9157,0.4898
38,40.jpg,"được phát hiện trên toàn quốc lên gần 80.000 người, phần lớn trong số này là thanh",whuuiphiéhn,0.9146,0.5644
76,17.jpg,"động tiếp tục bị bán tứ tán. các ông chủ chặn xe chở lao động vn giành nhau người,",n hananaa,0.9146,0.5348
140,53.jpg,"biển có vùng nội thủy, lãnh hải, vùng đặc quyền kinh tế và thềm lục địa với diện",b nviihnd,0.9125,0.5975
133,18.jpg,"chắc hẳn đã hàng trăm, ngàn lần câu hỏi đó tự đến với họ hoặc đến từ người thân,",canti s  r,0.9125,0.6023
134,32.jpg,"hàng chục kilômet, qua hàng rào cảnh sát các nước, may nhờ một người",mu qmnm,0.9118,0.5579
111,84.jpg,"đó là cách nói khác của từ thành đạt, nghĩa là có được một cuộc sống giàu sang,",h ahhr dm,0.9114,0.5018
121,29.jpg,"của lũ tại đô thị cổ hội an, chương trình quản lý đô thị cổ hội an, quản lý khu",cnh1ltan,0.9114,0.5544
34,20.jpg,"thành công là khi bố và con trai có dũng khí bước vào bếp, nấu những món ăn mẹ thích nhân",dsy  m iny nynd,0.9101,0.5318
130,41.jpg,bình thường được. từ nhỏ cậu đã nuôi ước mơ trở thành cầu thủ bóng đá. sau bao nỗ lực khổ,btdc dmmdábn,0.9101,0.6915
149,17.jpg,giải pháp tạm thời này nhằm gỡ thế bí câu thúc về tiến độ cho nhà đầu tư tổng công ty xây dựng công,a 4 n neve tg,0.9091,0.5703
125,92.jpg,"nào "" tự đặt ra các thủ tục ngoài qui định, gây phiền hà cho người dân "", "" từ chối hoặc",m p  npu dn,0.9091,0.5829
72,72.jpg,khiến các nhà đầu tư... nản lòng khi gia nhập thị trường ở tp là : đất không,a cdan.g l,0.9079,0.5498
57,91.jpg,"lao động tiếp tục bị bán tứ tán. các ông chủ chặn xe chở lao động vn giành nhau người,",otiridds loyga,0.907,0.5879
115,43.jpg,trạm thu phí đặt tại chân cầu bình triệu cho thấy sau khi xe nộp,tmpidacaa,0.9062,0.629
122,15.jpg,"trong quý 2. trước đó, chiều 30 - 3, trong phần thảo luận nhiều ý kiến đã làm sáng tỏ","tue d,daosnda dsyap",0.9059,0.5495
39,15.jpg,"đựng đồ phế liệu. chỉ trong một buổi sáng, số cộng tác viên của",phe.clg aa'yd,0.9048,0.6257
80,5.jpg,"không có sự hợp tác, tin cậy..., mệt mỏi từ hai phía "". không tiền bạc, sức khỏe vơi",k  t t m,0.9048,0.495
19,47.jpg,căng lên như cái trống hầu. bs hà vừa chẩn đoán bệnh vừa an ủi và động viên tinh thần. đdv kim,t s danovm,0.9043,0.6004
103,54.jpg,"gỗ thông, rồi gạch đá, ximăng..., từ tạm bợ đến kiên cố hối hả xuất hiện.",phqfxmyambnamha,0.9041,0.5293
29,39.jpg,"đdv kim chi xách theo vali cấp cứu, đdv huệ đem chiếc băng ca đẩy vào nhà",ovimcxca,0.9041,0.5751
139,59.jpg,tắc giao thông ở cửa ngõ thành phố. nhưng sau đó mới thấy đây là con đường nối liền,k  pn5mtdo f,0.9036,0.5271
11,30.jpg,"để công ty phủi bỏ mọi trách nhiệm sau đó. căng thẳng từng ngày, đói ăn,",dipld s.cgan,0.9028,0.49
104,17.jpg,"với bao sự cố bất ngờ, không hi vọng, tôi thay anh em viết lại cuộc hành trình để",aoa  n u ki,0.9012,0.549
1,3.jpg,"chuyện những người mang số 115. sáng nay ngồi quán cà phê cóc, ông bạn già của tôi tâm sự :",msssnhnakin:,0.9011,0.5299
21,70.jpg,"được hđnd tp thông qua, chính thức áp dụng vào 1 - 4 - 2004.",tdt1-40,0.9,0.7064
4,52.jpg,"rất linh hoạt, trình giấy tại cửa trạm hoặc đưa cho anh csgt đứng phía",actgton hh,0.9,0.5474
136,41.jpg,- các cách kết nối :,acapha,0.9,0.6912
67,11.jpg,"ông trực nói tiếp : dân gặp tôi kêu quá trời muốn làm thủ tục này hết bao nhiêu,",8q  h ualanucmhn,0.9,0.5434
104,69.jpg,"giám đốc lại văn quyền mắt đỏ, mặt phờ phạc vì thiếu ngủ và",gnvn hkav,0.8983,0.5325
8,75.jpg,"không ai cho chúng tôi biết phải làm gì, ăn ở thế nào. cả đoàn mang mì gói ra ăn, lượm các lon bia",arólm nhrámgmn,0.898,0.5536
98,35.jpg,"chưa có lãi. bên cạnh đó, còn rất nhiều khách hàng chưa được đáp ứng",.ba a tná,0.8971,0.5248
16,76.jpg,"quĩ hỗ trợ phát triển cho tp vay 500 tỉ đồng với lãi suất 7,5% / năm để triển",qnch lnd5amae,0.8961,0.5455
8,66.jpg,"quanh "" nhà vĩnh biệt "" nằm âm u bên ngút ngàn rừng núi trường sơn.",qhinaaignty,0.8955,0.5301
15,79.jpg,"bạn bè đi kèm sự chua chát, ngậm ngùi.",bapn sa,0.8947,0.5159
34,19.jpg,"biển có vùng nội thủy, lãnh hải, vùng đặc quyền kinh tế và thềm lục địa với diện tích",evy  q  aád,0.8941,0.5415
89,31.jpg,được ủy quyền ký hợp đồng tín dụng nhận vốn vay,dpd ony,0.8936,0.5701
102,92.jpg,thời gian xây dựng cảng chỉ mất một năm. ông dũng cũng cho biết sẽ cố gắng khởi công sớm đường,grdajcnngdncta,0.8936,0.4842
62,53.jpg,này khẳng định nhà nước có trách nhiệm bảo vệ quyền lợi chính đáng của cộng,ng  ah dhjg,0.8933,0.6271
25,36.jpg,khu dankia - suối vàng thuộc địa bàn thành phố đà lạt và huyện lạc dương. toàn bộ khu vực này (bao gồm,k donsumlanmnlm,0.8922,0.5906
69,48.jpg,"tra buộc phải chứng minh bằng chứng cứ, tức phải có các số liệu thực tế về",l ha naljdg wts,0.8919,0.4604
30,10.jpg,"trong khi đó lại không có tổ chức chuyên sâu về quản lý dn, việc thực hiện",uc   qviai,0.8919,0.5797
71,88.jpg,"tiếp đến sự nghiệp bảo vệ nền độc lập dân tộc và xây dựng chủ nghĩa xã hội, có liên",f nnen l dn,0.8916,0.6016
105,68.jpg,"hồ suối vàng và hàng nghìn hecta rừng thông đặc dụng, phòng hộ xung quanh) đã được",smha nhdnrn,0.8902,0.647
20,18.jpg,"để điều tra bổ sung vì vụ án có dấu hiệu để lọt người, lọt tội. cơ sở để",tdhabtadaarnpaoht.css,0.8889,0.6395
6,54.jpg,vào nét đăm chiêu và sự thinh lặng đầy buồn thảm của hàng chục công nhân,addtjthaahanugha,0.8889,0.6174
141,89.jpg,"sau mỗi mùa thi đại học, có bao "" sĩ tử "" buồn rầu khi biết mình trở thành "" tử sĩ "". hai bảy điểm,",ia ná   b amtis,0.8889,0.4853
100,23.jpg,xảy ra ngay trong ngày khai mạc phiên tòa. đó là việc luật sư phạm hữu tình (bào chữa cho,wjhy ma urpmtdc,0.8876,0.5627
41,4.jpg,"cảnh sát giao thông, của dư luận là đúng và cần thiết. chúng tôi nhắc lại : ubnd",kc qm uq1nuu n:wnp,0.8875,0.481
82,96.jpg,"địa này : - chú thấy đó, xung quanh nghĩa địa các lối đi đã được bà con",- ch   l,0.8873,0.5646
15,75.jpg,vụ tiêu cực tại công trình đường liên cảng a5 - cho biết vụ án vẫn đang,tin  gag5daurdy,0.8873,0.6027
108,34.jpg,anh muốn chúng tôi mang xuống tận nhà hàng thì thêm mỗi ký 5.000 đ tiền,m trmykygoo tt,0.8873,0.5795
139,34.jpg,"giảm nghèo nông thôn "". các trường hợp nghiên cứu này sẽ được trình bày",am a nn r a,0.8873,0.5458
26,68.jpg,hợp tác nếu dịch vụ ra đời. nhặt và trả đã đủ để vui.,t nd#f.nw,0.8868,0.5616
23,2.jpg,ông chủ nhiệm hợp tác xã thì kiên quyết bắt đỗi phải lấp hồ để cấy lúa. sau khi,o dsip v n onplene,0.8861,0.5574
46,86.jpg,"giây, thì 6 giờ sáng cùng ngày điện thoại cầm tay của pv đã nghe đổ chuông liên",6 a a yt n v,0.8861,0.5596
6,31.jpg,nỗ lực hết sức để khẳng định mình. đó là ý nghĩa vẹn nguyên của các kỳ,nahmh.6gong,0.8857,0.52
96,20.jpg,"qua. trên đường đi, thỉnh thoảng xe phải dừng lại vì những bác xích lô","pt , xd xik",0.8857,0.5916
3,74.jpg,nhưng đây cũng chỉ là giải pháp tạm ở một đoạn rất nhỏ thuộc 1 / 4 dự án cầu đường bình triệu 2.,nq j kyjtm s'n11 :x a dx7,0.8854,0.5404
89,62.jpg,"duy nhất là khát vọng sống. là đằng sau họ, cuộc sống sẽ được thiết kế trở lại",hy na& hy jmyhts'm,0.8846,0.5543
42,18.jpg,"đây gọi là johor, 61 người chúng tôi được đổ xuống một căngtin chật hẹp, không có ông chủ, cũng",n1hrnchumnp g,0.8842,0.6387
116,37.jpg,"khát, ngủ tạm nơi vỉa hè. không có giấy thông hành, chúng tôi mất cả quyền tự",uan onn ii.b lacmga,0.8831,0.6464
57,95.jpg,"có phẩm chất, đạo đức. kiểm tra, xử lý kiên quyết các vụ tham nhũng,",a h na ann,0.8824,0.4717
126,84.jpg,"ông quả quyết rằng nếu đây là sự thật thì ông sẽ ra làng, xã làm đơn",ng  ge  n,0.8824,0.6074
15,30.jpg,"lộ đường xe lửa và đường bộ, không được để ách tắc, ảnh hưởng đến an toàn giao thông.",bnx lhyujan petig,0.8824,0.4894
88,84.jpg,sẽ tổ chức phố đi bộ tại hội an. chủ tịch ubnd tỉnh quảng nam nguyễn xuân phúc cho biết tỉnh sẽ đầu tư,s éh qmphcht da,0.8824,0.5692
24,26.jpg,"cơ quan điều tra sẽ làm tới nơi tới chốn, không để "" chìm xuồng ""! theo ông, vì sao bốn người",e ta se snatdi  l,0.8817,0.5454
43,11.jpg,"ông trần du lịch : "" có khi chính tình hình kinh tế quý 1 giảm sút, chúng ta",6nqtaucknqo5sdmjt,0.8816,0.5322
58,18.jpg,"dự án đang thiếu vốn "", mặt khác "" có chủ trương cho dn vay vốn tín dụng "".","ng ,n th d:",0.88,0.5511
20,98.jpg,"với châu âu, châu úc với trung đông. giao lưu quốc tế thuận lợi, phát triển",cca vev cn at,0.88,0.5295
50,36.jpg,theo từng tuyến hàng đi. tối 1 - 4 chúng tôi có mặt tại quốc lộ 51,h 14 t51,0.8788,0.596
13,80.jpg,"mỗi tờ giấy ngoài chi phí xăng, xe, ăn đường, chi phí bốc xếp, chi",m+5gágccphc,0.8788,0.5559
56,4.jpg,nhưng đến nay đã ba năm kể từ thời điểm đường dây mua bán dâm bị phanh phui và khi,n ddananddanpaa,0.878,0.6219
65,12.jpg,"phổ biến chủ trương của ubnd tỉnh phú yên, thu hồi đất đối với các hộ dân",dh vno dd cadan,0.8767,0.6274
148,37.jpg,"muốn biết đúng hay sai, tòa phải nhờ... hội đồng thẩm định hội đồng xét xử (hđxx)",muabnaia pladid,0.8765,0.597
76,60.jpg,"điều khiến chủ đầu tư "" ngắc ngứ "" là từ tổng mức đầu tư 341 tỉ được duyệt khi áp","oc ws!u tw ""yp'lh`'xxw s1 h'nx4gq",0.8765,0.4679
53,36.jpg,"thực hiện giải pháp xả cảng cũng khó thông thoát dòng xe, chưa kể đến tình huống",gi hxyadonxcuh,0.875,0.5888
81,15.jpg,"đầu tư vào thế bế tắc, hụt vốn và xin gấp rút cho thu phí hoàn vốn ngay hạng mục",+ =xff no+ l rg hg,0.875,0.5652
96,30.jpg,trương cấm xe tải nặng lưu thông ban ngày ở hầu hết các tuyến trung tâm.,im aenjlk hhyya,0.875,0.4764
95,36.jpg,"để bà cụ không bị đau khi xe xóc. được chừng mươi phút đường xe,",al bala dal xu g,0.875,0.5448
35,98.jpg,"sơ sót, anh em kiểm tra không kỹ nhưng theo tôi không làm thay đổi được bản chất",ealn hhy  hyy5al5,0.875,0.5217
65,30.jpg,"triển cũng sẽ dứt khoát không cho vay. "" nhẹ nhàng "" hơn, đại diện của nh thương mại cổ",dá g v hanama,0.8736,0.542
145,71.jpg,"vn "". vì không nằm trong danh sách những người được công ty đưa về, khủng hoảng và kiệt",vni oan i daha,0.8736,0.609
59,90.jpg,"kinh tế tp quý 1 - 2004 giảm sút để từ đó đưa ra được những giải pháp khắc phục trong quý 2. trước đó,",tg1- 200uam    al,0.8725,0.6351
20,70.jpg,vòng xe cấp cứu. buổi trưa 14 - 11 - 2003 khi tôi đang ngồi nói chuyện,uraua -ohn n,0.8714,0.5762
114,54.jpg,"có lặn tiếp được không? "". thợ lặn đồng thanh : "" cứ trong vòng 12 giờ có hàng là lặn, kể cả",cle hanhcrör1gn,0.8696,0.5429
122,96.jpg,- 2003 cầu bình triệu 2 mới được thông xe bằng đường tạm (cũng vì phải né sáu hộ dân,-o u snf oka ykxqtnlncak,0.869,0.5483
105,22.jpg,trên đường xe qua lại như đan mắt lưới. tiếng còi hụ liên hồi. anh nghĩa lái,un don mnh5.n,0.8684,0.6816
66,15.jpg,nước hoặc tiếp tục ở lại làm việc trong điều kiện khốn cùng như thế.,na n la   idt,0.8676,0.5619
79,81.jpg,"trao đổi với tuổi trẻ sáng 16 - 11, chủ tịch ubnd tỉnh nguyễn xuân phúc cho biết ngay sau khi thảm nạn xảy ra làm",haötuáahbhinbéa tan ha,0.8673,0.5555
29,87.jpg,nâng giá thuốc; lập ngân hàng dữ liệu giá thuốc (giá thuốc cùng loại ở nước,ngu  hhgnqn,0.8667,0.5183
48,64.jpg,""" bọn tôi dồn sức chuyển xác ra, giờ trong bãi chẳng còn ai. phải hơn 10 người mới chuyển","""ma daa odi caehomm",0.8652,0.5929
135,40.jpg,"hoàn trả vốn gốc và lãi là ngày 31 - 12 - 2004, công ty cấp nước tp được ủy quyền",hanavs1--20ocnp,0.8642,0.5814
7,48.jpg,"được. từ nhỏ cậu đã nuôi ước mơ trở thành cầu thủ bóng đá. sau bao nỗ lực khổ luyện, cậu",n a htugsanbanca,0.8636,0.5331
17,84.jpg,trần văn sơn làm thuyền trưởng. các nhân viên kiểm tra đã phát hiện tàu này chở nhiều hàng điện,ts tnaynhaiaph anl,0.8632,0.6443
121,46.jpg,nhân gốc làm sụt giảm kinh tế tp. vậy nguyên nhân gốc từ đâu? viện trưởng,nh la a .varhva,0.863,0.6451
100,55.jpg,"chở container, đặc biệt là loại container dài 40 ft chẳng hạn thì hết sức",nii otaini,0.863,0.5413
144,16.jpg,"thạnh, tp.hcm góp tiền mua thêm 2.600 m2 hiến cho địa phương để khu nghĩa",ttp.t0g 6onph,0.863,0.6065
85,75.jpg,"11 - 1 - 2003, các hộ mua đất ở khu dân cư mới xuân hải đột ngột bị mời về huyện",ma die d got kmr,0.8625,0.5561
74,39.jpg,"khi đến chỗ đó ông phương chưa vào phòng, lúc công an lập","j4dosxay uy chwspoy,syan",0.8596,0.5237
100,36.jpg,"cho chúng tôi quá giang cho biết ""giá chung theo "" luật "" ở tuyến đường",toi ph q duyttj,0.8592,0.6285
31,61.jpg,"xa này. ngược lại, không có việc thì chúng tôi về, không phải tự nguyện",nnglehngphag,0.8592,0.5743
93,15.jpg,"trả, có người thì vui vẻ cảm ơn, có người lại nghi ngờ vì đấy là đồ đạc",n v c n lnjöa,0.8592,0.5217
88,23.jpg,"chính trong quản lý, sử dụng đất theo cơ chế "" một cửa"". nhưng trong đó",hm n l dy nudsn,0.8592,0.6054
128,57.jpg,"rất đơn sơ, do hai người đàn ông nói giọng bắc đứng bán. sau khi yên vị, chúng",4ndun gmbcy bsyd,0.859,0.6227
90,61.jpg,bật thứ ba là trong phần đề cập tới trách nhiệm của bà con đối với đất,attamg  de tdha,0.8571,0.687
24,72.jpg,bất ngờ,trat rg'o,0.8571,0.5801
68,68.jpg,nghiêng,mlrg,0.8571,0.3487
138,61.jpg,lưu trữ,eanr,0.8571,0.3077
57,53.jpg,"ngày còn "" thò lò mũi xanh "", đến nay hắn đã 41 tuổi. gần 30 năm lăn lộn trong nghề","a m a, +4  3o o",0.8554,0.5954
63,79.jpg,"thành công còn là hình ảnh một cậu bé bị dị tật ở chân, không bao giờ đi lại",n unyun mwahaybarqila,0.8553,0.6127
43,12.jpg,""" sự kỳ thị thật là khủng khiếp và đau lòng. nó làm tôi đau đớn y như",h&  hvt 7w=ta dy,0.8551,0.4509
72,89.jpg,cả mấy cái wc nằm chỉ cách mép nước vài mét nữa.,mmwcn npuv,0.8542,0.5952
58,63.jpg,""" chiến trường "" bếp núc, nhưng lại thành công khi tặng mẹ "" đoá hồng "" của",aa ny tc  tym my'aa,0.8533,0.5623
135,30.jpg,bật thứ ba là trong phần đề cập tới trách nhiệm của bà con đối với đất nước,ha 1h adup+unan afnn,0.8533,0.5065
65,4.jpg,chở đá núi ra khỏi cửa hầm. hầm nam hải vân mỗi ngày lại tiến,canaaha.antáv,0.8525,0.5123
2,96.jpg,đâu. vks nhân dân tỉnh đã có động thái nào khi lộ ra việc ông,ks dati  mv,0.8525,0.5958
29,38.jpg,"chính sách tạo thuận lợi cho bà con trong việc về thăm thân nhân, sở hữu nhà đất,",sa nchu vthshnn,0.8519,0.5834
31,4.jpg,"quận 7 để giảm 25% lượng xe tải vào tp. ông thông tin : "" nhà nước chỉ cần hỗ trợ",lo qam 5%xtonnnán5,0.8519,0.6191
17,97.jpg,"nữa, nếu đá cũng chỉ vài hồ là bỏ chạy sớm. phải xem phong độ, hôm ra trận",mankdqdva:ayraxmhoymnan,0.8514,0.5977
52,24.jpg,"khi ấy chỉ còn nghĩ đến cách phải cứu cho được thủy thủ... "". trong",d s u ph auay ny,0.8507,0.4172
83,17.jpg,"cơ quan có trách nhiệm như ngân hàng... "". ông giải thích thêm : khi ba bộ nông nghiệp,",akáin  h gi rbig,0.8506,0.6461
71,20.jpg,"xăng, xe, ăn đường, chi phí bốc xếp, chi phí khác, còn một loại chi phí cho csgt",n1xay1cphb mppa dcat,0.85,0.6105
78,20.jpg,"tranh thủ "" xin hđxx cho "" phát biểu vài lời "", cho hay ông về bộ tháng 10 - 1997, khi",tnxin xxbá vh1,0.8488,0.5915
149,84.jpg,"nhiễm mặn; sống nhờ con tôm, con cá trời cho thì chỉ qua ngày, tương lai mờ mịt",nl man;5'n3nhrynm,0.8481,0.5488
64,66.jpg,định rõ mỗi cơ quan có trách nhiệm gì để thực tế hóa chính sách. dựa vào,xmipandngtcdchd,0.8472,0.7204
5,80.jpg,cao su kế tiếp. nơi đây có đến ba chiếc đèn pin của csgt chia nhau thành,ndi pin csctcm,0.8472,0.6981
143,94.jpg,"cho chúng tôi quá giang cho biết "" giá chung theo "" luật "" ở tuyến đường này :",htqaqobi qun a'8in,0.8462,0.5843
65,98.jpg,"mừng : vài ngày nữa tp sẽ được cung cấp một lượng nước sạch bằng nửa lượng nước hiện có, và",njvnaincy ndy utngn  d,0.8462,0.5116
49,39.jpg,"nhanh chóng khắc phục tình trạng quan liêu, cửa quyền, hách dịch.",nanhk ganá,0.8462,0.5513
93,86.jpg,"chính mà theo qui định đã đủ điều kiện để thực hiện "", anh đó sẽ bị cảnh cáo hoặc hạ bậc lương...",chnauitananahac lung,0.8454,0.582
86,30.jpg,điểm cuối của con đường là vùng sơn thủy gần như trinh nguyên mà ta có thể nhìn thấy,ncucanangnjga ia d,0.8452,0.5588
135,25.jpg,"nhân dân trong nước, do vậy thường chỉ nghĩ tới nghĩa vụ đóng góp của họ, chú trọng",uyn hy yh ym ti nhay,0.8434,0.5069
45,86.jpg,cần xem xét kỹ và cân nhắc kỹ các phương án lựa chọn sao cho thật tối ưu. tôi cũng,axn xyankhy m ocl  1t,0.8415,0.5796
26,93.jpg,cùng 10 người còn lại bới đào tìm thi thể những người bất hạnh.,ngoah hn hahm,0.8413,0.596
90,15.jpg,"37 tuổi, cùng bảy người khác đi lặn thuê trong biển phan thiết.",t   dht hnh,0.8413,0.6009
39,29.jpg,từ đồng hới (quảng bình) vẫn vào quảng trị thắp nhang trong những nghĩa trang nơi,hloahb7 v m qut uyy nn,0.8395,0.5601
11,24.jpg,"còn lại được đưa một ít tiền ăn và những lời hứa. và ngày về chiều 23 - 3 - 2004,",codchamti niunach3,0.8395,0.6335
102,78.jpg,còn đủ sức bám vào thang dây lần nữa... khi đã được về tĩnh dưỡng tại nhà,ciavha da..dgnla,0.8356,0.5799
29,17.jpg,"ngã tư đường ray xe lửa và đoạn đến trạm kiểm soát, hàng ôtô vẫn tiếp tục",ghg  lhamn o ssvápe,0.8356,0.6165
113,25.jpg,"phú hữu, quận 7 để giảm 25% lượng xe tải vào tp. ông thông tin : "" nhà nước chỉ",h  di insr p.tin d,0.8354,0.5713
29,28.jpg,""" bọn tôi dồn sức chuyển xác ra, giờ trong bãi chẳng còn ai. phải hơn 10 người mới chuyển được một xác.",wi maba di  a honikmujh mx,0.835,0.6131
48,95.jpg,"hay đó là cách nói khác của từ thành đạt, nghĩa là có được một cuộc sống",au     a nuahwanm,0.8333,0.5984
65,26.jpg,thường,rlibg,0.8333,0.2928
30,9.jpg,nguyễn,na,0.8333,0.5855
49,24.jpg,bán buôn nhằm hạn chế kinh doanh lòng vòng làm nâng giá thuốc; lập,hwmnh dna  mmyu,0.8333,0.6052
8,19.jpg,nguyên,mnya,0.8333,0.3423
123,100.jpg,phương,mhuchy,0.8333,0.7618
126,31.jpg,nguyễn,dlgen,0.8333,0.3033
80,86.jpg,trường,hnuirng,0.8333,0.4775
54,3.jpg,trường,tioy,0.8333,0.4214
100,78.jpg,trường,hairny,0.8333,0.4552
45,73.jpg,nguyên,myungin,0.8333,0.764
56,88.jpg,khoảng,hly,0.8333,0.279
140,61.jpg,trường,tuldy,0.8333,0.812
76,94.jpg,"được biết, hiện ubnd tp đang chỉ đạo các cơ quan liên quan tập trung nhiều biện pháp",uent doyco c mlam th,0.8333,0.5573
136,86.jpg,trường,tala,0.8333,0.399
23,93.jpg,trường,brronap,0.8333,0.6458
130,38.jpg,ngoằng,rgray,0.8333,0.4881
37,61.jpg,trưởng,tuo y,0.8333,0.5438
82,21.jpg,bêtông,bk 4ovg,0.8333,0.5757
95,92.jpg,trưởng,hieny,0.8333,0.2828
64,68.jpg,trưởng,r uow,0.8333,0.4871
27,99.jpg,"thường trú của chương trình phát triển liên hiệp quốc (undp) tại hà nội, khẳng định",qh  i ulnd) nokgin,0.8313,0.5409
62,34.jpg,"phí tăng lên do khối lượng công trình tăng, còn là tăng ở khoản đền bù,",f3 l 1 n loq gh +y=k5+5iknh5,0.831,0.5158
53,93.jpg,"là chủ trương gì? "", hđxx muốn làm rõ hơn. "" thưa, chủ trương xin chính",t xxmn ntatzc,0.831,0.6367
146,52.jpg,đdv trực ban cho biết có ca cấp cứu đường tô hiến thành đang gọi.,hin  da t u ng?,0.8308,0.5019
94,52.jpg,"đá, bụi, không khí ngột ngạt, nước tuôn xuống và tối tăm khiến chúng tôi lẫn những","db, hai  n nm nr sid5ms",0.8293,0.5973
114,33.jpg,"như cùng cực. và trên hết, nghi vấn về "" một âm mưu tống tiền "" mà một bài báo gán",nng ca nmiqtmambar ga,0.8293,0.6016
4,66.jpg,với trí thức kiều bào. các cơ quan sẽ được quyền chủ động hơn trong việc mời,u tn r l h.copun x7iqmym,0.8289,0.497
106,19.jpg,"bị tấn công trọng thương, nhưng sau đó hải đã thay đổi lời khai.",nththng.nhun so,0.8281,0.6089
126,3.jpg,"thích nhân ngày 8 - 3. món canh có thể hơi mặn, món cá sốt đáng lẽ phải có màu đỏ",nagy-.maax:hmmnnedyp6ma?,0.8272,0.599
89,75.jpg,"đứng tản mát quanh "" nhà vĩnh biệt "" nằm âm u bên ngút ngàn rừng núi trường",ta ma uma a n anátn,0.8267,0.6091
105,39.jpg,"ở tp.hcm, chúng tôi làm việc trực tiếp với đại diện công ty bitocimex. giám",atp.mtd biimgi,0.8267,0.5708
34,8.jpg,"nên khi có biến động, không dn nào dám mở rộng quy mô, phát triển sản",n bt nn olan mgm,0.8261,0.696
44,48.jpg,"vụ sai phạm công trình đường liên cảng a5 có bị "" chìm xuồng ""?",u ci py t tylnsudm?,0.8254,0.6012
7,83.jpg,"của các kỳ thi, và cũng là bản chất của thành công.",tu agban kathay,0.8235,0.6266
8,3.jpg,người dân từ thành phố qui nhơn (bình định) và huyện sông cầu (phú yên) đã được,danman nqun(n)auca(rrc,0.8228,0.6838
8,94.jpg,"kể rằng trong gia đình, anh sơn là người thông minh và tài hoa nhất. hơn 30 năm",1ntyibaul ni handak a o,0.8228,0.4814
134,41.jpg,"hàng hóa là sản phẩm của lao động, có thể thỏa mãn các nhu cầu nào đó của con người thông qua trao đổi, mua bán.",n din a ti d aia a d  t a mnhea,0.8214,0.4062
104,94.jpg,"tặng mẹ "" đoá hồng "" của tình yêu. một món quà ý nghĩa hơn cả những","ty mahy""ci  hotmnkn",0.8209,0.5951
3,84.jpg,"trần văn nhật, giám đốc trung tâm y học dự phòng, kể thêm trung tâm",to ve nahtha ykwa trka,0.8209,0.6252
68,57.jpg,"bs khám bệnh rồi chẩn đoán, đdv đo huyết áp, chích thuốc giảm đau, chuyển bệnh",bshmbrö hdmnianancbin,0.8205,0.5871
93,96.jpg,"tục. trong điện thoại hiện lên số di động 091.3.85..., một người tự xưng",tong nt sdd 5.,0.8194,0.7189
77,53.jpg,"hcm thành lập hội đồng giám định xây dựng công trình này. mới đây, cơ quan điều tra","ac ha& xp x; dy gh1 njutj,wmsa",0.8193,0.5858
86,77.jpg,"xây dựng chủ nghĩa xã hội, có liên quan trực tiếp đến sự phồn vinh",duyhanu'a quay bch'xhmn?,0.8182,0.5846
5,91.jpg,"lộ vẫn đang hoành hành. nhiều tài xế tha thiết "" mời các lãnh đạo hãy bỏ xe biển số xanh",1 vn hnarhhaáinaimcax blá,0.8182,0.6175
99,34.jpg,nhưng khủng khiếp nhất là lúc bị sóng nhồi đập vào thành tàu. vừa bám giữ cho,nhinqin  a ipvhatbanu,0.8182,0.6612
138,58.jpg,"tâm thần, hai đứa con và đứa cháu nhỏ đã 18 tháng tuổi.",h ho dkv nme t4 hha,0.8182,0.5632
112,83.jpg,chức năng đã thừa nhận ngày đầu tiên việc tuyên truyền về hiv đã bị gắn,n dr u  7 dxha vo+p kiv trh,0.8169,0.5966
85,79.jpg,"về. cả tuần như thế, ngôi trường quê ồn ào ầm ĩ chuyện đã để cho con bé",vo.cum ho: haay uatdui d  m,0.8169,0.536
22,68.jpg,huyện phước sơn (quảng nam) đã hiện ra trước mặt chúng tôi. khác với vẻ,p puása(qagu)kmtnádjikká,0.8169,0.5518
75,66.jpg,"tại khách sạn ngọc vân 2, tiếp tục điều tra làm rõ để xử lý hành vi phạm tội",dao nvante ditanttxhaphenta,0.8158,0.6651
91,61.jpg,vks nhân dân tỉnh đã có động thái nào khi lộ ra việc ông phương cùng ba đối tượng,vks nadlddantadamylqan hasty,0.8148,0.6828
48,41.jpg,""" nổi tiếng "" về chặn xe tại khu vực km 95 quốc lộ 20, địa bàn la ngà,",náö5ehánh nm5qudalan,0.8143,0.5845
35,22.jpg,"trong năm nay, chi hội sẽ thực hiện một số kế hoạch làm từ thiện như :",tn nn naci mttu,0.8143,0.5887
88,18.jpg,"một thanh niên mặc đồ dân phòng chờ sẵn nơi đầu hẻm đón chúng tôi. xe dừng,",m nhnddng cha mim,0.8133,0.66
120,44.jpg,thương lại bắt đầu hú lên. chiếc xe lại phải len lỏi qua những ngả đường để,u a dan .   nqua g,0.8133,0.5646
79,97.jpg,"biết, nhưng người ta vẫn ơn ớn và vẫn cứ tránh không tiếp xúc với bất cứ ai",kmuzut1 v m xva v x txuu vf,0.8133,0.5507
32,79.jpg,thực hiện thông báo 904 / tb - ub ngày 15 - 12 - 2003 của ubnd tỉnh phú yên,kaq tö 04/b  454i3a u,0.8133,0.5761
73,41.jpg,bên những áo quan giữa cảnh tử biệt sinh ly đầy những đoạn trường này nhưng,ba nan  lytng ttagala,0.8133,0.55
65,73.jpg,khủng khiếp nhất là lượng đất đá này đã trôi trượt trên một đoạn,kln  a lsh dx t7 t57ams+hx,0.8125,0.4931
113,52.jpg,"với số lượng lớn thì ông ba lại chỉ sang các đầu nậu ở lâm đồng,",taylthg k ksng m tsway,0.8125,0.5473
74,85.jpg,các dự án có vốn đầu tư nước ngoài. rà soát lại chương trình hội,aédacöi nurgslcngtin,0.8125,0.5651
4,11.jpg,"việc làm, không nhà ở, không lương bổng, có người bị đói khát, bị tù tội... giờ đây, những",vc lmnhl só tiidnhg,0.8111,0.5794
80,99.jpg,"nghiệp bảo vệ nền độc lập dân tộc và xây dựng chủ nghĩa xã hội, có liên quan trực tiếp đến",ep   pdady cinunólaqantat,0.8111,0.5612
13,86.jpg,"hà nội : 98% - 100% người nghiện tái nghiện. phát biểu tại hội nghị sơ kết ba năm công tác phòng chống ma túy,",1-1g nghtáh.úl igh soknnm,0.8091,0.6133
62,84.jpg,"bà con trong xóm tới trồng hoa kiểng, thắp nhang trước mộ người chết nên người",hon t  aha  na um a,0.8077,0.6032
61,39.jpg,"ông cho rằng trong quí tới chỉ cần triển khai hai, ba trong 16 chương trình này cũng tạo",bng  gogca aba yca n,0.8068,0.6338
118,23.jpg,hướng đi bà rịa - vũng tàu bằng xe tải nặng 54n-7... tài xế xe,uba-v g zn54nae,0.8065,0.5791
12,89.jpg,"thảm thiết rứa, làm răng ai có thể làm ngơ được "". xác 19 công",ta ánalngadi mitadscng,0.8065,0.5795
144,3.jpg,"về phía mình... "". sáng 31 - 3, sau hai cuộc điện thoại, nhóm phóng viên","vi. caq3t-s, hi cota ai,",0.8056,0.62
129,99.jpg,"em đã đưa chúng tôi trở về an toàn. sau hơn một ngày nghỉ dưỡng sức, tối",d a tvant. nmlgté,0.8056,0.5526
81,16.jpg,"trách xây dựng cơ bản - ông phạm hồng giang "", bị cáo gợi ý. "" bị cáo ký",tncqxadb2-8g pamtbganc,0.8056,0.618
148,88.jpg,"vất vả lắm duy mới cho biết : "" vào đến đây thì địa chất ổn định hơn nên",vavit ou  a vt d da i,0.8056,0.5669
77,29.jpg,nước ta giáp với biển đông ở hai phía đông và nam. vùng biển việt nam là,at g v  ho nanam,0.8056,0.5956
122,42.jpg,đang lặn thì máy nén khí bị hỏng. năm phút sau thấy bay thợ nổi lên nhưng anh,a  thrphthnsin nh,0.8052,0.6855
74,90.jpg,"những bạn bè mình ở "" nhà vĩnh biệt "", người lê la trước cửa văn phòng, tất cả đều","ug an nw'""na ey at aamuntacaa",0.8049,0.5708
34,63.jpg,""" tội nghiệp, họ toàn là người miền bắc... "" - một chủ quán ở đầu thị trấn nói khi",t panynibal.-mc qnadann,0.8049,0.5975
74,13.jpg,""" lạ là khi tôi đề nghị phân cấp, mấy anh tổng công ty nghe phân cấp là... chạy "" - ông",alt in n cmj ark i pan g,0.8046,0.6334
87,59.jpg,"100.000 đ, qua đoạn dầu giây dính 200.000 đ, đến giá rai - xuân lộc bị thu tiếp 100.000",4oo tan dagi.cotgika-xbt h lo,0.8046,0.5741
105,55.jpg,"lượt mình, nguy cơ kẹt xe sẽ xảy ra ngay tại đây - chỗ đường xe lửa này",mgutrxngcg xany,0.8028,0.6352
44,99.jpg,"năng bới hết công trình lên để kiểm tra từng cây cừ, từng mét sắt được.",hybihi lndah c mts.,0.8028,0.5959
111,38.jpg,"hết sức để khẳng định mình. đó là ý nghĩa vẹn nguyên của các kỳ thi, và cũng","mde'aamymm.ólaymyavenmi uacaiathi,nm",0.8026,0.6364
11,20.jpg,"đến giờ đã 20 năm trôi qua kể từ khi người ta phát hiện virus hiv, cộng đồng",sct ma hai w tnli urh par nnavy y,0.8026,0.6014
93,26.jpg,chính,danb,0.8,0.6237
132,43.jpg,trong,tury,0.8,0.6759
147,43.jpg,thuộc,tlwcr,0.8,0.5456
122,89.jpg,người,mayui,0.8,0.5762
50,42.jpg,chiến,clher,0.8,0.5253
61,53.jpg,người,vgu:,0.8,0.3973
131,13.jpg,tưởng,tui,0.8,0.3266
132,35.jpg,những,mhuty,0.8,0.3514
1,64.jpg,trong,ttay,0.8,0.5358
6,56.jpg,xuống,xhy,0.8,0.4773
116,27.jpg,xuống,ruiry,0.8,0.6948
40,92.jpg,thống,khoy,0.8,0.5917
28,61.jpg,không,ichony,0.8,0.6937
127,48.jpg,lượng,lu'srng,0.8,0.6108
59,31.jpg,không,k hmy,0.8,0.9489
7,65.jpg,nhưng,n luang,0.8,0.7019
39,27.jpg,người,nyus,0.8,0.4637
50,3.jpg,thành,houl,0.8,0.5994
51,29.jpg,trong,1roruz,0.8,0.6731
86,21.jpg,không,winy,0.8,0.2981
2,47.jpg,không,hisny,0.8,0.5584
53,38.jpg,phòng,plorig,0.8,0.5962
2,46.jpg,phiên,yluin,0.8,0.6299
119,17.jpg,đường,dimg,0.8,0.6196
77,77.jpg,ngược,nqu'sc,0.8,0.7962
47,69.jpg,trong,frmy,0.8,0.5631
6,63.jpg,dương,dhy,0.8,0.4685
102,24.jpg,trang,i cung,0.8,0.6193
5,89.jpg,đơn vị đầu tư cần xem xét kỹ và cân nhắc kỹ các phương án lựa chọn sao,psn w #f  wn v&y ox syphlhmu,0.8,0.5534
2,74.jpg,trọng,-ag,0.8,0.2004
62,86.jpg,hoảng,thearg,0.8,0.7923
144,95.jpg,trong,t zoy,0.8,0.8344
148,18.jpg,người,manli,0.8,0.5917
55,58.jpg,thành,hrang,0.8,0.7392
55,69.jpg,người,neg idi,0.8,0.6105
144,5.jpg,những,nauiy,0.8,0.5351
103,20.jpg,vướng,vj6,0.8,0.4712
140,40.jpg,không,hhay,0.8,0.7825
89,94.jpg,trong,tay,0.8,0.5148
88,13.jpg,không,1uny,0.8,0.5925
97,12.jpg,trong,demg,0.8,0.8072
62,15.jpg,chăng,shoun g,0.8,0.756
68,90.jpg,nghèo,myluo,0.8,0.6793
81,46.jpg,nghĩa,rahiay,0.8,0.6592
61,82.jpg,không,fha',0.8,0.6993
68,91.jpg,"mặt bằng khu nghĩa địa để khi lũ về, bà con trong vùng không may qua đời có",ma hh da de uaconaag mas,0.8,0.6305
84,68.jpg,người,rgyul,0.8,0.4284
65,9.jpg,chiếc,loa'c,0.8,0.4803
96,35.jpg,trong,tmy,0.8,0.7007
61,85.jpg,chính,dwn,0.8,0.6724
97,86.jpg,người,grn,0.8,0.3399
10,55.jpg,không,eline,0.8,0.5681
89,69.jpg,nghĩa,yhiz,0.8,0.7209
29,25.jpg,triển,ther,0.8,0.9245
57,52.jpg,quảng,cenang,0.8,0.637
104,20.jpg,nhưng,mhury,0.8,0.6637
110,65.jpg,dưỡng,dw'ry,0.8,0.6148
61,78.jpg,riêng,meny,0.8,0.9457
141,48.jpg,chúng,aliny,0.8,0.7548
150,66.jpg,nhưng,alnag,0.8,0.3718
126,12.jpg,đường,dhany,0.8,0.4633
49,26.jpg,nghèo,myhi,0.8,0.9119
39,85.jpg,chiếc,liv,0.8,0.6584
37,74.jpg,những,mausng,0.8,0.5895
39,68.jpg,hướng,h dovg,0.8,0.6153
97,11.jpg,trước,ttris,0.8,0.6755
128,71.jpg,trong,-liony,0.8,0.6152
49,31.jpg,đường,chuing,0.8,0.5059
68,22.jpg,nhiều,mhnen,0.8,0.6001
51,58.jpg,người,ggcbr,0.8,0.2877
35,82.jpg,những,rhoiy,0.8,0.6483
104,60.jpg,không,hinong,0.8,0.7901
52,39.jpg,không,hhop,0.8,0.6586
52,40.jpg,phước,plulsc,0.8,0.6717
51,91.jpg,trước,thrie,0.8,0.5682
142,7.jpg,nướng,nidy,0.8,0.7199
28,18.jpg,những,phy,0.8,0.216
114,48.jpg,người,ngriss,0.8,0.5171
92,9.jpg,người,mg ug,0.8,0.6734
140,54.jpg,người,rgl,0.8,0.5713
28,26.jpg,ngành,myanl,0.8,0.8651
34,82.jpg,nghĩa,zlua,0.8,0.4147
20,5.jpg,trình,finl,0.8,0.699
61,70.jpg,không,hlony,0.8,0.5023
11,34.jpg,tiếng,peny,0.8,0.7077
34,95.jpg,người,nygut,0.8,0.4341
21,28.jpg,đường,oturg,0.8,0.763
115,38.jpg,xuống,cny,0.8,0.5777
135,93.jpg,phước,fhis'c,0.8,0.6009
70,83.jpg,đường,diorg,0.8,0.6338
70,85.jpg,trong,rhuy,0.8,0.3434
21,59.jpg,khiến,chiiy',0.8,0.6896
66,47.jpg,thích,hl,0.8,0.4146
95,40.jpg,khoản,frhoain,0.8,0.7427
74,22.jpg,"sáng nay, 31 - 3, hội nghị thành ủy tp.hcm mở rộng tiếp tục làm rõ nguyên nhân vì sao tình hình kinh","sa13-s, ahti.hchnn t lannynaidal",0.8,0.553
120,47.jpg,những,nlui ng,0.8,0.5799
78,80.jpg,trong,tum,0.8,0.6786
110,28.jpg,nghèo,mahe,0.8,0.8713
121,77.jpg,huyện,lune,0.8,0.2351
15,1.jpg,không,chay,0.8,0.6455
70,12.jpg,dương,dimy,0.8,0.488
110,34.jpg,trượt,hust,0.8,0.68
12,87.jpg,không,achony,0.8,0.7833
134,16.jpg,tiếng,they,0.8,0.6186
109,39.jpg,người,nayrdi,0.8,0.5154
57,83.jpg,nhưng,nwincy,0.8,0.6957
70,76.jpg,người,ngiod:,0.8,0.6029
82,57.jpg,thông,hhoy,0.8,0.3785
137,74.jpg,thuốc,1ms-c,0.8,0.4953
77,54.jpg,không,huy,0.8,0.4053
85,46.jpg,người,nyia:,0.8,0.6245
31,33.jpg,người,npis,0.8,0.6481
53,21.jpg,huỳnh,tagnl,0.8,0.4751
145,11.jpg,người,gugi:,0.8,0.5627
94,24.jpg,tương,aiag,0.8,0.4504
90,37.jpg,kiểng,serg,0.8,0.486
53,15.jpg,người,mgiar,0.8,0.5853
85,95.jpg,người,nyn'di,0.8,0.8176
60,84.jpg,ngược,ngui'r,0.8,0.6582
59,91.jpg,đường,tulny,0.8,0.5914
67,58.jpg,khiến,hhra!,0.8,0.5464
149,75.jpg,huyện,hanir,0.8,0.398
149,61.jpg,chiến,lis',0.8,0.5294
76,47.jpg,trọng,tory,0.8,0.7251
67,25.jpg,những,nkuinyg,0.8,0.5148
130,74.jpg,người,gins,0.8,0.6006
19,44.jpg,xuồng,kury,0.8,0.5336
124,55.jpg,kiểng,lains,0.8,0.6613
98,21.jpg,tháng,thainey,0.8,0.828
75,21.jpg,những,nam,0.8,0.1999
32,85.jpg,người,aguir,0.8,0.4295
120,34.jpg,triển,tor,0.8,0.3974
123,40.jpg,chúng,clky,0.8,0.7631
25,73.jpg,xuống,xwry,0.8,0.4988
53,11.jpg,ngược,nqudl,0.8,0.6827
65,16.jpg,chiều,cluien,0.8,0.6137
44,59.jpg,không,lche ng,0.8,0.7213
73,86.jpg,phước,thui'c,0.8,0.6674
9,38.jpg,thuận,hhunoun,0.8,0.6225
58,45.jpg,dương,hony,0.8,0.647
136,38.jpg,nhưng,mining,0.8,0.633
145,1.jpg,người,aguk,0.8,0.7814
56,66.jpg,đường,tuny,0.8,0.2156
44,62.jpg,nhiều,neriat,0.8,0.7573
136,55.jpg,xuồng,kury,0.8,0.2811
15,48.jpg,khách,hhail,0.8,0.6634
88,89.jpg,người,nezus,0.8,0.5065
56,60.jpg,thoại,hea,0.8,0.7051
64,24.jpg,không,iclsng,0.8,0.5479
6,15.jpg,người,ngyier,0.8,0.5564
111,33.jpg,trắng,fraiy,0.8,0.608
148,47.jpg,không,hlony,0.8,0.6975
139,41.jpg,người,nyuir,0.8,0.637
27,42.jpg,trình,4rru,0.8,0.4702
99,47.jpg,hướng,htory,0.8,0.5065
30,74.jpg,trách,tail,0.8,0.4859
73,63.jpg,lương,lisry,0.8,0.6565
69,10.jpg,phước,pluisc,0.8,0.6728
30,27.jpg,triển,tuet,0.8,0.6323
143,16.jpg,hướng,hua,0.8,0.5499
139,58.jpg,triệu,hi2,0.8,0.3367
126,62.jpg,khẳng,chay,0.8,0.5769
48,82.jpg,người,rguo,0.8,0.3849
5,73.jpg,những,akiny,0.8,0.3529
5,72.jpg,lương,lwhy,0.8,0.7069
126,66.jpg,quyền,apunen,0.8,0.3951
129,44.jpg,"bờ biển dài 3.260 km, từ quảng ninh đến kiên giang. như vậy cứ 100 km2 thì có 1 km bờ biển",id .n qny kn gaynsnmr1in,0.8,0.5756
19,27.jpg,phước,phaige,0.8,0.6774
33,11.jpg,người,mgni3i,0.8,0.5467
80,38.jpg,triển,thek,0.8,0.5631
46,37.jpg,ngoài,igszu,0.8,0.4813
46,35.jpg,ngoài,hg oa,0.8,0.6658
136,96.jpg,những,nusy,0.8,0.485
96,62.jpg,tượng,+udnq,0.8,0.8527
56,7.jpg,huyện,thayis,0.8,0.6306
98,85.jpg,quảng,cnny,0.8,0.3567
107,18.jpg,chúng,ohuy,0.8,0.6947
88,60.jpg,thỉnh,fh:,0.8,0.6635
147,41.jpg,những,luny,0.8,0.4647
94,56.jpg,người,nlguin,0.8,0.5515
121,24.jpg,huống,anny,0.8,0.5432
41,29.jpg,không,jalong,0.8,0.5254
22,75.jpg,nhưng,nluia,0.8,0.4826
49,56.jpg,ngoài,ngrar:,0.8,0.7117
69,30.jpg,đường,chiny,0.8,0.5963
14,80.jpg,người,myui,0.8,0.4069
75,33.jpg,thông,tary,0.8,0.5302
127,9.jpg,phước,sehxoc,0.8,0.5106
62,68.jpg,không,ichorg,0.8,0.493
101,60.jpg,người,ngitin:,0.8,0.673
102,58.jpg,hoàng,ltoan,0.8,0.8375
133,30.jpg,phước,thili,0.8,0.5376
91,55.jpg,buông,ku8y,0.8,0.412
23,1.jpg,người,nyu'f,0.8,0.8367
75,43.jpg,quyền,gup,0.8,0.7425
47,46.jpg,người,nna,0.8,0.4089
59,7.jpg,người,ng ua.,0.8,0.9332
18,8.jpg,hoàng,tt6ang,0.8,0.629
39,21.jpg,đường,ch'ong,0.8,0.8083
47,90.jpg,tuyệt,tavi,0.8,0.6002
8,64.jpg,không,disny,0.8,0.6528
125,97.jpg,người,nla,0.8,0.1857
121,17.jpg,đường,du'öng,0.8,0.7423
34,54.jpg,người,nywol,0.8,0.6577
82,94.jpg,không,whowy,0.8,0.4101
88,49.jpg,những,nlrey,0.8,0.7454
141,65.jpg,giành,giaiu.,0.8,0.8173
114,26.jpg,chúng,clhniny,0.8,0.6266
88,53.jpg,đường,daiong,0.8,0.3436
96,49.jpg,chiếc,mit,0.8,0.7429
73,53.jpg,trước,thuee,0.8,0.6632
33,39.jpg,những,nliuig,0.8,0.7197
108,7.jpg,dương,duday,0.8,0.577
68,5.jpg,người,npi:,0.8,0.467
107,45.jpg,chúng,aluing,0.8,0.7952
102,97.jpg,duyệt,olupt,0.8,0.4757
123,72.jpg,trước,yhisc,0.8,0.7474
14,59.jpg,chúng,durg,0.8,0.5748
98,34.jpg,trong,hmg,0.8,0.5478
16,40.jpg,không,aunang,0.8,0.6742
93,90.jpg,tylao,t,0.8,0.2002
124,66.jpg,người,nt,0.8,0.2912
98,24.jpg,trước,tuis,0.8,0.5631
133,37.jpg,thông,haa,0.8,0.4575
75,27.jpg,những,nludy,0.8,0.5795
101,3.jpg,thịnh,trink.,0.8,0.759
86,15.jpg,những,nluiny,0.8,0.7612
133,54.jpg,trước,inuoc,0.8,0.7495
60,57.jpg,hưởng,lauong,0.8,0.4067
62,92.jpg,quyết,guyil',0.8,0.5955
46,58.jpg,người,ny tn,0.8,0.8303
32,71.jpg,chóng,owny,0.8,0.5096
21,100.jpg,triệu,butu,0.8,0.6214
6,2.jpg,chính,anl,0.8,0.5746
90,70.jpg,"với một anh lái xe ôm bất kỳ. "" tôi là nhân viên công ty báo mất khai minh",vasla a tr m va cy lkkm,0.7973,0.6076
149,52.jpg,"xách theo vali cấp cứu, đdv huệ đem chiếc băng ca đẩy vào nhà có nạn nhân.",xadvaovthm ha á cad van,0.7973,0.6402
36,35.jpg,"tình không dám ăn bánh của chị "". cả nhà anh trông vào đồng lương trợ",+m dam baka udjnca h m hgva+,0.7971,0.5316
87,47.jpg,những vòng xe cấp cứu. buổi trưa 14 - 11 - 2003 khi tôi đang ngồi nói chuyện với các anh,n vo xcuáiaudoos id nocjvcaan,0.7955,0.6529
31,67.jpg,"ở đồng hới và dì ruột ở hà nội, nguyễn kỳ sơn viết thêm : là những người kháng chiến cũ,","hk n  'n,npky s vrag f ha da,",0.7955,0.5919
44,57.jpg,giám đốc sở tài nguyên & môi trường hải phòng chu minh tuấn cho biết thành phố cảng từng,giad m ch mintbif phs'i u,0.7955,0.6785
122,100.jpg,"hay đó là cách nói khác của từ thành đạt, nghĩa là có được một cuộc sống giàu sang,",i d6  hn tatha ghdmstgarg,0.7952,0.6027
87,71.jpg,"và hoàng quý trung, ở cùng xã ia me, chư prông, gia lai, vào khu vực",yrncnia me rmlava,0.7941,0.6508
14,3.jpg,cộng với lãi suất của ngân hàng theo thời điểm nộp tiền. lý do được phía,cnvlcni an u npdrph,0.7917,0.6165
138,3.jpg,tại trạm 20 được các cơ quan chức năng ở đồng nai thống nhất chuyển sang xử lý nội bộ.,ta  2o tuáuannan nah  du,0.7907,0.6233
38,47.jpg,lâu lại phun nước ra như mưa. tiếng ồn từ máy khoan lẫn bụi đá đã khiến,lap wn uhmatin m   da,0.7887,0.5917
53,51.jpg,"các chương trình của địa phương như làm cầu, đường giao thông nông",cai ohia a uthn ancatih g haymay,0.7879,0.6608
130,100.jpg,và di lý 12 csgt cùng toàn bộ tang vật thu giữ về trạm tạm giam bộ,a d  croqha nadramtungab,0.7879,0.5974
18,96.jpg,(trung bình của thế giới là 600 km2 đất liền / 1 km bờ biển).,(nag rd   oonlatkn b.,0.7869,0.5322
121,47.jpg,"hôm nay bỗng lặng lẽ, âm u... "" thấy người ta chết thảm thiết rứa, làm răng",ha a lo &.thangtahatuánuaannay,0.7867,0.6427
113,72.jpg,sự việc nói trên đã gây bất bình cho hàng trăm hộ dân có đất ở mua tại,stnd g c amdan6 dö maa,0.7857,0.618
93,8.jpg,"kịp nhìn, tài phụ đã nhanh như sóc nhảy bộp xuống chạy vào góc tối đưa cho",phitnannsnp ngmygöt,0.7838,0.5542
57,22.jpg,"như thế. chúng tôi thay phiên nhau "" bán "" cả thân mình cũng không đủ tiền ăn, mỗi ngày",nhechg t  h an nik ug an,0.7816,0.5519
79,72.jpg,"bảo : "" yên tâm, hàng tươi sống cả, mang về xẻ ra ướp lạnh... "".","l: yotan, ytnsynrpaypirap.",0.7812,0.5506
83,68.jpg,"người nhiễm hiv mới được phát hiện, nâng tổng số người nhiễm đã được phát",nimiv m dos hg gmin g,0.7808,0.6161
86,93.jpg,"xây dựng và phát triển đội ngũ cb - cc có chất lượng chuyên môn cao,",da v ht  t  cce anyb,0.7794,0.5384
139,92.jpg,"khẳng định mình. đó là ý nghĩa vẹn nguyên của các kỳ thi, và cũng là bản chất",h thh mh.aveacvcgnch,0.7792,0.6311
129,34.jpg,"xác anh hồ nổi lên trong bộ đồ nhái. mới đây biển thanh hóa rộ sò, có thợ lặn được hơn",a anhho nitr önadanhn tlnu,0.7791,0.6075
35,99.jpg,"bờ biển dài 3.260 km, từ quảng ninh đến kiên giang. như vậy cứ 100 km2 thì có 1 km bờ biển",15bda3.26okmqnngianh1m2öm,0.7778,0.6975
52,97.jpg,"sướt, bầm giập cả.","sud,h qy d",0.7778,0.6709
3,76.jpg,"người vẫn trốn tránh sự thật và đã làm lây bệnh cho người thân của họ "".",huoatntrsalm l ah thca,0.7778,0.6555
144,100.jpg,phân giải,phabora,0.7778,0.5528
136,76.jpg,đại kiện báo pháp luật (tp.hcm) * luật sư bảo vệ quyền lợi báo pháp luật,ai halatcn)*usubalbaplua,0.7778,0.6621
141,87.jpg,thân của họ mỗi khi có dịp viếng mộ cũng thấy an lòng.,taa ndp a m hgan,0.7778,0.5283
128,67.jpg,phân giải,phabora,0.7778,0.5528
11,41.jpg,vật rừng.,nirsiy.,0.7778,0.6628
67,74.jpg,dân nên đường vào trạm bị uốn cong không thuận lợi cho các,dangatran#ngconngtua,0.7759,0.6404
120,60.jpg,""" mối ruột "", những người bán hàng rong, sửa xe, thu lượm là những cộng tác viên",mrunrgorg.at lmaigg tin,0.775,0.643
97,55.jpg,quảng ngạn người ta đang nuôi tôm sú xuất khẩu. sao mình không thử nuôi,quy yn ii hky hvn na so mo 1am,0.7746,0.5905
96,53.jpg,"vào trung tâm tp hcm. trong văn bản gửi ubnd tp.hcm, sở giao thông",v ngtpcmtrm  bqmcme,0.7727,0.6141
47,63.jpg,"chiểu, quận 1 (còn một quán hương rừng khác nằm trên đường nguyễn",ch u n qua ayka  nh t,0.7692,0.6493
120,45.jpg,"đã nỗ lực hết sức để khẳng định mình. đó là ý nghĩa vẹn nguyên của các kỳ thi,",ns  hu êy inmh.taven mjatkyth,0.7692,0.6176
66,56.jpg,gác lại âu lo,gaslai,0.7692,0.739
92,2.jpg,"mẹ thích nhân ngày 8 - 3. món canh có thể hơi mặn, món cá sốt đáng lẽ phải có",md h5n n-3.m ton s timnady,0.7662,0.609
73,51.jpg,"chăng đó là kết quả hoàn hảo trong công việc, sự chính xác đến từng chi tiết? hay",chn ddkh hon c ashichiy,0.7654,0.5695
131,70.jpg,khuôn mặt. johor ngày thứ nhất. họ đưa chúng tôi đến khu vực công trường bên cạnh,hom sohogj thiha g tdo sank,0.7654,0.6239
123,39.jpg,"trước đây, vẫn có nếp nghĩ cho rằng nvơnn là những người có đời sống sung túc hơn",tyv neghg monn  ny ganythe,0.7654,0.6286
66,27.jpg,chưa thể dùng làm chứng cứ điều tra. do vậy cơ quan điều tra đã phải,chiahy laca.oovayannia,0.7647,0.6589
120,35.jpg,"vùng biển và hải đảo nước ta có vị trí chiến lược hết sức to lớn, có ảnh",vq d va nicvtnch lus dwéh lhca,0.7639,0.6181
77,33.jpg,kênh tiêu thụ hàng hóa việt nam. công tác nvơnn sắp tới cũng sẽ chú,knhty ha hvom.nn spu,0.7612,0.6305
97,91.jpg,"tìm đến nhà ba "" đen "". tuy nhiên ông ba cảnh giác : "" thú rừng bây",th thmhpa kth: fymkiowpy pwhahqiat: tpepiy y,0.7612,0.5703
16,54.jpg,"trên 27 triệu, còn lại của 140 người dân trong vùng tự nguyện đóng góp.",ton27ta 14onb da+gvyt rtgo,0.7606,0.6755
61,12.jpg,"thành công là khi bố và con trai có dũng khí bước vào bếp, nấu những món ăn",th og k a tn d uhvnaqnn a,0.76,0.6167
138,97.jpg,"được phát hai phần cơm / ngày, cả suất trưa và chiều dồn một. cuộc sống kéo dài",pha kai phmguia  dm.cadd,0.7595,0.6471
47,87.jpg,"vùng biển và hải đảo nước ta có vị trí chiến lược hết sức to lớn, có ảnh hưởng trực",vhny na&akdao w& xukm tnch &q&x mcto&ng an&a&qtu,0.759,0.5637
85,70.jpg,"nước hiện có, và đề nghị tp triển khai tiếp dự án cung cấp",muohcvagp uhaika duacng,0.7586,0.5472
81,61.jpg,"những món quà quý giá, hạnh phúc ấy long lanh in trong mắt mẹ.",amn  pi pj lay tnym n,0.7581,0.5282
133,79.jpg,"trong khu vực) để có cơ sở quản lý giá; quản lý khâu cung ứng, sử dụng",amy&mnc) a 63rd'qual&y a; ynah &han wnq njm'dm,0.7571,0.6725
13,61.jpg,"nghệ an) nằm trong số sáu người bị bắt, 19 ngày được chuộc ra khỏi tù.",n nnan san ba1gsscahit,0.7571,0.6743
25,35.jpg,"ai có thể làm ngơ được "". xác 19 công nhân làm vàng thuộc công ty tnhh",a1'anmaxa 1 co nolomon tcoth,0.7571,0.5567
59,64.jpg,"theo hướng xử lý trên. vụ việc có bị "" chìm xuồng ""? theo ông nguyễn thành",no uig xk  a.w6 h daj? tu y nryu,0.7568,0.5394
48,3.jpg,"như hong kong và campuchia "". thanh tra bộ y tế cũng kiến nghị bộ y tế sắp xếp lại",n ng orqcampuch1hana pxa,0.7561,0.6195
88,44.jpg,diện tích trên 1 triệu km2 (gấp 3 diện tích đất liền : 1 triệu km2 / 330.000 km2).,wn r 1ma m gf 3dinaf atiaen/b n),0.7561,0.5997
123,88.jpg,"không việc làm, không nhà ở, không lương bổng, có người bị đói khát, bị tù tội... giờ đây,",ng v ran nhahanganbannb aabtt t,0.7556,0.6945
12,86.jpg,"cho biết khoa gồm 12 bs, 22 đdv, sáu lái xe với 10 xe cấp cứu",cbi 612bs220vlvd0x,0.7541,0.578
90,77.jpg,"lời ông chủ quán đặc sản như ý tại đồng xoài : "" thường thì phải quen",gki qtsinayti igx. ig hphorgn,0.7536,0.5767
8,14.jpg,tai có hơi lãng đôi chút nhưng ông đỉnh vẫn chưa quên chuyện lặn. ông nói,ki  chy oih vaha qun syn,0.7534,0.6534
93,97.jpg,"có khí hậu biển là vùng nhiệt đới tạo điều kiện cho sinh vật biển phát triển, tồn tại",h la b vy du dhho d o s at be pa ds,0.7529,0.6122
98,22.jpg,chân,hui,0.75,0.6456
122,23.jpg,là hợp đồng vô hiệu.,hhr tsry usaeu.,0.75,0.6438
98,30.jpg,liệu,lain,0.75,0.4771
98,68.jpg,ngọc,nas,0.75,0.4332
72,52.jpg,vĩnh,reinh,0.75,0.9224
123,5.jpg,chôn,cla,0.75,0.5728
72,49.jpg,nước,mi&c,0.75,0.6528
29,11.jpg,"lưu lạc tận đây? "". khi một chị ở an giang lên thành",hu h t 2y nh m4 hyl,0.75,0.5079
112,26.jpg,thực,dhuic,0.75,0.5515
26,30.jpg,rừng,nany,0.75,0.5178
29,4.jpg,công,rg,0.75,0.3987
26,71.jpg,tình,hinl,0.75,0.7985
92,59.jpg,tiến,te,0.75,0.5154
41,93.jpg,tích,tok,0.75,0.696
30,39.jpg,công,cary,0.75,0.5956
145,60.jpg,phía,nia,0.75,0.8731
7,20.jpg,khâm,icham,0.75,0.7736
41,48.jpg,hiện,ren,0.75,0.7346
41,26.jpg,chửi,hili,0.75,0.5394
41,11.jpg,tiểu,cia,0.75,0.5707
56,39.jpg,đông,borg,0.75,0.5103
56,26.jpg,cộng,cy,0.75,0.5631
56,31.jpg,lòng,lisrg,0.75,0.6938
98,57.jpg,dụng,clung,0.75,0.9026
64,37.jpg,pháp,plhay,0.75,0.4307
98,53.jpg,công,co ngy,0.75,0.6818
76,26.jpg,tích,veh,0.75,0.64
138,55.jpg,lính,anl,0.75,0.5629
112,94.jpg,hàng,hoiny,0.75,0.7459
145,9.jpg,hồng,thé'ng,0.75,0.5136
76,21.jpg,được,duac,0.75,0.6128
76,42.jpg,giới,qitri,0.75,0.5628
145,36.jpg,khởi,kes,0.75,0.4166
64,4.jpg,tỉnh,tiin,0.75,0.7891
145,44.jpg,được,du&c,0.75,0.5983
73,24.jpg,đồng,stong,0.75,0.6692
41,94.jpg,điều,theu,0.75,0.8269
112,99.jpg,cúng,any,0.75,0.4322
73,36.jpg,liền,"les,",0.75,0.5986
122,75.jpg,""" thấy trời mưa lớn, trưa 13 - 11 chúng tôi cho anh em nghỉ việc, cho một số rút ra cơ quan công ty.","haj tri ma, ns-ungdo ananl lom'nnqnany",0.75,0.6622
26,60.jpg,tuổi,huy,0.75,0.2894
26,49.jpg,dựng,duingy,0.75,0.786
26,17.jpg,định,tonl,0.75,0.4681
145,15.jpg,đang,tary,0.75,0.3111
38,20.jpg,khác,thae,0.75,0.749
37,41.jpg,trên,them,0.75,0.7395
38,21.jpg,hiện,ha,0.75,0.8791
65,69.jpg,điểm,fin,0.75,0.6669
34,96.jpg,lĩnh,ena,0.75,0.3116
34,84.jpg,toàn,foam,0.75,0.8744
76,59.jpg,trại,tna,0.75,0.814
140,51.jpg,tang,toy,0.75,0.4812
140,97.jpg,được,tusc,0.75,0.7215
72,95.jpg,thực,c,0.75,0.6585
111,46.jpg,quan,quceu,0.75,0.5972
111,64.jpg,sáng,aaing,0.75,0.6795
123,15.jpg,việt,vwl,0.75,0.8443
34,50.jpg,nhặt,wlet,0.75,0.4306
45,29.jpg,chạy,lay,0.75,0.7797
45,15.jpg,ngót,nystt,0.75,0.4844
45,16.jpg,nước,nu'sc,0.75,0.7063
34,79.jpg,tưới,tub',0.75,0.4674
29,85.jpg,rừng,mny,0.75,0.4398
45,90.jpg,công,cory,0.75,0.5195
45,44.jpg,thời,fha,0.75,0.7977
45,61.jpg,pháp,phan',0.75,0.7242
45,63.jpg,điểm,them,0.75,0.819
26,92.jpg,trên,tner,0.75,0.596
26,84.jpg,chịu,hew,0.75,0.5485
45,49.jpg,công,mg,0.75,0.2763
37,94.jpg,thủy,tluiy,0.75,0.4307
37,86.jpg,thẩm,dhamn,0.75,0.6224
123,17.jpg,viên,ricu,0.75,0.6604
3,24.jpg,thác,mac,0.75,0.9155
41,34.jpg,ngờ.,az6.,0.75,0.4573
76,70.jpg,tính,hih,0.75,0.7293
3,5.jpg,vòng,voy,0.75,0.3252
76,71.jpg,hàng,hary,0.75,0.7151
3,59.jpg,khôi,hhs,0.75,0.5796
76,73.jpg,trận,han,0.75,0.7689
34,48.jpg,giải,grai?,0.75,0.5658
34,9.jpg,thời,tun,0.75,0.5712
112,64.jpg,công,bny,0.75,0.537
59,27.jpg,việc,ji,0.75,0.7857
59,30.jpg,kiên,li'en,0.75,0.7049
73,49.jpg,biển,brer,0.75,0.7327
29,44.jpg,phải,pha s,0.75,0.8726
122,18.jpg,thực,trt,0.75,0.487
5,19.jpg,tách,tall,0.75,0.735
86,51.jpg,điểm,tin,0.75,0.6349
62,73.jpg,sướt,mist,0.75,0.4232
62,82.jpg,đồng,ctong,0.75,0.757
116,55.jpg,luật,lnar,0.75,0.5274
116,19.jpg,giám,chiam,0.75,0.634
73,40.jpg,giảm,g'aim,0.75,0.7767
116,43.jpg,sách,sdol,0.75,0.7038
38,88.jpg,tống,ton q,0.75,0.8732
38,79.jpg,đông,hfig,0.75,0.3274
73,7.jpg,khối,hho',0.75,0.7865
59,3.jpg,vắng,vam g,0.75,0.8523
38,18.jpg,trạm,tan,0.75,0.6473
5,10.jpg,hình,lruh,0.75,0.5861
4,28.jpg,công,com,0.75,0.4688
4,30.jpg,giới,gre,0.75,0.481
127,13.jpg,diện,alidn,0.75,0.8422
8,47.jpg,đụng,duny,0.75,0.7071
8,65.jpg,đang,stany,0.75,0.8345
24,4.jpg,biết,hrt,0.75,0.6184
24,6.jpg,dụng,clung,0.75,0.8177
127,36.jpg,thỏa,yh?,0.75,0.4745
8,85.jpg,chất,chia't,0.75,0.811
51,34.jpg,nước,muc,0.75,0.6367
16,48.jpg,hiếm,hais,0.75,0.5565
16,10.jpg,nước,nude,0.75,0.6599
141,96.jpg,nông,noy,0.75,0.8392
30,40.jpg,soát,s oaf,0.75,0.8973
24,42.jpg,nhảy,bay,0.75,0.9822
24,49.jpg,tuổi,tuor',0.75,0.6696
33,35.jpg,lịch,aith,0.75,0.6272
33,42.jpg,khác,hhai,0.75,0.813
8,91.jpg,rừng,ndny,0.75,0.5593
8,32.jpg,vùng,uany,0.75,0.5844
63,100.jpg,hiện,luisn,0.75,0.4548
24,79.jpg,nhậu,noar,0.75,0.563
21,94.jpg,cũng,un,0.75,0.5936
60,1.jpg,cảng,caiy,0.75,0.561
60,7.jpg,điện,than,0.75,0.7996
87,94.jpg,đồng,torg,0.75,0.6482
87,96.jpg,được,duoc,0.75,0.7435
16,20.jpg,hùng,ttang,0.75,0.8323
48,48.jpg,hàng,phany,0.75,0.6521
129,66.jpg,sách,sa,0.75,0.7846
129,69.jpg,liền,een,0.75,0.403
129,72.jpg,nước,nabr,0.75,0.6573
129,78.jpg,biệt,ut,0.75,0.4089
118,89.jpg,hiện,then,0.75,0.4699
118,92.jpg,tiếp,hep,0.75,0.432
91,1.jpg,hoàn,lom,0.75,0.7014
118,55.jpg,đồng,d6'ng,0.75,0.5737
86,98.jpg,tình,hith,0.75,0.6623
144,63.jpg,dịch,dius,0.75,0.8023
144,26.jpg,thời,ahs,0.75,0.5323
139,69.jpg,lưới,lrn,0.75,0.3846
33,66.jpg,giải,qic:,0.75,0.6861
144,93.jpg,kiện,sun,0.75,0.4854
144,41.jpg,công,g,0.75,0.1635
59,75.jpg,giới,gcdt,0.75,0.4801
141,34.jpg,tiểu,then,0.75,0.659
136,1.jpg,hàng,lany,0.75,0.2683
114,17.jpg,việc,vu2,0.75,0.7562
136,11.jpg,hàng,tharg,0.75,0.7258
16,22.jpg,diện,dur,0.75,0.6271
16,23.jpg,khắc,thae,0.75,0.7035
16,24.jpg,giấy,chay,0.75,0.5316
51,46.jpg,rừng,ruiny,0.75,0.5326
8,81.jpg,đông,along,0.75,0.6228
4,82.jpg,sông,s'uny,0.75,0.6925
130,61.jpg,nhau,whari,0.75,0.7211
105,76.jpg,ngày,hyay,0.75,0.9319
67,29.jpg,ương,4ony,0.75,0.4476
67,31.jpg,đang,along,0.75,0.8684
143,21.jpg,được,duc,0.75,0.7913
90,98.jpg,động,ctny,0.75,0.5158
106,14.jpg,vịnh,vis,0.75,0.5361
100,28.jpg,giục,yiue,0.75,0.6652
51,5.jpg,rằng,laing,0.75,0.6813
67,56.jpg,kiến,&en,0.75,0.6749
51,18.jpg,xăng,taing,0.75,0.5816
136,59.jpg,biết,liai,0.75,0.5581
136,66.jpg,hình,rind,0.75,0.7473
136,72.jpg,được,ti6c,0.75,0.2987
114,2.jpg,tiên,den,0.75,0.7425
13,28.jpg,tích,til,0.75,0.6789
67,86.jpg,dựng,wrg,0.75,0.4377
13,54.jpg,tiền,den,0.75,0.7736
13,91.jpg,thật,hed,0.75,0.6861
13,50.jpg,công,c ony,0.75,0.8992
13,98.jpg,cạnh,cenln,0.75,0.8171
13,70.jpg,nước,nl'z,0.75,0.4172
105,4.jpg,trộm,ton,0.75,0.5587
105,6.jpg,lòng,lom,0.75,0.7226
69,21.jpg,trời,ther,0.75,0.7882
69,26.jpg,thật,tl,0.75,0.1808
128,40.jpg,trại,tha',0.75,0.8379
143,27.jpg,tuổi,dua,0.75,0.7137
13,41.jpg,lòng,lay,0.75,0.3847
114,6.jpg,xưng,ru'ng,0.75,0.8844
87,41.jpg,kính,feunh,0.75,0.5883
87,44.jpg,động,tihg,0.75,0.6961
46,30.jpg,trời,hai,0.75,0.463
106,87.jpg,ngăn,rgay,0.75,0.6961
129,11.jpg,nước,nst,0.75,0.2875
130,81.jpg,quản,quari,0.75,0.765
130,82.jpg,nước,nict,0.75,0.9002
130,47.jpg,phải,pla,0.75,0.8718
118,22.jpg,nước,moc,0.75,0.6706
90,21.jpg,sáng,raing,0.75,0.6969
67,44.jpg,định,dinr,0.75,0.6181
136,23.jpg,trực,keic,0.75,0.5688
143,93.jpg,tăng,ttw,0.75,0.6816
136,50.jpg,tiếp,hep,0.75,0.8342
87,6.jpg,hàng,hay,0.75,0.6828
87,7.jpg,tăng,tary,0.75,0.6025
87,13.jpg,hoàn,thoet,0.75,0.5041
100,83.jpg,ngày,rfay,0.75,0.6789
100,99.jpg,giải,gicr:,0.75,0.5398
143,64.jpg,thịt,dat,0.75,0.705
90,33.jpg,nhật,ndud,0.75,0.3937
90,43.jpg,định,dinr,0.75,0.7595
90,64.jpg,tiêm,hem,0.75,0.9427
60,64.jpg,hồng,hiy,0.75,0.8806
60,59.jpg,định,atinh,0.75,0.8237
143,92.jpg,biết,nii,0.75,0.5396
136,35.jpg,rộng,r&s,0.75,0.5149
23,8.jpg,dũng,clung,0.75,0.8267
147,31.jpg,đứng,dting,0.75,0.7112
147,18.jpg,công,ca4,0.75,0.4512
64,83.jpg,chôn,en,0.75,0.67
64,72.jpg,cược,a?!c,0.75,0.6712
138,71.jpg,"đang tá túc, chúng tôi không khỏi chạnh lòng. họ đấu tranh để cứu lấy công trình",co tal chuiho  chah oy no d'a o cothil,0.75,0.5969
82,98.jpg,luân,huar,0.75,0.7776
138,5.jpg,nghị,nlii,0.75,0.5135
147,68.jpg,cuối,cert,0.75,0.4207
44,38.jpg,động,oteng,0.75,0.6935
44,39.jpg,trần,tx an,0.75,0.7911
72,23.jpg,tiêu,the,0.75,0.5957
140,39.jpg,xuất,ucot,0.75,0.6927
141,33.jpg,phải,plrai,0.75,0.7378
140,12.jpg,khởi,kan!,0.75,0.3741
1,53.jpg,động,d öng,0.75,0.7068
28,43.jpg,diện,lven,0.75,0.5967
147,57.jpg,thêm,teen,0.75,0.5788
82,71.jpg,nước,nude,0.75,0.8111
23,49.jpg,tính,the,0.75,0.577
28,58.jpg,nhất,nlat',0.75,0.615
28,27.jpg,công,coingp,0.75,0.6137
28,34.jpg,định,dinw,0.75,0.8141
28,24.jpg,khám,&han,0.75,0.8343
82,43.jpg,bổng,niny,0.75,0.3304
82,67.jpg,phải,pla!,0.75,0.481
95,16.jpg,biển,loun,0.75,0.6088
140,11.jpg,bình,bml,0.75,0.817
3,81.jpg,phạm,plan,0.75,0.828
86,62.jpg,minh,mmirna,0.75,0.8089
86,52.jpg,tưới,toa,0.75,0.5898
129,97.jpg,muốn,mnih,0.75,0.4969
91,50.jpg,toàn,tuam,0.75,0.7287
91,34.jpg,khác,lhet,0.75,0.5334
91,35.jpg,bình,hih,0.75,0.3631
62,33.jpg,ngọc,nae,0.75,0.55
144,89.jpg,tính,ti'd,0.75,0.4947
144,87.jpg,đồng,dany,0.75,0.6697
59,39.jpg,hình,hive,0.75,0.7543
59,32.jpg,công,caot,0.75,0.3027
19,64.jpg,hàng,hay,0.75,0.8076
73,90.jpg,hình,thni,0.75,0.4538
59,65.jpg,cười,cu&:,0.75,0.4857
62,22.jpg,viết,wét,0.75,0.6314
49,99.jpg,liền,ls,0.75,0.2165
44,87.jpg,hạnh,shunl,0.75,0.7295
64,48.jpg,đáng,taing,0.75,0.744
64,70.jpg,biết,hut,0.75,0.7565
64,13.jpg,tạo nên csdl,aanencoo,0.75,0.578
123,52.jpg,trên,ta,0.75,0.4635
123,61.jpg,nóng,nmy,0.75,0.7759
111,86.jpg,hiệu,h2n,0.75,0.6487
111,77.jpg,diện,dlis,0.75,0.421
111,88.jpg,nước,nu'tc,0.75,0.5267
138,34.jpg,uống,aeny,0.75,0.2485
62,26.jpg,được,dusc,0.75,0.6546
57,81.jpg,đồng,ainy,0.75,0.7027
57,15.jpg,việt,val,0.75,0.8763
21,12.jpg,hiện,hoer,0.75,0.5546
21,10.jpg,luận,lar,0.75,0.7923
40,45.jpg,dụng,jiny,0.75,0.5171
40,29.jpg,hiện,can,0.75,0.4116
40,52.jpg,tỉnh,ainl,0.75,0.686
21,30.jpg,tiếp,hop,0.75,0.6451
10,51.jpg,hoãn,&san,0.75,0.6056
141,52.jpg,giữa,yiin,0.75,0.5327
1,97.jpg,"nhiều gia đình trong số họ đã dắt díu nhau đi đâu, chính anh đại bây giờ",n gan'dnha chchar bagi,0.75,0.6758
114,86.jpg,trực,sris,0.75,0.4689
114,57.jpg,động,yog,0.75,0.4004
95,53.jpg,động,d ong,0.75,0.7518
127,57.jpg,trấn,fran',0.75,0.7659
40,7.jpg,"mũi 4,5 m, để gài chất nổ vào trong đó. đánh bao nhiêu kilôgam thuốc","wk 4,sm ti qa da nr ny .oal boaanbmn",0.75,0.5846
33,98.jpg,thấp,ahat,0.75,0.4467
40,16.jpg,nước,nus,0.75,0.6197
40,17.jpg,hàng,hay,0.75,0.9412
109,64.jpg,vùng,oring,0.75,0.7261
127,68.jpg,khắc,ha'c,0.75,0.5485
127,71.jpg,trời,te,0.75,0.3109
127,74.jpg,nghệ,nyhe.,0.75,0.8899
127,58.jpg,nhân,man,0.75,0.7299
21,90.jpg,được,fldc,0.75,0.6961
21,52.jpg,niên,men,0.75,0.7656
127,92.jpg,sưng,guing,0.75,0.7177
127,64.jpg,liên,le,0.75,0.4489
89,77.jpg,viên,"ver,",0.75,0.6465
95,70.jpg,điểm,atim,0.75,0.7865
95,62.jpg,sống,sornyg,0.75,0.3485
40,57.jpg,hình,inne,0.75,0.3384
40,65.jpg,đồng,dony,0.75,0.619
40,87.jpg,trao,thouo,0.75,0.6494
23,24.jpg,vùng,nuny,0.75,0.6081
82,29.jpg,chìm,orim,0.75,0.6066
82,31.jpg,kiều,lie',0.75,0.6912
23,31.jpg,nước,nlor,0.75,0.5129
142,59.jpg,được,auoc,0.75,0.6996
28,98.jpg,kiện,uen,0.75,0.5193
95,69.jpg,công,cory,0.75,0.7776
57,80.jpg,khác,kha'r,0.75,0.7813
51,63.jpg,biển,bur,0.75,0.6942
141,18.jpg,đuổi,jus:,0.75,0.6287
51,82.jpg,tuổi,tis,0.75,0.5208
51,76.jpg,lòng,cany,0.75,0.3559
51,78.jpg,kiểm,aie'm,0.75,0.666
1,56.jpg,viên,nen,0.75,0.6083
51,84.jpg,định,anl,0.75,0.647
89,12.jpg,động,d9ny,0.75,0.8363
95,74.jpg,phải,plat,0.75,0.7567
114,81.jpg,tuổi,jus?,0.75,0.4934
57,62.jpg,động,tany,0.75,0.7401
57,48.jpg,kiểm,wem,0.75,0.5295
57,58.jpg,lặng,lay,0.75,0.8868
51,60.jpg,kiến,fhien,0.75,0.7536
55,78.jpg,cảnh,cml,0.75,0.9466
131,6.jpg,sách,sau,0.75,0.6016
55,56.jpg,sông,any,0.75,0.5277
61,31.jpg,định,ctinh,0.75,0.8762
61,52.jpg,đồng,atong,0.75,0.7437
2,9.jpg,ngày,hegay,0.75,0.7393
2,6.jpg,tiền,"ti'en""",0.75,0.6715
137,52.jpg,trái,to,0.75,0.2495
131,56.jpg,phải,plo,0.75,0.593
131,62.jpg,nước,nihe,0.75,0.7604
131,32.jpg,nâng,nery,0.75,0.6426
131,19.jpg,nước,nutc',0.75,0.7305
117,79.jpg,hồng,liny,0.75,0.6386
128,58.jpg,chậm,thn,0.75,0.5093
146,30.jpg,rừng,rwfy,0.75,0.7073
146,32.jpg,chưa,lela,0.75,0.8161
146,36.jpg,sáng,aahg,0.75,0.457
135,92.jpg,định,dtinh,0.75,0.7381
131,87.jpg,chơi,o choi,0.75,0.7632
131,94.jpg,mong,nany,0.75,0.5781
131,46.jpg,đồng,otong,0.75,0.5109
61,55.jpg,giản,yan,0.75,0.6842
61,19.jpg,tỉnh,tuhe,0.75,0.505
11,28.jpg,chức,cwio,0.75,0.3342
81,95.jpg,giám,fian,0.75,0.5977
137,30.jpg,phải,pla,0.75,0.3736
137,31.jpg,vùng,uuny,0.75,0.6824
117,93.jpg,giảm,gain,0.75,0.6812
103,87.jpg,sống,con,0.75,0.352
103,75.jpg,dưới,dus,0.75,0.6886
103,96.jpg,giao,4no,0.75,0.2169
102,64.jpg,bụng,buy,0.75,0.8887
102,73.jpg,thấy,y,0.75,0.941
102,74.jpg,kiểm,ruem,0.75,0.5566
2,93.jpg,giai,qlav,0.75,0.6252
2,98.jpg,đóng,d rg,0.75,0.5434
2,69.jpg,cùng,wn,0.75,0.7292
2,53.jpg,quan,snam,0.75,0.3354
55,19.jpg,viên,wen,0.75,0.603
47,66.jpg,ngày,hyay,0.75,0.7208
102,38.jpg,trên,aen,0.75,0.8783
55,88.jpg,hàng,hay,0.75,0.6725
75,71.jpg,vườn,we'n,0.75,0.7088
2,77.jpg,biển,hien',0.75,0.7925
2,35.jpg,tiếp,celp,0.75,0.3735
2,24.jpg,dựng,dary,0.75,0.6498
2,43.jpg,lãng,lainy,0.75,0.6546
55,73.jpg,bụng,tuny,0.75,0.6172
55,57.jpg,viết,v,0.75,0.5837
55,61.jpg,cùng,cuis,0.75,0.7567
103,36.jpg,trên,ceran,0.75,0.7692
117,100.jpg,giao,fro,0.75,0.5186
131,28.jpg,kinh,kml,0.75,0.7368
103,19.jpg,định,chinh,0.75,0.8246
55,79.jpg,nước,n ui,0.75,0.5312
55,87.jpg,biển,bries,0.75,0.6079
102,25.jpg,nhau,nlcm,0.75,0.5292
113,54.jpg,lãnh,loint,0.75,0.7164
61,80.jpg,công,cwy,0.75,0.7347
97,50.jpg,tặng,jany,0.75,0.7111
97,70.jpg,cũng,uny,0.75,0.5577
104,100.jpg,tiền,hen,0.75,0.7146
104,86.jpg,cách,call,0.75,0.8101
71,10.jpg,bình,lont,0.75,0.4536
97,87.jpg,nghị,agl:,0.75,0.5968
97,88.jpg,cho biết tỉnh sẽ đầu tư xây dựng khu phố đi bộ tại 6 đường phố chính của khu,o brthdanxay cing pa6nchhcink,0.75,0.6663
119,5.jpg,ngày,nayay,0.75,0.7872
97,5.jpg,ngàn,lgcu,0.75,0.523
97,7.jpg,nuôi,hu,0.75,0.4564
39,67.jpg,dưới,du&,0.75,0.4599
146,74.jpg,chối,tho:,0.75,0.8594
110,51.jpg,sách,sais,0.75,0.9154
42,60.jpg,luôn,lr,0.75,0.7315
42,50.jpg,thêm,ahi'm,0.75,0.7482
126,89.jpg,chất,da't,0.75,0.7331
35,50.jpg,sống,80'ng,0.75,0.7584
68,27.jpg,thực,tha'e,0.75,0.7128
68,44.jpg,tiền,hen,0.75,0.6366
68,51.jpg,chịu,jiu,0.75,0.7011
52,33.jpg,cộng,cir,0.75,0.4592
68,94.jpg,điểm,atiam,0.75,0.4732
96,72.jpg,giải,qia:,0.75,0.5484
96,43.jpg,nước,nutoc,0.75,0.4992
110,70.jpg,giải,gra,0.75,0.3981
9,90.jpg,tịch,heh,0.75,0.6319
84,1.jpg,rằng,kany,0.75,0.6276
135,49.jpg,nghị,rzh,0.75,0.7835
135,54.jpg,biển,brai,0.75,0.5307
135,57.jpg,nhất,nliat,0.75,0.6661
135,60.jpg,biệt,lnict,0.75,0.704
113,12.jpg,tiêu,teir,0.75,0.5667
113,37.jpg,đuổi,dun',0.75,0.7474
137,1.jpg,viện,vvar,0.75,0.4776
104,11.jpg,viết,vu,0.75,0.5324
146,69.jpg,khâu,klan,0.75,0.8235
146,58.jpg,trên,ther,0.75,0.7251
146,61.jpg,được,bc,0.75,0.3306
146,62.jpg,cũng,caiy,0.75,0.5337
137,34.jpg,đồng,daig,0.75,0.7155
135,7.jpg,nước,msc,0.75,0.3833
121,71.jpg,chợt,tit,0.75,0.6536
78,67.jpg,dũng,driny,0.75,0.7584
78,64.jpg,nhận,san,0.75,0.9417
74,20.jpg,kiện,prin,0.75,0.8448
74,23.jpg,tỉnh,ai'nh,0.75,0.7564
113,67.jpg,biển,ber,0.75,0.7573
135,17.jpg,định,dnl,0.75,0.4768
104,48.jpg,châm,dam,0.75,0.9397
84,87.jpg,đông,fisng,0.75,0.5021
137,3.jpg,ngủi,mi,0.75,0.6448
104,77.jpg,rộng,ray,0.75,0.5535
104,83.jpg,giảm,giann,0.75,0.8494
39,98.jpg,liên,hen,0.75,0.8409
39,95.jpg,"nhà lần lượt đội nón ra đi. tối 21 - 3, chúng tôi tìm đến chỗ trọ của vợ",na usai noad. aid1-3.cuqmach'roaá,0.75,0.6539
137,21.jpg,được,duoc,0.75,0.8038
139,17.jpg,nước,nude,0.75,0.7065
129,56.jpg,công,coy,0.75,0.8413
5,50.jpg,cũng,any,0.75,0.2845
48,27.jpg,đồng,dons,0.75,0.7446
118,70.jpg,băng,lsang,0.75,0.4582
130,39.jpg,rằng,ray,0.75,0.5625
130,26.jpg,được,2&c,0.75,0.5278
130,27.jpg,trôi,fnoi,0.75,0.7087
139,89.jpg,hiếm,litn,0.75,0.3794
128,48.jpg,hiện,juan,0.75,0.5299
128,8.jpg,định,dtnk,0.75,0.6567
83,52.jpg,kiện,ker,0.75,0.7996
93,92.jpg,"công khai, hiện vẫn được dựng công khai cách trụ sở ubnd xã xuân hải",cg cha vad d ai enáun a,0.75,0.561
103,78.jpg,ngàn,yon,0.75,0.3791
9,4.jpg,hàng,hary,0.75,0.725
36,38.jpg,điện,tten,0.75,0.6943
36,32.jpg,thúc,hnt,0.75,0.5998
36,49.jpg,tiên,teein,0.75,0.7298
85,41.jpg,liên,hen,0.75,0.8357
133,70.jpg,biển,li,0.75,0.578
133,76.jpg,thực,tut,0.75,0.6107
58,36.jpg,điện,elin,0.75,0.5973
36,87.jpg,mình,muil,0.75,0.5636
58,51.jpg,được,tuuc,0.75,0.5352
58,55.jpg,tuổi,te,0.75,0.4355
9,24.jpg,giải,qiu,0.75,0.5971
83,71.jpg,kiểm,fhim,0.75,0.7392
9,1.jpg,chồn,thor,0.75,0.6203
100,8.jpg,đánh,conl,0.75,0.3898
105,18.jpg,năng,nay,0.75,0.8327
105,26.jpg,giữa,gruw,0.75,0.6221
13,76.jpg,được,dusc,0.75,0.8429
13,63.jpg,động,targ,0.75,0.4138
13,64.jpg,kinh,cnf,0.75,0.5587
130,43.jpg,trên,te,0.75,0.5901
139,3.jpg,trực,tulr,0.75,0.5633
129,31.jpg,diện,alin,0.75,0.8026
139,16.jpg,việc,vz'2c,0.75,0.6338
106,42.jpg,nhân,nllen,0.75,0.5919
128,47.jpg,nghị,nylhu,0.75,0.7229
46,89.jpg,điều,fien,0.75,0.6995
60,88.jpg,định,thinh,0.75,0.6731
90,82.jpg,quản,qhi,0.75,0.4552
105,98.jpg,hoàn,loam,0.75,0.677
105,50.jpg,nước,mic,0.75,0.8347
105,53.jpg,giai,op'ai,0.75,0.8705
106,88.jpg,được,fuoc,0.75,0.6687
33,5.jpg,cuộc,lus,0.75,0.5961
63,38.jpg,biển,bek,0.75,0.6725
63,27.jpg,kiện,wi'in,0.75,0.6147
46,97.jpg,nghị,ng'ri,0.75,0.4627
106,53.jpg,chẩn,luan,0.75,0.7606
143,25.jpg,nước,nise,0.75,0.4587
106,76.jpg,quốc,qwat,0.75,0.5098
106,72.jpg,phía,ple,0.75,0.5111
60,38.jpg,giúp,tp,0.75,0.3963
16,73.jpg,cười,culti,0.75,0.5285
68,95.jpg,loại,lac,0.75,0.6043
68,98.jpg,thấy,"tha',",0.75,0.682
83,18.jpg,điều,tiar,0.75,0.6953
68,58.jpg,nhóm,nlon,0.75,0.6357
83,47.jpg,chục,elnc,0.75,0.8814
134,79.jpg,hiện,hwco,0.75,0.5686
58,68.jpg,trai,yea',0.75,0.5214
58,100.jpg,rừng,nuny,0.75,0.8086
134,3.jpg,cùng,cay,0.75,0.4493
85,57.jpg,trôi,tor,0.75,0.864
36,11.jpg,toàn,:loan,0.75,0.8663
36,2.jpg,tiếp,hep,0.75,0.4762
134,67.jpg,được,dadc,0.75,0.7176
128,29.jpg,khăn,ihnan,0.75,0.6762
96,11.jpg,thực,huic,0.75,0.599
83,50.jpg,sạch,aauh,0.75,0.4295
83,37.jpg,công,crj,0.75,0.2858
75,4.jpg,hiện,lir,0.75,0.5733
32,54.jpg,hiếm,thien,0.75,0.7352
78,14.jpg,hoạt,locst,0.75,0.5678
78,15.jpg,nước,nut,0.75,0.7462
102,44.jpg,thực,thuie,0.75,0.7818
117,60.jpg,viên,u'en,0.75,0.6832
47,35.jpg,bệnh,h-&nh,0.75,0.6805
47,29.jpg,đông,dorg,0.75,0.6336
47,36.jpg,bánh,rodnh,0.75,0.5536
47,38.jpg,bình,hinl,0.75,0.7379
47,56.jpg,tiếp,ta'r,0.75,0.4063
134,69.jpg,chưa,duia,0.75,0.7587
128,31.jpg,giải,g2,0.75,0.4225
128,24.jpg,khâu,than,0.75,0.511
32,73.jpg,bụng,buany,0.75,0.6801
32,97.jpg,ngày,may,0.75,0.6861
133,82.jpg,sống,sc'2,0.75,0.4404
85,93.jpg,sinh,stul,0.75,0.7578
36,62.jpg,hùng,aaung,0.75,0.2949
36,74.jpg,2004,2oou,0.75,0.5
36,91.jpg,mạch,mat,0.75,0.8107
133,51.jpg,liệu,lall,0.75,0.4386
133,38.jpg,thay,fany,0.75,0.7256
102,95.jpg,trạm,framn,0.75,0.613
133,7.jpg,kiên,mwan,0.75,0.3025
75,15.jpg,cùng,cuy,0.75,0.7879
14,29.jpg,trên,frer,0.75,0.6767
14,31.jpg,hình,hime,0.75,0.8086
14,35.jpg,kiểm,lian,0.75,0.6513
36,98.jpg,cùng,uny,0.75,0.8388
36,99.jpg,nhân,whar,0.75,0.5412
32,39.jpg,2003,l0c 3,0.75,0.7485
117,28.jpg,trên,nen,0.75,0.5161
117,30.jpg,kiện,ku'en,0.75,0.4696
117,17.jpg,miền,met,0.75,0.5596
14,87.jpg,chưa,ihuta,0.75,0.607
58,8.jpg,đồng,dö'ng,0.75,0.6684
14,61.jpg,đông,dswg,0.75,0.6188
117,5.jpg,xáng,yarg,0.75,0.7114
117,6.jpg,giấy,qi,0.75,0.2794
14,42.jpg,dũng,duiy,0.75,0.527
17,29.jpg,nước,nidi,0.75,0.6158
17,52.jpg,phức,phn's,0.75,0.6928
17,35.jpg,phải,nha,0.75,0.8035
17,37.jpg,phải,oht,0.75,0.4777
115,42.jpg,căng,chiy,0.75,0.7114
12,22.jpg,cùng,auny,0.75,0.5411
12,32.jpg,rừng,hiny,0.75,0.7311
77,57.jpg,lược,litv,0.75,0.2449
54,1.jpg,điều,die,0.75,0.7752
54,20.jpg,bình,prnp,0.75,0.4896
132,95.jpg,lưới,lud:,0.75,0.728
132,79.jpg,hội và định chế.,ra na tima a.,0.75,0.7374
132,23.jpg,đánh,iunl,0.75,0.527
9,92.jpg,2003,ov3,0.75,0.7857
88,27.jpg,xuân,van,0.75,0.8461
115,50.jpg,khai,hlci,0.75,0.6783
115,66.jpg,thắp,tlon,0.75,0.6787
115,68.jpg,dính,dil,0.75,0.8428
115,13.jpg,khỏi,thot,0.75,0.8822
17,34.jpg,kiều,li,0.75,0.2628
17,90.jpg,oanh,con,0.75,0.6494
53,47.jpg,khái,kla,0.75,0.5065
53,49.jpg,băng,kan,0.75,0.8171
53,58.jpg,giám,gran,0.75,0.6987
120,83.jpg,tiên,juen,0.75,0.539
15,55.jpg,bệnh,h enh,0.75,0.9303
17,23.jpg,ubnd,ub n i,0.75,0.832
53,40.jpg,cách,ah,0.75,0.9799
12,4.jpg,điểm,otem,0.75,0.7792
150,100.jpg,tách,tao,0.75,0.5705
150,90.jpg,ngày,myy,0.75,0.854
150,75.jpg,điều,dis,0.75,0.4577
49,15.jpg,đang,damy,0.75,0.6951
49,35.jpg,hàng,hary,0.75,0.7841
49,44.jpg,chơi,har,0.75,0.5042
150,21.jpg,việc,vta,0.75,0.4258
35,84.jpg,động,dn g,0.75,0.5683
126,22.jpg,thực,thire,0.75,0.691
126,37.jpg,bước,bribc,0.75,0.5003
150,92.jpg,trên,wen,0.75,0.6789
65,51.jpg,việt,veex,0.75,0.4758
17,27.jpg,công,amg,0.75,0.6463
108,43.jpg,việt,met,0.75,0.8536
126,76.jpg,giới,agi,0.75,0.4103
54,54.jpg,lặng,1g,0.75,0.2351
54,63.jpg,giáp,zir,0.75,0.4907
54,64.jpg,sông,sury,0.75,0.5828
120,53.jpg,động,dorg,0.75,0.5478
22,27.jpg,đồng,tony,0.75,0.4505
70,46.jpg,động,clang,0.75,0.9492
70,47.jpg,đoạn,doar,0.75,0.8472
22,38.jpg,viện,wn,0.75,0.4969
70,54.jpg,nghị,mhi,0.75,0.9385
70,14.jpg,được,ttic,0.75,0.4837
70,25.jpg,minh,nlmh,0.75,0.7827
17,42.jpg,diễn,chien,0.75,0.8453
65,57.jpg,giải,gsas,0.75,0.7392
56,59.jpg,từng,tuirg,0.75,0.7566
132,16.jpg,lãnh,lorl,0.75,0.5838
53,3.jpg,hoàn,wuan,0.75,0.5788
53,7.jpg,nghị,myh:,0.75,0.5525
53,29.jpg,nước,nu'sc,0.75,0.7993
30,6.jpg,đuổi,tuer,0.75,0.8821
149,70.jpg,thẩm,than?,0.75,0.7219
149,81.jpg,trạm,toun,0.75,0.6565
149,82.jpg,ngày,myoy,0.75,0.5737
149,21.jpg,tiêu,tuis,0.75,0.4503
149,32.jpg,giải,qi&,0.75,0.6619
125,30.jpg,đúng,ctung,0.75,0.4767
125,19.jpg,việc,wiee,0.75,0.5614
17,24.jpg,đồng,dany,0.75,0.5302
125,29.jpg,diện,lio,0.75,0.3238
7,59.jpg,xích,aith,0.75,0.7585
7,1.jpg,đồng,dtong,0.75,0.6237
7,8.jpg,điểm,dem,0.75,0.8847
149,99.jpg,khai,ichau,0.75,0.6349
53,22.jpg,tiếp,ton,0.75,0.654
56,70.jpg,giản,pia,0.75,0.3014
111,6.jpg,vọng,voy,0.75,0.4702
111,12.jpg,khăn,ichan,0.75,0.7748
26,41.jpg,dưới,dut,0.75,0.7164
26,10.jpg,nhân,nhcir,0.75,0.6606
30,75.jpg,giảm,q'am,0.75,0.7365
30,82.jpg,tích,-ith,0.75,0.3769
30,54.jpg,khẩu,kaa',0.75,0.723
125,26.jpg,nhân,mhar,0.75,0.7763
7,69.jpg,phản,pla,0.75,0.7941
7,80.jpg,biết,br'et,0.75,0.56
125,81.jpg,đặng,diny,0.75,0.8822
149,11.jpg,hoàn,kan,0.75,0.4574
22,2.jpg,lặng,lt,0.75,0.3615
22,3.jpg,khía,12h'a,0.75,0.5977
17,58.jpg,nước,nse,0.75,0.3877
88,21.jpg,sống,soy,0.75,0.4766
7,33.jpg,nhân,nees,0.75,0.5678
88,76.jpg,cũng,cixny,0.75,0.6279
125,44.jpg,lãnh,lomn,0.75,0.5797
125,50.jpg,soát,sad,0.75,0.6648
125,72.jpg,vàng,uans,0.75,0.3388
69,41.jpg,được,dugc,0.75,0.6773
49,48.jpg,biết,gier,0.75,0.5619
62,85.jpg,quan,91n,0.75,0.6746
91,77.jpg,khẩu,the,0.75,0.8099
107,26.jpg,giải,g lai,0.75,0.7278
107,31.jpg,được,dlec,0.75,0.6044
107,42.jpg,việc,wec,0.75,0.3685
65,86.jpg,sống,98'ng,0.75,0.5937
108,3.jpg,nông,mony,0.75,0.656
38,15.jpg,giải,opiai,0.75,0.6575
69,90.jpg,điện,tuen,0.75,0.4069
25,66.jpg,rừng,9uing,0.75,0.8462
25,80.jpg,đuổi,dus:,0.75,0.6452
25,83.jpg,điểm,diaa,0.75,0.5243
25,18.jpg,việc,n&c,0.75,0.4532
125,73.jpg,dụng,duy,0.75,0.6067
27,97.jpg,được,ducc,0.75,0.7365
79,64.jpg,lưới,lu',0.75,0.5667
79,63.jpg,công,cory,0.75,0.7732
66,9.jpg,công,coo,0.75,0.6284
66,11.jpg,phía,pluia,0.75,0.7674
66,32.jpg,phải,pas,0.75,0.6272
148,10.jpg,nẵng,nay,0.75,0.605
148,11.jpg,điều,dier,0.75,0.4159
101,100.jpg,dụng,olung,0.75,0.7296
101,47.jpg,phối,plk,0.75,0.2927
101,37.jpg,sống,sssq,0.75,0.5698
27,54.jpg,lẳng,liy,0.75,0.5005
27,86.jpg,giúp,qup,0.75,0.8935
6,90.jpg,luận,puad,0.75,0.415
50,15.jpg,ngày,wyoy,0.75,0.3908
119,82.jpg,thức,hvc',0.75,0.4691
80,6.jpg,nước,nist,0.75,0.4568
80,29.jpg,trâu,teoy,0.75,0.7648
80,16.jpg,ngày,asgay,0.75,0.7276
80,22.jpg,tiến,d'en,0.75,0.6165
119,67.jpg,dâng,oany,0.75,0.8301
119,73.jpg,nhìn,alrn,0.75,0.7831
119,74.jpg,ngày,may,0.75,0.6503
42,88.jpg,trại,tha,0.75,0.9277
49,3.jpg,giấy,graly,0.75,0.6422
35,67.jpg,được,atac,0.75,0.3859
65,27.jpg,kiện,luen,0.75,0.4729
35,76.jpg,cũng,cuiny,0.75,0.5393
101,11.jpg,động,ating,0.75,0.8102
42,4.jpg,điều,dier,0.75,0.7396
42,30.jpg,điện,ctian,0.75,0.8562
84,7.jpg,chứa,mira,0.75,0.7486
74,4.jpg,tăng,tay,0.75,0.3523
74,7.jpg,cũng,auny,0.75,0.5283
74,8.jpg,ngắn,ngair,0.75,0.7068
81,44.jpg,nước,nut'c,0.75,0.592
74,95.jpg,thực,theie,0.75,0.7393
71,87.jpg,chắc,ha',0.75,0.8893
71,91.jpg,tiên,hon,0.75,0.5964
71,24.jpg,nước,n voc,0.75,0.7765
71,25.jpg,châu,clas,0.75,0.5455
113,94.jpg,hiện,tuen,0.75,0.4182
101,27.jpg,việc,n'c,0.75,0.7918
50,64.jpg,vàng,cany,0.75,0.6823
79,17.jpg,sinh,muh,0.75,0.406
71,64.jpg,nhận,haw,0.75,0.4308
79,27.jpg,đuôi,tus,0.75,0.686
97,18.jpg,điều,tier,0.75,0.9273
148,1.jpg,biển,b,0.75,0.8948
74,35.jpg,tính,hinl,0.75,0.6439
66,68.jpg,biên,hen,0.75,0.6081
148,6.jpg,thảo,ffao,0.75,0.5578
119,10.jpg,đồng,ctong,0.75,0.7499
119,11.jpg,quan,qecin,0.75,0.7272
119,14.jpg,nhân,mnan,0.75,0.7866
50,10.jpg,giới,gio'r,0.75,0.6323
79,54.jpg,chức,latc,0.75,0.3614
50,60.jpg,đông,pony,0.75,0.6803
80,53.jpg,tuổi,tist,0.75,0.712
6,6.jpg,trên,ifen,0.75,0.7676
31,37.jpg,2004,2vvl4,0.75,0.6246
31,70.jpg,lạnh,layp,0.75,0.5285
120,12.jpg,2003,2ov 3,0.75,0.9595
120,8.jpg,thăm,heim,0.75,0.4676
120,21.jpg,giập,dap,0.75,0.8105
124,54.jpg,xách,gacl,0.75,0.603
124,61.jpg,cược,cu'dc,0.75,0.6506
124,48.jpg,cảng,ca'y,0.75,0.5525
124,18.jpg,cũng,uiny,0.75,0.8727
6,68.jpg,phải,phate,0.75,0.4045
12,69.jpg,công,conay,0.75,0.813
52,70.jpg,đúng,ny,0.75,0.2983
43,58.jpg,tổng,tey,0.75,0.7829
43,50.jpg,cũng,cuy,0.75,0.5614
77,41.jpg,chưa,lnda,0.75,0.4914
53,83.jpg,ngày,hgas,0.75,0.6348
53,89.jpg,đồng,tony,0.75,0.7053
54,93.jpg,đồng,hony,0.75,0.7232
70,29.jpg,hiệu,thiw,0.75,0.6534
124,79.jpg,đồng,do'ng,0.75,0.7495
124,86.jpg,mình,mil,0.75,0.8001
6,47.jpg,trực,trm's,0.75,0.7794
6,62.jpg,ubnd,u b n d,0.75,0.7044
6,64.jpg,đảng,dany,0.75,0.9272
6,65.jpg,mươi,mub1,0.75,0.6068
70,9.jpg,được,tuec,0.75,0.331
22,74.jpg,động,clung,0.75,0.8226
52,81.jpg,giấy,pey,0.75,0.2076
52,67.jpg,được,tiic,0.75,0.7347
94,4.jpg,quốc,qma!,0.75,0.4124
68,76.jpg,khai,flau,0.75,0.5892
68,21.jpg,tình,ti'd,0.75,0.6984
96,97.jpg,hành,has,0.75,0.5806
35,15.jpg,bệnh,denhy,0.75,0.6742
126,56.jpg,hđnd,hd n1,0.75,0.8221
126,61.jpg,liền,een,0.75,0.6398
126,65.jpg,hiến,len,0.75,0.5956
108,26.jpg,phải,thae,0.75,0.5252
35,89.jpg,thực,tha'r,0.75,0.6682
108,56.jpg,khỏe,thoé,0.75,0.7794
27,12.jpg,biển,laen,0.75,0.5235
96,60.jpg,cũng,cay,0.75,0.6062
99,28.jpg,khâm,icham,0.75,0.9352
43,81.jpg,đánh,danl,0.75,0.8198
80,49.jpg,"tách đôi ra ở một góc, tần ngần : "" sao tìm được hay","1ssth nw m-6, t2: 5:+s thy",0.75,0.519
27,22.jpg,nước,nige,0.75,0.707
27,44.jpg,tràn,yan,0.75,0.8971
27,39.jpg,giúp,aup,0.75,0.7016
99,58.jpg,nước,mi&c,0.75,0.5901
20,74.jpg,diện,dud,0.75,0.5151
20,76.jpg,cùng,cling.,0.75,0.7739
20,87.jpg,diên,lan,0.75,0.4676
148,64.jpg,mạnh,ranl,0.75,0.6311
22,90.jpg,đông,korg,0.75,0.7056
22,85.jpg,đang,tary,0.75,0.5896
35,24.jpg,dụng,ahny,0.75,0.6686
133,11.jpg,"phải chăng liều thuốc chưa đủ đô nên sai phạm ở đây lại tiếp diễn? bên trên, hai csgt và các cò",hai cla lui nchs rn aiplomdv hicsatva5,0.7474,0.6728
144,67.jpg,"sáng nay, 31 - 3, hội nghị thành ủy tp.hcm mở rộng tiếp tục làm rõ nguyên nhân vì sao tình hình","sag na,1t m than ttmmn ninatin",0.7474,0.6463
62,98.jpg,"chủ. có một ông đến đưa tám lao động đi, nói vào rừng làm lán trại rồi phát cây",chmng dchatm adqghinvqlmniá,0.7468,0.7092
115,3.jpg,"viên khi đón chúng tôi vào bàn, câu đầu tiên anh ta hỏi : "" các anh có dùng",vi hti h duyd55bada han tac ashdy,0.7467,0.6394
90,94.jpg,phức tạp. đặc biệt là tình huống kẹt xe ngay trên đường ray trong thời điểm,p. batlh hkxngg tn t,0.7467,0.5992
82,34.jpg,"không có giấy tờ tùy thân. chu văn thiệp (lâm xuân, nghĩa hoàn, tân kỳ,",nott thonvhin lm ufomanky,0.7465,0.6113
56,73.jpg,"trong đó có hai người chưa thành niên, đến khách sạn ngọc vân 2",ang abha nyou a i i an l2,0.746,0.6252
35,60.jpg,rên hừ hừ. đdv huệ an ủi và lấy y cụ bó thật chặt vòng bụng,h . ov han a s ch luy,0.7458,0.5326
58,35.jpg,"tại hà nội, bộ trưởng bộ lao động - thương binh & xã hội nguyễn thị hằng cho biết hiện",i rnnladntunbiná inutanhlihn,0.7442,0.6255
17,96.jpg,"lúc anh đại còn làm tổ trưởng quản lý hơn 20 công nhân, chị nhận lãnh chân nấu",uan  n mttndim qu y n dowj ni akdu a,0.7436,0.6254
107,37.jpg,cầu cứu các nơi nhưng đều tuyệt vọng. kuala lumpur ngày thứ 39. cuộc sống thật,racnnhng  tvoykaa1unngh3g j,0.7436,0.6098
134,82.jpg,"tuy nhiên, đáng sợ nhất về sự tiêu thụ thú rừng phải kể đến hàng trăm làng",t nadags w v tathknrht y tomny,0.7432,0.6079
101,51.jpg,"đến nhận lại giấy cmnd. chị cầm tờ giấy đã bị thấm nước, hai mặt nilông bị","nha ai p cunbu utgda hau,hananng",0.7432,0.6528
21,66.jpg,"ông đành phải đốn dừa nhà mình đang sai trái, cưa xẻ cho kịp ngày dựng",hátka nh mang mtrado ipuy,0.7429,0.5911
118,50.jpg,viên tinh thần. đdv kim chi tiêm một mũi thuốc thông tiểu.,an aa v km c m mmkny,0.7414,0.6109
105,100.jpg,"dặn lang thưởng tìm khách mua xương thì được hưởng 5 triệu. nếu lấy ngay,",a angthnghám n taa  gy,0.7397,0.6313
77,3.jpg,lên như cái trống hầu. bs hà vừa chẩn đoán bệnh vừa an ủi và động,nnté an. shaa cn dnaneandy,0.7385,0.6448
20,81.jpg,"không biết ai là ông chủ. có một ông đến đưa tám lao động đi, nói",uy ai  oy d.cm oy d xi tin do dayd:sm,0.7385,0.663
91,10.jpg,"nghe thật não nùng nhưng những người khâm liệm vẫn tiếp tục công việc, công nhân",nght n  du hgu hnlin vaitg d,0.7375,0.6414
74,34.jpg,"nằm trong biên chế được duyệt. "" đừng ngại "" - thứ trưởng võ trấn an. "" thỏa","hm tnouq achtuduy+-uyyi""-t++wy v5nan""od",0.7368,0.6693
60,31.jpg,1. khái niệm hệ quản trị cơ sở dữ liệu,akkasnikmhauanmcoscafie,0.7368,0.6429
81,20.jpg,cuộc đời à tui mệt!,cuse dtsi,0.7368,0.521
138,60.jpg,"giới, không được giải quyết khi bị tai nạn lao động, 6 / 17 người đã nếm",gáonghgiqhiai naladng11ngad,0.7361,0.6326
131,44.jpg,"ban quản lý lao động và chuyên gia tại malaysia (ở kuala lumpur), đói và",hn quan o au   alagsinldu,0.7361,0.612
7,44.jpg,"bị công ty biến thành những người bất hợp pháp. quả thật, chúng tôi đang","co  br ta ninnph lahapquhat,dghdr",0.7361,0.6069
112,79.jpg,"nhỏ, và chưa bao giờ được chính thức ra sân. nhưng đó không phải là thất",mva ch bagt sanhingphth,0.7361,0.6468
132,94.jpg,"để hát karaoke, nhưng tôi khẳng định là mình không có",ur karokanh  atu mi hf,0.7358,0.6217
82,49.jpg,nhưng đầu nậu mà chúng tôi nghe giới thiệu nhiều nhất trong những ngày ở bình phước,ng mmhuy ti yi thinktumhsrtagmgmgs la:,0.7349,0.5901
108,29.jpg,""" săn lùng "" pv qua điện thoại và đề nghị "" thông cảm "" ngay sau khi xảy ra sự việc",sann pvqiaatng n nag sk  re,0.7349,0.6245
48,96.jpg,"lặn tìm tàu hàng, tàu đứt neo chìm ngoài biển xa "". con thuyền trở nên chật chội và",lntimtah dunchim ga nthtrn,0.7349,0.628
14,79.jpg,ông phó viện trưởng cùng ba đối tượng. liệu rằng việc tách ra để,rh vionng  baknla nsg uaak mx,0.7344,0.6199
67,40.jpg,và tìm ra những yếu tố làm nên thành công này. trường hợp nghiên,va tmmnuj yt'lann ahognatanqa,0.7344,0.5836
132,61.jpg,"phó viện trưởng nguyễn thành phương được phân công phụ trách lĩnh vực cảnh sát,",ul vo fng nmy2 tam j&sg aplg  p1n 1 w ex&7,0.7342,0.6217
138,26.jpg,"quẫn gần như cùng cực. và trên hết, nghi vấn về "" một âm mưu tống tiền "" mà một",quán ga mngahaan ingiáianmduogfinmám,0.7342,0.6641
92,26.jpg,"trong đó có 2 quần đảo hoàng sa, trường sa và 2.577 đảo lớn, nhỏ, gần và xa","tmg a hgatu3gsa.5 tm,n ga a",0.7333,0.5987
79,85.jpg,"nhiều việc ""- thứ trưởng võ nói ngay. ông võ lý giải: nếu chỉ đặt văn phòng","nu via ""hs may y. ng: nad p",0.7333,0.6483
121,13.jpg,"mọi nỗ lực nhằm tháo gỡ sản xuất kinh doanh, đưa tốc độ tăng",m nc nnó  xukindan,0.7333,0.6861
108,87.jpg,"trưởng ngọ là một số cán bộ cấp vụ của bộ nn & ptnt, cũng là nhân chứng","qrms c vb nnptnt, nc",0.7324,0.5985
130,1.jpg,"lịch này sẽ tổ chức các lễ hội, như đêm rằm phố cổ mỗi tuần một lần",ccna töcucá inadmnnphmátunt,0.7313,0.6766
35,69.jpg,"nước để xốc cây, đổ cột... ngày nay, những người trong ban từ thiện",kérégict ng najg glvg bant+ha,0.7313,0.7176
39,71.jpg,giúp nhà tình thương còn đóng giường tặng những gia đình nghèo.,gnanmigging ng ga gh,0.7302,0.6404
32,87.jpg,"công đã nở hoa khi cậu bé năm xưa, với bao nghị lực và quyết tâm, đã chiến",m da mu &i ca& man xlauo myi&kvaqutt tamdaa,0.7297,0.6399
111,18.jpg,ông còn vận động để người bạn thân là trần văn trọng đang sống ở quận bình,g an d kn th dtr ntrgqun6r,0.7297,0.6681
109,3.jpg,"bạt mới được công ty trường sơn dựng lên để tạm làm "" nhà vĩnh biệt "",",t mndu chn son dunn di tammnzu,0.7286,0.6984
18,73.jpg,mà không bám được lại vào phao hay dây thì tức khắc sóng sẽ cuốn trôi.,mag bavö phao ay dathun,0.7286,0.6826
7,57.jpg,"khoảng 2 km. sau khi hoàn tất thủ tục, thời gian qua một số chủ sở hữu",n.a  hta h t  a ua mdi,0.7286,0.5906
113,85.jpg,"nhu cầu nước lớn nhất, huy động nhiều đối tượng tham gia thực hiện",ncaná nhy digkadai ty angja uen,0.7273,0.6601
104,91.jpg,"hết được "".",het dar,0.7273,0.6155
126,7.jpg,và nhà nước đã ban hành nhiều chính sách về vận động nvơnn cũng như nhiều,ehnu  en anh sav v dnonn uhh,0.726,0.6561
132,100.jpg,"trong đó có 2 quần đảo hoàng sa, trường sa và 2.577 đảo lớn, nhỏ,","ton dctn sa,nmsa va 5rn",0.7231,0.6097
9,40.jpg,"ban phòng chống aids quốc gia, đưa ra một lý thuyết quản lý mà ông gọi là mang tính",a phmg dsgatds psy tmms+ kjt qw ym 6g my,0.7229,0.6357
116,36.jpg,"khắp mâm. thật kinh ngạc, 42 khối vuông hình sắc cạnh không hơn kém nhau 1 gam.",achapmt  ngnwih ng  nnha gam.,0.7215,0.5765
150,15.jpg,công sớm đường trường chinh do công tác đền bù giải tỏa tương đối khả quan. ông,cöng m u h do co ta dhauann,0.7215,0.6464
125,77.jpg,công an ập vào bắt quả tang? tôi nghĩ lúc đầu họ nhậu rồi rủ nhau đi,csgan   tuy t da lgnri nnt,0.7206,0.5833
51,90.jpg,"tìm kiếm địa chỉ và liên lạc với chủ nhân những giấy tờ đã tìm được, mời người đến","tu kan aa cuu akac id'nra ng a +3'ta+ tue,m&'ngua",0.7195,0.6188
44,2.jpg,"chính thực tế này đòi hỏi những chủ trương mạnh dạn hơn, thông thoáng và toàn diện",chu kx+m hanhuy uuy manda hnky thog'ven h?,0.7195,0.6346
43,30.jpg,đi cùng cả số tư trang ít ỏi trên người cũng được đánh đổi lấy đồ dùng trong những,ion c  ag i th gcug ddng on,0.7195,0.639
67,88.jpg,"chở sắt cây dài cộng thêm một chiếc xe cơ giới). ra tới tazon, bình thuận, anh mới than :",s dacm tin meröc.eattazmbthanntan:,0.7191,0.6561
55,2.jpg,"làm thuê, làm mướn; một vài người còn lại từ những công nhân xây",amthuamni mmgbön a áng an ay,0.7188,0.6466
55,83.jpg,"thức được rằng việc thực hiện chính sách sẽ luôn được sự theo dõi, đánh",hui  y vmarh ch sa ne lns . m kodna,0.7183,0.6009
117,75.jpg,"nhiệm cấp cứu đoạn đường từ hiện trường đến cổng bệnh viện. sau khi nhận điện báo, mỗi ca cấp cứu gồm êkip một",min  ádon dig t i g á cg  vnsu hirl dinónám,0.7182,0.6768
147,86.jpg,"chỉ có 10 tỉ đồng. liệu có tình trạng lơi lỏng, chủ quan trong xử phạt sau sea",cicog nnthg iöngchqantngpaatan,0.7179,0.655
104,66.jpg,"đêm kinh hoàng. ở văn phòng công ty trường sơn, cách bãi xác chừng 150 m, cũng",d k ho  cmg t tysca lnxdug 15om,0.7179,0.6206
32,77.jpg,"chiều 24 - 3, bộ trưởng bộ nông nghiệp và phát triển nông thôn (nn & ptnt) lê huy","e -8,bu b ip phnyn(nntnt)hy",0.716,0.6554
10,35.jpg,"có khí hậu biển là vùng nhiệt đới tạo điều kiện cho sinh vật biển phát triển, tồn",6 &n&a aranmy mhit q&iao o &n &o mk vat pttuo,0.716,0.636
40,94.jpg,"một lãnh đạo thanh tra bộ y tế cho biết : "" chúng tôi đang yêu cầu công ty sanofi",mt hd atrbtchbingtonincacaqtyn,0.716,0.6179
104,71.jpg,"ông hải đặt vấn đề : liệu vụ việc có "" chìm xuồng "" hay không, vì sao đến nay vẫn",n ha van: l vv hmxh ysaoinva,0.716,0.7373
37,55.jpg,"vụ văn hóa; khắc phục những sơ hở, tiêu cực trong quản lý và hoạt động","vvön ;hapweudi  o,h tany qua  va lndo",0.7143,0.6436
139,85.jpg,còi cứu thương lại bắt đầu hú lên. chiếc xe lại phải len lỏi qua những,c c ojb d hi.ch  pa lneiqmn,0.7143,0.5439
26,4.jpg,kết nối,ratnt,0.7143,0.3473
142,57.jpg,"thành công ấy, liệu có mấy người đạt được?",tal cn yla mj jhtn?,0.7143,0.607
36,78.jpg,sêrêpôk,sintpih,0.7143,0.5962
70,59.jpg,bến tre,sintn,0.7143,0.6766
86,69.jpg,"bằng các hoạt động, dịch vụ của mình, tự nó sẽ nuôi nó. nhân lực không nằm trong biên chế được",báng a haddiirhi unnhanicngnm ronglchuc,0.7128,0.6929
130,57.jpg,cơn mưa như trút nước thảm kịch xảy ra trong tích tắc. sau tiếng ầm ào khiếp đảm,n man rw trá n thankmrotitá.savttraipan,0.7125,0.6091
93,91.jpg,"công việc dọn vệ sinh công trình, làm côppha.","mna dnveme cophh,dn apha",0.7111,0.5933
136,29.jpg,"nghị lực và quyết tâm, đã chiến thắng hoàn cảnh để theo đuổi ước mơ từ ngày thơ bé.",nge uqrtamdchaángan cntde ms+ingyh b,0.7108,0.6016
74,30.jpg,hầu như họ đã đi khắp 72 nghĩa trang cả tỉnh quảng trị để hi vọng tìm thấy dấu tích,n nw a o  hsg 3 nny  hw qmqtr ot  m n dydl,0.7108,0.6324
51,92.jpg,cơ quan đại diện liên hiệp quốc tại vn và ban tư tưởng văn hóa trung ương tổ,qum: da l+ qn+;vn vz bw t+sy van< gyk,0.7105,0.6567
125,21.jpg,sau khi hoàn thành thủ tục nhập viện là xong ca cấp cứu. bs tuyết mai,a thæm thhthu nhin oracsstiin,0.7101,0.6298
59,93.jpg,"chỉ đến khi nghe gọi tên, bà mới ngẩng lên và nói được đúng một câu ngắn",cd i mhgrikab m mgiy kav: mtg metcn,0.7083,0.6343
100,11.jpg,"giới hạn là song phương hay đa phương. chính sách đã có, các cơ quan chỉ",qsn g phungaphngchsd6cuanc,0.7083,0.6506
66,77.jpg,hai là sẽ tích cực cải thiện môi trường pháp lý nhằm thu hút bà con việt,h f st nacic  ahan manu pjhmtnha zu,0.7083,0.6131
15,18.jpg,206 ngày đêm khốn khổ 87 trang nhật ký trên giấy a4 là tâm sự của,2o6mmhaeh4nangnh trnqja4amca,0.7077,0.6596
132,5.jpg,"xách theo vali cấp cứu, đdv huệ đem chiếc băng ca đẩy vào nhà có nạn",ithvalcapuvuen ö adaj va nhana,0.7059,0.6815
41,32.jpg,và 115 đã trở thành số điện thoại đáng tin cậy của nhiều người... theo những vòng xe cấp,vi  thah5danthi da tin  u nhnutho in,0.7045,0.6417
99,51.jpg,"chủ trương "" tháo gỡ khó khăn của công trình nhóm a "".","ju uon""daq vk anca coy ahnóna",0.7037,0.6342
103,77.jpg,"tặng anh trương xuân đại 150.000 đồng, một cô gái tên nhung ở tân bình gửi",n an tning uin d5odgmö götnunnl,0.7027,0.6546
136,56.jpg,"sau mỗi mùa thi đại học, có bao "" sĩ tử "" buồn rầu khi biết mình trở thành","u wk wni tt d: n, 'bao' h'inus nil int m h'lha?",0.7027,0.657
27,20.jpg,"csgt và các cò xe vẫn tiếp tục cuộc săn lùng. trước tình thế đó, chúng tôi","cct va caan a tuc cndu. uknthd,cudt",0.7027,0.6509
33,9.jpg,họ không có một đồng tiền lương nào trong những ngày vất vả nơi xứ lạ.,ho laq mgt lung na tn inqvvnla,0.7,0.7042
118,68.jpg,của vụ án.,0% vy al,0.7,0.6196
53,95.jpg,trong lúc nhiều công dân có đất tại khu dân cư mới xuân hải bất ngờ không,rong ai egdn aion mauan ábam thrg,0.6986,0.6165
79,55.jpg,"là trẻ vị thành niên (khi xảy ra vụ việc h 15 tuổi, p. 14 tuổi,",1vannnkh& av vi 15i.14o,0.6984,0.668
12,74.jpg,"trên chiếc xe jeep biển số 60c-0779 liên tục nhận "" giấy "". có hai csgt, một","trendxjup ba cocorsdninqc6 ai csg,mp",0.6974,0.6669
20,49.jpg,"ai lo, ông mới nảy ra ý định đóng góp sức mình làm thành nghĩa địa",ai o.oyma nojh hi p nmn damthan d,0.697,0.662
133,77.jpg,"trong đó có 2 quần đảo hoàng sa, trường sa và 2.577 đảo lớn, nhỏ, gần","mg  a a atunq sa w 25 ,n,gan",0.6957,0.646
10,82.jpg,"du lịch miền trung như dự án trung tâm thông tin du lịch, phát triển bãi đậu đổ xe",dncmntunnáintam n ti d ptib dád,0.6951,0.6287
122,29.jpg,"một ngày đêm, mãi đến sáng 15 - 11 mới ra đây được... "", ngô văn hoàng -","me nai dm ma dnj -ad   n..""ny vattan-",0.6944,0.6409
3,56.jpg,"ông tuấn anh nói : "" lỗi không của riêng ai, đây là rủi ro trong làm ăn công ty chỉ kiểm","nqtuanma ""s uhg cutng a ála ng danaincn c",0.6932,0.649
21,1.jpg,"tanh nồng mùi máu. hoặc những ca sản phụ khó sinh, trên đường chở đến bệnh viện nước ối tràn ra đầy băng","anhn m mán honsan phk si,rdod hghnniian m",0.6923,0.6578
14,72.jpg,"chuyên môn, phân tích các hiệu quả, nghiên cứu 70 trường hợp giảm",cn menphne quannca oug hpqin,0.6923,0.7069
69,59.jpg,ngày thứ ba phúc thẩm vụ án lã thị kim oanh : bộ trưởng ra tòa làm nhân chứng.,n thba phhamn vá n in anb aaaacu,0.6923,0.6285
123,70.jpg,cuộc sống sẽ chỉ cho bạn có những người đạt được thành công theo một,cngo nnq 1tcu ho ban nhuyir  du xahqe mob,0.6912,0.6473
73,91.jpg,"karaoke cũng là chuyện bình thường, nhưng khi ba người kia vào phòng",hnoke uy 4 juy2 h faejy h bnut k n5 py,0.6912,0.6641
120,18.jpg,ngày thứ nhất. họ đưa chúng tôi đến khu vực công trường bên cạnh khu,r ud n.na cu to di khucyop canhhu,0.6912,0.6207
150,52.jpg,nhặt và gọi. một ngày làm việc của anh âm bắt đầu bằng việc làm quen,nlup. m nria= v ok an  d baj veque,0.6912,0.587
44,10.jpg,không còn cảnh chôn vùi dưới nước. thấy tôi nhìn khu nghĩa địa được làm,kacn conh cha n da'nua ma hunhadm,0.6901,0.6708
107,51.jpg,"cả xe hơi. trước đây, ông và vợ tên là hoa vừa đứng ra thu gom hàng vừa",c2a kn. trty gpr ttn  fhapi tigtkagm haymi,0.6901,0.5769
104,97.jpg,"anh diên, nơi chỉ cách trung tâm đà nẵng 10 km, thấy làng anh thật đẹp.",cnv o wi w ak auy + o5 naj nokm 4hayg m hdy,0.6901,0.6573
71,72.jpg,"trị), không phải bản chính. ông thấy sao? có lẽ do sơ sót,",m.khoy m ha . on fhay ao? osi,0.6897,0.6197
56,55.jpg,"management service pte của singapore khi đặt chân đến đây đã... ngây ngất,",aragn snia pte cn sigphudadnxnq ga,0.6892,0.6483
76,74.jpg,"hãy thông cảm vì lúc đó anh em run và mất bình tĩnh. sau đó, trên chiếc honda",ha thm cank anennuma bhisansr dihmda,0.6883,0.6935
40,84.jpg,"được năm sáu trăm ngàn cũng quí lắm... "", lời của "" cậu bé "" chu văn minh, 18 tuổi,",icnmántámnan ng m.. aacnbchannh8tó,0.6867,0.5798
148,79.jpg,"nguyễn khắc trường (27 tuổi), thủy thủ, một trong hai trường hợp bị","nkh tnq ch),+x,m tmg a ung p",0.6866,0.7334
138,56.jpg,cất nhà ở còn không có nói chi đến chỗ an táng người thân nếu không,cat' nha on aqna'&doh antan' nga a n'tig,0.6866,0.7089
113,59.jpg,"rạng sáng 3 - 4, khi bị mấy csgt và cò xe rượt đuổi trong rừng cao su ở dầu giây, chúng tôi cùng chiếc","rangság 3-hh stvacrdu tryg a su'0ani,nvungdi",0.6863,0.6641
91,19.jpg,""" tội nghiệp, họ toàn là người miền bắc... "" - một chủ quán ở đầu thị trấn nói khi tôi","ti h hn tn d ngi m b""mcuquna rt",0.686,0.6491
71,78.jpg,"gần hai ngày đêm rồi chứ ít đâu... "" - một thợ liệm khác nói khi anh đang",an 7dm n c da... mzhen n han dany,0.6849,0.7162
43,21.jpg,"cao hơn khi xuất khẩu đi một số nơi trong khu vực như hong kong và campuchia "".",a hanxuátamtndtonqva nnqkncampua,0.6835,0.6769
33,18.jpg,"trưởng khoa cấp cứu ngoại viện (ccnv), phân tích mới thật sự",tisng aa naan(ccnvhn hmáat,0.6833,0.7129
15,32.jpg,"thủ đức (tp.hcm) hầu như ai cũng biết tên anh trương xuân đại, người công nhân đấu",kit.cmanu a cuq bitnanhni uon oimjai na,0.6829,0.6313
36,85.jpg,"đống phế liệu. họ vẫn lau sạch từng vết bẩn, vẫn lưu giữ cẩn thận.",a. von aeachtyvf hvan &u gucn an,0.6818,0.6877
126,52.jpg,"một tiếng nữa là chim về tổ hết "". lúc này, xung quanh khu vực săn",m hgnacnvtaénung quanhu v,0.6818,0.5912
50,34.jpg,"phước "" mù "" là một người hiếu thảo, cặm cụi làm ăn, vừa bán vé số","phma""pmet mhthe, an oi lmanabavi",0.6818,0.6995
76,12.jpg,"tinh thần của bộ chính trị, bộ ngoại giao sẽ phải có tham mưu và kiến","tn+a becat, bs gi qa ph+ommuk",0.6812,0.5905
45,18.jpg,cách giản dị đến bất ngờ.,cs pus di de' al mos.,0.68,0.5995
115,56.jpg,"quản lý lao động và chuyên gia tại malaysia (ở kuala lumpur), đói và khát, ngủ",anlangvach tala kalanpurdátng,0.6795,0.6437
39,41.jpg,sụt giảm kinh tế tp. vậy nguyên nhân gốc từ đâu? viện trưởng viện kinh tế trần du,gin ktp.v6y gynnan76tcvanurgvan ntet6,0.679,0.6861
117,70.jpg,"mọi ngày, "" phố vàng "" - cái tên được mọi người quen gọi cho khâm đức - hôm nay bỗng",noth-ci dimoi bi qun gichohamú-om noyy,0.6786,0.6889
44,7.jpg,"tính bằng những niềm vui, và tính như vậy thì công ty đã giàu.",u buqa nvh nv t cg t tsgia.,0.6774,0.5939
5,83.jpg,hành vi vi phạm kèm hình thức xử lý kỷ luật đối với người quản lý đã,hanh viphan k hxi  l  ng qa,0.6765,0.7148
101,45.jpg,"chạy "" - ông bình nói. bí thư thành ủy nguyễn minh triết : "" anh là phó",cho- nq b na. i'u tar uy yi hn tradzk,0.6761,0.6581
64,25.jpg,""" âm mưu tống tiền "" của anh, người cha già đã 80 tuổi ở tận thôn đông,","-anmatágtun uaanh, mgucha qatrpohi &tanthmsy",0.6761,0.7392
150,81.jpg,"vẫn chưa hết bàng hoàng kể lại : "" lúc đó khoảng 23 g 30, đa số anh em còn","vin caast ay hay 1x""ld6 hony23g,aahun",0.6757,0.6471
103,24.jpg,"mới quyết tâm cải cách thủ tục hành chính, buộc bộ máy hành chính phải chuyển",mi qwp' tn c cth tcho hb2 m hdaduy,0.6753,0.7329
114,21.jpg,quyền ký hợp đồng tín dụng nhận vốn vay.,qu& pytnduy nhvvy,0.675,0.6923
119,45.jpg,"tôi dừng lại hỏi về tình hình bãi vàng. "" nhà vĩnh biệt "". bên chiếc lều bạt mới","unj to &ng 2a:&ve &n ba ng.""na v bz1y b d la ha ma",0.675,0.6962
138,93.jpg,"rồi mới xin ra ngoài đó, các anh cứ tin tui đi "". vậy là xã đành cho đỗi mặc sức mà","r wi x1n m ryoai %, uxu ur'hhdi. vyqxohpco 5`udc ni'm",0.6747,0.595
33,7.jpg,"trong năm nay, chi hội sẽ thực hiện một số kế hoạch làm từ",trony mammm1u & n tu &m met ro&&raa lant,0.6724,0.6346
23,17.jpg,đưa cho viên csgt mảnh giấy cuộn tròn đủ 200.000 đồng. qui trình,ad csetmnh gyt th di 2o0.oodi.qt,0.6719,0.6802
86,74.jpg,"có chồn, cheo không? vợ của tám nhiều lôi ra hai bọc từ tủ lạnh,","nh, nhn kay? (r in a nha akn ti lnk)",0.6719,0.5593
138,19.jpg,"chính quyền, công an địa phương - nơi quản lý địa bàn, không thể",ok uy ny ntuphay -m quiwlytin basllag th,0.6719,0.6331
76,53.jpg,bản photocopy (về nguyên tắc tố tụng những bút lục này không có giá,l pntapy cue ngm2 hx 5hg n&g hf tu hj ke ug,0.6716,0.6141
105,83.jpg,"trong việc mời các chuyên gia tham gia các dự án, các chương trình,",ani m awup qintham pa aidua chunth,0.6716,0.6271
60,10.jpg,"kinh doanh của dn, đặc biệt trong bối cảnh thực hiện "" phi chủ quản "" đối","an dmla dn,tc bat toqb2 taphcquan",0.6712,0.6964
149,78.jpg,"và được thấy hoa tươi dâng trước mộ. không, không, không! họ chết cho một lẽ",m rf lon t thn day ho m.khg1 khy1 kwy! ho el i1 donw,0.6711,0.6411
78,8.jpg,"nhân ở các trại bên liền đến đổ xô vào việc tiếp cứu bốn người bị thương, rồi cùng 10",an ca u be un de do'xva vip eu bn ngu brkiybuy,0.6706,0.7001
104,7.jpg,đầu,tau,0.6667,0.8103
146,100.jpg,với,voh,0.6667,0.2635
84,47.jpg,của,aia,0.6667,0.6253
146,94.jpg,tôi,tn,0.6667,0.7197
137,14.jpg,đợt,t&t,0.6667,0.681
84,42.jpg,lực,cic,0.6667,0.5323
146,54.jpg,các,caic,0.6667,0.8813
107,70.jpg,đảo,a&o,0.6667,0.7198
25,27.jpg,đầu,tiu,0.6667,0.6631
84,71.jpg,đầu,dau,0.6667,0.6824
97,72.jpg,lao,doo,0.6667,0.6682
25,44.jpg,hơn,ho'n,0.6667,0.8975
113,33.jpg,vẫn,u&n,0.6667,0.7533
146,70.jpg,thế,the',0.6667,0.8624
104,5.jpg,của,aua,0.6667,0.7154
97,74.jpg,lớn,eon,0.6667,0.6524
52,58.jpg,cáo,cas,0.6667,0.7868
50,87.jpg,chương,cwiny,0.6667,0.326
83,6.jpg,phí,pll,0.6667,0.4385
83,3.jpg,nên,min,0.6667,0.8569
83,13.jpg,hcm,ttcm,0.6667,0.6584
68,55.jpg,đạo,dao,0.6667,0.6683
128,85.jpg,chỉ,c,0.6667,0.3392
69,33.jpg,của,mia,0.6667,0.5634
68,88.jpg,một,mo!,0.6667,0.6891
52,93.jpg,còn,con',0.6667,0.8396
71,33.jpg,tôi,-toi,0.6667,0.51
50,95.jpg,cứu,cun,0.6667,0.4939
71,67.jpg,như,mhi,0.6667,0.8294
71,82.jpg,tàu,taw,0.6667,0.8304
50,78.jpg,chương,chuiy,0.6667,0.8483
50,72.jpg,nâu,nal,0.6667,0.8545
94,7.jpg,như,nue,0.6667,0.4262
94,1.jpg,ông,ony,0.6667,0.5277
94,18.jpg,phụ,plu,0.6667,0.5061
52,79.jpg,tạm,ta'm,0.6667,0.749
52,78.jpg,chỉ,he,0.6667,0.6574
71,86.jpg,đến,den,0.6667,0.7751
97,66.jpg,nếu,na',0.6667,0.4238
97,54.jpg,tập,cap,0.6667,0.2885
39,89.jpg,với,vo',0.6667,0.563
71,49.jpg,tùy,hy,0.6667,0.4802
113,96.jpg,khá,kha',0.6667,0.6607
104,67.jpg,thể,the',0.6667,0.7826
84,10.jpg,tối,tor,0.6667,0.4302
84,9.jpg,đại,dai,0.6667,0.9592
104,87.jpg,thì,tin,0.6667,0.6521
71,18.jpg,lại,la,0.6667,0.5829
84,39.jpg,tại,teui,0.6667,0.5546
52,80.jpg,quả,quat,0.6667,0.8453
25,6.jpg,ngả,nga',0.6667,0.6669
52,51.jpg,với,vo,0.6667,0.5533
52,99.jpg,cục,mc,0.6667,0.4654
146,50.jpg,vẫn,an,0.6667,0.7907
91,87.jpg,sàn,s cn,0.6667,0.7474
104,53.jpg,tại,th,0.6667,0.3924
104,85.jpg,nỗi,no,0.6667,0.441
135,1.jpg,vào,xao,0.6667,0.8909
135,12.jpg,nv3,nu,0.6667,0.6088
97,95.jpg,tôi,ta,0.6667,0.5308
97,57.jpg,hai,hou,0.6667,0.7578
91,18.jpg,mới,m3d,0.6667,0.4446
25,87.jpg,một,mer,0.6667,0.5131
25,86.jpg,tái,tu',0.6667,0.6093
91,72.jpg,các,cai,0.6667,0.8768
86,43.jpg,núi,nue,0.6667,0.5397
5,44.jpg,tật,fat,0.6667,0.7867
135,83.jpg,rồi,noi,0.6667,0.6108
135,90.jpg,của,cn'a,0.6667,0.6234
131,84.jpg,vậy,oay,0.6667,0.614
131,98.jpg,đẩy,diy,0.6667,0.4855
135,76.jpg,trợ,the,0.6667,0.6306
146,22.jpg,sắp,eap,0.6667,0.321
146,49.jpg,của,ceg,0.6667,0.599
137,62.jpg,với,ndi,0.6667,0.6614
137,100.jpg,xóc,2oc,0.6667,0.4485
2,2.jpg,dẫn,dar,0.6667,0.7578
137,92.jpg,phương,phairy,0.6667,0.7382
137,91.jpg,như,nhu:,0.6667,0.542
137,88.jpg,khoảng,raoiny,0.6667,0.5714
137,87.jpg,nơi,no:,0.6667,0.7047
146,7.jpg,tìm,tua,0.6667,0.6014
146,15.jpg,khi,rei,0.6667,0.5955
117,73.jpg,hỏi,ho,0.6667,0.7097
131,9.jpg,vẫn,wan,0.6667,0.7633
131,26.jpg,tốt,16t,0.6667,0.5735
131,25.jpg,món,mor,0.6667,0.9156
131,78.jpg,nậu,mau,0.6667,0.6031
113,14.jpg,sai,sou,0.6667,0.5492
86,87.jpg,một,ms,0.6667,0.6665
2,51.jpg,cái,cac,0.6667,0.6709
2,48.jpg,này,may,0.6667,0.9557
2,45.jpg,đất,dat,0.6667,0.3673
2,61.jpg,thủ,thui,0.6667,0.8803
2,100.jpg,anh,cunh,0.6667,0.7835
102,9.jpg,bay,bart,0.6667,0.5998
103,40.jpg,cho,ao,0.6667,0.4685
117,88.jpg,trí,tn',0.6667,0.7787
91,94.jpg,bếp,ber,0.6667,0.6783
68,17.jpg,hậu,ha,0.6667,0.7479
107,34.jpg,tại,tae,0.6667,0.4607
91,99.jpg,núc,nuu,0.6667,0.7582
55,95.jpg,bàn,rban,0.6667,0.8042
107,40.jpg,của,cae,0.6667,0.4255
55,76.jpg,tôi,hei,0.6667,0.658
103,3.jpg,tài,ta,0.6667,0.9771
137,80.jpg,chí,ehi,0.6667,0.6579
137,78.jpg,cứu,caur,0.6667,0.6937
131,31.jpg,nói,na,0.6667,0.664
131,29.jpg,vịt,vi t,0.6667,0.8472
117,94.jpg,thứ,thri,0.6667,0.623
118,86.jpg,nghiên,mylien,0.6667,0.6989
86,34.jpg,ủng,lny,0.6667,0.2579
86,31.jpg,làm,lcim,0.6667,0.8454
103,30.jpg,tôi,tez,0.6667,0.5997
103,29.jpg,dịu,dw,0.6667,0.9731
103,27.jpg,tội,ta,0.6667,0.558
107,25.jpg,bất,wat,0.6667,0.733
84,77.jpg,cứu,cuiu,0.6667,0.4832
146,68.jpg,các,cal,0.6667,0.8483
146,66.jpg,khu,pahu,0.6667,0.5485
113,26.jpg,báo,baio,0.6667,0.7498
113,11.jpg,núi,n&,0.6667,0.7518
113,9.jpg,đất,dat,0.6667,0.9527
113,17.jpg,con,wn,0.6667,0.6145
25,63.jpg,cho,aro,0.6667,0.6145
25,71.jpg,sơn,sar,0.6667,0.6747
25,79.jpg,sản,ain,0.6667,0.6588
5,2.jpg,mới,ma,0.6667,0.608
104,32.jpg,bảo,bad,0.6667,0.9067
104,28.jpg,tắc,tae,0.6667,0.5137
137,47.jpg,mùa,mmua,0.6667,0.7524
113,57.jpg,trương,tru'd'ng,0.6667,0.8597
84,13.jpg,trú,thi,0.6667,0.74
113,42.jpg,các,cat,0.6667,0.6209
113,48.jpg,xây,nay,0.6667,0.9558
84,58.jpg,cấp,cg,0.6667,0.2669
84,57.jpg,mới,mdr,0.6667,0.5359
84,51.jpg,sát,sar,0.6667,0.7314
84,63.jpg,của,aia,0.6667,0.7096
84,99.jpg,tôi,tor,0.6667,0.7837
84,93.jpg,báo,iao,0.6667,0.4291
104,51.jpg,giữ,gu,0.6667,0.6851
135,20.jpg,gia,y a,0.6667,0.638
146,51.jpg,mới,mol,0.6667,0.6728
113,62.jpg,xác,xae,0.6667,0.5824
137,58.jpg,non,men,0.6667,0.7128
107,38.jpg,chuyện,dunn,0.6667,0.4951
25,95.jpg,tôi,to,0.6667,0.8712
86,18.jpg,bao,sno,0.6667,0.4942
131,20.jpg,khả,hha,0.6667,0.9308
131,35.jpg,chuyện,luyiw,0.6667,0.648
117,78.jpg,cảm,can,0.6667,0.8459
117,77.jpg,hcm,hcoy,0.6667,0.6632
69,50.jpg,vào,uo,0.6667,0.3974
69,45.jpg,vẫn,vtr,0.6667,0.3104
69,64.jpg,bác,bat,0.6667,0.8465
69,42.jpg,cần,can`,0.6667,0.72
107,65.jpg,chú,hl,0.6667,0.4333
135,47.jpg,đặt,dat,0.6667,0.8985
107,58.jpg,đẩy,day,0.6667,0.8369
107,57.jpg,thì,thut,0.6667,0.405
146,80.jpg,bạn,lon,0.6667,0.7958
146,75.jpg,lấy,li,0.6667,0.2656
135,34.jpg,hải,ha,0.6667,0.9161
137,18.jpg,hầu,has,0.6667,0.761
137,39.jpg,đến,den,0.6667,0.6852
84,83.jpg,lại,lo,0.6667,0.408
84,78.jpg,đến,ten,0.6667,0.8279
69,54.jpg,ứng,cing,0.6667,0.7906
91,59.jpg,tại,ta,0.6667,0.754
69,95.jpg,bãi,boai,0.6667,0.7021
137,64.jpg,độc,dsc,0.6667,0.681
107,95.jpg,sập,dp,0.6667,0.4677
107,59.jpg,cải,c,0.6667,0.4812
32,35.jpg,ảnh,an,0.6667,0.7461
22,98.jpg,vừa,ua,0.6667,0.806
27,6.jpg,văn,nan,0.6667,0.8351
27,16.jpg,một,wat,0.6667,0.7459
43,38.jpg,rên,nn,0.6667,0.6567
80,97.jpg,năm,nan,0.6667,0.8109
22,83.jpg,bắt,hat,0.6667,0.269
22,82.jpg,cáo,cad,0.6667,0.6676
61,21.jpg,sắt,sx+,0.6667,0.7508
80,58.jpg,một,mi't,0.6667,0.6946
99,17.jpg,rồi,ra,0.6667,0.631
99,10.jpg,chợ,ahc,0.6667,0.7566
27,10.jpg,này,hay,0.6667,0.9938
80,44.jpg,nhỏ,mh?,0.6667,0.7323
71,56.jpg,chị,cui,0.6667,0.4563
6,9.jpg,vào,vad,0.6667,0.7114
6,3.jpg,mỗi,ma,0.6667,0.863
32,64.jpg,cáo,cas,0.6667,0.87
99,50.jpg,vắn,ver,0.6667,0.4944
99,59.jpg,với,ni,0.6667,0.4568
27,45.jpg,lại,dai,0.6667,0.5614
80,66.jpg,tới,tor,0.6667,0.529
43,80.jpg,chí,chi',0.6667,0.7705
75,81.jpg,ông,ons,0.6667,0.3391
94,99.jpg,tôi,tor,0.6667,0.6868
78,9.jpg,của,cuta,0.6667,0.6526
78,18.jpg,lại,lou,0.6667,0.7528
78,28.jpg,văn,vm,0.6667,0.8245
75,2.jpg,tốc,to',0.6667,0.5194
32,41.jpg,nếu,ne,0.6667,0.5993
80,42.jpg,yên,yiu,0.6667,0.6829
27,78.jpg,với,vh',0.6667,0.5795
80,7.jpg,chứ,ohl,0.6667,0.5379
119,94.jpg,trường,trurony,0.6667,0.7124
119,93.jpg,vật,v&,0.6667,0.7444
119,89.jpg,báo,bar,0.6667,0.7353
6,1.jpg,ghi,g&:,0.6667,0.4828
93,46.jpg,nối,ns'i,0.6667,0.6139
93,57.jpg,đấy,tay,0.6667,0.6588
93,64.jpg,tên,tr,0.6667,0.5719
101,84.jpg,nguyên,npuyiar,0.6667,0.4505
99,88.jpg,cầu,can,0.6667,0.6383
99,99.jpg,đẹp,tep,0.6667,0.91
80,24.jpg,bãi,lui,0.6667,0.5785
80,23.jpg,khả,hha,0.6667,0.9684
94,91.jpg,thơ,t,0.6667,0.6126
80,31.jpg,gần,gar,0.6667,0.7478
101,80.jpg,hơi,hir,0.6667,0.6469
75,36.jpg,đất,tat,0.6667,0.7912
94,87.jpg,văn,han,0.6667,0.6179
94,85.jpg,sơn,sa,0.6667,0.8599
93,87.jpg,làm,ram,0.6667,0.6954
93,85.jpg,gái,ga,0.6667,0.6736
93,98.jpg,vào,vaw,0.6667,0.3605
94,80.jpg,ông,cny,0.6667,0.573
101,86.jpg,quả,qua',0.6667,0.7184
119,53.jpg,thứ,thnt,0.6667,0.5503
119,52.jpg,hôm,hmo,0.6667,0.5942
75,56.jpg,giá,gia',0.6667,0.8108
83,98.jpg,với,va,0.6667,0.8382
83,93.jpg,chở,cha?,0.6667,0.8617
80,34.jpg,của,wa,0.6667,0.6147
43,44.jpg,khổ,khe?,0.6667,0.7306
22,50.jpg,vào,vad,0.6667,0.7852
22,64.jpg,vực,vuic,0.6667,0.7841
22,61.jpg,của,cuia,0.6667,0.7602
70,1.jpg,còn,cm,0.6667,0.8709
22,53.jpg,địa,tia,0.6667,0.8729
124,12.jpg,trẻ,the,0.6667,0.8401
43,15.jpg,với,0&i,0.6667,0.3212
43,53.jpg,tôi,hi,0.6667,0.6298
43,65.jpg,đâu,hau,0.6667,0.5548
43,59.jpg,cho,hu,0.6667,0.6991
22,65.jpg,mái,mau,0.6667,0.7535
43,36.jpg,sao,da,0.6667,0.3952
11,89.jpg,ứng,ling,0.6667,0.5821
80,72.jpg,tôi,foi,0.6667,0.5367
124,9.jpg,với,vd.,0.6667,0.6053
124,7.jpg,nhà,mha,0.6667,0.8073
124,20.jpg,cấp,ccap,0.6667,0.8519
124,49.jpg,kịp,lup,0.6667,0.8111
124,64.jpg,dăm,dan,0.6667,0.8766
124,70.jpg,đều,diu,0.6667,0.452
78,62.jpg,báo,hao,0.6667,0.7134
78,54.jpg,ngọ,nlgg,0.6667,0.6973
78,36.jpg,lại,lal,0.6667,0.7165
78,35.jpg,chở,ha,0.6667,0.4514
78,30.jpg,chí,hi,0.6667,0.8865
78,44.jpg,góp,gru,0.6667,0.3831
75,65.jpg,phương,phusiy,0.6667,0.7084
75,61.jpg,nếu,neu',0.6667,0.697
88,6.jpg,đạt,dat,0.6667,0.9804
124,10.jpg,lợi,li:,0.6667,0.3662
124,26.jpg,cái,car,0.6667,0.5647
124,30.jpg,phú,the,0.6667,0.6846
61,46.jpg,lát,lar,0.6667,0.6268
61,50.jpg,sau,sw,0.6667,0.541
61,62.jpg,đổi,c6i,0.6667,0.7
61,58.jpg,cứu,cuiu,0.6667,0.7575
75,100.jpg,hôm,tm,0.6667,0.7655
6,29.jpg,nêu,new,0.6667,0.846
6,37.jpg,như,nhua,0.6667,0.7956
43,39.jpg,cầu,ca',0.6667,0.7011
43,88.jpg,của,aia,0.6667,0.582
43,94.jpg,nhà,mha,0.6667,0.7074
6,18.jpg,cái,car,0.6667,0.775
6,16.jpg,cấp,eap,0.6667,0.7305
6,14.jpg,ông,on,0.6667,0.2845
43,35.jpg,đầy,day,0.6667,0.9438
32,25.jpg,mới,mos,0.6667,0.4802
32,22.jpg,xét,ket,0.6667,0.5849
11,64.jpg,tôi,to.,0.6667,0.7297
93,59.jpg,tạo,tw,0.6667,0.9008
11,99.jpg,chỉ,hi,0.6667,0.5272
11,94.jpg,đêm,dom,0.6667,0.609
6,25.jpg,như,nhut,0.6667,0.6829
93,5.jpg,đdv,d dv,0.6667,0.78
93,12.jpg,thẻ,tlw,0.6667,0.4773
93,11.jpg,đến,ten,0.6667,0.614
11,59.jpg,tụi,dui,0.6667,0.6924
11,72.jpg,cậu,caw,0.6667,0.807
11,67.jpg,cầu,2'u,0.6667,0.5043
11,66.jpg,mặt,meut,0.6667,0.5867
32,6.jpg,dậy,cby,0.6667,0.3989
32,5.jpg,món,mor,0.6667,0.654
79,1.jpg,vẫn,var,0.6667,0.7579
68,87.jpg,vậy,voa,0.6667,0.5311
52,20.jpg,đây,day,0.6667,0.7743
52,27.jpg,quả,aua,0.6667,0.9043
128,72.jpg,đây,day,0.6667,0.8541
68,52.jpg,lập,lsr,0.6667,0.3844
52,15.jpg,với,v&,0.6667,0.616
52,23.jpg,các,ca',0.6667,0.7524
79,30.jpg,đều,tu,0.6667,0.5408
79,29.jpg,ông,ony,0.6667,0.9357
119,13.jpg,quả,lua,0.6667,0.5519
119,24.jpg,địa,hia,0.6667,0.6914
119,23.jpg,tội,-i,0.6667,0.4938
79,70.jpg,cái,cis,0.6667,0.7471
99,73.jpg,nhẹ,n,0.6667,0.6423
39,26.jpg,lớn,la'n,0.6667,0.8192
50,9.jpg,phá,tha,0.6667,0.607
50,18.jpg,cái,c,0.6667,0.6666
119,22.jpg,tra,ha,0.6667,0.6344
119,21.jpg,vân,va,0.6667,0.8236
119,29.jpg,mất,ma4,0.6667,0.9297
119,40.jpg,chỉ,ch:r,0.6667,0.9534
79,34.jpg,ông,rg,0.6667,0.265
39,34.jpg,ông,gyg,0.6667,0.3239
39,32.jpg,hàng có biểu hiện nghi vấn hoạt động mại dâm.,hdn e ua wa ah  e n me dn,0.6667,0.3693
79,37.jpg,"lấy mẫu, tức thanh tra không toàn diện cả công trình, nên cũng không thể",laj maitunhtakmg tan dng tehnn yyh,0.6667,0.6702
79,46.jpg,thương,hhuiong,0.6667,0.7762
79,60.jpg,gần,ga'n,0.6667,0.9021
39,30.jpg,năm,mam,0.6667,0.7441
68,64.jpg,con,cm,0.6667,0.4252
79,74.jpg,mới,ma,0.6667,0.7906
113,78.jpg,hóa,hed,0.6667,0.3266
113,93.jpg,115,m5,0.6667,0.9854
97,9.jpg,sơn,&n,0.6667,0.978
97,6.jpg,nền,men,0.6667,0.7081
71,40.jpg,lời,toi,0.6667,0.7478
68,80.jpg,phí,pe,0.6667,0.5667
68,79.jpg,với,vet,0.6667,0.34
52,16.jpg,nữa,mla,0.6667,0.8116
68,63.jpg,báo,bad,0.6667,0.9217
94,49.jpg,với,vo',0.6667,0.5357
94,60.jpg,phó,piho,0.6667,0.5373
83,30.jpg,gồm,gshm,0.6667,0.4155
128,87.jpg,km2,lcm2,0.6667,0.8429
94,28.jpg,tôi,18i,0.6667,0.4072
94,41.jpg,đưa,dua,0.6667,0.9607
71,74.jpg,cạn,hn,0.6667,0.722
94,51.jpg,thế,hhe,0.6667,0.5841
79,14.jpg,kẹt,let,0.6667,0.7834
79,23.jpg,cửa,ha,0.6667,0.5774
39,48.jpg,cứu,cua,0.6667,0.512
71,97.jpg,mẩn,mawn,0.6667,0.6929
71,94.jpg,chứ,chwe,0.6667,0.4733
69,9.jpg,lâu,low,0.6667,0.6981
69,3.jpg,mùa,na,0.6667,0.7626
93,100.jpg,bất,bad,0.6667,0.6586
97,19.jpg,nổi,no?,0.6667,0.8356
97,24.jpg,bấy,lay,0.6667,0.6169
97,23.jpg,chế,che',0.6667,0.7713
71,62.jpg,mua,nuca,0.6667,0.7318
71,59.jpg,các,cac',0.6667,0.8662
55,66.jpg,giờ,pia,0.6667,0.3328
94,36.jpg,vốn,vor,0.6667,0.1793
128,45.jpg,hơn,hsr,0.6667,0.5432
128,60.jpg,nhỏ,mhe,0.6667,0.7732
128,68.jpg,150,i5o,0.6667,0.5485
128,64.jpg,đậu,tau,0.6667,0.5836
101,91.jpg,các,cac',0.6667,0.9628
80,3.jpg,nữa,maa,0.6667,0.5863
101,98.jpg,lát,tat,0.6667,0.6161
101,43.jpg,vận,wan,0.6667,0.7458
119,64.jpg,hẹn,hel,0.6667,0.7768
99,98.jpg,năm,mam,0.6667,0.8032
99,95.jpg,mặt,mal,0.6667,0.9109
119,51.jpg,chuyển,chayth',0.6667,0.6138
101,68.jpg,của,ma,0.6667,0.8637
101,63.jpg,nữa,niia,0.6667,0.6775
128,96.jpg,rất,hat,0.6667,0.5109
101,50.jpg,quả,pu',0.6667,0.6035
101,59.jpg,nghiệp,glir,0.6667,0.5345
101,57.jpg,đổi,dai,0.6667,0.4989
101,4.jpg,lát,mat,0.6667,0.6829
101,13.jpg,khó,kho',0.6667,0.69
101,9.jpg,ban,bom,0.6667,0.9465
50,12.jpg,cây,cag,0.6667,0.7418
50,28.jpg,hậu,hen,0.6667,0.3636
27,75.jpg,lập,lat,0.6667,0.7664
27,70.jpg,địa,tha,0.6667,0.6166
27,69.jpg,làm,liw,0.6667,0.4479
83,22.jpg,các,cat,0.6667,0.6948
83,35.jpg,này,hay,0.6667,0.8642
50,35.jpg,lại,dai,0.6667,0.897
99,74.jpg,vẫn,var,0.6667,0.5737
101,38.jpg,hải,hau,0.6667,0.7958
50,52.jpg,của,&a,0.6667,0.4941
50,62.jpg,cầu,car,0.6667,0.7089
50,61.jpg,đến,ten,0.6667,0.6858
39,52.jpg,lục,lue,0.6667,0.7543
50,100.jpg,vào,van,0.6667,0.7739
50,98.jpg,cáo,cas,0.6667,0.6852
99,93.jpg,như,mhu,0.6667,0.7323
93,81.jpg,sao,&a0,0.6667,0.7183
32,75.jpg,đất,dat,0.6667,0.867
32,89.jpg,thứ,tl,0.6667,0.3205
32,100.jpg,thủ,thui,0.6667,0.8758
32,69.jpg,địa,tia,0.6667,0.9856
101,8.jpg,đối,doi,0.6667,0.8397
101,20.jpg,với,v,0.6667,0.2716
101,18.jpg,cứu,criu,0.6667,0.617
83,61.jpg,ông,ony,0.6667,0.5298
101,26.jpg,vân,xan,0.6667,0.7776
99,82.jpg,dồn,dm,0.6667,0.3617
99,78.jpg,mát,ma't,0.6667,0.8589
99,94.jpg,đảo,s2o,0.6667,0.2224
69,15.jpg,tín,ti'n,0.6667,0.8667
69,34.jpg,cứu,culu,0.6667,0.6101
94,53.jpg,phí,phu',0.6667,0.6731
128,43.jpg,bot,6ol,0.6667,0.335
39,12.jpg,như,nhit,0.6667,0.6198
39,7.jpg,bác,baic,0.6667,0.7749
27,89.jpg,gốc,gi,0.6667,0.4323
39,1.jpg,xôi,xo,0.6667,0.5154
83,72.jpg,khổ,tho,0.6667,0.4827
83,73.jpg,chở,cho',0.6667,0.6388
128,14.jpg,hợp,hr,0.6667,0.4843
101,16.jpg,hợp,h op,0.6667,0.6938
110,62.jpg,mới,mc,0.6667,0.5866
110,40.jpg,như,nhe?,0.6667,0.6809
110,37.jpg,sản,scr,0.6667,0.6992
42,46.jpg,bạc,lac,0.6667,0.789
108,65.jpg,trở,tha,0.6667,0.6098
108,91.jpg,vừa,nia,0.6667,0.6877
108,85.jpg,tôi,to,0.6667,0.9292
35,10.jpg,thể,the',0.6667,0.7121
96,100.jpg,độc,dsc,0.6667,0.399
42,56.jpg,lầm,lan,0.6667,0.9434
42,70.jpg,quý,quy',0.6667,0.7233
35,38.jpg,món,mor,0.6667,0.9319
35,49.jpg,xác,xu,0.6667,0.7234
42,54.jpg,tác,tai,0.6667,0.9485
102,47.jpg,lớn,lt'n,0.6667,0.7444
96,58.jpg,lần,l,0.6667,0.1959
18,51.jpg,hai,ra',0.6667,0.8171
18,21.jpg,tác,tai,0.6667,0.7013
18,18.jpg,các,cat,0.6667,0.6548
18,17.jpg,mỗi,mo,0.6667,0.4397
18,31.jpg,nhà,mha,0.6667,0.855
19,59.jpg,thể,the',0.6667,0.9669
19,72.jpg,sắt,sd+,0.6667,0.668
42,34.jpg,dâm,dan,0.6667,0.824
134,15.jpg,vụn,wun,0.6667,0.8381
42,9.jpg,sau,son,0.6667,0.7776
144,45.jpg,tám,tan,0.6667,0.6739
144,62.jpg,đau,dtau,0.6667,0.8023
144,59.jpg,nơi,n's,0.6667,0.4935
130,31.jpg,dầu,dan,0.6667,0.5543
42,52.jpg,chương,chuisny,0.6667,0.5234
18,28.jpg,khi,tkh:,0.6667,0.5913
18,27.jpg,khi,hh,0.6667,0.8081
35,11.jpg,tôi,t&,0.6667,0.5342
126,85.jpg,ảnh,ann,0.6667,0.6271
110,1.jpg,giờ,gri,0.6667,0.4765
126,99.jpg,nổi,na,0.6667,0.5308
110,7.jpg,cho,lo,0.6667,0.6409
96,98.jpg,với,v&,0.6667,0.5971
35,3.jpg,gái,gau,0.6667,0.7939
38,75.jpg,hơn,hou,0.6667,0.9118
126,64.jpg,thế,tk,0.6667,0.3095
35,90.jpg,vật,val,0.6667,0.5114
108,24.jpg,một,m6y,0.6667,0.4477
108,32.jpg,đeo,te,0.6667,0.8646
110,58.jpg,đưa,dua,0.6667,0.9632
126,53.jpg,xây,ny,0.6667,0.2116
116,8.jpg,nhà,wha,0.6667,0.8823
38,85.jpg,đặt,a&t,0.6667,0.3534
19,75.jpg,làm,lan,0.6667,0.659
19,88.jpg,sắt,it,0.6667,0.797
19,87.jpg,dâm,dan,0.6667,0.7682
59,22.jpg,mãi,ma,0.6667,0.8989
59,37.jpg,cấp,eap,0.6667,0.6892
59,36.jpg,đây,tay,0.6667,0.9391
108,68.jpg,thể,the',0.6667,0.8072
110,71.jpg,sới,s&:,0.6667,0.3585
110,69.jpg,mặc,mat,0.6667,0.7992
110,85.jpg,qua,opa,0.6667,0.6417
110,35.jpg,đây,day,0.6667,0.9045
110,26.jpg,đào,dao,0.6667,0.7779
126,58.jpg,khi,th,0.6667,0.6515
134,7.jpg,vẫn,can,0.6667,0.544
134,20.jpg,rơi,agi,0.6667,0.4579
134,35.jpg,còn,cou,0.6667,0.6591
134,33.jpg,hiv,httv,0.6667,0.5671
134,29.jpg,bốn,bor,0.6667,0.618
134,54.jpg,hội,h&,0.6667,0.9345
59,41.jpg,dâm,dan,0.6667,0.9103
59,53.jpg,ngờ,n6,0.6667,0.269
59,48.jpg,năm,mam,0.6667,0.6639
85,26.jpg,tâm,tan,0.6667,0.7193
9,96.jpg,gắt,qkt,0.6667,0.3952
9,91.jpg,rất,nat,0.6667,0.7405
134,6.jpg,nội,voi,0.6667,0.6692
134,4.jpg,đón,don,0.6667,0.7427
5,88.jpg,tác,tae,0.6667,0.6859
144,53.jpg,mưa,muta,0.6667,0.8218
144,50.jpg,bếp,baep,0.6667,0.6897
59,47.jpg,kim,lum,0.6667,0.5839
59,60.jpg,túc,tut,0.6667,0.7561
144,98.jpg,nơi,not,0.6667,0.7507
144,44.jpg,đến,ten,0.6667,0.7636
59,100.jpg,tàu,lau,0.6667,0.7526
134,68.jpg,kèm,fom,0.6667,0.6366
85,51.jpg,vay,v3,0.6667,0.5034
85,30.jpg,phí,piu,0.6667,0.6484
85,36.jpg,chỉ,chi',0.6667,0.6492
85,58.jpg,ngà,nya,0.6667,0.9145
130,72.jpg,đảo,dao,0.6667,0.7138
130,7.jpg,cáo,cui,0.6667,0.5066
130,21.jpg,mại,ma,0.6667,0.9775
144,35.jpg,giờ,pis,0.6667,0.5456
96,69.jpg,xui,xm,0.6667,0.7983
96,67.jpg,cáo,ca,0.6667,0.579
96,66.jpg,của,cuu,0.6667,0.7625
96,78.jpg,đêm,dam,0.6667,0.8137
96,77.jpg,khoảng,khhy,0.6667,0.5915
42,15.jpg,lực,eic,0.6667,0.7468
42,23.jpg,gần,gain,0.6667,0.7444
42,38.jpg,trú,tut,0.6667,0.7356
144,82.jpg,như,mhi,0.6667,0.7801
19,19.jpg,nam,man,0.6667,0.7724
19,28.jpg,túi,tu,0.6667,0.7717
19,39.jpg,giờ,qis,0.6667,0.6549
19,38.jpg,mới,mor,0.6667,0.7651
62,38.jpg,tôi,tor,0.6667,0.5202
110,87.jpg,hai,lni,0.6667,0.6565
96,22.jpg,tòa,fa,0.6667,0.6496
110,75.jpg,ông,og,0.6667,0.4
59,84.jpg,đẩy,day,0.6667,0.3403
130,2.jpg,địa,tra,0.6667,0.7273
19,36.jpg,lớn,an,0.6667,0.6483
19,33.jpg,hòm,aum,0.6667,0.4476
144,78.jpg,tải,tu,0.6667,0.8018
144,66.jpg,lại,lar,0.6667,0.6277
18,58.jpg,cấp,c,0.6667,0.2199
18,54.jpg,bán,ban-,0.6667,0.7636
18,69.jpg,nào,na,0.6667,0.5876
18,67.jpg,sản,sa'n,0.6667,0.5934
18,62.jpg,tục,tu,0.6667,0.9907
62,11.jpg,đảm,dam,0.6667,0.813
96,51.jpg,đến,dtn,0.6667,0.7965
62,37.jpg,cứu,lu,0.6667,0.2773
105,82.jpg,của,wa,0.6667,0.6843
100,56.jpg,lãi,kai,0.6667,0.543
100,53.jpg,vật,vaut,0.6667,0.6771
100,51.jpg,mãi,ma,0.6667,0.6975
100,67.jpg,lái,lan,0.6667,0.6113
90,90.jpg,mưu,mi,0.6667,0.6452
90,86.jpg,còn,cot,0.6667,0.4487
90,73.jpg,bắt,ct,0.6667,0.2021
90,72.jpg,bên,bern,0.6667,0.5393
90,66.jpg,cầu,caw,0.6667,0.317
105,78.jpg,của,cae,0.6667,0.4993
67,26.jpg,xén,xem,0.6667,0.8058
143,24.jpg,bất,bar,0.6667,0.5637
100,87.jpg,lại,la:,0.6667,0.8064
62,44.jpg,đèo,teo,0.6667,0.6538
87,26.jpg,trở,tho,0.6667,0.7484
100,77.jpg,hai,hon,0.6667,0.5766
100,76.jpg,mất,ma,0.6667,0.5102
100,74.jpg,xây,uay,0.6667,0.4851
90,78.jpg,ứng,kng.,0.6667,0.6296
49,34.jpg,màu,mun,0.6667,0.7101
136,94.jpg,200,2n,0.6667,0.6835
136,92.jpg,thì,te,0.6667,0.2712
136,91.jpg,nộp,mop,0.6667,0.6585
51,15.jpg,khi,lh,0.6667,0.542
100,82.jpg,tôi,tor,0.6667,0.8165
100,79.jpg,thị,hhu,0.6667,0.4919
100,93.jpg,này,may,0.6667,0.751
59,9.jpg,thợ,thre,0.6667,0.5856
49,94.jpg,ngó,mgo,0.6667,0.4061
100,27.jpg,thương,t huiny,0.6667,0.7491
49,33.jpg,cầu,can,0.6667,0.7678
116,33.jpg,vào,var,0.6667,0.6695
116,17.jpg,hậu,hir,0.6667,0.6243
116,14.jpg,đến,den,0.6667,0.5334
116,24.jpg,vào,uao,0.6667,0.5478
38,3.jpg,xác,cac,0.6667,0.7315
116,53.jpg,chương,chus y,0.6667,0.3746
49,45.jpg,tôi,tor,0.6667,0.4086
49,41.jpg,với,vos,0.6667,0.3132
49,40.jpg,lỗi,la,0.6667,0.9175
65,87.jpg,quà,qha,0.6667,0.8674
49,17.jpg,nơi,no,0.6667,0.6403
49,25.jpg,với,vo,0.6667,0.6176
49,23.jpg,đều,deu,0.6667,0.8673
143,36.jpg,gần,gar,0.6667,0.665
108,19.jpg,hải,haw,0.6667,0.9073
150,30.jpg,hai,hcri,0.6667,0.8155
150,29.jpg,đdv,t dv,0.6667,0.649
62,90.jpg,đdv,dov,0.6667,0.3934
62,88.jpg,mưa,mula,0.6667,0.8505
108,4.jpg,cáo,cas,0.6667,0.7512
65,74.jpg,hiv,atv,0.6667,0.4114
62,56.jpg,vào,vad,0.6667,0.7394
62,63.jpg,cao,sgo,0.6667,0.4175
49,73.jpg,đất,aat,0.6667,0.8629
116,51.jpg,xin,x m,0.6667,0.9879
49,71.jpg,chủ,thi,0.6667,0.7982
49,67.jpg,đọc,doc,0.6667,0.9058
150,9.jpg,cậu,cqi,0.6667,0.4299
150,33.jpg,một,wit,0.6667,0.6759
49,53.jpg,vậy,va,0.6667,0.2296
19,84.jpg,qua,cma,0.6667,0.6014
19,95.jpg,nói,nou,0.6667,0.8193
35,86.jpg,lớn,don,0.6667,0.6352
35,83.jpg,sân,sain,0.6667,0.6416
42,97.jpg,lãi,la.,0.6667,0.433
42,91.jpg,văn,var,0.6667,0.9775
42,90.jpg,vẫn,var,0.6667,0.6941
49,8.jpg,của,aa,0.6667,0.9528
126,68.jpg,khu,wehu,0.6667,0.6332
42,79.jpg,như,mhi,0.6667,0.9215
150,83.jpg,khu,the,0.6667,0.8446
126,19.jpg,vấp,vay,0.6667,0.7504
126,14.jpg,phí,"ph.""",0.6667,0.743
126,27.jpg,mưa,meta,0.6667,0.593
18,4.jpg,mặc,maic,0.6667,0.6436
126,39.jpg,cấp,cai,0.6667,0.6463
35,70.jpg,lăn,kan,0.6667,0.7111
38,37.jpg,thương,hluing,0.6667,0.6695
38,34.jpg,màu,man,0.6667,0.7489
38,48.jpg,giữ,qiu,0.6667,0.7222
150,82.jpg,gia,ya,0.6667,0.6384
65,37.jpg,bản,hn,0.6667,0.3248
65,42.jpg,tan,tan :,0.6667,0.9159
126,38.jpg,bất,baf,0.6667,0.8442
126,48.jpg,xét,x,0.6667,0.4086
35,2.jpg,mục,huc,0.6667,0.7094
35,17.jpg,mệt,amet,0.6667,0.7486
59,56.jpg,"thành công ấy, liệu có mấy người đạt được?","thah co ,ua  maj ghatti?",0.6667,0.6627
62,19.jpg,hội,ho,0.6667,0.6734
62,35.jpg,cho,he,0.6667,0.9426
126,24.jpg,này,n,0.6667,0.1604
49,98.jpg,cáo,cad,0.6667,0.8963
38,66.jpg,quế,que',0.6667,0.6718
116,42.jpg,cái,cm,0.6667,0.5929
116,40.jpg,như,ohe,0.6667,0.664
150,98.jpg,đạt,dat,0.6667,0.8373
65,41.jpg,của,cut,0.6667,0.8043
65,53.jpg,bạt,lat,0.6667,0.758
65,52.jpg,đất,tat,0.6667,0.899
65,48.jpg,thủ,t,0.6667,0.3484
65,3.jpg,cảm,lam,0.6667,0.7709
65,2.jpg,này,may,0.6667,0.9415
19,82.jpg,nói,no,0.6667,0.9078
150,80.jpg,khi,4h:,0.6667,0.3186
150,79.jpg,đây,day,0.6667,0.844
19,63.jpg,mùi,mit,0.6667,0.6943
65,13.jpg,khi,fehi,0.6667,0.5036
126,5.jpg,thế,the',0.6667,0.8946
126,4.jpg,lấy,hay,0.6667,0.648
116,79.jpg,địa,tia,0.6667,0.8137
116,78.jpg,trở,tha,0.6667,0.3839
62,70.jpg,cầu,eau,0.6667,0.5906
62,69.jpg,tàu,taw,0.6667,0.7618
62,87.jpg,vài,va,0.6667,0.5414
38,5.jpg,đất,tat,0.6667,0.7497
150,68.jpg,mới,md.,0.6667,0.5408
108,52.jpg,tìm,tin,0.6667,0.8328
108,49.jpg,còi,car,0.6667,0.631
19,45.jpg,đất,dat,0.6667,0.5932
19,43.jpg,hữu,ha,0.6667,0.6557
19,40.jpg,mặt,mal,0.6667,0.7805
126,10.jpg,tây,tayg,0.6667,0.8533
47,2.jpg,quí,qui:,0.6667,0.7725
47,17.jpg,nhỏ,mho,0.6667,0.654
47,12.jpg,các,ccic,0.6667,0.8429
102,77.jpg,đất,aat,0.6667,0.5062
48,80.jpg,thú,ht,0.6667,0.4322
48,77.jpg,tại,tou,0.6667,0.8436
133,10.jpg,xây,xaiy,0.6667,0.8312
117,13.jpg,nếu,ne,0.6667,0.6061
117,11.jpg,lên,ler,0.6667,0.4654
47,22.jpg,anh,a nc,0.6667,0.6976
14,75.jpg,nơi,n,0.6667,0.5669
118,59.jpg,các,can,0.6667,0.3878
118,57.jpg,đẩy,tay,0.6667,0.7275
118,56.jpg,dâm,dan,0.6667,0.9071
9,56.jpg,lâm,ham,0.6667,0.574
118,49.jpg,đới,di,0.6667,0.5586
118,63.jpg,đầu,tau,0.6667,0.8697
91,4.jpg,đất,dat,0.6667,0.9243
117,56.jpg,đây,day,0.6667,0.6834
117,68.jpg,trì,tni,0.6667,0.5399
117,62.jpg,cứu,cilu,0.6667,0.7537
2,84.jpg,ông,mg,0.6667,0.4409
86,89.jpg,ngả,ny,0.6667,0.6147
86,59.jpg,vào,vac,0.6667,0.8446
86,58.jpg,tôi,to,0.6667,0.4982
118,28.jpg,lỗi,lov,0.6667,0.6509
47,43.jpg,như,net,0.6667,0.3958
47,41.jpg,khi,pli,0.6667,0.5835
47,37.jpg,hải,ha:,0.6667,0.6502
47,95.jpg,với,vó,0.6667,0.4006
118,52.jpg,xin,kn,0.6667,0.2965
58,3.jpg,mua,wwa,0.6667,0.6645
58,20.jpg,cẩn,ca'n,0.6667,0.9501
117,10.jpg,chuyển,cunye',0.6667,0.593
117,24.jpg,hạn,ham,0.6667,0.8307
117,31.jpg,sậm,sn,0.6667,0.2945
129,55.jpg,năm,mam,0.6667,0.8806
129,54.jpg,lời,lor,0.6667,0.7693
139,24.jpg,đón,don,0.6667,0.7511
129,28.jpg,trí,dri,0.6667,0.7374
133,48.jpg,một,m94,0.6667,0.523
133,46.jpg,chủ,cls,0.6667,0.6009
102,93.jpg,vào,va o,0.6667,0.5842
133,8.jpg,ông,engy,0.6667,0.6198
103,81.jpg,biển).,lr).,0.6667,0.7222
47,7.jpg,dài,dou,0.6667,0.9292
47,55.jpg,rứa,wia,0.6667,0.6139
103,71.jpg,sắp,axp,0.6667,0.3295
129,75.jpg,tìm,tin,0.6667,0.6599
129,86.jpg,đạt,aat,0.6667,0.5319
118,81.jpg,lót,rot,0.6667,0.6952
102,19.jpg,nản,man,0.6667,0.9092
102,15.jpg,quý,qwy,0.6667,0.8636
102,14.jpg,mua,mw a,0.6667,0.83
102,31.jpg,đặc,dac,0.6667,0.9608
102,70.jpg,bản,ba?,0.6667,0.9085
102,52.jpg,vấn,va'n,0.6667,0.851
102,50.jpg,đây,hy,0.6667,0.2956
103,67.jpg,hết,1et,0.6667,0.2584
133,16.jpg,đấy,day,0.6667,0.5181
14,98.jpg,dạy,dlay,0.6667,0.8817
103,79.jpg,đảo,tao,0.6667,0.7172
118,100.jpg,bữa,1a,0.6667,0.3228
118,97.jpg,môn,mm,0.6667,0.8397
91,8.jpg,đến,den,0.6667,0.5593
102,41.jpg,báo,ndo,0.6667,0.6973
102,40.jpg,khoảng,hhoauy,0.6667,0.551
117,40.jpg,với,v&,0.6667,0.8578
117,49.jpg,lâu,law,0.6667,0.7015
55,38.jpg,của,aa,0.6667,0.3873
55,53.jpg,tôi,ta,0.6667,0.5143
55,52.jpg,vực,vut,0.6667,0.5349
55,50.jpg,tàu,taw,0.6667,0.3659
2,68.jpg,hẹn,shen,0.6667,0.8094
55,86.jpg,lúc,luic,0.6667,0.7161
55,84.jpg,của,a,0.6667,0.9286
47,92.jpg,khu,fchu,0.6667,0.7676
2,19.jpg,đến,lin,0.6667,0.6446
2,32.jpg,tôi,to,0.6667,0.9298
2,73.jpg,nguyên,rywyin,0.6667,0.7693
2,72.jpg,gây,yay,0.6667,0.7268
2,71.jpg,trí,tni,0.6667,0.6711
2,70.jpg,con,cm,0.6667,0.7786
131,3.jpg,hóa,fca,0.6667,0.522
55,47.jpg,các,ca'c,0.6667,0.6899
103,47.jpg,với,vot,0.6667,0.6521
103,46.jpg,đặt,dat,0.6667,0.8569
103,50.jpg,núc,muc,0.6667,0.7042
2,39.jpg,tra,iva,0.6667,0.7641
55,64.jpg,đảo,dao,0.6667,0.7352
55,62.jpg,chỉ,clm,0.6667,0.4693
55,71.jpg,vẹn,wen,0.6667,0.6434
55,96.jpg,chú,clu,0.6667,0.6705
47,27.jpg,tôi,tr,0.6667,0.5814
47,99.jpg,báo,hao,0.6667,0.6729
118,94.jpg,xác,tac,0.6667,0.7363
129,74.jpg,sau,aaul,0.6667,0.6842
129,76.jpg,tội,tor,0.6667,0.4386
118,46.jpg,cảm,can,0.6667,0.6543
48,51.jpg,gẫy,foy,0.6667,0.3225
48,50.jpg,thế,thet,0.6667,0.7244
129,65.jpg,vừa,nla,0.6667,0.6136
118,12.jpg,khi,tli,0.6667,0.4725
107,19.jpg,cái,ccu,0.6667,0.8799
86,83.jpg,vừa,mea,0.6667,0.2252
86,81.jpg,ngó,mgo,0.6667,0.4523
86,79.jpg,phố,phe',0.6667,0.7834
55,28.jpg,nỗi,n&,0.6667,0.7056
86,71.jpg,rác,nac,0.6667,0.64
55,20.jpg,tra,dta,0.6667,0.5271
55,35.jpg,phú,phu',0.6667,0.7585
2,56.jpg,đưa,dua,0.6667,0.8152
55,5.jpg,khu,hahu,0.6667,0.6659
55,14.jpg,sát,&ut,0.6667,0.5475
5,29.jpg,cho,&o,0.6667,0.7975
129,100.jpg,dám,lam,0.6667,0.7898
47,64.jpg,năm,mam,0.6667,0.8714
47,80.jpg,phú,phui,0.6667,0.7935
47,78.jpg,tất,talt,0.6667,0.5254
6,88.jpg,của,aa,0.6667,0.5833
102,43.jpg,với,var,0.6667,0.4933
55,13.jpg,ông,oug,0.6667,0.6805
55,12.jpg,của,cuz,0.6667,0.6259
129,96.jpg,còn,cor,0.6667,0.8094
133,93.jpg,làm,leim,0.6667,0.6759
133,92.jpg,năm,mam,0.6667,0.9325
133,91.jpg,nếu,nat,0.6667,0.3099
130,92.jpg,sân,ban,0.6667,0.7934
130,97.jpg,hợp,/dp,0.6667,0.6608
18,100.jpg,với,v2,0.6667,0.3451
9,84.jpg,nói,no.,0.6667,0.732
9,83.jpg,vẫn,var,0.6667,0.737
9,81.jpg,học,soc,0.6667,0.601
36,39.jpg,khi,hli,0.6667,0.7006
36,55.jpg,lại,la',0.6667,0.7943
134,95.jpg,tôi,ts,0.6667,0.4661
36,28.jpg,các,colc,0.6667,0.6252
36,36.jpg,tài,fui,0.6667,0.682
133,36.jpg,nếu,na,0.6667,0.2754
139,65.jpg,làm,cam,0.6667,0.7969
139,78.jpg,cứu,crl,0.6667,0.4611
144,19.jpg,trở,t,0.6667,0.1311
139,70.jpg,chuyên,lnyin,0.6667,0.5629
18,82.jpg,chỉ,th,0.6667,0.4188
18,80.jpg,tội,+6i,0.6667,0.2454
134,88.jpg,hợp,shop,0.6667,0.7225
9,13.jpg,làm,lan,0.6667,0.7549
9,7.jpg,tâm,ham,0.6667,0.6799
36,60.jpg,đâu,tou,0.6667,0.714
36,59.jpg,kêu,kee,0.6667,0.7755
36,70.jpg,cửa,usa,0.6667,0.536
36,82.jpg,chuyện,char,0.6667,0.3303
14,9.jpg,nấu,nal,0.6667,0.6344
14,22.jpg,thể,the',0.6667,0.8786
130,17.jpg,tại,hai,0.6667,0.5912
9,70.jpg,học,hsr,0.6667,0.4274
134,74.jpg,quả,yu',0.6667,0.7095
134,72.jpg,chí,chi',0.6667,0.8509
9,100.jpg,tác,tac',0.6667,0.8375
9,99.jpg,lâu,law,0.6667,0.792
36,15.jpg,cho,he,0.6667,0.855
134,59.jpg,bởi,bor,0.6667,0.5805
58,65.jpg,kẹt,kket,0.6667,0.8007
9,80.jpg,nv1,nnu,0.6667,0.4622
9,75.jpg,yên,yer,0.6667,0.9072
9,74.jpg,phí,phi',0.6667,0.8963
9,86.jpg,tốt,15t,0.6667,0.4122
134,86.jpg,đời,dri,0.6667,0.7312
96,10.jpg,trường,tnudnq,0.6667,0.626
9,47.jpg,bốn,bk,0.6667,0.3952
59,76.jpg,lại,lay,0.6667,0.4662
59,88.jpg,đất,dat,0.6667,0.9665
5,84.jpg,nơi,hoi,0.6667,0.6869
58,89.jpg,chỉ,c&',0.6667,0.6507
58,99.jpg,lại,kai,0.6667,0.8708
134,84.jpg,còn,cor,0.6667,0.6283
129,8.jpg,tôi,to,0.6667,0.6021
129,15.jpg,lại,lar,0.6667,0.722
139,35.jpg,hội,hol,0.6667,0.8739
139,99.jpg,bên,hen,0.6667,0.8519
139,98.jpg,lợi,lor,0.6667,0.5872
18,91.jpg,tốt,tet',0.6667,0.5003
129,1.jpg,tấn,tan',0.6667,0.6734
130,15.jpg,lúc,lui,0.6667,0.7158
9,50.jpg,các,cav,0.6667,0.7242
96,16.jpg,lời,lor,0.6667,0.3195
139,31.jpg,vẫn,var,0.6667,0.6897
139,44.jpg,sơn,s&,0.6667,0.7054
139,43.jpg,sức,hic,0.6667,0.833
130,46.jpg,văn,var,0.6667,0.8494
85,82.jpg,đến,den,0.6667,0.4996
14,2.jpg,vốn,vov,0.6667,0.4772
14,16.jpg,của,ha,0.6667,0.5729
85,68.jpg,tội,te,0.6667,0.3742
36,64.jpg,cây,a&y,0.6667,0.6228
139,1.jpg,với,v&,0.6667,0.5106
139,8.jpg,đại,dci,0.6667,0.3181
139,7.jpg,bao,jae,0.6667,0.447
139,55.jpg,làm,lan,0.6667,0.6584
130,60.jpg,chở,cl?,0.6667,0.6261
133,64.jpg,năm,naw,0.6667,0.7826
48,30.jpg,đến,pn,0.6667,0.284
48,42.jpg,núc,mc,0.6667,0.9075
48,40.jpg,tội,tov,0.6667,0.6925
48,97.jpg,dài,dau,0.6667,0.8264
48,92.jpg,thế,the',0.6667,0.8773
5,75.jpg,cải,cal,0.6667,0.6022
48,63.jpg,bán,han,0.6667,0.8407
117,27.jpg,tám,yom,0.6667,0.576
14,81.jpg,sốt,rot,0.6667,0.4556
118,69.jpg,nhơ,mh8,0.6667,0.7311
118,76.jpg,cam,cawn,0.6667,0.8057
118,73.jpg,như,nhui,0.6667,0.7931
48,91.jpg,bất,bal,0.6667,0.7738
48,34.jpg,nên,men,0.6667,0.7799
133,29.jpg,cầm,can,0.6667,0.9314
130,58.jpg,ven,jon,0.6667,0.5622
133,62.jpg,báo,bad,0.6667,0.9448
133,61.jpg,như,mhn,0.6667,0.5885
133,58.jpg,còn,cem,0.6667,0.9242
36,75.jpg,đến,den,0.6667,0.7116
133,99.jpg,đây,tay,0.6667,0.7079
58,49.jpg,nên,n&r,0.6667,0.8965
58,47.jpg,thể,he,0.6667,0.4083
58,59.jpg,lán,r&n,0.6667,0.6991
36,83.jpg,thị,he,0.6667,0.4567
133,55.jpg,thể,the?,0.6667,0.8475
133,66.jpg,làm,lon,0.6667,0.5818
130,13.jpg,cây,cor,0.6667,0.7851
139,91.jpg,nội,no:,0.6667,0.396
139,87.jpg,lần,la,0.6667,0.5831
58,58.jpg,phí,phir,0.6667,0.7415
133,1.jpg,đặc,dac,0.6667,0.9473
9,37.jpg,rào,aao,0.6667,0.5578
14,48.jpg,tôi,to,0.6667,0.744
5,60.jpg,với,va,0.6667,0.7096
5,69.jpg,đâu,tou,0.6667,0.7173
118,41.jpg,lợi,le,0.6667,0.4025
5,51.jpg,vắn,u&n,0.6667,0.8682
5,48.jpg,cầu,caw,0.6667,0.7547
129,40.jpg,làn,la'n,0.6667,0.7606
85,62.jpg,tài,tar,0.6667,0.7805
85,59.jpg,hảo,ha,0.6667,0.9501
85,73.jpg,mãi,m&,0.6667,0.8902
36,95.jpg,mỗi,ma,0.6667,0.8449
36,93.jpg,kết,kcet,0.6667,0.4681
14,4.jpg,đận,dan,0.6667,0.9143
133,2.jpg,dân,dain,0.6667,0.8239
9,27.jpg,khi,klui,0.6667,0.6423
10,63.jpg,cấp,cag,0.6667,0.5862
10,73.jpg,rồi,r@ i,0.6667,0.8039
10,70.jpg,vào,vae,0.6667,0.5204
10,83.jpg,rồi,noi,0.6667,0.5665
142,23.jpg,tục,tue,0.6667,0.8419
10,68.jpg,nghiệp,nyuep,0.6667,0.7372
40,46.jpg,với,v&,0.6667,0.3179
142,36.jpg,báo,hao,0.6667,0.9565
142,53.jpg,lần,xan,0.6667,0.5978
57,13.jpg,hầu,hay,0.6667,0.4788
23,84.jpg,tải,ta:,0.6667,0.7392
57,51.jpg,trụ,thu,0.6667,0.931
57,50.jpg,đdv,-ddv,0.6667,0.9502
57,49.jpg,khu,hlu,0.6667,0.6321
22,20.jpg,làm chủ vùng biển.,ian dul uig han.,0.6667,0.8045
111,89.jpg,nếu,nir,0.6667,0.465
1,4.jpg,tôi,tn,0.6667,0.6642
1,16.jpg,tín,hin,0.6667,0.8227
123,54.jpg,tại,taui,0.6667,0.8165
23,83.jpg,lên,lg,0.6667,0.3453
142,33.jpg,cập,op,0.6667,0.6646
142,28.jpg,quý,quy',0.6667,0.5242
57,88.jpg,đàn,dan,0.6667,0.9371
21,45.jpg,câu,gu,0.6667,0.5996
21,44.jpg,khu,kln,0.6667,0.7324
21,41.jpg,dân,d&v,0.6667,0.8581
109,26.jpg,chế,he,0.6667,0.6097
109,40.jpg,gặp,yup,0.6667,0.683
95,45.jpg,này,may,0.6667,0.8408
95,21.jpg,giá,gl,0.6667,0.489
57,76.jpg,đèo,deo,0.6667,0.6899
28,84.jpg,hơn,hlon,0.6667,0.7479
28,99.jpg,đưa,dua,0.6667,0.783
10,88.jpg,đây,#&y,0.6667,0.8932
57,33.jpg,gần,tan,0.6667,0.3598
57,30.jpg,lúa,lud,0.6667,0.3141
142,46.jpg,dâm,don,0.6667,0.8277
140,21.jpg,giờ,gre,0.6667,0.5637
140,64.jpg,sức,uc,0.6667,0.4412
123,80.jpg,cực,aic,0.6667,0.7639
123,76.jpg,tắc,tae,0.6667,0.4888
123,43.jpg,hãy,day,0.6667,0.6459
123,42.jpg,tối,moi,0.6667,0.3934
142,84.jpg,đâm,dam,0.6667,0.8116
23,63.jpg,các,ca'c,0.6667,0.9213
40,38.jpg,phương,phay,0.6667,0.5139
23,85.jpg,các,cao,0.6667,0.7941
57,5.jpg,trường,tnien9,0.6667,0.651
72,60.jpg,tra,thn,0.6667,0.9185
72,36.jpg,xây,cay,0.6667,0.7459
140,48.jpg,với,ve,0.6667,0.3697
140,58.jpg,hcm,hficm,0.6667,0.7947
140,57.jpg,ngã,ngar,0.6667,0.7013
140,68.jpg,vào,uao,0.6667,0.5671
40,42.jpg,tra,dya,0.6667,0.4489
40,55.jpg,quả,tu,0.6667,0.3946
142,2.jpg,xin,nn,0.6667,0.3464
40,27.jpg,cái,cdi',0.6667,0.8269
40,25.jpg,như,mhl,0.6667,0.6764
40,24.jpg,của,cuo,0.6667,0.3616
40,22.jpg,rất,ra't,0.6667,0.7207
57,40.jpg,cứu,ca',0.6667,0.3694
109,71.jpg,ông,cny,0.6667,0.503
109,83.jpg,đơn,don,0.6667,0.7176
109,82.jpg,cho,ohp,0.6667,0.7143
40,18.jpg,bên,jen,0.6667,0.4491
109,54.jpg,vận,vein,0.6667,0.6386
109,53.jpg,lai,loui,0.6667,0.8174
21,26.jpg,nhỏ,mho,0.6667,0.9749
21,39.jpg,chỉ,h',0.6667,0.6506
21,32.jpg,bất,bat',0.6667,0.7559
21,47.jpg,xin,xur,0.6667,0.5821
109,24.jpg,trở,the,0.6667,0.2949
109,21.jpg,địa,tha,0.6667,0.795
109,18.jpg,hầu,haw,0.6667,0.7629
95,35.jpg,lựa,lur,0.6667,0.4751
10,27.jpg,thương,thitiang,0.6667,0.5244
1,30.jpg,mét,mi't,0.6667,0.6
140,9.jpg,báo,ba,0.6667,0.9175
1,86.jpg,của,cuia,0.6667,0.7223
1,85.jpg,vừa,uta,0.6667,0.4876
10,39.jpg,văn,wan,0.6667,0.6052
21,29.jpg,hết,hei,0.6667,0.6474
4,44.jpg,đất,dat,0.6667,0.742
4,43.jpg,cấp,oap,0.6667,0.3731
33,56.jpg,dâm,dan,0.6667,0.8241
33,80.jpg,sài,sa,0.6667,0.9103
33,78.jpg,đều,tau,0.6667,0.5294
33,53.jpg,các,cai,0.6667,0.7408
33,48.jpg,cấp,cal,0.6667,0.7197
8,95.jpg,nhà,nla,0.6667,0.8153
127,75.jpg,đến,ten,0.6667,0.9509
1,31.jpg,ông,ony,0.6667,0.8609
109,4.jpg,lực,lie,0.6667,0.5192
23,95.jpg,gòn,gron,0.6667,0.9048
23,99.jpg,600,c 00,0.6667,0.6481
109,50.jpg,tật,vat,0.6667,0.678
109,43.jpg,bài,bau,0.6667,0.7744
140,32.jpg,sơn,8&n,0.6667,0.3611
89,84.jpg,nào,mao,0.6667,0.95
72,29.jpg,của,cun,0.6667,0.5868
140,27.jpg,như,nhai,0.6667,0.6018
51,94.jpg,tác,tue,0.6667,0.6768
21,7.jpg,bớt,66t,0.6667,0.551
21,20.jpg,mặt,mar,0.6667,0.8895
21,18.jpg,đại,dui,0.6667,0.7271
40,34.jpg,sau,son,0.6667,0.659
109,61.jpg,rứa,n2a,0.6667,0.7942
109,10.jpg,chỉ,chiz,0.6667,0.8082
89,90.jpg,gần,qan,0.6667,0.7117
140,5.jpg,tất,tai,0.6667,0.6694
140,2.jpg,các,cat,0.6667,0.8778
1,76.jpg,gói,4oi,0.6667,0.2524
140,33.jpg,tôi,fai,0.6667,0.5237
40,2.jpg,nội,n8,0.6667,0.8624
40,10.jpg,hút,put,0.6667,0.6369
40,9.jpg,tối,t,0.6667,0.1528
4,10.jpg,rầu,nau,0.6667,0.8333
33,89.jpg,yếu,yer,0.6667,0.7264
127,62.jpg,khá,kha',0.6667,0.9353
109,94.jpg,lại,tai,0.6667,0.6297
4,16.jpg,lại,la,0.6667,0.7185
10,41.jpg,hút,hur,0.6667,0.8119
10,36.jpg,làm,laum,0.6667,0.7168
44,25.jpg,môi,mo:,0.6667,0.6215
72,70.jpg,làm,1am,0.6667,0.6331
72,66.jpg,hải,ha',0.6667,0.7868
72,80.jpg,tác,tat,0.6667,0.7988
72,77.jpg,trở,to,0.6667,0.7166
72,76.jpg,thơ,yho,0.6667,0.6714
98,33.jpg,tắc,tak,0.6667,0.769
98,46.jpg,gọi,gt',0.6667,0.5142
44,47.jpg,chủ,chu',0.6667,0.8617
44,43.jpg,cáo,cat,0.6667,0.6456
44,41.jpg,lại,lu,0.6667,0.9237
44,53.jpg,bùi,bu,0.6667,0.9171
147,25.jpg,vấn,vai,0.6667,0.5995
147,62.jpg,báo,bat,0.6667,0.7347
111,91.jpg,gái,gau,0.6667,0.6392
44,26.jpg,khu,hahu,0.6667,0.569
98,95.jpg,địa,dia,0.6667,0.8338
56,5.jpg,thế,the',0.6667,0.9128
138,37.jpg,vào,ao,0.6667,0.732
138,18.jpg,đến,den,0.6667,0.9374
138,25.jpg,nơi,n&,0.6667,0.6237
147,36.jpg,lập,lan,0.6667,0.7668
26,16.jpg,đẩy,day,0.6667,0.6099
98,74.jpg,hai,hou,0.6667,0.511
26,52.jpg,ông,onj,0.6667,0.3842
26,67.jpg,đất,dat,0.6667,0.6428
56,10.jpg,một,m&+,0.6667,0.8751
98,60.jpg,sáu,san,0.6667,0.8454
98,99.jpg,một,wot,0.6667,0.796
82,25.jpg,thể,the',0.6667,0.7755
147,70.jpg,bại,ba,0.6667,0.6768
56,77.jpg,sau,8ou,0.6667,0.5776
56,82.jpg,mới,mar,0.6667,0.6912
138,74.jpg,kem,k emv,0.6667,0.7948
138,72.jpg,ngờ,ngo:,0.6667,0.5588
73,58.jpg,kết,lat,0.6667,0.6125
64,73.jpg,đợi,dti,0.6667,0.6182
64,86.jpg,tra,ttw,0.6667,0.6487
64,96.jpg,quý,qay,0.6667,0.5169
147,30.jpg,tại,cai,0.6667,0.7005
138,10.jpg,này,nag,0.6667,0.7791
73,56.jpg,nhỏ,mho,0.6667,0.7384
73,67.jpg,phố,pho',0.6667,0.7572
73,76.jpg,mỗi,mc:,0.6667,0.6746
73,75.jpg,văn,/an,0.6667,0.8035
15,90.jpg,lâu,laa,0.6667,0.6357
64,93.jpg,mỗi,mos,0.6667,0.6093
26,3.jpg,lưu,huu,0.6667,0.346
26,1.jpg,sản,an,0.6667,0.2226
64,40.jpg,nơi,nb,0.6667,0.4926
64,54.jpg,dừa,diia,0.6667,0.6885
44,90.jpg,lục,duc,0.6667,0.7725
147,2.jpg,câu,caw,0.6667,0.5675
73,83.jpg,sản,ran,0.6667,0.7143
56,18.jpg,giờ,giua,0.6667,0.4744
56,17.jpg,thi,t4h:,0.6667,0.721
56,16.jpg,sân,&an,0.6667,0.7079
53,5.jpg,làm,tam,0.6667,0.7066
56,20.jpg,giờ,qid,0.6667,0.7942
15,94.jpg,giá,gha,0.6667,0.609
15,92.jpg,đến,den,0.6667,0.8198
73,71.jpg,lục,lue,0.6667,0.9693
23,37.jpg,vốn,var,0.6667,0.5164
23,53.jpg,vào,vad,0.6667,0.5196
23,52.jpg,bốn,hon,0.6667,0.6822
82,32.jpg,thương,tthuny,0.6667,0.7904
23,35.jpg,thường,tuiny,0.6667,0.4339
40,67.jpg,lỏi,lo.,0.6667,0.5816
40,90.jpg,hữu,thiu,0.6667,0.8717
40,88.jpg,chủ,thu,0.6667,0.4546
82,66.jpg,của,ana,0.6667,0.7416
82,63.jpg,các,cse,0.6667,0.3533
28,71.jpg,mấy,maiy,0.6667,0.5743
28,22.jpg,phố,phe',0.6667,0.6541
28,20.jpg,hải,ha:,0.6667,0.5814
28,66.jpg,cứu,u,0.6667,0.3973
82,24.jpg,cáo,cae,0.6667,0.9102
123,23.jpg,sáp,hnp,0.6667,0.4673
123,38.jpg,vào,v2e,0.6667,0.4305
140,83.jpg,báo,baio,0.6667,0.7395
123,31.jpg,tại,tal,0.6667,0.6321
111,53.jpg,đưa,dua,0.6667,0.9625
111,59.jpg,thử,tha?,0.6667,0.8805
111,76.jpg,chỉ,thi,0.6667,0.836
72,96.jpg,lại,la,0.6667,0.8113
140,17.jpg,đất,dat,0.6667,0.5355
1,49.jpg,khi,ithi,0.6667,0.725
1,47.jpg,ông,ony,0.6667,0.7095
95,1.jpg,hồi,ha:,0.6667,0.7141
95,11.jpg,yên,fen,0.6667,0.5332
95,8.jpg,đêm,hem,0.6667,0.6507
140,62.jpg,đơn,ton,0.6667,0.8541
23,44.jpg,nhỏ,nho',0.6667,0.8624
82,19.jpg,báo,cao,0.6667,0.6033
82,18.jpg,của,cuw,0.6667,0.4242
82,4.jpg,nội,na,0.6667,0.3762
82,16.jpg,hải,hat,0.6667,0.54
123,26.jpg,với,v&',0.6667,0.4271
44,12.jpg,đến,dan,0.6667,0.7168
44,22.jpg,bần,han,0.6667,0.9006
44,18.jpg,phí,plu,0.6667,0.7087
44,16.jpg,đặt,tat,0.6667,0.7995
82,87.jpg,trường,cragrg,0.6667,0.4836
28,9.jpg,các,cai,0.6667,0.7961
28,8.jpg,trả,dra,0.6667,0.6672
28,5.jpg,yêu,yer,0.6667,0.8052
147,77.jpg,gần,gar,0.6667,0.7886
23,75.jpg,vấn,vor,0.6667,0.3151
147,90.jpg,đạt,tat,0.6667,0.8504
147,87.jpg,ngô,nyo,0.6667,0.5975
98,20.jpg,bắt,vat,0.6667,0.7342
98,17.jpg,sản,nan,0.6667,0.5755
98,14.jpg,đặt,tat,0.6667,0.6032
82,42.jpg,bạn,dan,0.6667,0.6083
82,40.jpg,anh,al,0.6667,0.8803
82,50.jpg,món,mo,0.6667,0.7346
147,67.jpg,khu,hhn,0.6667,0.6791
40,85.jpg,các,cat,0.6667,0.7685
28,50.jpg,trả,ta?,0.6667,0.7231
28,49.jpg,sau,som,0.6667,0.819
40,61.jpg,vào,vus,0.6667,0.4283
40,72.jpg,lần,dan,0.6667,0.6194
40,70.jpg,máu,maw,0.6667,0.9097
147,92.jpg,nhà,whi,0.6667,0.782
87,39.jpg,mưa,mula,0.6667,0.801
16,6.jpg,hơn,how,0.6667,0.7181
16,18.jpg,quá,quai,0.6667,0.8171
16,11.jpg,tôi,to:,0.6667,0.9144
16,9.jpg,đến,den,0.6667,0.8145
16,8.jpg,bản,lun,0.6667,0.4449
46,88.jpg,sắp,rap,0.6667,0.4333
63,41.jpg,gần,gar,0.6667,0.7915
63,9.jpg,tục,auc,0.6667,0.8895
63,18.jpg,đêm,dm,0.6667,0.7752
87,62.jpg,khu,khii,0.6667,0.7107
87,58.jpg,mới,m6,0.6667,0.5798
87,68.jpg,mới,mh,0.6667,0.5741
16,66.jpg,bới,b&c,0.6667,0.6134
21,67.jpg,mới,mo,0.6667,0.7711
87,98.jpg,nhà,wha,0.6667,0.93
106,37.jpg,đảo,tuo,0.6667,0.5915
90,40.jpg,hải,ha,0.6667,0.9249
143,66.jpg,nhà,mha,0.6667,0.9495
67,3.jpg,anh,aul,0.6667,0.942
90,97.jpg,này,hay,0.6667,0.9433
106,16.jpg,bốn,bom,0.6667,0.6593
106,22.jpg,dài,deu,0.6667,0.7151
16,71.jpg,đất,dat,0.6667,0.9013
143,54.jpg,hội,hv,0.6667,0.8442
143,53.jpg,lên,&en,0.6667,0.7995
13,19.jpg,các,cué,0.6667,0.6387
143,81.jpg,của,ua,0.6667,0.5908
143,95.jpg,tục,dac,0.6667,0.8697
143,100.jpg,đdv,dnv,0.6667,0.7623
114,8.jpg,tìm,tun,0.6667,0.8454
8,7.jpg,đdv,ddu,0.6667,0.7238
46,11.jpg,phố,pha',0.6667,0.8352
46,9.jpg,các,eac,0.6667,0.8662
46,19.jpg,thú,fhr,0.6667,0.743
46,48.jpg,bắc,bat,0.6667,0.7494
46,62.jpg,tặc,hic,0.6667,0.6236
46,2.jpg,tôi,th,0.6667,0.4207
24,99.jpg,mặt,mal,0.6667,0.8084
60,42.jpg,bếp,dep,0.6667,0.407
114,14.jpg,đến,ten,0.6667,0.7587
114,13.jpg,bởi,b&,0.6667,0.9376
114,25.jpg,tôi,tol,0.6667,0.7398
114,24.jpg,đầy,tay,0.6667,0.7214
51,44.jpg,một,m&,0.6667,0.6701
136,48.jpg,địa,dia,0.6667,0.9717
24,94.jpg,hải,ha,0.6667,0.9549
136,47.jpg,một,mer,0.6667,0.7309
136,46.jpg,của,cuia,0.6667,0.7935
87,3.jpg,đơn,d&n,0.6667,0.5908
136,40.jpg,này,nauy,0.6667,0.6949
16,35.jpg,với,asi,0.6667,0.7192
16,34.jpg,thế,tha',0.6667,0.7424
87,65.jpg,đất,tat,0.6667,0.7855
63,55.jpg,các,can,0.6667,0.7535
63,14.jpg,tàu,fau,0.6667,0.6186
46,69.jpg,một,wat,0.6667,0.5901
46,67.jpg,tại,tat,0.6667,0.7688
46,78.jpg,hồi,hen,0.6667,0.364
90,24.jpg,với,vo',0.6667,0.6085
136,39.jpg,bám,ba'm,0.6667,0.8667
51,42.jpg,phương,1phiny,0.6667,0.7523
38,28.jpg,bàn,fan,0.6667,0.6978
105,16.jpg,vạn,val,0.6667,0.4146
100,12.jpg,một,nat,0.6667,0.435
100,24.jpg,ông,cong,0.6667,0.6938
105,41.jpg,bún,bur,0.6667,0.901
105,65.jpg,mẩy,msi,0.6667,0.5792
105,99.jpg,của,uia,0.6667,0.8587
143,38.jpg,tài,teu,0.6667,0.4337
13,51.jpg,đảo,dao,0.6667,0.6003
13,60.jpg,quả,quat,0.6667,0.5609
105,34.jpg,này,hay,0.6667,0.9764
13,67.jpg,vồn,won,0.6667,0.4877
13,65.jpg,phí,qhr,0.6667,0.5303
105,69.jpg,tại,teyi,0.6667,0.7111
13,7.jpg,lên,xen,0.6667,0.6133
100,35.jpg,cao,coro,0.6667,0.7842
136,89.jpg,nếu,meu,0.6667,0.5269
100,42.jpg,tán,fan,0.6667,0.7113
136,80.jpg,trưởng,turiny,0.6667,0.7691
67,19.jpg,đổi,ti,0.6667,0.4112
143,23.jpg,mãi,m&,0.6667,0.9183
143,18.jpg,mời,ma,0.6667,0.689
67,62.jpg,trí,tm',0.6667,0.5366
67,10.jpg,bài,bau,0.6667,0.8236
67,7.jpg,lời,lor,0.6667,0.461
67,46.jpg,tội,tot,0.6667,0.2702
67,69.jpg,lên,lim,0.6667,0.6837
67,42.jpg,quê...,ame ...,0.6667,0.4905
67,49.jpg,các,cat,0.6667,0.5082
13,71.jpg,mỗi,mor,0.6667,0.7573
13,34.jpg,gặp,gan,0.6667,0.9208
13,9.jpg,tin,tw,0.6667,0.6473
60,72.jpg,như,nhut,0.6667,0.7072
90,56.jpg,đạo,dao,0.6667,0.5809
90,55.jpg,thì,tl:,0.6667,0.6429
90,59.jpg,xây,ccy,0.6667,0.8335
90,8.jpg,gia,ya,0.6667,0.6342
143,59.jpg,đẹp,dep,0.6667,0.8619
90,34.jpg,với,ve,0.6667,0.5433
143,46.jpg,thế,the',0.6667,0.9288
136,26.jpg,cửa,ciu,0.6667,0.4309
16,88.jpg,kia,lio,0.6667,0.7206
16,86.jpg,vay,uy,0.6667,0.6658
16,95.jpg,ông,mg,0.6667,0.8645
16,93.jpg,vừa,uua,0.6667,0.5468
67,81.jpg,cầu,cal,0.6667,0.7624
60,67.jpg,giá,gi'',0.6667,0.5598
60,60.jpg,thường,hniong,0.6667,0.6746
100,94.jpg,ảnh,&nl,0.6667,0.941
150,1.jpg,học,hoz,0.6667,0.4612
38,24.jpg,đến,tn,0.6667,0.3348
150,42.jpg,cửa,ua,0.6667,0.636
150,40.jpg,đậu,tau,0.6667,0.6299
116,88.jpg,địa,dia,0.6667,0.8695
150,24.jpg,lấy,ray,0.6667,0.7233
150,35.jpg,bảo,hao,0.6667,0.5893
105,93.jpg,kéo,kes,0.6667,0.8646
67,99.jpg,bác,bar,0.6667,0.7299
67,96.jpg,nội,n&,0.6667,0.5504
67,92.jpg,mới,mat,0.6667,0.5701
106,7.jpg,đưa,a a,0.6667,0.6635
90,3.jpg,này,hay,0.6667,0.7976
24,14.jpg,vẫn,vav,0.6667,0.5064
4,58.jpg,tại,tau,0.6667,0.7994
4,70.jpg,trẻ,top,0.6667,0.859
24,2.jpg,ông,ont,0.6667,0.3984
114,85.jpg,dẫn,da,0.6667,0.6332
114,83.jpg,tạp,dap,0.6667,0.9613
89,28.jpg,đây,d@y,0.6667,0.8048
89,23.jpg,trưởng,huiong,0.6667,0.6233
89,21.jpg,tại,ta',0.6667,0.5951
89,36.jpg,lớn,lor,0.6667,0.6822
127,18.jpg,làm,com,0.6667,0.6186
127,24.jpg,sản,sar,0.6667,0.7545
4,73.jpg,đối,28i,0.6667,0.4087
127,44.jpg,lâm,lan,0.6667,0.7906
8,8.jpg,các,ac,0.6667,0.2728
8,83.jpg,đại,dai,0.6667,0.9333
1,89.jpg,gắn,gar,0.6667,0.7438
141,7.jpg,nào,naw,0.6667,0.3812
1,94.jpg,cao,eas,0.6667,0.6898
89,34.jpg,hội,ho:,0.6667,0.3295
24,36.jpg,thứ,thet,0.6667,0.7744
8,74.jpg,đặt,ttt,0.6667,0.5911
24,74.jpg,đến,den,0.6667,0.7822
24,83.jpg,bật,hat,0.6667,0.9335
24,81.jpg,kéo,ke',0.6667,0.5791
24,67.jpg,đầu,dau,0.6667,0.4632
24,57.jpg,đầy,day,0.6667,0.8493
24,75.jpg,của,cur,0.6667,0.6943
60,11.jpg,của,caka,0.6667,0.503
60,22.jpg,anh,am,0.6667,0.629
127,41.jpg,nhu,nm,0.6667,0.6557
4,54.jpg,bập,hap,0.6667,0.7845
4,45.jpg,sút,suf,0.6667,0.6761
109,87.jpg,phù,phai,0.6667,0.4818
109,86.jpg,hòm,lom,0.6667,0.7021
109,96.jpg,với,vev,0.6667,0.4721
51,67.jpg,khi,tli,0.6667,0.4985
95,59.jpg,lửa,l',0.6667,0.5415
95,77.jpg,vào,oto,0.6667,0.4301
141,20.jpg,tài,tu`,0.6667,0.8129
51,64.jpg,cấp,car,0.6667,0.9596
89,79.jpg,gái,gh,0.6667,0.437
95,48.jpg,lưu,luiu,0.6667,0.6236
127,96.jpg,lấy,l ay,0.6667,0.5636
10,5.jpg,ông,chg,0.6667,0.842
24,17.jpg,khi,fhli,0.6667,0.4747
51,86.jpg,đạo,dao,0.6667,0.7659
1,59.jpg,hơn,rdn,0.6667,0.6705
89,13.jpg,tòa,ha,0.6667,0.9539
51,73.jpg,quá,qua:,0.6667,0.7901
4,98.jpg,hẳn,har,0.6667,0.6702
4,97.jpg,hồi,ho`,0.6667,0.7436
8,53.jpg,giữ,gur,0.6667,0.5242
4,91.jpg,tục,tee,0.6667,0.7865
4,90.jpg,cáo,ca',0.6667,0.6875
141,84.jpg,bên,b&,0.6667,0.6872
114,56.jpg,hóa,how,0.6667,0.9053
141,64.jpg,con,eow,0.6667,0.8413
24,5.jpg,chở,ch's,0.6667,0.8059
24,20.jpg,vân,nin,0.6667,0.5498
24,19.jpg,bao,loao,0.6667,0.5414
10,17.jpg,một,mad,0.6667,0.6321
46,18.jpg,với,v8,0.6667,0.8199
8,36.jpg,cáo,colo,0.6667,0.7492
63,75.jpg,máy,maly,0.6667,0.7612
63,86.jpg,cấp,ca'p,0.6667,0.7019
63,99.jpg,đâu,tau,0.6667,0.7288
63,97.jpg,của,aia,0.6667,0.763
24,68.jpg,với,boi,0.6667,0.3337
8,26.jpg,sắt,hat,0.6667,0.7501
8,43.jpg,gòn,gor,0.6667,0.7391
16,28.jpg,bên,ber,0.6667,0.7645
95,95.jpg,đất,tat,0.6667,0.7415
136,8.jpg,gần,1an,0.6667,0.625
136,18.jpg,lợi,l;,0.6667,0.2791
114,73.jpg,đạt,tat,0.6667,0.8081
21,95.jpg,tài,ta,0.6667,0.9302
141,29.jpg,chuyển,dugin,0.6667,0.5415
141,27.jpg,nào,mao,0.6667,0.5078
8,5.jpg,cưa,wa,0.6667,0.6063
8,4.jpg,tài,taui,0.6667,0.5565
8,2.jpg,của,ia,0.6667,0.8481
60,33.jpg,giờ,yie,0.6667,0.1597
106,63.jpg,góp,op,0.6667,0.1874
63,28.jpg,nối,na,0.6667,0.536
106,45.jpg,báo,bad,0.6667,0.756
63,13.jpg,các,cal,0.6667,0.7463
60,55.jpg,cọc,coe,0.6667,0.7604
46,40.jpg,cái,car,0.6667,0.7498
60,27.jpg,cơm,con,0.6667,0.6208
60,39.jpg,bắt,bd+,0.6667,0.657
60,35.jpg,tại,tau,0.6667,0.5635
95,89.jpg,trưởng,thdiny,0.6667,0.6774
60,4.jpg,phú,the,0.6667,0.5153
60,16.jpg,của,cn,0.6667,0.4853
24,89.jpg,với,ui,0.6667,0.5424
24,38.jpg,mua,mig,0.6667,0.549
33,21.jpg,tốn,don,0.6667,0.7372
33,36.jpg,ngô,nyo,0.6667,0.7831
24,46.jpg,lứa,wa,0.6667,0.7677
24,44.jpg,lại,laui,0.6667,0.7041
24,53.jpg,làm,dum,0.6667,0.7537
24,51.jpg,tài,tal,0.6667,0.533
33,20.jpg,thể,te,0.6667,0.5968
89,10.jpg,phường,phriy,0.6667,0.6263
89,7.jpg,hởi,ha,0.6667,0.6207
89,4.jpg,đầy,day,0.6667,0.6831
141,10.jpg,đây,thy,0.6667,0.7657
8,13.jpg,đến,tn,0.6667,0.5931
8,99.jpg,nên,min,0.6667,0.6871
8,45.jpg,cấp,cat,0.6667,0.6036
33,27.jpg,văn,var,0.6667,0.9439
46,17.jpg,bạn,dan,0.6667,0.7082
106,84.jpg,lên,din,0.6667,0.4836
87,73.jpg,"ngả sang màu... đen cháy. nhưng nhìn mâm cơm, mẹ vẫn cười. bởi vì hai bố",3su m..an chdnhj nhmaca va ewibwoai k,0.6667,0.7018
87,72.jpg,cấp,ca!,0.6667,0.6153
16,50.jpg,vào,va,0.6667,0.8949
16,47.jpg,món,mor,0.6667,0.7542
114,37.jpg,đấu,zau,0.6667,0.4664
114,16.jpg,xác,rdc,0.6667,0.7941
8,41.jpg,tận,t,0.6667,0.1627
33,2.jpg,hỏi,hor,0.6667,0.6414
106,97.jpg,rồi,hoi,0.6667,0.7071
33,6.jpg,đất,dst,0.6667,0.6481
141,21.jpg,đặc,tac,0.6667,0.6393
149,59.jpg,tài,ta,0.6667,0.9651
149,67.jpg,thường,fhug,0.6667,0.5027
149,79.jpg,vốn,vow,0.6667,0.6173
30,19.jpg,000,0oo,0.6667,0.4831
30,12.jpg,đất,hat,0.6667,0.69
149,86.jpg,vào,vas,0.6667,0.6572
88,80.jpg,sơn,sa1,0.6667,0.4417
149,43.jpg,chí,c:,0.6667,0.4784
7,89.jpg,mỗi,mit,0.6667,0.6437
149,15.jpg,như,nhui,0.6667,0.5359
149,28.jpg,mỗi,noi,0.6667,0.6826
149,26.jpg,đại,dai,0.6667,0.8112
149,36.jpg,km2,l<m2,0.6667,0.7728
149,35.jpg,tôi,tor,0.6667,0.5396
111,26.jpg,mỏi,mo:,0.6667,0.8173
66,58.jpg,một,wat,0.6667,0.8363
7,87.jpg,chi,h,0.6667,0.3319
88,50.jpg,năm,mam,0.6667,0.8164
88,63.jpg,hòa,tha,0.6667,0.6941
88,57.jpg,xây,xcuy,0.6667,0.5667
88,69.jpg,sức,c,0.6667,0.3955
88,66.jpg,dài,da,0.6667,0.9856
31,40.jpg,đắp,trp,0.6667,0.56
148,89.jpg,nào,nad,0.6667,0.9039
66,1.jpg,trú,ti,0.6667,0.7287
120,2.jpg,đói,toi,0.6667,0.8785
121,28.jpg,phí,plhe,0.6667,0.311
66,3.jpg,của,ciw,0.6667,0.6347
145,90.jpg,già,gia',0.6667,0.8478
125,11.jpg,bảy,baiy,0.6667,0.5196
74,59.jpg,tác,tai,0.6667,0.9892
17,19.jpg,đất,dat,0.6667,0.7309
125,66.jpg,lực,lut,0.6667,0.6417
115,85.jpg,đến,tan,0.6667,0.2751
125,42.jpg,nếu,nt,0.6667,0.3545
125,52.jpg,nhờ,nl8,0.6667,0.5877
125,63.jpg,trì,tni,0.6667,0.5906
148,4.jpg,lần,fan,0.6667,0.8063
66,96.jpg,giả,gra,0.6667,0.7803
66,93.jpg,sắt,sar,0.6667,0.6658
66,92.jpg,văn,uun,0.6667,0.5392
20,3.jpg,tôi,ts,0.6667,0.2966
7,74.jpg,cứu,criu,0.6667,0.6364
7,85.jpg,tác,tac',0.6667,0.8402
7,84.jpg,một,m81,0.6667,0.8133
149,47.jpg,một,nat,0.6667,0.6461
74,43.jpg,nói,no,0.6667,0.6032
74,81.jpg,giờ,gnt,0.6667,0.261
74,89.jpg,hết,lhet,0.6667,0.5537
20,2.jpg,núi,nn,0.6667,0.6341
78,100.jpg,nhỏ,"nho""",0.6667,0.7792
20,13.jpg,tốc,t,0.6667,0.6418
20,17.jpg,rào,mao,0.6667,0.7692
20,29.jpg,mai,mou,0.6667,0.9152
149,100.jpg,ngà,nsu,0.6667,0.5166
149,96.jpg,cấp,car,0.6667,0.9466
149,95.jpg,tục,tue,0.6667,0.8474
145,93.jpg,lại,dai,0.6667,0.7671
7,51.jpg,chỗ,chor,0.6667,0.7705
7,55.jpg,xét,ket,0.6667,0.5844
148,70.jpg,một,mi/,0.6667,0.614
115,95.jpg,bắc,bd c,0.6667,0.895
88,85.jpg,khi,lchi,0.6667,0.752
88,95.jpg,của,eua,0.6667,0.8632
92,87.jpg,đêm,dem,0.6667,0.8951
92,84.jpg,dân,dei,0.6667,0.8136
30,31.jpg,nói,no,0.6667,0.7369
30,45.jpg,của,cu'a,0.6667,0.7175
30,65.jpg,chị,cli,0.6667,0.7716
30,88.jpg,làm,ham,0.6667,0.6431
30,85.jpg,như,nhu',0.6667,0.8985
76,13.jpg,vào,nao,0.6667,0.5618
145,28.jpg,các,coi,0.6667,0.7127
53,100.jpg,cục,tuc,0.6667,0.6089
121,7.jpg,của,c&c,0.6667,0.7675
30,43.jpg,làm,xam,0.6667,0.6309
125,10.jpg,sàn,asan,0.6667,0.9109
30,23.jpg,tạo,tar,0.6667,0.6602
30,22.jpg,khi,kiu,0.6667,0.8637
30,34.jpg,cứu,cin,0.6667,0.7576
148,78.jpg,cáo,cis,0.6667,0.5548
77,38.jpg,đầu,dau,0.6667,0.8525
53,78.jpg,tra,ha,0.6667,0.5203
53,73.jpg,hội,hin,0.6667,0.6454
120,33.jpg,ông,mg,0.6667,0.7073
120,32.jpg,làm,lan,0.6667,0.9069
54,77.jpg,hậu,hat,0.6667,0.7154
54,73.jpg,địa,aa,0.6667,0.5137
41,35.jpg,chỉ,thi,0.6667,0.7418
145,46.jpg,với,vs,0.6667,0.2494
145,40.jpg,báo,bos,0.6667,0.7034
145,53.jpg,mỗi,mat,0.6667,0.5398
30,42.jpg,lãi,lat,0.6667,0.5944
145,70.jpg,vào,r&o,0.6667,0.6043
145,64.jpg,thể,the?,0.6667,0.823
145,63.jpg,mới,mor,0.6667,0.7255
20,100.jpg,tật,dat,0.6667,0.6982
148,35.jpg,uốn,uh,0.6667,0.3114
148,34.jpg,môi,mor,0.6667,0.8808
125,32.jpg,mới,ma,0.6667,0.6146
7,39.jpg,phờ,oh:,0.6667,0.6013
125,28.jpg,dài,dee,0.6667,0.6818
125,24.jpg,nay,muy,0.6667,0.7063
125,38.jpg,đại,mai,0.6667,0.6185
66,34.jpg,bản,bar,0.6667,0.7741
31,73.jpg,ngã,nya,0.6667,0.8552
74,71.jpg,mỗi,ma:,0.6667,0.6215
88,100.jpg,của,cuo,0.6667,0.6138
66,16.jpg,nơi,rbi,0.6667,0.5501
66,25.jpg,hơn,non,0.6667,0.6493
66,24.jpg,đến,don,0.6667,0.6558
148,22.jpg,sóc,ss'c,0.6667,0.751
92,83.jpg,sắp,nap,0.6667,0.7436
92,80.jpg,đảo,ado,0.6667,0.4351
31,5.jpg,khả,wha,0.6667,0.6157
31,13.jpg,năm,ncum,0.6667,0.5626
31,21.jpg,mới,m&',0.6667,0.7025
31,57.jpg,còn,cm,0.6667,0.6389
31,68.jpg,chủ,dhe,0.6667,0.5843
31,63.jpg,săn,&en,0.6667,0.5815
76,8.jpg,phí,plhi,0.6667,0.6035
76,4.jpg,làm,lcum,0.6667,0.6634
76,2.jpg,vốn,viy,0.6667,0.3648
74,86.jpg,cặp,cav,0.6667,0.6458
81,10.jpg,đào,dao,0.6667,0.767
74,67.jpg,đạo,dao,0.6667,0.7803
74,65.jpg,mới,m&',0.6667,0.6602
121,37.jpg,gọi,yoi,0.6667,0.538
81,72.jpg,này,may,0.6667,0.8779
81,70.jpg,chế,dhe,0.6667,0.5618
13,38.jpg,lấy,ray,0.6667,0.8204
22,14.jpg,lớn,l2,0.6667,0.2258
22,29.jpg,trị,thi,0.6667,0.4537
17,76.jpg,cảm,can,0.6667,0.834
115,8.jpg,đói,toi,0.6667,0.7835
115,4.jpg,tội,t6:,0.6667,0.7172
12,25.jpg,các,ca?,0.6667,0.5366
17,79.jpg,chế,che',0.6667,0.6747
17,12.jpg,đưa,da,0.6667,0.8277
78,88.jpg,câu,can,0.6667,0.7612
11,5.jpg,bạn,lan,0.6667,0.709
11,2.jpg,đẩy,tay,0.6667,0.6304
61,37.jpg,núi,mui,0.6667,0.7391
61,35.jpg,tra,tu,0.6667,0.7976
22,36.jpg,nhà,mha,0.6667,0.6147
22,30.jpg,chờ,ahe,0.6667,0.4962
70,53.jpg,như,nhul,0.6667,0.7204
70,63.jpg,ước,43c,0.6667,0.5143
70,77.jpg,vốn,con,0.6667,0.6528
78,95.jpg,màu,man,0.6667,0.8443
61,100.jpg,cáo,cae,0.6667,0.4145
74,10.jpg,đối,dhi,0.6667,0.4695
78,81.jpg,tên,t&v,0.6667,0.6995
115,40.jpg,của,cur,0.6667,0.7458
78,90.jpg,vào,ngo,0.6667,0.5843
6,98.jpg,cầu,cow,0.6667,0.5343
88,8.jpg,hết,ha't,0.6667,0.4313
70,71.jpg,tâm,tai,0.6667,0.75
70,23.jpg,thì,thhi,0.6667,0.6591
12,60.jpg,lâm,lon,0.6667,0.5584
70,50.jpg,tải,ta,0.6667,0.3614
70,36.jpg,các,ca',0.6667,0.7967
124,90.jpg,mỗi,my,0.6667,0.3822
12,45.jpg,hấp,h,0.6667,0.7417
70,28.jpg,nếu,meu,0.6667,0.5362
12,77.jpg,đàm,dam,0.6667,0.7565
12,94.jpg,một,not,0.6667,0.6405
12,36.jpg,năm,nan,0.6667,0.7977
12,35.jpg,năm,mam,0.6667,0.8967
81,12.jpg,với,vh,0.6667,0.2605
11,21.jpg,các,cac',0.6667,0.9368
11,17.jpg,lên,le,0.6667,0.7755
70,6.jpg,hai,hic,0.6667,0.8198
70,5.jpg,rất,nat,0.6667,0.6063
6,52.jpg,vẫn,vow,0.6667,0.5595
70,40.jpg,đối,dei,0.6667,0.6321
6,53.jpg,lập,cap,0.6667,0.5654
6,69.jpg,thể,the?,0.6667,0.8681
6,66.jpg,các,co c,0.6667,0.825
121,68.jpg,các,cai,0.6667,0.8083
121,76.jpg,tức,tut,0.6667,0.7497
121,70.jpg,000,0ud,0.6667,0.6483
11,47.jpg,chương,chuvy,0.6667,0.7156
81,87.jpg,thì,t,0.6667,0.4679
81,17.jpg,mặt,ma?,0.6667,0.8203
61,10.jpg,dân,dao,0.6667,0.6102
149,3.jpg,của,wa,0.6667,0.2549
74,44.jpg,mặc,mae,0.6667,0.7241
115,77.jpg,sức,isuc,0.6667,0.4828
115,51.jpg,nãy,huy,0.6667,0.5822
88,24.jpg,khoảng,ichoa'ng,0.6667,0.76
88,45.jpg,khổ,khe',0.6667,0.7141
88,39.jpg,lại,le:,0.6667,0.5682
7,94.jpg,chị,cl:,0.6667,0.7141
125,94.jpg,tật,tx4,0.6667,0.2889
22,12.jpg,trường,tmeny,0.6667,0.6888
17,92.jpg,sơn,&n,0.6667,0.7171
17,28.jpg,chỉ,chis,0.6667,0.9585
115,19.jpg,phú,phu',0.6667,0.8011
115,15.jpg,hải,heu,0.6667,0.6855
17,46.jpg,trẻ,tee,0.6667,0.9023
115,57.jpg,cấp,ca'p,0.6667,0.7735
74,2.jpg,vốn,ve'n,0.6667,0.6174
81,26.jpg,mỗi,ma,0.6667,0.5708
81,25.jpg,tục,duc,0.6667,0.9526
81,36.jpg,đầu,dau,0.6667,0.4569
121,35.jpg,mới,m&,0.6667,0.9695
121,54.jpg,nếu,nee,0.6667,0.7239
121,64.jpg,báo,bas,0.6667,0.9834
148,27.jpg,tài,ta,0.6667,0.8273
20,59.jpg,đến,den,0.6667,0.4709
20,54.jpg,hai,onai,0.6667,0.6785
20,60.jpg,tồn,hon,0.6667,0.5091
20,51.jpg,trương,twony,0.6667,0.7315
74,48.jpg,xác,xa,0.6667,0.5139
74,62.jpg,nói,moi,0.6667,0.7089
115,14.jpg,thể,the',0.6667,0.8122
115,21.jpg,tôi,tou,0.6667,0.5617
66,90.jpg,phí,pli,0.6667,0.5979
66,86.jpg,hôi,ho,0.6667,0.893
81,41.jpg,như,mhi,0.6667,0.4439
81,38.jpg,nằm,mam,0.6667,0.9118
12,16.jpg,nhà,nia,0.6667,0.8678
70,80.jpg,tới,t&:,0.6667,0.7638
70,92.jpg,mới,m&),0.6667,0.7786
70,87.jpg,xóm,nom,0.6667,0.6362
115,35.jpg,vào,nao,0.6667,0.737
115,32.jpg,anh,al,0.6667,0.9676
115,29.jpg,bảo,bas,0.6667,0.7486
74,32.jpg,phú,phui,0.6667,0.8059
61,71.jpg,với,woi,0.6667,0.5952
149,6.jpg,oan,ocun,0.6667,0.832
12,7.jpg,lần,lar,0.6667,0.7604
12,21.jpg,mới,me',0.6667,0.5581
12,19.jpg,đất,dat,0.6667,0.9095
81,67.jpg,ngả,ngc:,0.6667,0.8285
81,74.jpg,vào,va,0.6667,0.4593
61,66.jpg,trưởng,juing,0.6667,0.5025
61,79.jpg,với,v,0.6667,0.2438
61,76.jpg,bên,hen,0.6667,0.9404
78,94.jpg,trì,fr,0.6667,0.6015
81,54.jpg,tại,ta',0.6667,0.6256
81,57.jpg,mới,mδ;,0.6667,0.6601
149,9.jpg,cầu,ca,0.6667,0.9265
149,8.jpg,đầu,dau,0.6667,0.8795
125,91.jpg,anh,fonh,0.6667,0.683
7,92.jpg,lên,1an,0.6667,0.5381
70,99.jpg,dầu,dai,0.6667,0.7194
122,86.jpg,các,cai,0.6667,0.7329
122,82.jpg,như,nhui,0.6667,0.4766
45,77.jpg,đến,den,0.6667,0.7662
132,91.jpg,lấy,laj,0.6667,0.2986
132,87.jpg,thế,the',0.6667,0.9508
45,37.jpg,dám,danm,0.6667,0.9334
45,48.jpg,đạo,dao,0.6667,0.9622
45,55.jpg,vừa,msa,0.6667,0.5135
45,62.jpg,dâm,don,0.6667,0.8217
45,60.jpg,mái,mal,0.6667,0.6394
3,38.jpg,quả,qpud,0.6667,0.5028
37,2.jpg,các,cat,0.6667,0.7374
37,15.jpg,bạc,lac,0.6667,0.7793
37,24.jpg,hợp,ho'p,0.6667,0.8481
145,50.jpg,vay,oray,0.6667,0.7414
56,53.jpg,lại,laui,0.6667,0.6012
73,42.jpg,vùi,wui,0.6667,0.5881
73,47.jpg,tại,tou,0.6667,0.9683
122,78.jpg,tôi,+&i,0.6667,0.3078
122,74.jpg,đất,lat,0.6667,0.539
73,20.jpg,tìm,th'm,0.6667,0.7115
73,33.jpg,đến,den,0.6667,0.8966
73,32.jpg,nếu,ne,0.6667,0.6754
37,20.jpg,khoảng,lhoay,0.6667,0.35
120,89.jpg,cứu,u,0.6667,0.2132
29,6.jpg,làm,dam,0.6667,0.7832
29,13.jpg,núc,nur,0.6667,0.2916
122,48.jpg,não,naa,0.6667,0.387
122,46.jpg,hai,hou,0.6667,0.9059
3,12.jpg,này,hay,0.6667,0.8636
37,4.jpg,đại,tai,0.6667,0.5837
15,8.jpg,hội,har,0.6667,0.8606
15,5.jpg,này,naiy,0.6667,0.7964
29,57.jpg,tôi,to,0.6667,0.2894
29,65.jpg,hết,h',0.6667,0.5903
132,75.jpg,dài,deri,0.6667,0.6982
132,69.jpg,cầu,c&,0.6667,0.7863
132,97.jpg,đối,thi,0.6667,0.6081
54,13.jpg,tục,luc,0.6667,0.8598
54,8.jpg,đây,day,0.6667,0.7239
77,45.jpg,hẹn,ron,0.6667,0.8895
77,44.jpg,km2,dcm2,0.6667,0.6559
37,36.jpg,gái,gou,0.6667,0.5381
37,60.jpg,thì,tni,0.6667,0.3771
37,34.jpg,của,aua,0.6667,0.6329
73,17.jpg,lâm,dam,0.6667,0.5925
37,26.jpg,đời,tai,0.6667,0.5048
122,59.jpg,cáo,cas,0.6667,0.8312
15,70.jpg,bào,lao,0.6667,0.5767
76,85.jpg,còn,cor,0.6667,0.7944
76,100.jpg,sau,scuw,0.6667,0.5917
76,96.jpg,quả,qmua,0.6667,0.6296
37,58.jpg,ngủ,ngu',0.6667,0.8219
45,80.jpg,như,mhy,0.6667,0.6682
29,42.jpg,của,ua,0.6667,0.5357
76,87.jpg,tất,4&t,0.6667,0.3683
37,38.jpg,đất,cat,0.6667,0.5819
45,76.jpg,đón,don,0.6667,0.8656
45,89.jpg,giữ,gru,0.6667,0.4765
45,84.jpg,đàm,4am,0.6667,0.6961
45,93.jpg,một,mir,0.6667,0.9625
37,28.jpg,các,cav,0.6667,0.6344
132,9.jpg,gió,g'o,0.6667,0.6159
132,19.jpg,chỉ,hi,0.6667,0.6636
132,17.jpg,hội,hs,0.6667,0.5461
56,58.jpg,đưa,toa,0.6667,0.8481
64,69.jpg,lái,la,0.6667,0.316
64,12.jpg,nếu,na,0.6667,0.5244
56,42.jpg,sài,sa,0.6667,0.684
56,41.jpg,hóa,hoal,0.6667,0.9276
56,49.jpg,nhà,mha,0.6667,0.9625
56,48.jpg,tận,tau,0.6667,0.6889
56,46.jpg,cáo,c&,0.6667,0.5829
56,45.jpg,thường,ttn,0.6667,0.4516
138,96.jpg,lúc,lut,0.6667,0.6965
122,3.jpg,của,wa,0.6667,0.6761
3,62.jpg,của,ara,0.6667,0.7673
64,10.jpg,hởi,hot,0.6667,0.6223
64,6.jpg,nữa,ma,0.6667,0.6899
138,87.jpg,bạn,bom,0.6667,0.7151
122,2.jpg,với,v&,0.6667,0.4695
64,59.jpg,chở,ch':,0.6667,0.7049
111,19.jpg,bức,bui,0.6667,0.9006
53,18.jpg,làm,kam,0.6667,0.7094
53,26.jpg,tối,tar,0.6667,0.4142
53,25.jpg,mấy,may',0.6667,0.8781
15,46.jpg,cầu,car,0.6667,0.6782
138,51.jpg,nếu,meu,0.6667,0.5792
138,65.jpg,khu,h hu,0.6667,0.7702
26,38.jpg,khi,ali,0.6667,0.3113
15,86.jpg,hữu,hit,0.6667,0.3051
15,80.jpg,xét,xe't,0.6667,0.7616
138,49.jpg,gia,gm,0.6667,0.1581
15,14.jpg,đưa,tia,0.6667,0.7903
15,25.jpg,thứ,ta,0.6667,0.2397
56,95.jpg,khó,rh!,0.6667,0.3422
15,58.jpg,vất,v4,0.6667,0.4572
15,68.jpg,bảo,ba,0.6667,0.7284
120,91.jpg,trở,to,0.6667,0.8869
120,90.jpg,dúi,d.,0.6667,0.4995
3,88.jpg,đặt,tat,0.6667,0.9307
64,3.jpg,nguyễn,ntgin,0.6667,0.3809
64,1.jpg,tác,tai,0.6667,0.7734
138,64.jpg,báo,bas,0.6667,0.7283
64,23.jpg,địa,tia,0.6667,0.9326
64,36.jpg,sức,ac,0.6667,0.5929
111,34.jpg,lại,lai',0.6667,0.7796
132,10.jpg,giữ,gu,0.6667,0.6594
138,78.jpg,nhà,n,0.6667,0.7251
122,27.jpg,chuyển,inwuyin,0.6667,0.4368
122,22.jpg,dài,lai,0.6667,0.774
122,21.jpg,đại,tai,0.6667,0.7467
122,36.jpg,tòa,ha,0.6667,0.7027
122,32.jpg,thủ,thui,0.6667,0.4791
56,91.jpg,đất,dat,0.6667,0.8963
132,2.jpg,xảy,xosy,0.6667,0.4265
56,99.jpg,thể,the?,0.6667,0.8264
132,14.jpg,hải,hau,0.6667,0.9123
15,24.jpg,địa,tha,0.6667,0.7269
122,45.jpg,rầu,vau,0.6667,0.5256
122,39.jpg,đạo,dao,0.6667,0.8659
56,61.jpg,ổng,6'ng,0.6667,0.6863
53,10.jpg,săn,scun,0.6667,0.8231
138,79.jpg,tôi,+i,0.6667,0.5867
76,43.jpg,sạn,aon,0.6667,0.5775
41,28.jpg,giá,gua,0.6667,0.5521
41,27.jpg,lãi,la.,0.6667,0.4811
41,39.jpg,đức,auc,0.6667,0.491
41,38.jpg,góp,gor,0.6667,0.877
145,12.jpg,tại,dai,0.6667,0.7725
41,86.jpg,lợi,lo,0.6667,0.6879
41,85.jpg,hữu,ha,0.6667,0.6145
77,39.jpg,xác,x ac,0.6667,0.8777
31,30.jpg,hơn,ham,0.6667,0.6806
120,15.jpg,tìm,him,0.6667,0.6012
120,27.jpg,đất,dat,0.6667,0.9874
76,45.jpg,đơn,dan,0.6667,0.739
145,37.jpg,rất,ft,0.6667,0.207
15,9.jpg,thẻ,te,0.6667,0.9443
92,33.jpg,tùy,thuy,0.6667,0.5959
92,29.jpg,rụt,nut,0.6667,0.3387
34,92.jpg,rất,raut,0.6667,0.7811
92,3.jpg,báo,bas,0.6667,0.6531
92,11.jpg,tàu,feu,0.6667,0.5404
112,9.jpg,thể,the',0.6667,0.8196
112,7.jpg,rất,rar,0.6667,0.9167
76,69.jpg,cái,ai,0.6667,0.4849
34,34.jpg,tôi,tor,0.6667,0.8972
112,34.jpg,đem,den,0.6667,0.9264
112,46.jpg,hợp,lap,0.6667,0.6685
76,63.jpg,đây,bay,0.6667,0.7036
92,36.jpg,hậu,haw,0.6667,0.8144
54,100.jpg,chỗ,ahe,0.6667,0.5784
54,99.jpg,bàn,bcin,0.6667,0.7927
76,24.jpg,cấp,c,0.6667,0.4734
53,85.jpg,thú,dhe,0.6667,0.6082
148,80.jpg,bác,dac,0.6667,0.805
77,1.jpg,nhà,niha,0.6667,0.8559
148,39.jpg,trở,tee,0.6667,0.5264
41,20.jpg,năm,ham,0.6667,0.7556
92,73.jpg,cầu,cin,0.6667,0.8028
41,44.jpg,đưa,dua,0.6667,0.8906
41,54.jpg,đất,aat,0.6667,0.5731
30,93.jpg,của,coc,0.6667,0.6512
145,48.jpg,với,v,0.6667,0.1929
31,7.jpg,phủ,fhe,0.6667,0.6803
148,50.jpg,làm,lan,0.6667,0.7934
148,48.jpg,nhà,nia,0.6667,0.7508
148,63.jpg,một,moy,0.6667,0.7478
92,41.jpg,đất,dat,0.6667,0.5392
31,53.jpg,nói,not,0.6667,0.9295
31,50.jpg,đơn,den,0.6667,0.8076
92,52.jpg,phó,pho',0.6667,0.9168
112,16.jpg,tóc,tot,0.6667,0.6333
112,32.jpg,trường,tavingy,0.6667,0.6079
112,28.jpg,món,mor,0.6667,0.949
112,40.jpg,cầu,caa,0.6667,0.6542
34,4.jpg,vẫn,jan,0.6667,0.8416
112,19.jpg,đèn,den,0.6667,0.9732
41,78.jpg,dẫn,don',0.6667,0.8486
41,88.jpg,phú,prk,0.6667,0.7808
92,46.jpg,lên,lir,0.6667,0.6828
92,70.jpg,khó,tht,0.6667,0.7781
92,63.jpg,của,aa,0.6667,0.5347
41,66.jpg,nào,nad,0.6667,0.7539
148,62.jpg,căn,car,0.6667,0.9573
77,11.jpg,nối,ki,0.6667,0.7223
112,4.jpg,bảo,bano,0.6667,0.5641
29,100.jpg,phố,"pho""",0.6667,0.7913
112,12.jpg,vốn,nen,0.6667,0.2125
29,51.jpg,dầu,d,0.6667,0.3763
120,54.jpg,các,cui,0.6667,0.8038
77,80.jpg,xưa,wwa,0.6667,0.7484
54,51.jpg,như,nei,0.6667,0.6803
54,50.jpg,lái,lai:,0.6667,0.4916
54,49.jpg,hóa,oa,0.6667,0.513
77,15.jpg,mỏi,mes,0.6667,0.5283
77,14.jpg,nào,naio,0.6667,0.7111
15,38.jpg,trường,trdry,0.6667,0.7052
132,27.jpg,các,cui,0.6667,0.6106
54,70.jpg,một,men,0.6667,0.3153
132,41.jpg,nữa,mea,0.6667,0.576
132,36.jpg,trường,tritoy,0.6667,0.7094
132,47.jpg,vật,v-at,0.6667,0.6715
132,68.jpg,vực,ec,0.6667,0.5357
132,82.jpg,đây,diy,0.6667,0.6006
37,96.jpg,rút,nt,0.6667,0.9269
45,3.jpg,nào,rao,0.6667,0.5177
45,2.jpg,gái,gat,0.6667,0.6216
15,36.jpg,rất,nat,0.6667,0.5006
53,57.jpg,nào,mao,0.6667,0.9243
132,42.jpg,mất,imat,0.6667,0.6676
132,58.jpg,còn,lon,0.6667,0.7983
132,56.jpg,đạt,dat,0.6667,0.8071
77,42.jpg,đến,don,0.6667,0.4667
54,2.jpg,lại,lai:,0.6667,0.6461
132,24.jpg,chỉ,chi',0.6667,0.8509
54,69.jpg,trường,prudny,0.6667,0.6611
112,55.jpg,đến,den,0.6667,0.5733
112,66.jpg,cấp,ap,0.6667,0.6148
76,77.jpg,sơn,gen,0.6667,0.5521
76,62.jpg,gần,goun,0.6667,0.643
112,18.jpg,với,bi,0.6667,0.6478
77,67.jpg,đến,den,0.6667,0.7409
77,63.jpg,sơn,so'n,0.6667,0.5028
77,74.jpg,lều,ler,0.6667,0.5198
54,91.jpg,thì,t+,0.6667,0.4978
54,88.jpg,với,v&,0.6667,0.5146
54,86.jpg,tới,to2,0.6667,0.4577
31,2.jpg,thủ,the',0.6667,0.6987
34,72.jpg,tốc,coc,0.6667,0.6814
29,33.jpg,ban,loan,0.6667,0.8513
77,13.jpg,chủ,chu?,0.6667,0.4842
29,46.jpg,chỉ,"chu""",0.6667,0.6589
45,5.jpg,chủ,chu',0.6667,0.675
45,21.jpg,báo,ba'o,0.6667,0.9171
54,28.jpg,tải,tzui,0.6667,0.6302
132,66.jpg,của,cuia,0.6667,0.5289
34,62.jpg,cầu,ca,0.6667,0.5182
34,80.jpg,dâm,daim,0.6667,0.7185
29,86.jpg,cấp,caj,0.6667,0.6067
29,84.jpg,kim,bm,0.6667,0.3248
45,14.jpg,núc,nuic,0.6667,0.6417
45,26.jpg,tập,tar,0.6667,0.6656
45,23.jpg,tạo,fno,0.6667,0.7971
77,31.jpg,nói,nh,0.6667,0.6974
77,27.jpg,sới,sr,0.6667,0.178
77,71.jpg,đầu,dau,0.6667,0.7955
29,32.jpg,cứu,cuw,0.6667,0.6178
148,86.jpg,"đó là kết quả hoàn hảo trong công việc, sự chính xác đến từng chi tiết? hay đó là cách",a la quathan do toncön ci ouxot  n ch togcdh,0.6628,0.6328
133,65.jpg,"ông nói thêm : "" trước đây tp là trung tâm phân phối hàng hóa. nhưng trong","ong ni ten.""dap luytnph5n hayna tog",0.6622,0.639
27,64.jpg,"nhà, tiếc lắm nhưng phải giữ lời hứa. thấy ông tám on thật lòng chăm",tanh pha gi h tgtn t l cha,0.6618,0.6681
103,85.jpg,"đốc là ông nguyễn thọ tuấn vắng mặt đã lâu vì lý do sức khỏe, ông lê",ti a on ngg th tuanaya da lan j b i rhng,0.6618,0.7342
104,80.jpg,nhất có lẽ là hương rừng 2 ở góc đường hai bà trưng - nguyễn đình,nla c! l12 taq any8q6 an hai bz thy-ngyox,0.6615,0.6315
23,94.jpg,phó viện trưởng nguyễn thành phương được phân công phụ trách lĩnh,fed vig mq nqw: na pulnq dt p cnq rhn bnh ax,0.6615,0.6189
13,59.jpg,người không đồng ý ở lại. tám người vào rừng hôm trước thì hôm,mv kuig doj t lw. tm mpvs &ig hmtl-tm,0.6613,0.6117
148,57.jpg,sẽ giúp anh trong việc tìm người bị mất và trả lại cho họ. anh,t gufan ong vimnib mavachho,0.6613,0.6237
145,100.jpg,"bức thư cảm ơn ấy thật sự là "" cấp cứu và hồi sức "" cho anh",lhk tha un m ayua5 n it p duy ve af k u an,0.661,0.6559
94,9.jpg,"tiên tôi nhìn thấy những thợ lặn "" hóa mình "" vào bộ đồ nhái chỉ trong dăm phút rồi nhảy ào","hn 8 nltn yaz rh lan ""hawtnuzo ls5nha dony d&n ahk nl2ya",0.6593,0.6768
12,53.jpg,"bờ biển dài 3.260 km, từ quảng ninh đến kiên giang. như vậy cứ 100 km2 thì có km bờ biển",a d2odm x7quing nh x k& 6iany.nhuwy e 1oo mh tnla,0.6591,0.5527
95,94.jpg,"thuận buồm xuôi gió. trong làng lặn, anh em đã phải lặng lẽ mang những cái tang...",+hu m ugitr  anhmphil rmgnhtg.,0.6585,0.627
124,35.jpg,"với việc ra đời nghị quyết này, công tác nvơnn thời gian tới sẽ chú trọng",v vi h quy ncng danvnganthto,0.6575,0.6941
85,8.jpg,phó đại diện thường trú của chương trình phát triển liên hiệp quốc (undp),hdai dinuytc cunhátiihip u nd),0.6575,0.6827
115,17.jpg,"aids và mại dâm, tổ chức trong hai ngày 22 và 23 - 3 tại hà nội, bộ trưởng bộ lao động - thương binh & xã",mosáma dán tic trong a nga- t wa: tnngbladng-tuongbr,0.6571,0.7117
76,95.jpg,"có sự tham gia của các quốc gia, những cuộc đối thoại trực tuyến...",vac n tham 7at nlnq u dh theat tu typ..,0.6567,0.698
55,98.jpg,"nhặt ve chai... nuôi chồng đi kiện. ở cái xóm lao động nghèo thuộc phường bình chiểu, quận","uha ca. uchöqg dincáxonagophn bincha,qn",0.6556,0.6449
36,67.jpg,sẽ tổ chức phố đi bộ tại hội an. chủ tịch ubnd tỉnh quảng nam nguyễn xuân phúc,ch phddtidn.chi inh und ni auagnan njxar:,0.6538,0.6533
138,20.jpg,so với thời điểm ban hành những chính sách trước đây. nếu như năm 1986 -,rh5 #um hon hanh nhuy hu 1ai +nkc dg. na'mrm 1-,0.6528,0.6612
5,42.jpg,"còn thì tách ra tiếp tục điều tra làm rõ "", ông nguyễn thành thượng trả lời chiều 31 - 3, cơ",m to  n 1ig fuc a tn um rs og 7ya 1g tausy +lz cq 31-3rc,0.6522,0.6123
76,86.jpg,một tí trong phút giây ngắn ngủi thanh bình này? bầu trời ở đây có,mo  tn pha a p +hanh bn na hartadys,0.6515,0.7171
6,85.jpg,"đường liên cảng a5 có bị "" chìm xuồng ""?",uy a cy 45 cbi dm xuy?,0.65,0.7154
25,90.jpg,"năm 1986 - 1987, số bà con việt kiều về thăm quê chỉ khoảng 8.000 người","nm6-d987,5'acm vithmqnchhog8.00o",0.6479,0.6464
33,34.jpg,"nan nơi xứ lạ : không việc làm, không nhà ở, không lương bổng, có người","nam mr nx 1:khtr oiu ln,kh5y nhaothoy lsy by,np7h",0.6479,0.6566
60,94.jpg,"món ăn mẹ thích nhân ngày 8 - 3. món canh có thể hơi mặn, món cá sốt",mo a m tud nl qay 8-s. mn'cang uk wnmo/&'?,0.6471,0.6774
67,61.jpg,""" mới bẫy đây! các anh mua thịt lóc hay thịt xương? "". chúng tôi hỏi","""om1tty! chankmnnth k hay thxycagth",0.6471,0.6091
149,10.jpg,"trường ở tp là : đất không sẵn sàng, giá đất cao, chi phí đầu tư cao","ta tr iz: ddkhaq s sa) qix t as,cphhca",0.6471,0.6518
73,39.jpg,"nhưng rồi những người đào vàng cũng sẽ vào. khi đã đưa hết người nằm xuống về quê,",nhurg ni mhgabi avarg ingva.  daa f n nanwbngvqa,0.6463,0.6965
117,89.jpg,"không? "". chủ quán tươi cười giải thích : "" đang",khsy? chi pusn tngistha. pay,0.6458,0.633
48,26.jpg,công ty không ai dòm ngó. hồ văn trương không có tiền thanh toán viện phí không,cang adnnohvantuong hg hanktnvinhkn,0.6456,0.6832
112,65.jpg,"mọi người cùng cười : "" xui quá hả? thôi, cứ cất làm kỷ niệm, biết đâu... "".","wi nyth w a*xui u ha? tha'ca' danky'nara, au..-"".",0.6447,0.6343
21,16.jpg,"ông trần du lịch : "" có khi chính tình hình kinh tế quý 1 giảm sút, chúng ta","ng txan oll:""c6 lwckmt hl kt'qug gan s kgt",0.6447,0.6157
135,29.jpg,"ba tiểu... thì khó lo tròn cho người chết, khó có cái nghĩa","dat ...  a on dho m &&, cca' ny",0.6441,0.6467
114,100.jpg,mang rượu vào lán trại ở thủy điện ia me 3 để mời một số công nhân làm,mann va a ta aj dan ia m3 m nasoconann,0.6429,0.6308
97,78.jpg,nhóm chức năng,haimchkrang,0.6429,0.5998
84,73.jpg,đến bàn giao những thứ họ đã tìm được ngày hôm trước và lại chia địa bàn để,aa kon qa mug hux hvda+i dusc hgay hm 1n2 a`roi dua sha ean ot,0.64,0.6983
141,72.jpg,để triển khai gấp các dự án cấp nước đang thực hiện gồm : hệ thống cấp nước,ti ha qar cad an apwodany tmr hangon:hthöpn,0.64,0.7059
115,44.jpg,"không có những con người như chú ba phước, năm châu, ba liêm,",hn cmug con mm a uk amchnba lm,0.6393,0.6671
74,29.jpg,"phế liệu là "" mối ruột "", những người bán hàng rong, sửa xe, thu lượm là","p la ""maru; nhy gin bn hry yog1suxxn du6ma",0.6389,0.7053
104,64.jpg,đêm ngày giờ khắc vẫn được tính bằng khoảng cách thời gian,m yt y5&a  ts +na bag hoancat-li qan,0.6379,0.5928
62,14.jpg,sẽ xảy ra ngay tại đây - chỗ đường xe lửa này chứ chưa nói,stxgtai y-tng  a ny chaan,0.6379,0.6464
26,12.jpg,"xuồng ""! theo ông, vì sao bốn người cùng rủ nhau đi đến khách sạn mua",n5y! tu aj vsn b& na ng h nau  dkkatswm,0.6377,0.6087
50,56.jpg,"làm. lận đận vì bài báo. cũng như số phận của vợ chồng anh đại, những","ato. lo tba bao.cuign'phia chganh,ng",0.6377,0.7092
72,33.jpg,"họ đã chết trên đường mưu sinh. hơn 2 giờ chiều, vẫn mưa lất phất, thị trấn khâm đức, huyện",ho  ch tn ung ma n.ong caoö ma  phth öwamúhy,0.6374,0.6673
60,54.jpg,"thuận lợi, phát triển ngành biển.","huan u, thaf he nga he",0.6364,0.6426
106,77.jpg,nghèo và tìm ra những yếu tố làm nên thành công này. trường hợp,hvama nung a dam nnanhcong.tu5jhp,0.6349,0.6963
52,22.jpg,"tỉnh ninh bình, đông nhất là ở hai huyện nho quan, kim sơn. anh",k nr fnh thy 0ha hy nan im sh,0.6349,0.5691
124,83.jpg,"nội, khẳng định nếu vn muốn giải quyết được mục tiêu cung cấp nước sạch",n hhay ihni vm gia qujfnt me t cu  ná&h,0.6338,0.5927
80,55.jpg,gà thường bắt cược những con gà mà họ nắm vững được lai lịch,ga hiong baw&hy egz ma  nan ly da la c,0.6333,0.6349
149,2.jpg,môn hóa thì quả là... tốt quá.,mhd ti qu.tqud,0.6333,0.655
115,46.jpg,"đã mừng rỡ vẫy : "" có nè... "". anh móc trong túi áo ra ba chứng minh nhân dân :",mg rán.anm trongurá rabachg mnhn,0.6329,0.6527
112,60.jpg,"tuy nhiên, hđxx vẫn quyết định công bố công khai băng ghi hình và biên bản cuộc",tuy nhhxxuinquttqa cy bcy hbv gn va e bx,0.6329,0.6353
98,43.jpg,"trước cửa văn phòng, tất cả đều lặng im, buồn bã.","ue van phng,taádm dag bu ba.",0.6327,0.7023
81,100.jpg,tế và mở các tour du lịch làng nghề truyền thống.,'va m ct hud & ig hatny toy.,0.6327,0.6205
128,92.jpg,xe gắn máy đã bị lọt xuống một cái hố giữa trời đêm tối đen. lật lại vụ án csgt nhận mãi lộ tập,xgn ma  lo uym igirant en. alavncstnan mi ta,0.6316,0.7141
83,4.jpg,nãy đưa chúng tôi quay ra lại cửa hầm.,mtahangtö qaylai ahan,0.6316,0.6024
14,13.jpg,"tất cả đều không bị khởi tố, truy tố trước pháp luật. viện trưởng",tatcaax lhong bi kwotto'txph6p luat @tniny,0.6308,0.7159
122,63.jpg,ngân hàng dữ liệu giá thuốc (giá thuốc cùng loại ở nước trong khu,ngan hang dd qátnlja unnng mi nuhrmg hhm,0.6308,0.7001
99,11.jpg,triệu km2 (gấp 3 diện tích đất liền : 1 triệu km2 / 330.000 km2).,tiu m(n d :1tnkm2/330.00m),0.6308,0.6894
103,33.jpg,"vùng biển và hải đảo nước ta có vị trí chiến lược hết sức to lớn,",niy bm u h&tao mbc tacw th'clis u af ito ln,0.6308,0.6887
108,60.jpg,"dài chừng 600 m, trong đó mái trại "" định mệnh "" này đã bị đẩy đi","da ciavty boom, tny d3 nd ai ""#nm"" ny  dy d t5",0.6308,0.5992
48,79.jpg,phó đại diện thường trú của chương trình phát triển liên hiệp quốc (undp),6 adiungnca chythu phthi ln tp q5uunp),0.6301,0.6916
34,29.jpg,"mất bao nhiêu đều có giá cả. nay dự thảo nghị định nêu rất rõ anh nào "" tự đặt ra các thủ",ma bao niai cóqáanaythaongiinhnrarannatircáhi,0.6292,0.733
84,92.jpg,"lã thị kim oanh : ""thủ tục để triển khai công trình rất phức tạp, hđxx",l5 nhi an ou:uu  t n&n lui cy tn n qhkc hptwx,0.6286,0.6135
54,14.jpg,"thành lập hội đồng giám định xây dựng công trình này. mới đây, cơ quan","h lphayfan inxy dhng coy rm maymtag,cqn",0.6286,0.7051
113,95.jpg,dòng xe phải đi vòng một đoạn phía thủ đức.,hm xe pai diw h4 dnn phd t,0.6279,0.6903
89,63.jpg,mới hay tất cả chúng tôi đã được hai ông bà người tàu mua đi bán lại từ người khác như,máhatachngth da hha 6ng ba ntauma ni ic n,0.6279,0.6405
18,95.jpg,có hiệu quả cuộc vận động xây dựng chỉnh đốn đảng theo tinh,ha q cut vidnq xa dig chiamig  tnk,0.6271,0.6496
124,96.jpg,"là thất bại, chỉ là khi thành công - bị - trì - hoãn mà thôi. cuộc sống vẫn chào đón họ với","= uar ba, ch khn cangb-trikan na. cn agvan chadn houa",0.6264,0.6476
76,18.jpg,thẻ trinh sát đặc nhiệm của tổng cục cảnh sát (bộ nội vụ). cả trạm 20 bị khám xét. trong tủ cá nhân,hitrinsadnhim cöwcahsa0 öivul.catran 2  mnxéttroy hánh,0.6263,0.6768
31,85.jpg,"thấy tôi có vẻ... chịu đựng, đdv huệ cho biết : "" có người không",thky t  v. uu ay.ovth cht: u' npn: nny,0.625,0.6427
9,88.jpg,toàn cục,tancue,0.625,0.5289
90,79.jpg,"đường liên cảng a5 có bị "" chìm xuồng ""?",hung  cang a5 uinxusig?,0.625,0.7598
141,67.jpg,trại đâm thủng đại ngàn.,ham dom thny dm np,0.625,0.7421
89,46.jpg,"tìm kiếm địa chỉ và liên lạc với chủ nhân những giấy tờ đã tìm được, mời người đến nhận,","nishdia cha lin laöcu nhön nhingyt3 himudmf nqod nhn,",0.625,0.7146
98,81.jpg,"chủ trương, chính sách ưu đãi của nhà nước dành cho bà con việt kiều "" -","cli uiy , chr su w tla cu: nu nu da uho hacn vu1 at",0.625,0.6889
127,63.jpg,thuốc...,no...,0.625,0.7756
103,66.jpg,"đó, một lao động phải đi về bằng đường bộ, vượt qua các cửa khẩu thái",dm a dng ph bn ng bt qua ca alnia,0.6232,0.6824
15,53.jpg,"lối đi đã được bà con trong xóm tới trồng hoa kiểng, thắp nhang trước",da to ba con ng cn tx ng &oa uhthak mon dr,0.6232,0.7395
116,72.jpg,bị cảnh sát bắt ngay trong khách sạn sn vì không có giấy tờ tùy thân.,ca a ha'ngay ourg ha sam sn khrg u gij+rugnh.,0.6232,0.694
3,43.jpg,"tất cả, dù gia đình tôi đang rất túng quẫn "".",tafccdanhxxong it ng quc1.,0.6222,0.6588
148,19.jpg,"sau mỗi mùa thi đại học, có bao "" sĩ tử "" buồn rầu khi biết mình trở thành","su m&nathi a ha,c5bao"" hmrat gamnts thanh",0.6216,0.6939
131,60.jpg,thực hiện được (đường chưa xây dựng).,ru in ha (ug cu ag ding,0.6216,0.7175
91,86.jpg,"phí tạm tại phía bắc đầu cầu bình triệu 2 (phường hiệp bình chánh,","phtan  pha c aa bit42 cphig thp bcu,",0.6212,0.7002
22,46.jpg,"kéo dài như thế. chúng tôi thay phiên nhau "" bán "" cả thân","o d nh2 v.curp ta huns ylun nlm""bn""c2t",0.6207,0.6359
41,73.jpg,""" bần cùng lắm thì làm thêm kiếm đồng tiền, bát gạo thôi "". đó là lý lẽ",ahencung lnth lan than kan dogtabá gotha.ola,0.6197,0.6961
134,31.jpg,mùi ói xông nồng nặc.,mng h xmyny ne.,0.619,0.6565
60,44.jpg,"với báo chí chiều qua, phó chánh tòa hình sự nguyễn quốc tú cho",v& bs k jha qwm pls chn h h s uswnantc,0.619,0.6693
18,16.jpg,dâm nhưng ông phương lại không vào phòng đúng lúc công an ập vào bắt,dho nkng oy huog hy kuq rs pq hg h cg m 2p n5 h,0.6176,0.6936
99,53.jpg,"được bà con việt kiều quan tâm, trong đó có tuổi trẻ online.",hcen vit quan tan h da tust on,0.6167,0.678
36,44.jpg,"hằng nhấn mạnh. về phòng chống tội phạm ma túy, trong ba năm qua số người",hannhmavphinghnghanma tutmganan qua nin,0.6164,0.6868
149,89.jpg,"phép lưu thông vào nội thành, hàng đoàn ôtô nối đuôi nhau chạy với tốc độ","p u tong va tah,ag don 6s susi nancay oca",0.6164,0.621
27,68.jpg,đến văn minh và hạnh phúc của nhân dân.,nua ih  arb ec nhan d.,0.6154,0.6682
45,35.jpg,trọng tới các vấn đề nhân đạo và xây dựng lòng tin. bà con sẽ được tạo,trntoi ca vandan tho u xy dugoy th.eacn sahe,0.6143,0.6152
143,8.jpg,"có người thấy ông làm việc thiện kêu cho cây. ngược lại, có người nghĩ",co rqu-agg lan vacth&n kan cho &ay naulaicequngh,0.6143,0.7285
82,2.jpg,chở sắt thép cứ nhơi nhơi cuống thép dài ngoằng chực quất vào kẻ khác.,ch? d  ci nlnh ouy th4 do yny c qu'n  rha,0.6143,0.6697
83,21.jpg,ngồi trên xe ai cũng nóng lòng như lửa đốt. cuối cùng tuy,maftrcn w a wy nmy lny nh uvxh.cu!urytuy,0.614,0.6763
98,83.jpg,"có trên 16.000 người nhiễm hiv mới được phát hiện, nâng tổng số người nhiễm","cö i .osrgni nhicx tivmáane phain ,nanq tngsrngum",0.6133,0.7127
130,68.jpg,"đồ những ngôi mộ được chôn theo vị trí đã được qui định theo giới tính, lứa tuổi",dlrga m u ia thao  t t tar qui tnk tho gthkltue,0.6125,0.6561
7,70.jpg,"tôi đã cấp cứu kịp thời nên chồng chị qua khỏi cơn nguy kịch "". tôi",rdi ckprnn chrg h qua hrn nykht,0.6119,0.7527
70,10.jpg,đến khách sạn mua dâm nhưng ông phương lại không vào phòng đúng lúc,dh kadk san muadan nuq oy pu3q lai kuy va phmy dhaqn,0.6119,0.7109
54,33.jpg,"1, xã thạnh mỹ tây (châu phú, an giang) để gặp ông. người ta thường gọi ông là ông ba","axthar mtac chanphmi,n gan) d gpong nguaa5g öyongba",0.6118,0.699
51,37.jpg,lính đã hi sinh nay vẫn chưa tìm thấy thân xác... nhưng những dòng nhật ký của anh là,ndi nh nayv aináthan xé.. ungningdinqhajciaanla,0.6118,0.7311
2,58.jpg,"đó là kết quả hoàn hảo trong công việc, sự chính xác đến từng chi tiết? hay đó là cách nói","ö  kö qué nahthny cng to,n chha satngehir? uyase cah na.",0.6111,0.6535
23,27.jpg,phúc của nhân dân.,ans es nhat d2.,0.6111,0.5879
38,72.jpg,"người phụ trách phẫu thuật giám định - cũng không cầm được xúc động : "" dù có","vo yhu+rath pha thuat qiém tah-cu klo a fic g ty:""dc",0.6104,0.7193
113,16.jpg,cho xã hội thì việc xã hội cung cấp việc làm cho anh là một,non h 1h v ctj es hi wy coy v4c lam do ad dmiore.,0.6102,0.6421
134,80.jpg,"sau hơn 30 năm bỏ công, của cất nhà tình thương cho người nghèo,","ga hnonamhc af nhahtiwhng cnginho,",0.6094,0.732
145,88.jpg,là ngay tại sea games tới. nhóm giải pháp cuối cùng chú trọng tới các,ng taagane t:.nho g php uscy cn tse,0.6087,0.637
86,85.jpg,những nét mặt xanh xao như không còn giọt máu.,auig  mat xou  ni hy n gd ma,0.6087,0.6826
144,12.jpg,cũng có một số lượng người thiếu các giấy tờ hợp pháp. chủ trương của,ug c6 mo s lang np5 7hu qhp pp.chondy c,0.6087,0.7
60,90.jpg,ubnd tỉnh lâm đồng vừa quyết định thành lập đoàn thanh tra và chỉ đạo đoàn,und tu lam  a ay  ahp dhanhoha i di d on,0.6081,0.613
40,75.jpg,tỉnh ủy cũng nhất trí với ý kiến của vks về việc tách phần liên quan đến vụ mua,tuk w7 xg n&' h'rf y kig v2ws v vi3 bq pas kn quan xkvnm,0.6076,0.6818
5,30.jpg,"cuộc hành trình gian khổ malaysia "" với chữ ký cùng địa chỉ, số hộ chiếu của 17 / 61",cuanhtrinh qanh'malayiavöchi jang thack'cháa t/,0.6071,0.7451
109,2.jpg,"niên - người thoát chết trong gang tấc - vẫn chưa hết bàng hoàng kể lại : "" lúc đó khoảng",n ng d&+hahay gag ta-ven shia hf barg hosy 'lailucd6 aháng,0.6067,0.693
77,22.jpg,"của đơn vị chỉ có vài người, chia việc ra không đủ, đành phải","cuadon u: chive guh,aha vakhag da,donpha",0.6066,0.7469
81,82.jpg,"những chú muỗi gầy có, béo có, nhỏ có, to có lần lượt lao vào ngọn","nhang ch ma ,b,nhoboc lan ar qovas n.",0.6061,0.6736
122,77.jpg,"bằng nỗi đau mất danh dự, tinh thần khi xuất hiện bài báo "" một âm","bang m6id melanduhh tanh xua'u ba b""mtam",0.6061,0.767
78,47.jpg,tích trên 1 triệu km2 (gấp 3 diện tích đất liền : 1 triệu km2 / 330.000 km2),tctnn1tnkm2(qápdintál1t km21330.6okm2),0.6053,0.7581
20,38.jpg,"hoàn tất, đó là giấy chứng nhận quyền sử dụng đất, còn gọi là sổ đỏ, đã được","hn ta,tšda g chiy nn gny s duy dt,ca gila s's',di",0.6053,0.6472
7,62.jpg,"buổi sáng hôm ấy ràn rạt gió lào, nhang trên đài tưởng niệm thắp xong cứ cháy bùng lên",áhanrn rat qólzrha rnitungnin th ngcáhng lin,0.6047,0.6564
3,40.jpg,"nướng với nhiều tên gọi khác nhau như nam bộ, tây nam bộ, miền tây... đây",h i s gi hanhan nl nambtg nambs y..y,0.6027,0.6475
35,45.jpg,"những tờ giấy bạc còn nóng trên tay, hai người sững sờ khi thấy lơ xe, chủ hàng đồng loạt giơ",na qiay bac connyrentayhai u sty s h thj xechi hyla,0.6022,0.6762
139,77.jpg,thành,1hanl,0.6,0.6242
9,52.jpg,chiếc,thit',0.6,0.7896
54,90.jpg,đường,thing,0.6,0.5687
11,52.jpg,người,nati,0.6,0.343
141,92.jpg,ngoài,goa,0.6,0.5733
131,42.jpg,trước,tusc,0.6,0.7911
57,75.jpg,người,nyili,0.6,0.5818
141,93.jpg,người,ngutn,0.6,0.6434
128,95.jpg,người,ngu:,0.6,0.6761
11,22.jpg,trong,trmy,0.6,0.7401
34,100.jpg,tiếng,teitny,0.6,0.5805
24,12.jpg,những,nhuy,0.6,0.4043
147,82.jpg,trưng,tainy,0.6,0.7525
147,85.jpg,không,khory,0.6,0.8388
120,25.jpg,xuống,xnany,0.6,0.4537
130,76.jpg,nhiêu,thiw,0.6,0.6073
142,3.jpg,thiết,the,0.6,0.8874
23,9.jpg,trung,thury,0.6,0.7865
10,100.jpg,đường,du'ng,0.6,0.7906
4,69.jpg,người,ngn:,0.6,0.6177
69,76.jpg,không,hehong,0.6,0.5633
139,73.jpg,chứng,clhurg,0.6,0.5101
114,59.jpg,đường,hung,0.6,0.8147
133,59.jpg,nhiều,nhven,0.6,0.717
120,94.jpg,chăng,chay,0.6,0.6841
133,75.jpg,người,ngur,0.6,0.6315
5,36.jpg,người,nylai,0.6,0.5882
114,89.jpg,hoàng,ttoong,0.6,0.9264
117,48.jpg,trình,1iinh,0.6,0.6036
127,35.jpg,triệu,priam,0.6,0.5006
101,30.jpg,trước,trdai,0.6,0.5637
102,23.jpg,triển,driet,0.6,0.6001
129,84.jpg,đường,dutng,0.6,0.6635
124,51.jpg,không,phony,0.6,0.8684
129,85.jpg,tiếng,tarig,0.6,0.4684
141,6.jpg,thích,tuth,0.6,0.7864
124,21.jpg,người,nquti,0.6,0.7267
29,10.jpg,khoán,ichoan,0.6,0.8716
54,40.jpg,nhiễm,"nhier,",0.6,0.7898
39,16.jpg,trước,trusr,0.6,0.5719
134,89.jpg,nhiều,whitw,0.6,0.5761
8,97.jpg,thắng,thxy,0.6,0.721
82,76.jpg,nhiều,mliau,0.6,0.4493
133,100.jpg,trong,tny,0.6,0.4509
54,85.jpg,người,nqudi,0.6,0.7384
118,54.jpg,người,ngat,0.6,0.3861
129,14.jpg,những,nhay,0.6,0.7431
54,79.jpg,chiếc,thie',0.6,0.7807
137,17.jpg,người,ngad:,0.6,0.5597
130,90.jpg,huyện,hagen,0.6,0.6762
135,33.jpg,"một "" xách chim "" dọc tuyến đường xuyên đảo hay tại chợ",t xahcun cuc tun &tguy dk ay to:eh,0.6,0.6377
91,23.jpg,ngược,ng:u3c,0.6,0.5947
50,37.jpg,khẳng,ich&ng,0.6,0.7293
6,93.jpg,không,achong,0.6,0.8296
10,89.jpg,trách,tral,0.6,0.8258
142,5.jpg,những,mhumg,0.6,0.5295
1,1.jpg,trước,trit,0.6,0.4526
86,1.jpg,không,hhony,0.6,0.4883
12,58.jpg,xương,ating,0.6,0.5967
138,16.jpg,hương,haony,0.6,0.6475
104,12.jpg,chúng,huig,0.6,0.3604
12,80.jpg,đường,duong,0.6,0.5579
104,2.jpg,không,phhong,0.6,0.7297
145,35.jpg,thông,th6 mg,0.6,0.6317
83,85.jpg,người,ngust,0.6,0.5942
91,31.jpg,trình,tiith,0.6,0.6826
95,100.jpg,thành,tlanl,0.6,0.7376
104,4.jpg,chúng,clunig,0.6,0.5105
70,39.jpg,trong,hrarg,0.6,0.3295
132,93.jpg,triệu,tr&,0.6,0.6325
114,69.jpg,thạnh,ehanl,0.6,0.7571
132,20.jpg,tượng,tucnp,0.6,0.7341
25,40.jpg,nhưng,nnuny,0.6,0.7766
144,65.jpg,triển,thir,0.6,0.5971
45,57.jpg,những,nlhwny,0.6,0.4896
41,36.jpg,những,nluing,0.6,0.822
75,96.jpg,ngoài,ngi.,0.6,0.5411
41,19.jpg,không,thaong,0.6,0.5312
142,26.jpg,khủng,iching,0.6,0.8267
102,8.jpg,huyện,huer,0.6,0.7632
121,91.jpg,vừa hoàn thành là cầu bình triệu 2.,wehan tta  ca hinh the2.,0.6,0.5926
50,96.jpg,thông,tany,0.6,0.6082
31,29.jpg,người,ngut,0.6,0.4084
102,1.jpg,người,nguiv,0.6,0.7041
72,100.jpg,lượng,lu'ong,0.6,0.5751
32,30.jpg,lượng,lgny,0.6,0.5695
59,80.jpg,khiếp,hhin,0.6,0.7595
60,8.jpg,khách,ichach,0.6,0.7227
21,97.jpg,nhưng,mhuing,0.6,0.7295
98,93.jpg,quyết,qumpy,0.6,0.4304
101,54.jpg,không,lchong,0.6,0.6183
84,98.jpg,trước,truct,0.6,0.8312
29,41.jpg,chánh,chal,0.6,0.8918
33,15.jpg,triệu,tier,0.6,0.592
23,78.jpg,không,ktn,0.6,0.3726
50,6.jpg,chiếc,che',0.6,0.6402
53,4.jpg,chính,ohnnd,0.6,0.4293
122,83.jpg,người,ngud,0.6,0.7631
86,40.jpg,thiết,ther,0.6,0.923
147,11.jpg,chính,hi'nh,0.6,0.8386
58,71.jpg,không,chongy,0.6,0.811
92,49.jpg,trọng,orony,0.6,0.6777
107,53.jpg,tương,tul3ng,0.6,0.4979
86,20.jpg,phước,phust,0.6,0.7857
84,94.jpg,những,mhtny,0.6,0.6667
57,45.jpg,những,whuny,0.6,0.4193
101,75.jpg,thông,thifrg,0.6,0.5453
102,51.jpg,trước,trior,0.6,0.5393
103,91.jpg,thoái,fhols,0.6,0.7302
109,52.jpg,người,ngubr,0.6,0.7662
109,60.jpg,những,mhingy,0.6,0.8361
103,95.jpg,"có người cho tiền mua sẵn bia đá để đó, ai cần thì cho... chú ơi, dân nghèo","có ruei ch  mua an a ddd,ac nido...ch dhh",0.6,0.7346
133,43.jpg,hoàng,hiny,0.6,0.8216
54,67.jpg,phòng,phay,0.6,0.7189
11,93.jpg,phiên,nhen,0.6,0.5937
44,13.jpg,thành,tan,0.6,0.7601
123,45.jpg,ngành,gaah,0.6,0.7457
109,81.jpg,nhưng,nluing,0.6,0.7461
57,23.jpg,những,mhuing,0.6,0.8119
93,62.jpg,nhiều,nhie'n,0.6,0.6669
119,83.jpg,hoạch,hoant,0.6,0.4738
34,64.jpg,thành,shanl,0.6,0.7964
1,43.jpg,trình,hrand,0.6,0.574
121,100.jpg,không,dhuny,0.6,0.5967
120,58.jpg,chính,clinn,0.6,0.7957
1,27.jpg,người,ngud:,0.6,0.7963
40,49.jpg,trong,temg,0.6,0.8251
118,77.jpg,không,kkhog,0.6,0.4715
118,17.jpg,chóng,choy,0.6,0.511
119,97.jpg,hưởng,luong,0.6,0.5753
18,79.jpg,tiếng,thisig,0.6,0.6427
85,86.jpg,huống,huiy,0.6,0.7298
131,52.jpg,triệu,hiau,0.6,0.514
48,61.jpg,quyết,tyct,0.6,0.4847
28,63.jpg,triển,tn'en,0.6,0.7334
75,18.jpg,duyệt,diyr,0.6,0.5674
28,76.jpg,chính,thiny,0.6,0.7208
27,30.jpg,nhiều,nhui,0.6,0.7833
86,3.jpg,triển,teie'n,0.6,0.7704
48,81.jpg,người,nglin,0.6,0.5564
57,89.jpg,không,khary,0.6,0.5678
131,11.jpg,chúng,chiniy,0.6,0.8028
86,5.jpg,thuận,thnam,0.6,0.8149
118,85.jpg,hoàng,hoary,0.6,0.5883
80,28.jpg,vương,v28nq,0.6,0.6986
86,7.jpg,tiếng,tangy,0.6,0.6301
4,13.jpg,quyền,ohuyen,0.6,0.7061
21,43.jpg,trước,truoc',0.6,0.7624
95,37.jpg,nhưng,mhuing,0.6,0.7315
10,23.jpg,thẳng,thay,0.6,0.6053
103,89.jpg,trông,tug,0.6,0.3659
103,69.jpg,cường,clony,0.6,0.5921
14,99.jpg,đường,ching,0.6,0.743
103,72.jpg,không,bhany,0.6,0.5896
122,68.jpg,triển,tuen,0.6,0.734
23,51.jpg,thắng,thay,0.6,0.705
102,66.jpg,thành,thtul,0.6,0.7405
27,27.jpg,người,ngin,0.6,0.5157
102,82.jpg,thiếu,tit,0.6,0.5593
77,86.jpg,nhiều,mhien,0.6,0.8574
85,100.jpg,nhưng,tthang,0.6,0.6046
61,29.jpg,thoại,thecu,0.6,0.7686
78,29.jpg,nhưng,nnuing,0.6,0.8094
139,52.jpg,người,nguioi,0.6,0.7182
113,7.jpg,nhiệm,nhizin,0.6,0.7777
37,83.jpg,chính,cha2,0.6,0.709
92,31.jpg,thành,tha,0.6,0.9964
124,31.jpg,người,ngudn,0.6,0.6098
98,25.jpg,những,mhens,0.6,0.5287
130,51.jpg,người,ngie,0.6,0.3961
72,25.jpg,chúng,thuing,0.6,0.8567
6,11.jpg,người,nqudi,0.6,0.8477
6,12.jpg,tượng,tuny,0.6,0.9337
130,23.jpg,khẳng,lchang,0.6,0.7367
22,94.jpg,cương,clubng,0.6,0.6886
53,59.jpg,chiếc,ehist,0.6,0.7228
98,36.jpg,trình,thimh,0.6,0.8216
34,14.jpg,người,nguir,0.6,0.7868
129,21.jpg,người,nguo.,0.6,0.7267
37,97.jpg,trong,hony,0.6,0.7469
22,80.jpg,tượng,lveng,0.6,0.7333
91,37.jpg,không,dehong,0.6,0.736
103,8.jpg,phước,phut,0.6,0.7979
103,7.jpg,phước,phia,0.6,0.8684
22,57.jpg,không,hhony,0.6,0.6751
89,25.jpg,ngoài,nqvai,0.6,0.6963
37,91.jpg,những,nhiy,0.6,0.6252
69,49.jpg,người,nguv,0.6,0.5206
123,92.jpg,chúng,chuney,0.6,0.7648
14,45.jpg,thuộc,tduor,0.6,0.663
51,69.jpg,thuốc,tuoe,0.6,0.4775
34,10.jpg,người,ng ugi,0.6,0.7612
99,3.jpg,không,thons,0.6,0.6945
137,90.jpg,thống,thor,0.6,0.7281
127,53.jpg,quyết,quge4,0.6,0.8105
48,8.jpg,thành,thawn,0.6,0.8536
131,48.jpg,ngoài,ngas,0.6,0.6743
131,54.jpg,trình,thind,0.6,0.7651
5,81.jpg,chúng,chunay,0.6,0.8159
123,32.jpg,khiến,kthin',0.6,0.7358
14,34.jpg,chúng,clig,0.6,0.5785
28,36.jpg,ruồng,rna,0.6,0.604
72,86.jpg,người,nqudi,0.6,0.7645
47,83.jpg,những,whany,0.6,0.6474
10,20.jpg,người,ngub,0.6,0.8205
83,62.jpg,trước,tru'éc,0.6,0.6602
25,25.jpg,phòng,ph,0.6,0.5374
28,15.jpg,nhưng,ahuing,0.6,0.5773
112,15.jpg,không,blong,0.6,0.437
47,42.jpg,những,nhiy,0.6,0.6735
15,78.jpg,hoàng,hany,0.6,0.5972
111,51.jpg,đường,ahang,0.6,0.6105
33,62.jpg,tuyết,twret,0.6,0.7117
4,81.jpg,thành,thamy,0.6,0.9458
72,81.jpg,miệng,mitry,0.6,0.7085
139,29.jpg,trong,hovg,0.6,0.689
118,40.jpg,người,nguil,0.6,0.6798
115,23.jpg,tượng,thitng,0.6,0.68
136,30.jpg,hưởng,huiny,0.6,0.7215
116,1.jpg,trình,trdo,0.6,0.4286
25,14.jpg,triển,fren,0.6,0.714
12,6.jpg,những,nhuy,0.6,0.686
108,38.jpg,trong,frnang,0.6,0.5918
65,100.jpg,thiết,rhet,0.6,0.7471
39,72.jpg,ngành,yhinh,0.6,0.5376
145,62.jpg,những,nhuiny,0.6,0.7402
52,100.jpg,"luật, chính quyền sai phạm về thủ tục quản lý, sao người dân",hnacayuy p&m sav'th tnc qudw dj1sao ngj dan,0.6,0.7358
25,1.jpg,tiếng,theny,0.6,0.7183
60,81.jpg,nhiều,hiii,0.6,0.5277
98,61.jpg,chúng,chut',0.6,0.5742
98,59.jpg,người,ngriai,0.6,0.6734
62,75.jpg,thông,thory,0.6,0.8456
53,28.jpg,những,nlting,0.6,0.6163
38,68.jpg,người,ng uo,0.6,0.8069
38,64.jpg,ngành,nghank,0.6,0.9716
13,8.jpg,quyết,auget,0.6,0.5623
38,61.jpg,chính,hinl,0.6,0.9191
56,33.jpg,người,ngpir,0.6,0.6716
116,41.jpg,nhiều,nhvea,0.6,0.8209
56,32.jpg,không,tahong,0.6,0.7418
105,44.jpg,phanh,plonl,0.6,0.7558
98,96.jpg,huyện,hyi,0.6,0.5836
113,89.jpg,trọng,erons,0.6,0.5141
143,80.jpg,nhưng,nlhuing,0.6,0.7697
52,63.jpg,chừng,cha ny,0.6,0.668
65,46.jpg,trước,tui'c,0.6,0.6692
94,15.jpg,triển,tnen,0.6,0.7946
70,52.jpg,tháng,thay,0.6,0.8977
100,59.jpg,thông,thory,0.6,0.7585
38,73.jpg,trình,lounh,0.6,0.5839
113,65.jpg,người,nquti,0.6,0.8936
30,1.jpg,người,nqui,0.6,0.4713
79,9.jpg,dương,dutny,0.6,0.6956
16,57.jpg,thuốc,tu&t,0.6,0.5829
22,25.jpg,chẳng,hony,0.6,0.6813
66,89.jpg,nhàng,nhary,0.6,0.6015
83,28.jpg,trước,thaoc,0.6,0.5577
146,86.jpg,nhiều,nhuer,0.6,0.5624
96,95.jpg,không,hhig,0.6,0.6476
81,29.jpg,luống,luoy,0.6,0.7251
26,20.jpg,không,frhong,0.6,0.7058
69,18.jpg,nghĩa,mghin,0.6,0.6613
149,93.jpg,những,nhuw,0.6,0.7282
68,20.jpg,nghĩa,whia,0.6,0.3807
17,51.jpg,không,lhony,0.6,0.5932
145,99.jpg,không,anhong,0.6,0.694
56,13.jpg,người,nguis,0.6,0.6092
150,5.jpg,thông,trongs,0.6,0.7161
42,80.jpg,chính,chis,0.6,0.7938
67,59.jpg,người,ngu:,0.6,0.7604
106,48.jpg,người,ng,0.6,0.9219
46,93.jpg,triển,thun,0.6,0.6063
100,46.jpg,chiến,chuied,0.6,0.8211
121,30.jpg,đường,tuing,0.6,0.5106
98,52.jpg,những,nhay,0.6,0.8474
87,4.jpg,người,ngut,0.6,0.6785
83,27.jpg,chích,chia,0.6,0.8137
66,41.jpg,quyền,opuyin,0.6,0.7766
125,18.jpg,nhưng,mhu ng,0.6,0.6826
126,2.jpg,thành,phand,0.6,0.7146
83,11.jpg,nhưng,nluing,0.6,0.8078
125,35.jpg,phước,phioe,0.6,0.3801
105,92.jpg,khách,hhah,0.6,0.6515
81,1.jpg,những,nhilr,0.6,0.5635
148,93.jpg,trình,tinl,0.6,0.7461
17,21.jpg,quyền,pyin,0.6,0.6245
122,31.jpg,nhưng,nhulhg,0.6,0.788
100,19.jpg,không,ichong,0.6,0.8828
74,99.jpg,người,ngudc,0.6,0.6555
100,69.jpg,phòng,phoy,0.6,0.8756
87,27.jpg,thiếu,ther,0.6,0.7917
13,6.jpg,phước,phug',0.6,0.5978
116,98.jpg,người,nguar,0.6,0.5877
74,83.jpg,thông,thouy,0.6,0.6462
7,35.jpg,chồng,clumg,0.6,0.591
104,65.jpg,triệu,taiew,0.6,0.7821
149,12.jpg,triển,tnit',0.6,0.6386
116,12.jpg,người,ngu::,0.6,0.605
108,8.jpg,thành,fhan!,0.6,0.5931
116,48.jpg,những,nhur?,0.6,0.6838
74,50.jpg,những,nluny,0.6,0.6391
106,31.jpg,trách,mach,0.6,0.815
7,46.jpg,nhiễm,mham,0.6,0.6037
73,85.jpg,khẳng,ming,0.6,0.7372
97,42.jpg,khách,phoih,0.6,0.7059
148,94.jpg,thiệu,mhin,0.6,0.6841
44,65.jpg,chiếc,his',0.6,0.6634
88,99.jpg,khách,thath,0.6,0.7488
38,46.jpg,đường,duong,0.6,0.7879
46,91.jpg,không,lchong,0.6,0.8429
52,52.jpg,thông,thory,0.6,0.8139
50,82.jpg,biển đông.,bih.ong,0.6,0.4096
126,45.jpg,thiết,thei,0.6,0.8215
111,24.jpg,chiến,chwik,0.6,0.6742
143,44.jpg,hưởng,huling,0.6,0.6347
145,22.jpg,triển,truer,0.6,0.6231
3,96.jpg,tương,hidng,0.6,0.7781
71,77.jpg,chứng,ehuing,0.6,0.7109
35,65.jpg,lương,laarg,0.6,0.5885
35,72.jpg,quyền,quygir,0.6,0.5659
115,82.jpg,không,thony,0.6,0.6506
145,91.jpg,thiệp,ther,0.6,0.8446
7,41.jpg,luyện,enyen,0.6,0.6094
84,34.jpg,phiêu,phut,0.6,0.8337
106,6.jpg,thành,t hcmh,0.6,0.7425
38,4.jpg,chiến,hits,0.6,0.6439
138,42.jpg,nhưng,nhury,0.6,0.7442
90,49.jpg,không,chmg,0.6,0.622
143,62.jpg,thuận,hunan,0.6,0.6371
44,79.jpg,trách,tna'ch,0.6,0.9116
143,51.jpg,phiên,plier,0.6,0.6612
150,58.jpg,huyện,lhuyer,0.6,0.6866
71,84.jpg,xuồng,afng,0.6,0.3726
97,45.jpg,những,nham,0.6,0.8105
121,34.jpg,những,mhnlng,0.6,0.6027
44,88.jpg,không,ichong,0.6,0.8
49,77.jpg,chiếc,chai,0.6,0.5417
71,66.jpg,prông,promy,0.6,0.881
44,95.jpg,không,thony,0.6,0.8515
138,91.jpg,ngoài,nqoci:,0.6,0.7161
104,73.jpg,chiến,cher,0.6,0.6372
8,9.jpg,không,hany,0.6,0.7756
6,84.jpg,tiếng,tiéin,0.6,0.6303
110,64.jpg,trách,bach,0.6,0.8251
71,57.jpg,thắng,thaiy,0.6,0.6734
64,84.jpg,ngược,ngu'oc,0.6,0.7255
19,25.jpg,trong bộ máy nhà nước của chúng tôi. người dân tuân thủ đúng pháp,trorg 1 mq nmuzcckg +si.ng5i damnnthg pk,0.6,0.6438
114,61.jpg,trượt,tnugt,0.6,0.6691
144,85.jpg,quyền,myin,0.6,0.823
64,97.jpg,hưởng,cuang,0.6,0.2364
141,32.jpg,thống,dhaig,0.6,0.6573
17,61.jpg,người,ng uii,0.6,0.577
88,94.jpg,trước,triss,0.6,0.4923
81,81.jpg,phóng,"phon:,",0.6,0.7229
8,1.jpg,không,lchang,0.6,0.5562
62,46.jpg,không,l<hong,0.6,0.7589
150,26.jpg,người,ngir,0.6,0.6742
90,75.jpg,chừng,heny,0.6,0.385
94,22.jpg,không,lhorg,0.6,0.7652
106,65.jpg,thiện,clin,0.6,0.6615
149,24.jpg,chính,cuhh,0.6,0.5896
149,34.jpg,nhiễm,mhem,0.6,0.6416
46,46.jpg,người,ngur,0.6,0.8383
74,27.jpg,thành,thal,0.6,0.6711
64,61.jpg,không,fhany,0.6,0.3685
19,66.jpg,nhiều,mhien,0.6,0.7763
105,36.jpg,nhiên,nlie,0.6,0.7845
67,75.jpg,người,ngut,0.6,0.9127
7,88.jpg,trước,trube,0.6,0.7306
41,57.jpg,không,flung,0.6,0.5601
13,48.jpg,không,ichong,0.6,0.8095
147,72.jpg,trạng,tany,0.6,0.8549
24,65.jpg,khẳng,khary,0.6,0.7475
68,38.jpg,chiều,hiaw,0.6,0.7782
68,48.jpg,khoản,juhoan,0.6,0.6191
98,42.jpg,phước,phie,0.6,0.5113
24,29.jpg,huyện,hiysr,0.6,0.7306
121,96.jpg,đường,dvvng,0.6,0.4067
52,9.jpg,không,hhog,0.6,0.7028
121,84.jpg,nhiều,mhiar,0.6,0.7398
78,75.jpg,chỉ thị khẩn của chính phủ đã ban hành... kỳ trước : từ quán,h th his chk ph tbn kk.. tri.ttqus,0.6,0.5389
110,18.jpg,trong,"""nony",0.6,0.7575
96,65.jpg,người,ngwot,0.6,0.6653
94,13.jpg,nhiệm,n-hicn,0.6,0.6936
112,92.jpg,thích,the,0.6,0.3729
11,15.jpg,những,rhaug,0.6,0.374
114,31.jpg,ngoài,ingoa,0.6,0.6166
59,50.jpg,không,khay,0.6,0.5959
114,19.jpg,nhưng,nhu'rg,0.6,0.8468
59,58.jpg,đường,ding,0.6,0.5671
144,92.jpg,hưởng,duvng,0.6,0.4533
106,93.jpg,không,lahong,0.6,0.5071
144,38.jpg,nhưng,nuig,0.6,0.3778
53,74.jpg,những,nhiy,0.6,0.4782
53,72.jpg,nghĩa,rgihza,0.6,0.6741
44,94.jpg,trình,tril,0.6,0.7086
24,80.jpg,khẳng,plang,0.6,0.3471
67,22.jpg,nhưng,nluing,0.6,0.828
108,46.jpg,trong,trry,0.6,0.8161
125,48.jpg,những,niny,0.6,0.6377
22,28.jpg,trong,trmy,0.6,0.6942
37,9.jpg,quyền,gnyen,0.6,0.6355
108,67.jpg,trung,tuy,0.6,0.5895
74,68.jpg,tượng,rlong,0.6,0.7922
42,42.jpg,người,ng&n,0.6,0.7194
104,30.jpg,thùng,thum,0.6,0.6041
108,75.jpg,thành,4ranh,0.6,0.5747
110,52.jpg,đường,tiong,0.6,0.6409
37,11.jpg,chúng,chury,0.6,0.8765
17,72.jpg,thanh,hhanll,0.6,0.8679
68,43.jpg,chồng,okong,0.6,0.8939
125,60.jpg,khủng,thhung,0.6,0.6417
108,31.jpg,người,nyi,0.6,0.5821
114,84.jpg,"thấy mẹ che dụm bên góc hè nấu ăn khổ cực, nó nói cuối năm lĩnh tiền về làm cho mẹ","thaf mechedum ben q  nn uöul,n norcuan nhivamome",0.5976,0.7316
93,23.jpg,trống hầu. bs hà vừa chẩn đoán bệnh vừa an ủi và động viên tinh thần. đdv kim,rönghásh va h d h vaanádng vin mnavkim,0.5974,0.6737
58,53.jpg,thứ trưởng bộ tài nguyên & môi trường đặng hùng võ cho biết dự thảo nghị,thá bui8ng b ta ag2m hrg ag thrg v & bá du tr y&,0.5972,0.706
122,57.jpg,"thông qua 20 hội nghị truyền hình có sự tham gia của các quốc gia, những",thng gua dogh t kinh tagaá quga nkin,0.5972,0.7106
118,62.jpg,tôi chưa kịp hình dung ông sẽ làm gì với cheo lưới này thì ông,c chh kip cung oqon q ucho ak ny thqng,0.5968,0.7121
17,26.jpg,tổ chức tịch thu của những người bán rong trên đường hoặc,tdk hch thu u hug qun bo hmg thn ung,0.5965,0.7643
108,45.jpg,là những nơi tập trung ăn nhậu rầm rộ nhất. thú rừng ở các làng nướng,a nha ni  ung an nha h nhathndy  ly nda,0.5942,0.6684
54,7.jpg,thế nào? ông lịch thông tin 16 chương trình phát triển các ngành,h ma öng ethöq inscchung k phti cngan,0.5938,0.6897
139,64.jpg,"cuộc sống vẫn chào đón họ với nv2, nv3. quan trọng là họ đã","cue hnq &n&ui nve,nv3. qan tny l",0.5932,0.6475
13,73.jpg,800 triệu đồng ủng hộ bệnh nhân nghèo. 800 triệu đồng là số,"80o in daj mj hg bin maam naio, roo tha anj la s",0.5932,0.6764
120,100.jpg,từ 12 g khuya 13 đến rạng sáng 14 họ đã tìm được xác 19 người. đau lòng,t12g huyn1sang sag 14dtin tuxc a1g ngaung,0.5915,0.7296
137,97.jpg,"dâm mà chỉ có ba đối tượng đi mua dâm? "". đặc biệt, trong vụ án đang được",an nt du! la di nag di muadan?* od bik mg vy an dangln,0.589,0.6882
2,52.jpg,cùng chiếc xe gắn máy đã bị lọt xuống một cái hố giữa trời đêm tối đen. lật lại vụ án csgt,aing ckal ve q maj  .dot xusg möf  hs'qi tm to n.latai wacs6t,0.5889,0.6851
63,26.jpg,"bại. trái lại, thành công đã nở hoa khi cậu bé năm xưa, với bao nghị","tr de, anh crig dn oa hca nam ho,idaong",0.5882,0.6829
47,91.jpg,tỏa khắp căn nhà.,te khappouphs.,0.5882,0.6285
147,75.jpg,tính ra một tháng có 1.500 kg thịt rừng vào bụng con người. như vậy một năm,tkh na mt fh 1.5oo ky hauy oa uy connginho&ynm,0.5867,0.6532
62,52.jpg,"cùng mua dâm người vị thành niên, nhưng người bị tội, người vô can. ngay ngày",ng ma lan nqi thanh n nugnqiibi i nvcanng,0.5844,0.6688
129,63.jpg,"việc ký xác nhận này, theo ông luân, diễn ra "" sau khi vụ trưởng vụ tài chính","af c na ny,thaoqy luan,den na""bau r& u thnntai ckq",0.5844,0.6308
69,96.jpg,"mất, tìm kiếm địa chỉ và liên lạc với chủ nhân những giấy tờ đã tìm được, mời",meftim un da cl van dac wck nhan nu gj t d tim dr m,0.5844,0.6776
38,80.jpg,cứu này sẽ được trình bày và thảo luận thông qua 20 hội nghị truyền hình,u ny  dc inh ay v th kun tumy 7n 2onduj hn,0.5833,0.6699
89,95.jpg,"thứ 12 đây! "" - một thợ liệm nói. "" mặt mày, mình mẩy ai cũng bị trầy sướt, bầm giập","1 tay""- mot t am nö.mz wa. min maj ai nj ng &: fhy sul,bon l",0.5833,0.7423
81,4.jpg,còn vô số câu chuyện thú vị như vậy. đó là khi một anh cán bộ kêu thốt lên ngạc,cat o3'ca dmpn huk vnw y.b5 &a`ki mt anh cank e k +h@t&2 nga,0.5823,0.6192
23,42.jpg,"vừa thấy bóng anh nghĩa đi vào là mấy chị ở xóm ve chai ở p. 17, gò",vnog bor anh nghci vao d mj hxoncai .47go,0.5821,0.7045
19,69.jpg,", châu á với châu âu, châu úc với trung đông. giao lưu quốc tế","ckan a'v chau au, ckan oö tnnqang. gao inqul",0.5806,0.7379
66,97.jpg,ubnd tp đã chính thức kết luận hoan nghênh và biểu dương những,unno tp d u thk k ln:yaq hnn nhn ve ma doz nas,0.5806,0.6614
101,90.jpg,"làng, từ bàn tay trắng đã tạo lập nên cơ nghiệp...","anj, i bon og tnj  ag  n nghp.",0.58,0.6792
29,30.jpg,"chị ngọc ánh, chủ tịch mặt trận tổ quốc của xã, còn cho tôi biết thêm","c yec amh, h ma aantöaua ca, cn ota bi m",0.5797,0.6978
47,82.jpg,"ngành tp, chủ tịch ubnd tp.hcm lê thanh hải đã đề nghị công an tp.hcm","hamtr,chiticu6ndtencmlthanhanhca an thcm",0.5797,0.7237
1,45.jpg,dưới mọi hình thức.,dk3i moi h5 swe,0.5789,0.6782
96,81.jpg,"vật ở phía sau nhà, trong đó có con kỳ đà to bằng bắp vế.","vat 8'phá ran nh,hay dsc'cn hj da h bay bvc.",0.5789,0.6879
140,34.jpg,5 - 2004 tổng lượng mưa tại các tỉnh trong khu vực sẽ thiếu hụt so với trung,5-2v04 töj hy mun ta cé töh tnag hue s ra   vsitmy,0.5789,0.7513
65,55.jpg,"1 - 12 - 2003, chỉ còn ít lâu là tết nguyên đán, công ty chuộc ra, đưa trở lại","1-1-io,ckcon it la d tet ngn dan, cong cnhaa' la",0.5769,0.7094
10,91.jpg,"tranh chống tiêu cực ở công trình đường liên cảng a5, gia đình anh trương","hanhchhq t  con trh tumq lancanga5,patinhanhuisy",0.5753,0.7588
12,33.jpg,"quý trung, ở cùng xã ia me, chư prông, gia lai, vào khu vực rừng dốc tứ ở",qjtrnq 1 cunqa iameichu rq16alaiv u v nng botu:,0.5753,0.6655
132,90.jpg,chứa khi lượng xe cùng lúc dồn đến trạm.,ca&i drg  amg c dei d& tnam.,0.575,0.7871
61,68.jpg,"thơ, đem lại ánh sáng cho người mù nghèo và trẻ em mù bẩm sinh, xe lăn cho người","ho,ond ah any ho np mz ps vx tnm am nh,xe lchonqai",0.575,0.6553
68,65.jpg,nhưng bà con vẫn có nhu cầu rất lớn về nắm các thông tin trong nước. báo điện tử,nhang ba m vai&na ca ai la va nan ra tang tn mg nkchin,0.575,0.679
89,18.jpg,"ngã ba một chiếc spacy phóng ngang qua. trên đường đi,",na la m ut spay phmy nyny 1u. snq tiy:,0.5741,0.7143
16,58.jpg,"nói vắn tắt về thảm trạng : "" thấy trời mưa lớn, trưa 13 - 11","n u&n +k v shain trrg:hay+ mma lon,tua d3-ss",0.5738,0.7157
88,93.jpg,"có nước, quan tài cứ nổi lên bập bềnh chẳng chịu nằm im, phải","c6u&1 qun táu2 mi n bp ho chaig dui nn tn,ph2",0.5738,0.7476
13,31.jpg,"cổ hội an, quản lý khu tháp chăm mỹ sơn, chương trình hỗ trợ du lịch",c ts an quan dy&hn tha chan mystn chu hine onda se,0.5735,0.7112
147,24.jpg,""" tội nghiệp, họ toàn là người miền bắc... "" - một chủ quán ở đầu thị trấn nói khi",h ngho. g han la ngunmn..-mt cha quan d h tra nath,0.5732,0.7769
43,18.jpg,nvơnn được phổ biến công khai và rộng rãi.,nvo'nn ta phs hu coy tha va y a.,0.5714,0.6919
146,9.jpg,tiếng còi hụ liên hồi. anh nghĩa lái xe bất ngờ thắng gấp vì từ,ny  hh us hn.anh nqkn x ve lt nf thxy fp nrt5,0.5714,0.6685
113,20.jpg,trong trại có để năm quan tài đã sơn màu nâu và nhiều bia đá chưa khắc,ihar thui c'de'nam quanta d  ma na  nhii hia dicuall.,0.5714,0.6958
28,46.jpg,cho họ.,ao hv,0.5714,0.5966
102,6.jpg,yên đến giờ phút này.,ya an! pv plar noy.,0.5714,0.7285
53,8.jpg,nghiêng,nylueng,0.5714,0.4518
25,75.jpg,như muốn lao vào xe cấp cứu.,na mn doo bao ua eap auil.,0.5714,0.6295
138,73.jpg,đồng đối với những người bị thương.,rg t6i v nhi q8 bi thusrg,0.5714,0.6982
146,87.jpg,"không bị đau khi xe xóc. được chừng mươi phút đường xe, bà cụ đòi","hong  dou hixx.uo chn md: phuk un xe,acuda",0.5692,0.7086
7,91.jpg,cho nhà đầu tư nước ngoài đầu tư vào vn. chính vì vậy nghị,ho nha hnk rgoa a tvavn. chnh vaym,0.569,0.6809
107,6.jpg,"của các kỳ thi, và cũng là bản chất của thành công.",a cakithvacnq la banchauathahng,0.5686,0.7526
141,16.jpg,"khách, đi bộ hàng chục kilômet, qua hàng rào cảnh sát các nước, may","ai,ti h hamy chuc ulbmt,ua hingráointca meoimay",0.5672,0.6743
21,27.jpg,quyết toán thuế. sở tài chính làm không nổi. tôi nghĩ giải quyết được hết. không ai,wp4 atka.s3 tai ch m hhmg noi.tei ngh g:2qg2 tude h4.henga:,0.5663,0.7172
53,84.jpg,"cư mới tại xã xuân hải, huyện sông cầu, tỉnh phú yên.","ama tei ua hahyh song ai,th pha a.",0.566,0.7166
135,21.jpg,"bị cắt trọng thương... sau đó khoán bỏ trốn, đến ngày","bcatrg hang -. snn kha b: hn,  g",0.566,0.5847
117,39.jpg,công sức xây dựng chắc chắn sẽ tồn tại và phát triển.,cmy nt xag dg qa cl  tsn t4 va phutn,0.566,0.6922
110,44.jpg,"ngoài ra, chúng tôi sẽ tích cực đáp ứng nhu cầu của bà con trong việc","napara, cgto s m cuc tlp h rhuca cu con 7ngw",0.5652,0.7516
91,93.jpg,"để thanh toán cho bên thi công khi vốn ngân sách chưa kịp cấp phát "".",b thahtvan cho b ta: cng  mnghaob c pcfprat,0.5652,0.7087
7,50.jpg,"dankia ơi, hãy chờ nhé!",donha&thay ch mhe'!,0.5652,0.8013
102,22.jpg,các con bạc không từ một thủ đoạn đê tiện nào.,cao n bae hsn hi at th an d na.,0.5652,0.7297
36,88.jpg,"cứu, đdv huệ đem chiếc băng ca đẩy vào nhà có nạn nhân.","uu,osv hn2 xum uht lxy w ty vx nkz u nnn nan",0.5636,0.7435
107,35.jpg,"nào thưa ông? - nghị quyết lần này đã nêu ra bốn nhóm giải pháp, trong đó",nao ttuang1-n 9rp i x nn ca b2n nhom qai phap1-longd5,0.5616,0.6752
72,38.jpg,"sẽ tổ chức các lễ hội, như đêm rằm phố cổ mỗi tuần một lần và tổ chức các","4 tchá cat lhi, nht din an phs'smtan mt dö t'chue caz",0.5616,0.7359
110,88.jpg,"ngân hàng dữ liệu giá thuốc (giá thuốc cùng loại ở nước sản xuất, ở các nước trong",nga hán d la giát lgátuáng li náán át c náting,0.561,0.733
49,46.jpg,"bằng nỗi đau mất danh dự, tinh thần khi xuất hiện bài báo "" một âm",ngmdau mi dandirtinktén thi xuaian aa mr am,0.5606,0.7043
65,29.jpg,cố gượng dậy được. chỉ một phút sau tôi đã nhận ra cả trại bị cuốn,giong jay tc.ch mt phl4 saltd nhana ca+ail wx,0.5606,0.6772
85,89.jpg,"có vị trí chiến lược quan trọng : nối liền thái bình dương với ấn độ dương,",ct : t che ao quan ag: n du th bin danq viooaing,0.56,0.7071
52,7.jpg,"phải là thất bại. trái lại, thành công đã nở hoa khi cậu bé năm xưa,","phala haf bai.ta la, thoncang k haca namxia",0.5588,0.6941
110,46.jpg,"có vị trí chiến lược quan trọng : nối liền thái bình dương với ấn độ dương, châu á với",cdv tr quan trog : n lthá bh dng vaningchanv,0.5581,0.6687
100,57.jpg,với lập luận : nếu kéo dài thời gian không thu phí sẽ làm tăng lãi vay,v lop n: ni ks d5 th5 jnn hyths ph ln pay5vy,0.5571,0.6895
30,51.jpg,qua lại như đan mắt lưới. tiếng còi hụ liên hồi. anh nghĩa lái xe bất ngờ thắng,na l nh on má uortug   dnr.anh nha ai xeal  thán,0.557,0.6864
17,78.jpg,"3 nên hải bảo khoán đi về. khoán tự ái mang cưa ra về, hải đuổi theo và hai bên",n ha ba khon i v hoa   mog ca m  ta látluov lab,0.557,0.6824
23,18.jpg,con về quê; trương xuân đào dạt về tận định quán (đồng nai) làm,con uqu;thhoqxu a dot uxtainh quannqna)lam,0.5556,0.7923
69,72.jpg,tháo cái chân vịt của tàu chiến pháp đem về làm kỷ niệm hồi năm,ya ca chan vt cu +a ch phpm ve'l  nnhörno?,0.5556,0.6944
71,4.jpg,a5 thi công lại vào cuối tháng 3 - 2004? * vụ sai phạm công trình,a5cg y va asi thy 3-2004?*vu phamgth,0.5538,0.7933
139,4.jpg,"nông thôn, cất nhà tình thương cho dân nghèo...","moy tha, cnk ak thag k dan gh..",0.5532,0.6769
83,60.jpg,"làm? có lẽ do cơ quan điều tra thấy chứng cứ chưa rõ, chưa","m2 ci eo a quanxoi m tay dulg uk cua n,cua",0.5517,0.6767
136,93.jpg,nước ta giáp với biển đông ở hai phía đông và nam. vùng biển việt nam,nk tagáp  gai áng vnam. vng vii am,0.5507,0.6807
135,94.jpg,17 lao động trở về từ malaysia vì không có việc làm. tại công ty thương mại xuất,1a dng tö vt malaia i ng vilámticngng maua,0.55,0.7232
134,19.jpg,"phan thế minh hùng cho biết hồi tháng 10 - 2003 vừa qua, đến","phan th mnvthty uh luo hf thny u-2 t qw,7c",0.55,0.6511
134,81.jpg,"một đầm lầy với khoảng 10.000 khối đất đá, không kể ngổn ngang",met an 2 vo hhoing 1oovo h d slahng h'ngöngang,0.5484,0.6878
51,97.jpg,"hứa giải quyết về trước tết, lại làm việc và sống cầm hơi như cũ. ngày 2 - 1 - 2004,","ná giak qyf v arud x, loi am v aönq con hsi nh ci. ny-1dox,",0.5476,0.6747
70,93.jpg,thành công.,phainf cmg.,0.5455,0.6493
79,51.jpg,mạng như muốn lao vào xe cấp cứu.,mny nw md lr na k cip den.,0.5455,0.6832
70,2.jpg,của vụ án. vị nhân chứng đặc biệt này vội vã lên cầu thang và đi vào,ea vn an. vl nlancy da biknay vv lneö than vadá,0.5441,0.6273
36,26.jpg,"chính phủ, còn phải chờ chính phủ cho phép "", không phải sự thể hiện","c&'nq q&2, cn ph2 ca chnqprcho phap""ayphin?thh",0.5441,0.6829
128,9.jpg,có khí hậu biển là vùng nhiệt đới tạo điều kiện cho sinh vật biển phát,ch ha du  vung nhar d  duin co inh afbun phaf,0.5429,0.7164
5,96.jpg,có các số liệu thực tế về vật liệu bị bớt xén...,co'cé s'en tu t've'va lau bi baf xen..,0.5417,0.7773
16,38.jpg,"nhỏ, và chưa bao giờ được chính thức ra sân. nhưng đó không phải là thất","na, v chla dn gi  ehnh uc xaan. tuig d hong phása",0.5417,0.7206
116,31.jpg,vài năm trời với qui mô ngày một lớn.,ve: nanh& vui ms ngytln.,0.5405,0.7154
43,75.jpg,nhà hàng kiều oanh nằm ngay trung tâm,m hay korankminmgay tring tan,0.5405,0.7136
121,60.jpg,ông còn vận động để người bạn thân là trần văn trọng đang sống ở quận bình,ongco van clung lmjo ken thah la tha van teng dang anggran a,0.5405,0.7438
69,35.jpg,"này nè. trước giờ, phân rác ra thỉnh thoảng cũng thấy. gặp giấy","hag n. trualgs,phan aé ra nwah thag ag hayggy",0.5397,0.674
109,89.jpg,"xuân hải, huyện sông cầu, tỉnh phú yên.","man ha,yin sn ca,tn pryen .",0.5385,0.6593
114,68.jpg,số 2554 / qđ - ub ngày 5 - 10 - 2000 của ubnd tỉnh phú yên. thủ tục,so25541q0-ue mj5-10-2000u2nd inpi yan.thac,0.5373,0.68
36,12.jpg,nước sạch cho 85% dân số vào năm 2010 và cho 100% dân số vào năm 2020,wc sad d86% a s'vöo u 2010vdo 100% desnim 02,0.5362,0.6448
130,10.jpg,chuyển đi gửi tạm ở một công ty môi giới. chúng tôi cầu cứu các nơi nhưng,chuyun di ghi tom nb us yn gá. chan ts: ca cúcae nanur,0.5342,0.6955
131,58.jpg,nước tưới vào cuối vụ đông xuân.,nitctuxi uas wsi wu dong xudn .,0.5312,0.7902
37,75.jpg,chương trình hành động thực hiện nghị quyết trung ương 9 - khóa ix,cung unh hanh dór tu hin ngfi uyátung un-ái,0.5303,0.6403
8,79.jpg,"lý nghĩa địa này, chỉ tôi thấy một bên trong trại có để năm quan tài",maha ia may ch to h ma bin ong ka t mam quan +a,0.5294,0.7285
119,77.jpg,được đề cập đầu tiên là vấn đề trọng dụng nhân tài. chúng ta biết rằng,dusc d cp dai n hava  trong durg nan du.chug tabaf ny,0.5286,0.6851
140,71.jpg,rất khác so với thời điểm ban hành những chính sách trước đây. nếu như,nat d no v6i t im bon anh ng chl dc tw6c dannh,0.5286,0.6515
92,91.jpg,"trên tuyến đường kỳ đồng cát rơi vãi khắp nơi, dây điện thoại đứt, dãy","thn hny dng kg oong c1 voi khap noday anhai d,dy",0.5286,0.7749
132,98.jpg,phải có các số liệu thực tế về vật liệu bị bớt xén...,ph c6 nt s6'li tha te''vub b6t xen..,0.5283,0.7044
85,23.jpg,cao thật đấy. nhưng cao mà làm gì khi nv1 lấy tới hai bảy phẩy năm? đó thật ra không phải,th& aynhuny cao mn  kh nv1 dyi ha: lapy nm?drakhng pk,0.5281,0.638
22,84.jpg,"các anh chị em ccv mỗi người một việc. bs hà chuẩn bị y cụ, đdv kim chi xách","c an chj en ccym8 ngu m5 va2. s+clna b:y c,0v kun cuxa",0.5263,0.7484
87,19.jpg,"tia nắng đầu những ngày mưa. cây lá hình như xanh hơn, thắm",ha nanga nhem g mio.c & hnh nuan hantha,0.5254,0.6649
105,94.jpg,hội nghị quốc tế và mở các tour du lịch làng nghề truyền thống.,mqh: qui +va ms eo tour du dichjong mghuyên hoy,0.5238,0.7886
66,74.jpg,đào vàng bất hạnh phần phật trước ngọn gió từ hướng rừng thổi tới,a vang ba hank pha pha tungon gt ging hti,0.5231,0.7581
16,55.jpg,"việt tại nước sở tại. - trước hết, đây là lần đầu tiên một nghị quyết","vnt tai nué .-tnn6c t,tay a lan dan te mst ghi qugt",0.5217,0.713
95,6.jpg,cũng không rõ. chỉ còn vợ chồng anh cùng bốn người khác trong nhóm công,eunkhng 5.chn chng anhug bb nqui haong hchg,0.5211,0.7174
4,36.jpg,"mại xuất nhập khẩu bình phước, từ ngày 17 - 3 - 2004 đến nay đã có 17 lao","waj xua nhp hat si pu,t naai 17-2-20o dh nay da co'17 da",0.5205,0.7329
81,39.jpg,"ngạc nhiên khi đến nhận lại một cặp hồ sơ : "" tôi đã bị mất nó khi công tác","ocnh kl d nhan di mt cp ha's: ""t da bi maf nê  coga?",0.52,0.6848
139,40.jpg,làm sụt giảm kinh tế tp. vậy nguyên nhân gốc từ đâu? viện trưởng viện kinh tế,tain nt qiam dinh té' t9. vay qy&n mhan qp du daw?vin tnashq im kin de,0.5195,0.7789
70,32.jpg,"vùi lấp bằng vết nhơ này "".","iu xop bang vef hs may""",0.5185,0.7379
81,90.jpg,"mình cũng phải ráng. toàn là người cùng quê, cùng vì áo cơm cuộc sống mà đem thân","mihcung ph& angtoan dx ngung que,cmy vi&ocmeut syma denthan",0.5185,0.768
26,78.jpg,"như vậy, nhưng rồi... sẽ nghiên cứu. các ông chủ trẻ của dịch vụ","nha wy, narya...senghin au. ca tg critt cun dw",0.5156,0.6731
67,54.jpg,"nhân dân tỉnh bình dương. theo tìm hiểu của chúng tôi, ngoài ông",nhan danthindungtheo tm ha chng tnn,0.5156,0.7319
31,83.jpg,17 - 3 - 2004 đã ra trình diện tại cơ quan công an. vụ việc đang,--n4dra tinh din t c quan n anc ag,0.5156,0.7273
59,8.jpg,phần xây dựng quê hương đất nước.,pa xa ung quuang tat m6c.,0.5152,0.6749
55,21.jpg,"trãi, quận 1 cũng nổi tiếng bán hàng độc). quán luôn thu hút khách","tha, 1uy uy na ng ban kny da). qua dusn u hitphach",0.5152,0.6752
29,29.jpg,"hỏi bị cáo nguyễn quang hà (nguyên thứ trưởng bộ nn & ptnt) : "" muốn đối","h& bi ca ngên ouang ha (nynk6y bb nnptnt):""muxd",0.5139,0.7368
92,97.jpg,năng sẽ thiếu nước ngọt và bị nước mặn xâm nhập trên diện rộng vì từ nay đến tháng,nn  thx nu ngot va t: nuo man xán nhöp ni dahsiy ti nay tk harg,0.5122,0.7386
36,34.jpg,"anh trần mạnh hoài (giám đốc công ty xây lắp & vật tư xây dựng,",nn tr2d man hn c6me axi cony #y x&y lqp & vu kx&y dpy,0.5079,0.7161
145,78.jpg,chặn ở đầu hai đoạn dốc nơi đoạn đường qua km 95 và gần km 97. họ,chn& da hni dan dsc ndi am doy qua bn s5 oaga km j7.fo,0.5077,0.7495
117,38.jpg,"xuân đại rơi vào cảnh túng quẫn gần như cùng cực. và trên hết, nghi vấn","udn  acaih tuhg quan gan nh gucvatröhf, nghi van",0.507,0.7307
54,96.jpg,"trong đó có bốn người bị thương. công ty chúng tôi toàn người tỉnh ninh bình,",nong d co4 rgubi thung. cöng dy ching t an rguthhnrhbhh.,0.5065,0.7501
111,63.jpg,hai năm nữa là dứt điểm. cái khó nằm ở khâu quyết toán tài chính dn và quyết toán,tai námna l dt din . c hhnam ha qyi tn da ckik dvaqutoan,0.5062,0.6887
120,95.jpg,có,co,0.5,0.8307
45,38.jpg,đi,di,0.5,0.6914
45,95.jpg,từ,tu,0.5,0.7698
53,33.jpg,sẽ,se,0.5,0.8875
64,60.jpg,mô,mo,0.5,0.828
15,37.jpg,tè,t,0.5,0.8078
15,39.jpg,quốc,quct,0.5,0.7254
132,45.jpg,biển,cien,0.5,0.5369
26,9.jpg,lạ,la,0.5,0.9576
26,7.jpg,là,la,0.5,0.7287
26,6.jpg,cơ,c,0.5,0.1782
26,5.jpg,đi,di,0.5,0.899
120,80.jpg,ninh,niml,0.5,0.7409
132,48.jpg,bộ,bo,0.5,0.3468
132,50.jpg,phức,phz,0.5,0.6542
132,29.jpg,bè,be,0.5,0.8767
56,29.jpg,kỳ,ky,0.5,0.3782
111,1.jpg,em,lm,0.5,0.5956
111,4.jpg,phúc,phut,0.5,0.7442
122,12.jpg,nhân,nean,0.5,0.8357
120,88.jpg,tặng,taing,0.5,0.8671
120,93.jpg,về,ve,0.5,0.501
122,30.jpg,dũng,duing,0.5,0.9448
122,28.jpg,xanh,kan,0.5,0.7087
138,86.jpg,ngày,nagoy,0.5,0.5913
132,46.jpg,có,cs,0.5,0.7287
111,17.jpg,răng,runy,0.5,0.6613
77,84.jpg,công,cony,0.5,0.9823
132,54.jpg,cạnh,canl,0.5,0.8959
120,79.jpg,là,la,0.5,0.7297
120,73.jpg,là,l,0.5,0.2812
120,87.jpg,kiến,kia,0.5,0.7382
111,20.jpg,đáng,tang,0.5,0.8279
3,6.jpg,giàu,qiau,0.5,0.6073
3,2.jpg,điều,tieu,0.5,0.65
56,84.jpg,ra,ha,0.5,0.6347
15,88.jpg,phồn,phro,0.5,0.7868
45,100.jpg,cộng,carg,0.5,0.4174
3,14.jpg,nước,niec,0.5,0.6266
3,11.jpg,điểm,tiem,0.5,0.8348
15,45.jpg,tù,tu,0.5,0.9943
3,20.jpg,và,va,0.5,0.9436
122,97.jpg,giàu,gian,0.5,0.581
122,92.jpg,thất,tha,0.5,0.9159
3,45.jpg,tình,tiah,0.5,0.6134
3,58.jpg,rõ,r&,0.5,0.4656
3,54.jpg,từ,tw,0.5,0.639
3,52.jpg,cơ,co,0.5,0.8566
56,71.jpg,tế,tt,0.5,0.4034
132,11.jpg,đồng,aing,0.5,0.6391
132,12.jpg,thủy,hy,0.5,0.3731
37,16.jpg,trời,trh,0.5,0.7129
132,21.jpg,ngày,agay,0.5,0.5221
56,69.jpg,mô,mo,0.5,0.7765
44,100.jpg,hồ,ha,0.5,0.8366
44,92.jpg,sự,sw,0.5,0.6769
44,93.jpg,luật,luar,0.5,0.6885
138,92.jpg,băng,borg,0.5,0.9194
15,22.jpg,cuốn,cué'n,0.5,0.6225
122,50.jpg,họ,ho,0.5,0.9811
15,19.jpg,xanh,itanh,0.5,0.7643
15,35.jpg,là,la,0.5,0.5817
3,36.jpg,xã,x&,0.5,0.8944
15,33.jpg,là,la,0.5,0.5863
15,31.jpg,ra,na,0.5,0.738
56,89.jpg,điều,aitu,0.5,0.7987
3,39.jpg,cảnh,canl,0.5,0.8719
37,22.jpg,nghiện,nghietr,0.5,0.7554
37,23.jpg,bị,b,0.5,0.6341
56,98.jpg,ra,sa,0.5,0.6749
37,12.jpg,loại,lsi,0.5,0.2316
15,21.jpg,vì,vi,0.5,0.7089
3,87.jpg,vì,vi,0.5,0.4379
15,12.jpg,tuần,tual,0.5,0.6759
3,89.jpg,tư,tu,0.5,0.9538
122,62.jpg,là,la,0.5,0.3705
3,92.jpg,cụ,cu,0.5,0.9098
122,58.jpg,xử,xu,0.5,0.4522
3,85.jpg,áo,ao,0.5,0.9173
122,56.jpg,bằng,baing,0.5,0.8409
3,75.jpg,xe,ee,0.5,0.8068
122,67.jpg,rừng,fing,0.5,0.841
15,51.jpg,trại,frai,0.5,0.8302
64,32.jpg,nghị,rgh:,0.5,0.8317
122,81.jpg,khoảng,kchcang,0.5,0.658
15,56.jpg,bị,b.,0.5,0.7928
15,96.jpg,hừ,ht,0.5,0.5022
15,63.jpg,17,1 7,0.5,0.8802
15,60.jpg,cùng,ang,0.5,0.5314
138,94.jpg,cả,ca,0.5,0.9887
15,76.jpg,sự,su,0.5,0.7677
15,15.jpg,có,co,0.5,0.3893
138,82.jpg,kế,k,0.5,0.3797
120,85.jpg,kế,ke,0.5,0.9219
3,77.jpg,xã,xa,0.5,0.962
3,51.jpg,tuổi,2usi,0.5,0.6738
53,14.jpg,châu,chan,0.5,0.7365
3,63.jpg,biết,bst,0.5,0.7943
3,61.jpg,căng,ciny,0.5,0.7688
15,83.jpg,dn,pn,0.5,0.8806
122,80.jpg,lũ,lt,0.5,0.6939
73,26.jpg,sẽ,s2,0.5,0.2052
73,21.jpg,và,va,0.5,0.8374
26,43.jpg,90,9o,0.5,0.5372
111,39.jpg,và,va,0.5,0.8955
111,23.jpg,mà,ma,0.5,0.8983
111,16.jpg,bệnh,bend,0.5,0.7286
73,48.jpg,dự,du,0.5,0.9722
3,46.jpg,mong,moy,0.5,0.8214
3,18.jpg,tuổi,tua,0.5,0.7377
3,33.jpg,chưa,chu'a,0.5,0.8256
37,31.jpg,là,la,0.5,0.7207
37,29.jpg,mô,mo,0.5,0.9095
37,43.jpg,tự,tu,0.5,0.9877
111,29.jpg,chất,cha't,0.5,0.9694
37,56.jpg,ấy,ry,0.5,0.8203
37,54.jpg,trận,fran,0.5,0.9357
37,52.jpg,cuộc,cuge,0.5,0.6663
73,54.jpg,cơ,c,0.5,0.2127
30,57.jpg,cả,ca,0.5,0.9681
30,58.jpg,giày,glay,0.5,0.7481
125,5.jpg,phương,phrony,0.5,0.8633
92,88.jpg,nhân,whn,0.5,0.616
92,89.jpg,ta,ha,0.5,0.5007
92,94.jpg,có,co,0.5,0.4871
88,91.jpg,tính,tah,0.5,0.6658
88,82.jpg,ra,na,0.5,0.7525
64,62.jpg,mơ,m&,0.5,0.5813
145,86.jpg,về,ve,0.5,0.1631
30,70.jpg,biên,brén,0.5,0.681
30,56.jpg,có,co,0.5,0.2869
145,45.jpg,ai,a,0.5,0.9735
53,90.jpg,về,v&,0.5,0.3479
53,92.jpg,nghị,ng.h:,0.5,0.7513
53,81.jpg,chìm,chin,0.5,0.8822
53,86.jpg,và,v,0.5,0.5424
145,10.jpg,năng,1eng,0.5,0.674
145,85.jpg,km,ym,0.5,0.8916
121,19.jpg,và,va,0.5,0.2896
121,6.jpg,nghị,mghi,0.5,0.8049
121,9.jpg,lỏng,le'ng,0.5,0.5916
31,3.jpg,về,ve,0.5,0.334
31,6.jpg,việc,vuic,0.5,0.6116
31,8.jpg,và,va,0.5,0.9472
31,69.jpg,giới,gia:,0.5,0.7662
31,54.jpg,xứ,x3,0.5,0.4365
31,19.jpg,họ,ho,0.5,0.9001
148,61.jpg,phục,phus,0.5,0.949
148,52.jpg,họ,ho,0.5,0.8532
92,85.jpg,ta,to,0.5,0.8151
92,86.jpg,mẹ,me,0.5,0.9867
92,71.jpg,sông,suny,0.5,0.7553
92,72.jpg,mà,ma,0.5,0.9878
31,34.jpg,khỏe,khor,0.5,0.8727
31,24.jpg,là,l,0.5,0.0639
31,27.jpg,trực,tre,0.5,0.7048
148,59.jpg,"quay sang tôi, anh trường nói : "" một chị ở quận 8 gọi điện cảm ơn chúng",auay song tanhtrg nó:möt chi'guan gn in canen dg,0.5,0.7984
41,89.jpg,án,an,0.5,0.866
41,90.jpg,sự,su,0.5,0.8851
41,60.jpg,sống,bong,0.5,0.6849
41,68.jpg,đồng,ding,0.5,0.9121
92,55.jpg,ký,ky,0.5,0.4579
76,38.jpg,biển,b'en,0.5,0.5283
76,29.jpg,đi,di,0.5,0.6376
76,30.jpg,vụ,vu,0.5,0.5909
112,87.jpg,lãnh,lanl,0.5,0.7712
76,23.jpg,trên,then,0.5,0.8311
76,25.jpg,lã,la,0.5,0.5475
41,37.jpg,lơ,l8,0.5,0.5946
41,30.jpg,có,co,0.5,0.4284
145,33.jpg,hoặc,hocic,0.5,0.7857
112,57.jpg,thường,tuvong,0.5,0.6633
76,46.jpg,tỉnh,tirh,0.5,0.846
76,48.jpg,có,co,0.5,0.592
76,51.jpg,có,co,0.5,0.625
76,20.jpg,liêu,leu,0.5,0.5414
112,91.jpg,phương,lhiong,0.5,0.7856
145,49.jpg,hiện,hen,0.5,0.6187
145,52.jpg,ra,na,0.5,0.8173
145,39.jpg,xử,xa,0.5,0.2339
145,43.jpg,là,la,0.5,0.6357
41,6.jpg,trên,hr&n,0.5,0.6797
30,90.jpg,xe,x,0.5,0.607
41,55.jpg,phải,phar,0.5,0.798
41,33.jpg,niên,mien,0.5,0.818
41,46.jpg,bề,be,0.5,0.3006
41,49.jpg,cả,ca,0.5,0.9266
148,41.jpg,cũng,cany,0.5,0.765
148,44.jpg,tiên,then,0.5,0.6266
148,46.jpg,họ,ho,0.5,0.8143
77,4.jpg,tiếc,ties,0.5,0.523
92,75.jpg,a5,at,0.5,0.5647
41,21.jpg,đồng,ting,0.5,0.6393
41,12.jpg,cả,ca,0.5,0.8206
41,56.jpg,niềm,nien,0.5,0.7744
31,95.jpg,trại,frai,0.5,0.9072
145,95.jpg,công,cont,0.5,0.7796
145,97.jpg,bị,bi,0.5,0.7345
145,98.jpg,từ,te,0.5,0.5903
7,54.jpg,bộ,be,0.5,0.3618
7,56.jpg,chơi,ch's,0.5,0.6803
148,65.jpg,từ,tu,0.5,0.9565
30,7.jpg,liên,liem,0.5,0.9031
121,16.jpg,vụ,vm,0.5,0.6224
7,7.jpg,biết,bret,0.5,0.6464
145,92.jpg,xong,xbnq,0.5,0.6504
148,84.jpg,thơi,tha,0.5,0.7733
20,95.jpg,hàng,hany,0.5,0.8202
20,88.jpg,phương,pluang,0.5,0.4899
20,90.jpg,bị,bi,0.5,0.9589
20,92.jpg,mình,minl,0.5,0.8681
20,77.jpg,định,dinh,0.5,0.8195
145,73.jpg,19,1g,0.5,0.7419
7,4.jpg,nhân,nhoin,0.5,0.947
20,44.jpg,chất,chal,0.5,0.8133
20,48.jpg,lẽ,l,0.5,0.4749
20,50.jpg,đang,dan,0.5,0.9284
20,39.jpg,công,con,0.5,0.7572
20,40.jpg,mơ,mb,0.5,0.6317
20,41.jpg,chia,chu'a,0.5,0.742
20,43.jpg,khắc,whac,0.5,0.804
31,71.jpg,án,an,0.5,0.9517
31,90.jpg,thất,that',0.5,0.8073
31,78.jpg,là,la,0.5,0.8672
66,21.jpg,kiến,kiok,0.5,0.5048
66,8.jpg,cùng,ang,0.5,0.8712
74,72.jpg,bị,b:,0.5,0.8985
74,73.jpg,hệ,hi,0.5,0.9459
148,67.jpg,cổ,co,0.5,0.4713
148,69.jpg,bềnh,benl,0.5,0.7035
148,71.jpg,nhân,nhar,0.5,0.7982
66,5.jpg,bè,be,0.5,0.5664
31,72.jpg,là,l,0.5,0.6235
30,53.jpg,dự,dz,0.5,0.7287
30,36.jpg,an,aun,0.5,0.7575
30,37.jpg,trên,trer,0.5,0.8359
30,26.jpg,có,co,0.5,0.7476
30,84.jpg,đông,dong,0.5,0.6955
30,87.jpg,số,sa,0.5,0.22
30,63.jpg,mà,ma,0.5,0.9884
145,38.jpg,nước,ni&c,0.5,0.6758
145,74.jpg,bình,binl,0.5,0.6061
53,98.jpg,khai,tha,0.5,0.7661
121,1.jpg,nhấn,mhan,0.5,0.8224
145,59.jpg,có,co,0.5,0.9542
145,61.jpg,việc,aisc,0.5,0.8999
7,18.jpg,xứ,xt,0.5,0.3832
7,15.jpg,ba,na,0.5,0.3884
20,72.jpg,hành,hond,0.5,0.7435
121,12.jpg,luật,luns,0.5,0.6045
121,14.jpg,việt,vut,0.5,0.8546
121,11.jpg,xe,ke,0.5,0.5577
145,66.jpg,cổ,co,0.5,0.6273
145,69.jpg,mẹ,me,0.5,0.807
125,37.jpg,cơ,c3,0.5,0.3816
125,25.jpg,năng,nany,0.5,0.8465
125,27.jpg,ty,y,0.5,0.7731
125,20.jpg,dự,du,0.5,0.8264
125,6.jpg,từ,t,0.5,0.8476
30,49.jpg,quan,wan,0.5,0.7534
76,15.jpg,trái,tra,0.5,0.8213
148,32.jpg,án,an,0.5,0.8575
148,36.jpg,nông,nangy,0.5,0.865
148,38.jpg,tháo,tl&o,0.5,0.641
149,91.jpg,và,v4,0.5,0.7449
125,31.jpg,từ,t,0.5,0.1974
145,26.jpg,là,la,0.5,0.5698
145,27.jpg,diện,lin,0.5,0.553
145,29.jpg,là,la,0.5,0.9386
76,9.jpg,số,so,0.5,0.6096
74,76.jpg,hđxx,h9 xx,0.5,0.9062
132,65.jpg,bệnh,bent,0.5,0.7408
54,23.jpg,giấy,yiay,0.5,0.6957
54,11.jpg,án,an,0.5,0.9963
54,12.jpg,có,co,0.5,0.4978
34,77.jpg,võ,v,0.5,0.6901
34,78.jpg,khẩn,than,0.5,0.5992
34,71.png,nhóm,mhom,0.5,0.6428
45,25.jpg,và,va,0.5,0.8138
53,76.jpg,cũng,cig,0.5,0.3479
29,35.jpg,soát,scat,0.5,0.8468
29,36.jpg,tỉ,ti,0.5,0.8149
77,9.jpg,và,va,0.5,0.4964
112,11.jpg,biển,hien,0.5,0.8505
112,3.jpg,quốc,qus'c,0.5,0.8852
29,92.jpg,ác,ac,0.5,0.843
29,96.jpg,bằng,hang,0.5,0.9904
29,83.jpg,cá,ca,0.5,0.7321
34,76.jpg,cuộc,cuge,0.5,0.6593
45,8.jpg,việc,vac,0.5,0.7751
77,87.jpg,việc,vi&,0.5,0.7218
77,79.jpg,ubnd,ubino,0.5,0.784
92,32.jpg,âm,am,0.5,0.8267
92,34.jpg,trai,taui,0.5,0.7876
92,21.jpg,hà,ha,0.5,0.705
92,22.jpg,xã,xa,0.5,0.6234
92,25.jpg,có,cd,0.5,0.6933
92,10.jpg,thức,thuk,0.5,0.8097
132,64.jpg,về,v&,0.5,0.5078
34,83.jpg,""" tôi không được bàn giao từ bộ trưởng cũ, những cái bộ trưởng cũ đã","""t6i 6ng dudc 8&n giao t &sthu&rg a, nhufng cd: s tru%rg aota",0.5,0.8328
77,58.jpg,và,v,0.5,0.2417
77,59.jpg,an,n,0.5,0.9564
77,43.jpg,hà,ha,0.5,0.8521
77,49.jpg,chưa,chila,0.5,0.8739
15,6.jpg,nghề,nghs',0.5,0.7785
15,7.jpg,và,va,0.5,0.9222
77,97.jpg,trực,tr uc,0.5,0.6673
77,98.jpg,luân,huan,0.5,0.819
34,81.jpg,khuyến,khaya,0.5,0.6914
29,31.jpg,tràn,tan,0.5,0.8218
29,21.jpg,hiểu,hie,0.5,0.9834
29,22.jpg,thói,th6s,0.5,0.4332
29,73.jpg,quát,quk t,0.5,0.8171
76,98.jpg,trạm,tran,0.5,0.7586
73,1.jpg,là,le,0.5,0.5042
76,90.jpg,mà,ma,0.5,0.6521
29,40.jpg,phức,phae,0.5,0.6431
37,79.jpg,nguy,hgry,0.5,0.6461
37,62.jpg,cảnh,cane,0.5,0.7636
45,82.jpg,việt,vid,0.5,0.6341
45,83.jpg,xuân,xus,0.5,0.9424
122,85.jpg,ngàn,mgan,0.5,0.876
122,87.jpg,và,va,0.5,0.9485
73,15.jpg,lãnh,lah,0.5,0.5305
73,6.jpg,thác,tac,0.5,0.651
132,85.jpg,việc,vite,0.5,0.5839
45,41.jpg,bé,be,0.5,0.989
29,43.jpg,ăn,an,0.5,0.9481
37,81.jpg,rẻ,re,0.5,0.9499
53,54.jpg,giải,giat,0.5,0.6299
53,48.jpg,hđxx,hg xx,0.5,0.6627
53,52.jpg,khăn,chan,0.5,0.6933
53,41.jpg,biển,bren,0.5,0.6345
37,98.jpg,có,cb,0.5,0.5306
37,87.jpg,diện,dlien,0.5,0.8
37,89.jpg,kinh,cunh,0.5,0.6705
29,27.jpg,lãnh,lanb,0.5,0.8666
37,77.jpg,hà,ha,0.5,0.8227
29,66.jpg,khái,khia,0.5,0.6038
29,67.jpg,toàn,tuon,0.5,0.5842
29,70.jpg,vợ,v&,0.5,0.6519
29,59.jpg,liệt,lset,0.5,0.7869
45,12.jpg,mỹ,my,0.5,0.975
45,13.jpg,phải,phar,0.5,0.8006
34,99.jpg,vụ,vu,0.5,0.5174
29,24.jpg,việc,vlec,0.5,0.5088
37,76.jpg,chết,ohet,0.5,0.8248
112,84.jpg,km,cm,0.5,0.6519
112,85.jpg,bị,b.,0.5,0.9377
77,73.jpg,là,l,0.5,0.3961
77,76.jpg,đông,pong,0.5,0.5936
77,60.jpg,phải,pha,0.5,0.9425
92,37.jpg,mộ,ma,0.5,0.5049
92,38.jpg,mà,ma,0.5,0.9808
92,40.jpg,nâng,mang,0.5,0.7808
112,8.jpg,phép,p.hep,0.5,0.7919
34,21.jpg,kinh,jcinh,0.5,0.7201
34,22.jpg,công,co ng,0.5,0.8724
34,5.jpg,tỉnh,tind,0.5,0.7218
76,81.jpg,gỗ,go,0.5,0.1271
76,82.jpg,nhất,nha't,0.5,0.7964
76,83.jpg,định,dinh,0.5,0.8631
76,84.jpg,trên,dren,0.5,0.8309
112,45.jpg,án,an,0.5,0.9848
112,36.jpg,kinh,cunh,0.5,0.5491
92,43.jpg,cùng,crung,0.5,0.8501
53,69.jpg,là,la,0.5,0.7576
120,22.jpg,mà,ma,0.5,0.9637
120,26.jpg,cư,cu,0.5,0.8654
120,13.jpg,tiền,then,0.5,0.8273
120,6.jpg,nhậu,nhouu,0.5,0.788
120,11.jpg,cấp cứu.,cop cdk .,0.5,0.8437
54,39.jpg,biển,bier,0.5,0.9075
54,97.jpg,nước,nusc,0.5,0.7705
112,77.jpg,là,la,0.5,0.9527
54,84.jpg,trương,trnony,0.5,0.7241
77,62.jpg,lịch,licl,0.5,0.7948
77,51.jpg,và,vc,0.5,0.5359
54,42.jpg,âu,au,0.5,0.9906
54,44.jpg,công,cany,0.5,0.5418
54,32.jpg,rách,raich,0.5,0.9101
54,36.jpg,cùng,cuny,0.5,0.8993
112,20.jpg,thôn,thoe,0.5,0.6777
112,25.jpg,tiết,tet,0.5,0.7416
54,78.jpg,và,va,0.5,0.5962
34,11.jpg,bình,biih,0.5,0.6681
54,56.jpg,nghị,ng&:,0.5,0.6466
54,57.jpg,có,c,0.5,0.1997
77,23.jpg,vàng,uang,0.5,0.7506
77,18.jpg,sẽ,s,0.5,0.6265
77,19.jpg,định,dinh,0.5,0.8963
77,21.jpg,là,la,0.5,0.8724
77,7.jpg,và,va,0.5,0.7433
112,37.jpg,vĩnh,vind,0.5,0.7603
120,70.jpg,malaysia,malafin'a,0.5,0.7263
120,59.jpg,ba,bal,0.5,0.6977
120,38.jpg,từ,te,0.5,0.3331
54,60.jpg,tù,tu,0.5,0.7138
54,61.jpg,nước,nudc,0.5,0.4871
29,61.jpg,bộ,be,0.5,0.5173
29,62.jpg,tiền,dien,0.5,0.7133
29,49.jpg,xe,le,0.5,0.5479
29,54.jpg,xe,re,0.5,0.813
77,81.jpg,tịch,itich,0.5,0.7793
34,53.jpg,là,la,0.5,0.8215
34,37.jpg,toàn,tocun,0.5,0.7569
34,39.jpg,do,d,0.5,0.9758
34,43.jpg,tư,tu,0.5,0.9833
34,30.jpg,nghị,mghi,0.5,0.768
34,33.jpg,ca,ea,0.5,0.9661
76,80.jpg,phương,phuiny,0.5,0.7204
41,97.jpg,cũng,cuing,0.5,0.8882
41,99.jpg,kỷ,ky,0.5,0.8724
112,51.jpg,nợ,no,0.5,0.58
34,56.jpg,2004,200 g,0.5,0.7237
34,58.jpg,vn,v2,0.5,0.3651
34,44.jpg,số,s6,0.5,0.5431
34,49.jpg,xa,ya,0.5,0.6462
34,51.jpg,luận,lnan,0.5,0.8586
54,72.jpg,là,la,0.5,0.894
148,77.jpg,"trong đó có 2 quần đảo hoàng sa, trường sa và 2.577 đảo lớn,","troy +   qu: a: th6ay sa, tnay sa u 2.57 oi l'n",0.5,0.6917
112,73.jpg,hồ,h6,0.5,0.9096
112,68.jpg,có,co,0.5,0.3887
34,1.jpg,liên,len,0.5,0.471
114,87.jpg,buổi,buo'i,0.5,0.7039
141,24.jpg,nhất,mhat,0.5,0.9252
141,9.jpg,châu,chan,0.5,0.7099
136,7.jpg,đứng,ding,0.5,0.7164
95,96.jpg,pháo,phat,0.5,0.8314
95,86.jpg,rỉnh,ri'nh,0.5,0.8564
95,91.jpg,lễ,li,0.5,0.5913
114,70.jpg,âm,am,0.5,0.8072
51,30.jpg,định,dinh,0.5,0.866
7,90.jpg,thôi,tho,0.5,0.4945
136,13.jpg,điều,ditu,0.5,0.5957
136,14.jpg,cộng,cony,0.5,0.6414
136,15.jpg,ngày,nyay,0.5,0.8158
136,17.jpg,là,la,0.5,0.8723
136,4.jpg,là,la,0.5,0.5873
136,6.jpg,đồng,zing,0.5,0.5406
24,73.jpg,phát,hat,0.5,0.7977
24,76.jpg,quản,yuon,0.5,0.6101
24,59.jpg,và,va,0.5,0.8098
24,61.jpg,hiện,hiir,0.5,0.7156
136,12.jpg,toán,toar,0.5,0.798
60,2.jpg,bị,bi,0.5,0.796
21,93.jpg,là,la,0.5,0.8168
21,98.jpg,nghiện,myhien,0.5,0.6332
33,30.jpg,bình,finh,0.5,0.5768
33,29.jpg,trận,than,0.5,0.734
24,56.jpg,cũng,cunng,0.5,0.6326
24,45.jpg,có,c,0.5,0.1464
24,31.jpg,mà,ma,0.5,0.9857
8,15.jpg,thương,dhuang,0.5,0.4283
114,98.jpg,cơ,co,0.5,0.4773
8,56.jpg,là,la,0.5,0.5794
127,7.jpg,bình,bind,0.5,0.762
127,14.jpg,khoa,hhra,0.5,0.407
127,5.jpg,cơ,ca,0.5,0.5206
8,89.jpg,là,la,0.5,0.6217
33,40.jpg,biết,hiet,0.5,0.851
33,45.jpg,từ,t,0.5,0.3577
114,50.jpg,và,v&,0.5,0.3482
89,5.jpg,vùng,viing,0.5,0.6282
114,94.jpg,lãnh,canh,0.5,0.7807
141,11.jpg,ta,+a,0.5,0.6171
8,18.jpg,bệnh,b snh,0.5,0.9072
8,22.jpg,khác,hhac,0.5,0.7664
106,89.jpg,sẽ,ss,0.5,0.5902
106,92.jpg,2010,20/c,0.5,0.6496
114,75.jpg,an,on,0.5,0.6848
114,76.jpg,vệ,v2,0.5,0.4708
141,39.jpg,17,1f,0.5,0.6583
141,40.jpg,và,va,0.5,0.8481
63,84.jpg,công,cony,0.5,0.7
24,62.jpg,sống,aing,0.5,0.5429
60,32.jpg,cá,ca,0.5,0.7572
46,33.jpg,sinh,niwh,0.5,0.7791
106,73.jpg,hoàn,loin,0.5,0.4278
106,75.jpg,có,ce,0.5,0.4065
106,59.jpg,hssv,tpssv,0.5,0.6736
106,66.jpg,có,co,0.5,0.6929
60,50.jpg,viên,vis,0.5,0.4806
60,45.jpg,xe,x,0.5,0.6338
60,41.jpg,hiểm,fiém,0.5,0.3925
60,26.jpg,là,l,0.5,0.2098
63,80.jpg,tổ,to,0.5,0.9009
51,38.jpg,về,ve,0.5,0.5539
51,27.jpg,chuyện,clwyen,0.5,0.8495
24,34.jpg,cổ,ca,0.5,0.4424
24,85.jpg,nghị,ghe,0.5,0.7663
24,86.jpg,có,cb,0.5,0.5085
24,92.jpg,công,carg,0.5,0.6028
24,78.jpg,khai,mha,0.5,0.7341
24,69.jpg,lý,ly,0.5,0.7149
114,34.jpg,sang,scung,0.5,0.6182
8,25.jpg,ăn,an,0.5,0.8011
114,43.jpg,có,co,0.5,0.2716
114,27.jpg,cb,c,0.5,0.7725
114,28.jpg,rằng,rany,0.5,0.759
114,32.jpg,công,congy,0.5,0.667
46,24.jpg,giải,gias,0.5,0.5899
46,14.jpg,ruổi,rus,0.5,0.803
16,52.jpg,tù,tu,0.5,0.9551
87,88.jpg,thềm,then,0.5,0.8105
8,37.jpg,an,ar,0.5,0.9904
8,40.jpg,bệnh,binl,0.5,0.7673
114,42.jpg,nỗ,na,0.5,0.6755
109,95.jpg,từ,ti,0.5,0.3629
109,98.jpg,tầng,tany,0.5,0.7583
109,88.jpg,cách,auch,0.5,0.7442
4,39.jpg,tư,tu,0.5,0.6278
4,32.jpg,đình,dinh,0.5,0.9472
127,99.jpg,liên,luin,0.5,0.4444
127,100.jpg,đồng,dong,0.5,0.7726
127,87.jpg,kẻ,ke,0.5,0.6975
21,84.jpg,bị,bi,0.5,0.6499
60,15.jpg,cách,cacl,0.5,0.6674
21,78.jpg,công,corg,0.5,0.6177
21,83.jpg,sống,son,0.5,0.7145
21,68.jpg,giáp,grap,0.5,0.5441
89,44.jpg,vĩnh,vink,0.5,0.753
89,33.jpg,21,q1,0.5,0.472
89,38.jpg,xuất,xwat,0.5,0.8245
89,20.jpg,dị,d,0.5,0.2753
89,22.jpg,dung,dlun,0.5,0.6351
1,95.jpg,kỳ,ky,0.5,0.936
141,55.jpg,thức,thut,0.5,0.877
21,76.jpg,bỗng,barg,0.5,0.6787
4,17.jpg,hành,hand,0.5,0.8276
4,3.jpg,kẻ,ke,0.5,0.8069
4,5.jpg,cơ,co,0.5,0.5812
4,8.jpg,là,la,0.5,0.5687
127,61.jpg,án,an,0.5,0.9912
127,49.jpg,và,va,0.5,0.9252
33,74.jpg,có,cd,0.5,0.7376
33,60.jpg,giản,gican,0.5,0.6559
33,51.jpg,xanh,ranl,0.5,0.6245
127,70.jpg,tử,t,0.5,0.1753
4,84.jpg,cụ,cu,0.5,0.9249
4,86.jpg,xe,ce,0.5,0.3841
4,34.jpg,và,va,0.5,0.9325
4,18.jpg,kẻ,ke,0.5,0.9498
4,24.jpg,cũng,cling,0.5,0.822
4,27.jpg,nhất,mhat,0.5,0.9765
33,81.jpg,tăng,t ang,0.5,0.9139
33,83.jpg,việc,v2c,0.5,0.582
33,68.jpg,phát,pha't,0.5,0.7314
21,65.jpg,cả,ca,0.5,0.7486
33,52.jpg,vàng,wang,0.5,0.6003
141,81.jpg,có,co,0.5,0.534
141,68.jpg,đồng,chng,0.5,0.6686
141,69.jpg,án,an,0.5,0.9536
141,71.jpg,từ,tu,0.5,0.3437
24,10.jpg,bị,b:,0.5,0.8122
4,100.jpg,tư,tu,0.5,0.6804
24,1.jpg,về,ve,0.5,0.5228
4,88.jpg,là,la,0.5,0.6045
4,95.jpg,kong,lkony,0.5,0.8367
141,56.jpg,theo,fleo,0.5,0.6434
8,70.jpg,ra,ral,0.5,0.7665
127,38.jpg,lẽ,le,0.5,0.4556
127,39.jpg,xe,be,0.5,0.8166
127,16.jpg,phát,phar,0.5,0.946
127,17.jpg,11,1/,0.5,0.7507
127,19.jpg,sẽ,s2,0.5,0.5457
4,55.jpg,và,va,0.5,0.3454
24,7.jpg,20,d0,0.5,0.7621
60,24.jpg,rộng,rany,0.5,0.714
60,14.jpg,ngân,rgan,0.5,0.7744
8,77.jpg,xử,xú,0.5,0.5204
141,57.jpg,lý,li,0.5,0.4321
141,47.jpg,liệm,lam,0.5,0.6163
141,50.jpg,thêm,then,0.5,0.8256
114,88.jpg,pháp,phy,0.5,0.8499
127,31.jpg,trực,tuc,0.5,0.8271
141,14.jpg,bị,b',0.5,0.5097
1,99.jpg,đi,di,0.5,0.6477
141,2.jpg,xuất,xuai,0.5,0.5425
141,4.jpg,biển,dinn,0.5,0.4002
4,76.jpg,dụng,dlung,0.5,0.8561
8,54.jpg,chuyện,chugjin,0.5,0.6225
8,96.jpg,cuối,cuis,0.5,0.6501
8,80.jpg,hiện,shien,0.5,0.7071
127,42.jpg,cảnh,canl,0.5,0.7498
127,46.jpg,thậm,that,0.5,0.6902
141,60.jpg,phải,pha,0.5,0.9775
141,61.jpg,thường,thu& ng,0.5,0.6197
114,67.jpg,mẹ,me,0.5,0.9661
114,55.jpg,chặt,chay,0.5,0.8129
114,46.jpg,lẽ,le,0.5,0.6319
114,47.jpg,là,la,0.5,0.4728
4,64.jpg,chương,chwony,0.5,0.6669
60,100.jpg,xáng,dang,0.5,0.4079
143,65.jpg,công,cony,0.5,0.8845
143,67.jpg,án,an,0.5,0.6506
106,32.jpg,lý,lj,0.5,0.1858
106,17.jpg,tờ,t,0.5,0.725
67,1.jpg,kinh,nanh,0.5,0.6296
136,63.jpg,bà,ba,0.5,0.9599
13,22.jpg,vùng,vwn g,0.5,0.8165
13,27.jpg,hoãn,hoas,0.5,0.7988
60,28.jpg,đi,di,0.5,0.6263
13,4.jpg,bè,be,0.5,0.772
60,95.jpg,cổ,co,0.5,0.7013
65,76.jpg,vì,vi,0.5,0.9477
65,81.jpg,quản,quar,0.5,0.8552
65,66.jpg,và,va,0.5,0.6651
65,67.jpg,vỏ,v6,0.5,0.3048
38,26.jpg,dự,du,0.5,0.9043
38,30.jpg,sinh,ajnh,0.5,0.6409
38,11.jpg,trưởng,truony,0.5,0.7583
67,85.jpg,cổng,cony,0.5,0.5062
13,1.jpg,cuộc,cu&,0.5,0.7622
90,5.jpg,họ,ho,0.5,0.9674
90,50.jpg,gỡ,g,0.5,0.1504
136,24.jpg,km,cm,0.5,0.6373
87,66.jpg,mơ,mo,0.5,0.7
16,41.jpg,tiếp,tp,0.5,0.5286
16,44.jpg,sẽ,so,0.5,0.4306
16,46.jpg,xe,ae,0.5,0.9376
16,84.jpg,có,co,0.5,0.632
16,85.jpg,vì,vi,0.5,0.6041
51,2.jpg,giao,pao,0.5,0.6529
136,97.jpg,kiều,kia,0.5,0.4572
100,100.jpg,cử,cu,0.5,0.5971
87,20.jpg,mà,ma,0.5,0.6911
87,12.jpg,tổ,to,0.5,0.3672
16,72.jpg,hoàn,hvan,0.5,0.7566
51,16.jpg,phát,puhkt,0.5,0.6587
51,20.jpg,biển,lien,0.5,0.8742
51,7.jpg,lễ,l2,0.5,0.4897
51,10.jpg,41,4l,0.5,0.725
136,100.jpg,lã,l2,0.5,0.3395
16,77.jpg,rộng,nang,0.5,0.7585
136,84.jpg,thật,ahat,0.5,0.8811
136,85.jpg,từ,tu,0.5,0.979
143,33.jpg,cũng,cuny,0.5,0.9147
143,28.jpg,mẹ,me,0.5,0.848
100,64.jpg,chữa,chi,0.5,0.9628
100,66.jpg,ngồi,hgoi,0.5,0.4731
100,68.jpg,hiện,hior,0.5,0.5742
100,60.jpg,kiếm,"kim""",0.5,0.6721
67,14.jpg,liên,lier,0.5,0.8463
67,80.jpg,dù,d,0.5,0.8874
67,16.jpg,bị,bi,0.5,0.9538
105,85.jpg,quận,qucin,0.5,0.9051
105,77.jpg,công,cony,0.5,0.7786
105,79.jpg,gì,gi,0.5,0.8936
105,81.jpg,và,va,0.5,0.733
90,93.jpg,bị,bi,0.5,0.779
90,83.jpg,bà,bg,0.5,0.6209
90,67.jpg,nó,no,0.5,0.9496
90,68.jpg,đuổi,jui,0.5,0.3886
13,53.jpg,hàng,harg,0.5,0.4957
67,15.jpg,là,la,0.5,0.8305
13,90.jpg,việc,vite,0.5,0.72
13,79.jpg,từ,t,0.5,0.971
13,83.jpg,kiến,kit',0.5,0.3272
13,94.jpg,hà,ha,0.5,0.708
65,75.jpg,sinh,kinl,0.5,0.5578
143,7.jpg,về,ve,0.5,0.7624
105,96.jpg,đồng,dtng,0.5,0.5995
105,97.jpg,tư,t,0.5,0.2118
67,94.jpg,cụ,cu,0.5,0.7789
67,84.jpg,cùng,cuny,0.5,0.7693
100,41.jpg,hiện,htin,0.5,0.5876
100,63.jpg,lãng,kang,0.5,0.7545
105,51.jpg,tù,ti,0.5,0.5814
105,45.jpg,trực,twc,0.5,0.3915
105,47.jpg,liên,loen,0.5,0.4947
143,4.jpg,hiếm,hien,0.5,0.8786
143,5.jpg,hiếm,hier,0.5,0.5686
100,43.jpg,công,cuny,0.5,0.7034
100,44.jpg,vụ,vu,0.5,0.9456
100,45.jpg,việc,vi'ac,0.5,0.5885
100,39.jpg,xe,x,0.5,0.3939
100,6.jpg,bị,bi,0.5,0.8953
87,37.jpg,mà,mw,0.5,0.8571
114,7.jpg,đi,di,0.5,0.8183
87,89.jpg,tuổi,tut,0.5,0.5551
87,91.jpg,tp,tr,0.5,0.6776
87,84.jpg,thậm,dham,0.5,0.7839
87,85.jpg,từng,tuny,0.5,0.8943
16,12.jpg,sống,king,0.5,0.5387
63,17.jpg,thấy,taay,0.5,0.6798
63,7.jpg,khái,kh41,0.5,0.6988
90,4.jpg,xe,pe,0.5,0.7276
63,12.jpg,về,ve,0.5,0.2094
16,81.jpg,về,ve,0.5,0.3544
16,68.jpg,có,c,0.5,0.243
16,69.jpg,dự,dh,0.5,0.6808
87,50.jpg,họ,ho,0.5,0.4393
106,43.jpg,kiểm,keem,0.5,0.8198
106,46.jpg,dính,dins,0.5,0.9418
46,95.jpg,tiếp,tier,0.5,0.6716
46,96.jpg,biển,lizn,0.5,0.5499
63,31.jpg,chết,chi't,0.5,0.7518
63,8.jpg,về,ve,0.5,0.4038
46,8.jpg,bộ,ba,0.5,0.7889
46,12.jpg,việc,uiec,0.5,0.7931
24,93.jpg,xử,xi,0.5,0.6651
46,1.jpg,chục,ctuc,0.5,0.6117
46,63.jpg,47,4 7,0.5,0.8096
46,64.jpg,nhau,whan,0.5,0.7439
46,49.jpg,ai,a,0.5,0.8435
46,38.jpg,biển,bier,0.5,0.5486
114,20.jpg,vùng,vungy,0.5,0.7715
87,52.jpg,ra,aa,0.5,0.6435
51,45.jpg,lê,l,0.5,0.5257
51,48.jpg,hừ,ha,0.5,0.2342
51,36.jpg,nước,noc,0.5,0.5017
46,7.jpg,đi,di,0.5,0.5938
16,13.jpg,mà,ma,0.5,0.9868
16,14.jpg,hà,ha,0.5,0.924
16,15.jpg,bị,bi,0.5,0.9133
16,7.jpg,ngày,rgay,0.5,0.9576
16,2.jpg,khắp,shop,0.5,0.6381
16,63.jpg,và,va,0.5,0.9862
51,52.jpg,động,dong,0.5,0.8918
46,72.jpg,vụ,vu,0.5,0.8621
46,73.jpg,lý,l,0.5,0.1868
90,17.jpg,dùng,diny,0.5,0.5389
143,56.jpg,sang,rany,0.5,0.8395
143,41.jpg,về,ve,0.5,0.9425
143,99.jpg,cư,c,0.5,0.76
63,2.jpg,cháu,chaw,0.5,0.8161
143,91.jpg,nghỉ,rght,0.5,0.6368
143,13.jpg,tiếp,tin,0.5,0.7239
87,14.jpg,ải,ai,0.5,0.6309
90,54.jpg,sống,pong,0.5,0.6645
90,44.jpg,công,eong,0.5,0.6966
143,72.jpg,về,vc,0.5,0.503
143,63.jpg,đinh,otinh,0.5,0.8672
143,52.jpg,và,va,0.5,0.926
16,78.jpg,tp,t p,0.5,0.8352
60,74.jpg,là,la,0.5,0.6761
60,61.jpg,giai,gi'ai',0.5,0.7094
63,32.jpg,bằng,baing,0.5,0.4345
63,36.jpg,mà,ma,0.5,0.983
143,15.jpg,gánh,gank,0.5,0.9191
87,5.jpg,là,l,0.5,0.3631
136,27.jpg,việc,uiec,0.5,0.739
136,33.jpg,vùng,nung,0.5,0.6686
136,19.jpg,diện,dim,0.5,0.7814
136,20.jpg,thai,ahan,0.5,0.7444
60,91.jpg,tình,tine,0.5,0.9537
60,92.jpg,âm,am,0.5,0.9819
60,76.jpg,định,dinh,0.5,0.8737
60,79.jpg,hạnh,hant,0.5,0.6382
60,83.jpg,thổi,tho',0.5,0.7527
46,84.jpg,vụ,vu,0.5,0.7611
90,20.jpg,là một phần biển đông.,ta mat nhan the ong.,0.5,0.735
90,23.jpg,có,c,0.5,0.1057
90,11.jpg,có,co,0.5,0.483
143,86.jpg,là,lu,0.5,0.8931
143,77.jpg,rừng,riny,0.5,0.5461
143,78.jpg,đang,tany,0.5,0.8661
143,79.jpg,đoàn,doan,0.5,0.9127
63,72.jpg,hiệp,hup,0.5,0.7811
63,54.jpg,quốc,qoc,0.5,0.3472
63,43.jpg,"nhiêu khê "".","mhiew the """,0.5,0.8645
60,71.jpg,tế,te,0.5,0.6532
82,36.jpg,khẩu,kha,0.5,0.9835
82,39.jpg,là,la,0.5,0.5596
138,4.jpg,biến,bier,0.5,0.7446
82,91.jpg,16,1o,0.5,0.2485
82,92.jpg,thơi,the,0.5,0.9274
98,41.jpg,xế,xe,0.5,0.5406
98,23.jpg,là,la,0.5,0.7913
98,13.jpg,mẽ,m,0.5,0.8432
98,78.jpg,vi,oi,0.5,0.4743
4,14.jpg,ra,na,0.5,0.8934
111,68.jpg,điều,ticu,0.5,0.6742
111,69.jpg,hàng,honn,0.5,0.4265
111,70.jpg,xong,rung,0.5,0.6208
111,75.jpg,là,la,0.5,0.9635
111,65.jpg,vì,vi,0.5,0.6442
111,58.jpg,hình,wnh,0.5,0.7654
123,47.jpg,khởi,kho,0.5,0.7617
123,34.jpg,tiếp,tap,0.5,0.5415
123,41.jpg,tỉnh,t/nl,0.5,0.5555
123,24.jpg,quất,quai,0.5,0.7527
98,79.jpg,đang,ctang,0.5,0.9009
138,15.jpg,sự,sl,0.5,0.3293
44,46.jpg,tuổi,tua',0.5,0.7756
56,14.jpg,ra,na,0.5,0.7337
98,88.jpg,phải,phau,0.5,0.7291
23,7.jpg,hành,harh,0.5,0.7726
73,98.jpg,nhân,ahan,0.5,0.8095
73,100.jpg,hoàn,hnn,0.5,0.4532
28,3.jpg,dòng,dony,0.5,0.7034
147,98.jpg,mạnh,mant,0.5,0.8013
98,80.jpg,lũ,le,0.5,0.5447
44,19.jpg,công,cony,0.5,0.9524
44,20.jpg,phần,phai,0.5,0.8009
44,9.jpg,hỗ,he,0.5,0.6367
82,86.jpg,liên,lir,0.5,0.6987
82,88.jpg,phẩm,photm,0.5,0.7797
82,73.jpg,đồng,fung,0.5,0.7156
23,11.jpg,xã,x&,0.5,0.8662
147,42.jpg,tỉnh,tith,0.5,0.7816
147,47.jpg,ổn,on,0.5,0.9697
147,48.jpg,là,l,0.5,0.2628
147,84.jpg,số,s8,0.5,0.4446
28,69.jpg,là,la,0.5,0.3223
28,60.jpg,ngay,npy,0.5,0.5595
142,77.jpg,cuộc,cnoc,0.5,0.6676
142,65.jpg,cả,ca,0.5,0.9013
82,68.jpg,cố,co,0.5,0.5668
82,53.jpg,có,co,0.5,0.9674
82,44.jpg,hoặc,hoai,0.5,0.7335
28,30.jpg,thức,thuic,0.5,0.5985
28,23.jpg,ra,na,0.5,0.6332
123,30.jpg,bò,be,0.5,0.641
111,44.jpg,họ,hc,0.5,0.3606
26,53.jpg,bờ,bo,0.5,0.5744
72,94.jpg,và,va,0.5,0.7707
72,73.jpg,luật,luar,0.5,0.8003
82,64.jpg,bình,13nh,0.5,0.7441
82,65.jpg,nhân,nhu,0.5,0.6411
72,37.jpg,rẻ,ri,0.5,0.6857
123,75.jpg,quản,quut,0.5,0.4589
140,70.jpg,và,va,0.5,0.7731
140,49.jpg,bỏ,bo,0.5,0.7376
28,16.jpg,tế,te,0.5,0.5106
123,19.jpg,bà,bo,0.5,0.4841
140,94.jpg,lượm,likm,0.5,0.5909
28,39.jpg,từ,th,0.5,0.6657
82,9.jpg,viên,uin,0.5,0.8201
82,10.jpg,chuyển,chungin,0.5,0.5292
82,13.jpg,sẽ,s&,0.5,0.6755
142,100.jpg,luận,luas,0.5,0.5787
82,6.jpg,lê,le,0.5,0.6699
44,14.jpg,đồng,tong,0.5,0.6408
28,68.jpg,cụ,cu,0.5,0.5652
44,5.jpg,bị,bi,0.5,0.9752
44,6.jpg,bằng,beang,0.5,0.6229
40,98.jpg,là,la,0.5,0.6595
40,99.jpg,nhằm,n&m,0.5,0.71
28,37.jpg,ét,&t,0.5,0.7373
142,75.jpg,từ,ty,0.5,0.603
23,32.jpg,phúc,phke,0.5,0.5108
23,26.jpg,mẹ,me,0.5,0.8204
28,62.jpg,quan,opuan,0.5,0.6948
28,74.jpg,từ,ta,0.5,0.7286
44,1.jpg,nông,mong,0.5,0.7561
138,12.jpg,sẽ,sr,0.5,0.5224
138,13.jpg,19,1s,0.5,0.5684
73,80.jpg,cảnh,celnh,0.5,0.833
73,73.jpg,hình,inh,0.5,0.5222
73,77.jpg,"thuận ""?",tuon?,0.5,0.7909
73,64.jpg,tiên,ten,0.5,0.8656
44,64.jpg,từ,tu,0.5,0.7105
44,66.jpg,mình,mirh,0.5,0.8852
64,100.jpg,sự,su,0.5,0.9818
138,24.jpg,cách,cah,0.5,0.8072
147,6.jpg,sự,su,0.5,0.5583
138,23.jpg,họ,ho,0.5,0.9238
138,8.jpg,phẩy,fhay,0.5,0.3415
44,91.jpg,cũng,cuing,0.5,0.7573
44,80.jpg,ơi,oi,0.5,0.6558
44,67.jpg,thương,hhiong,0.5,0.8415
44,71.jpg,dự,dl,0.5,0.6709
44,72.jpg,bị,bk,0.5,0.5214
44,63.jpg,lò,lo,0.5,0.2915
15,100.jpg,điểm,aiem,0.5,0.7073
147,1.jpg,cụ,cu,0.5,0.5047
64,47.jpg,định,ainh,0.5,0.7828
98,89.jpg,từ,th,0.5,0.3892
56,38.jpg,có,co,0.5,0.42
56,27.jpg,sẽ,s&,0.5,0.665
56,28.jpg,bộ,b6,0.5,0.6543
122,7.jpg,giấy,qiay,0.5,0.8144
122,8.jpg,tp,to,0.5,0.7195
138,99.jpg,ác,ac,0.5,0.9973
138,88.jpg,vi,wi,0.5,0.6378
138,9.jpg,hiệu,hi,0.5,0.8725
64,18.jpg,đoạn,doan,0.5,0.8761
64,21.jpg,là,la,0.5,0.5325
64,67.jpg,tế,te,0.5,0.5856
53,19.jpg,mạng,man1,0.5,0.9351
138,69.jpg,hoãn,hoar,0.5,0.7719
138,54.jpg,và,va,0.5,0.9034
138,59.jpg,bì,bi,0.5,0.699
138,43.jpg,và,va,0.5,0.8398
138,48.jpg,khẩu,khar,0.5,0.6874
122,4.jpg,và,va,0.5,0.7956
64,14.jpg,lo,lg,0.5,0.5859
26,27.jpg,ập,ap,0.5,0.6439
138,70.jpg,nhất,nast,0.5,0.7665
64,89.jpg,về,ve,0.5,0.6917
64,85.jpg,bộ,ba,0.5,0.6002
64,88.jpg,bình,bmh,0.5,0.6625
64,75.jpg,50,60,0.5,0.6899
123,7.jpg,có,c,0.5,0.1181
123,10.jpg,bị,b,0.5,0.1701
123,11.jpg,vụ,vu,0.5,0.537
15,93.jpg,thần,ahan,0.5,0.8587
26,100.jpg,có,ce,0.5,0.4183
123,2.jpg,từ,ti,0.5,0.666
123,4.jpg,ra,ha,0.5,0.7572
44,33.jpg,mộ,mt,0.5,0.39
44,36.jpg,chối,cha,0.5,0.8557
147,61.jpg,tiêu,teu,0.5,0.9126
72,64.jpg,việt,vi&,0.5,0.8235
72,65.jpg,ngày,ngat,0.5,0.3992
72,71.jpg,cơ,c,0.5,0.5504
138,39.jpg,tư,tu,0.5,0.4854
123,12.jpg,có,co,0.5,0.564
15,95.jpg,xô,xs,0.5,0.5351
64,42.jpg,vì,vi,0.5,0.6027
64,43.jpg,phải,pha:,0.5,0.8961
64,45.jpg,giàn,gi'an,0.5,0.8775
44,83.jpg,cũng,cuny,0.5,0.6922
44,86.jpg,bị,bi,0.5,0.9772
98,62.jpg,từ,tu,0.5,0.9023
98,64.jpg,và,va,0.5,0.9749
98,58.jpg,bộ,ba,0.5,0.8061
56,12.jpg,dành,danl,0.5,0.8816
26,26.jpg,cũng,cuing,0.5,0.8216
26,14.jpg,quần,quar,0.5,0.9042
26,19.jpg,quận,guan,0.5,0.8602
26,74.jpg,gánh,ga'nh,0.5,0.7951
26,77.jpg,sự,su,0.5,0.577
26,57.jpg,phối,thei,0.5,0.6168
64,78.jpg,đa,ta,0.5,0.8031
147,39.jpg,cùng,cuny,0.5,0.9677
147,27.jpg,bờ,ba,0.5,0.797
147,28.jpg,cộng,cony,0.5,0.8646
26,36.jpg,mà,mo,0.5,0.6995
26,28.jpg,và,va,0.5,0.8237
89,71.jpg,ngăn,ngiin,0.5,0.8235
89,61.jpg,liệt,ait,0.5,0.5477
89,50.jpg,và,va,0.5,0.841
89,52.jpg,hoàn,hoam,0.5,0.8985
89,53.jpg,cư,ct,0.5,0.5796
95,42.jpg,phải,pha:,0.5,0.9526
95,32.jpg,về,ve,0.5,0.7903
57,99.jpg,châu,cau,0.5,0.6696
57,86.jpg,lùng,luny,0.5,0.7099
98,11.jpg,là,li,0.5,0.7014
109,46.jpg,m3,m 3,0.5,0.9991
109,28.jpg,thức,thue,0.5,0.8808
21,53.jpg,cũng,cun,0.5,0.7436
51,100.jpg,công,cn,0.5,0.5044
21,17.jpg,ubnd,uisnd,0.5,0.5948
21,22.jpg,là,la,0.5,0.8773
57,92.jpg,có,co,0.5,0.7871
33,99.jpg,mẹ,me,0.5,0.9266
33,100.jpg,đích,thch,0.5,0.8221
40,1.jpg,ấy,ay,0.5,0.6287
109,42.jpg,về,ve,0.5,0.5588
109,16.jpg,nghiệp,nyhuep,0.5,0.7244
10,22.jpg,xã,xa,0.5,0.7321
1,75.jpg,có,c,0.5,0.2234
1,77.jpg,ccnv,c cn v,0.5,0.9058
89,99.jpg,hiện,sien,0.5,0.7438
140,3.jpg,cũng,cuny,0.5,0.4181
89,91.jpg,nhân,nan,0.5,0.7349
40,48.jpg,khuyến,whayen,0.5,0.5562
40,30.jpg,xe,x,0.5,0.1355
95,20.jpg,công,gng,0.5,0.7185
40,32.jpg,nghe,myhe,0.5,0.7728
109,12.jpg,xe,xq,0.5,0.5971
109,13.jpg,sẽ,se,0.5,0.5857
109,14.jpg,dưới,dusi,0.5,0.7741
95,33.jpg,phẩy,play,0.5,0.6715
95,34.jpg,án,an,0.5,0.4621
95,23.jpg,bóng,bony,0.5,0.74
95,29.jpg,cả,cu,0.5,0.8394
95,12.jpg,an,dn,0.5,0.7938
95,14.jpg,là,la,0.5,0.2851
40,31.jpg,ia,ta,0.5,0.9793
95,63.jpg,lý,ly,0.5,0.6467
95,46.jpg,tờ,to,0.5,0.8117
95,50.jpg,thắm,than,0.5,0.8485
89,72.jpg,việc,niec,0.5,0.5811
89,76.jpg,vô,v8,0.5,0.2081
89,68.jpg,niềm,nom,0.5,0.519
127,93.jpg,nước,nu&c,0.5,0.6712
51,79.jpg,ăn,an,0.5,0.8564
51,68.jpg,từ,tu,0.5,0.7911
33,85.jpg,công,bng,0.5,0.7295
51,74.jpg,phải,pha,0.5,0.9527
51,62.jpg,tình,hnh,0.5,0.5362
141,19.jpg,nghị,mght,0.5,0.8066
95,81.jpg,về,ve,0.5,0.9161
10,15.jpg,cá,ca,0.5,0.8861
10,16.jpg,áo,ao,0.5,0.702
10,1.jpg,muỗi,muar,0.5,0.567
1,55.jpg,vị,vi,0.5,0.6536
51,83.jpg,1990,1916,0.5,0.8646
51,75.jpg,ít,it,0.5,0.5558
51,70.jpg,bộ,bs,0.5,0.6621
33,87.jpg,thời,thet,0.5,0.7632
33,90.jpg,tuổi,tus:,0.5,0.5572
33,92.jpg,trai,tha,0.5,0.7136
109,74.jpg,sống,s'ong,0.5,0.6801
109,51.jpg,giúp,gup,0.5,0.8216
40,14.jpg,chồn,chor,0.5,0.7194
40,19.jpg,choáng,chociy,0.5,0.7969
40,20.jpg,là,la,0.5,0.5161
40,4.jpg,và,va,0.5,0.3699
21,37.jpg,hiệu,hie,0.5,0.6012
95,56.jpg,phát,pihat,0.5,0.8105
10,33.jpg,bị,b!,0.5,0.9447
109,25.jpg,nghênh,mqhinh,0.5,0.91
109,72.jpg,bé,be,0.5,0.9462
109,73.jpg,và,v&,0.5,0.5659
140,6.jpg,51,s1,0.5,0.7218
1,36.jpg,vùng,nung,0.5,0.7831
1,21.jpg,nhân,nh @n,0.5,0.9627
1,26.jpg,ngăn,ngoin,0.5,0.8154
1,80.jpg,vợ,va,0.5,0.8806
1,88.jpg,mô,m&,0.5,0.6593
10,45.jpg,soát,aoat,0.5,0.8148
57,7.jpg,thực,thue,0.5,0.732
1,51.jpg,biết,bir,0.5,0.88
140,15.jpg,và,va,0.5,0.8555
95,10.jpg,giai,gicu,0.5,0.6281
111,98.jpg,thất,vhat,0.5,0.6886
111,100.jpg,bờ,ba,0.5,0.616
95,2.jpg,động,tong,0.5,0.6414
95,3.jpg,nghiệp,ryhi'p,0.5,0.7201
10,93.jpg,sống,eong,0.5,0.7124
123,87.jpg,án,an,0.5,0.9624
142,61.jpg,công,cony,0.5,0.6417
142,48.jpg,về,ve,0.5,0.6004
57,4.jpg,bà,ba,0.5,0.8338
28,89.jpg,cũng,ciny,0.5,0.6301
28,91.jpg,sự,sw,0.5,0.4124
28,92.jpg,ngày,ngory,0.5,0.6216
57,43.jpg,rộng,ong,0.5,0.6125
57,44.jpg,có,co,0.5,0.6069
142,4.jpg,cư,cu,0.5,0.7584
26,96.jpg,a5,as,0.5,0.9166
142,60.jpg,xách,xah,0.5,0.8428
98,12.jpg,trên,teen,0.5,0.791
140,92.jpg,kiểm,kie?,0.5,0.8142
26,91.jpg,nhân,phan,0.5,0.7816
72,58.jpg,do,dw,0.5,0.6187
72,59.jpg,là,la,0.5,0.8008
72,63.jpg,dựng,dny,0.5,0.351
72,46.jpg,xe,ne,0.5,0.5658
72,34.jpg,nguyên,ngwen,0.5,0.8059
72,35.jpg,hỗ,ha,0.5,0.759
40,58.jpg,rạng,ran,0.5,0.6181
23,74.jpg,là,la,0.5,0.8973
23,64.jpg,án,an,0.5,0.8257
1,5.jpg,chìa,clia,0.5,0.7089
123,94.jpg,mà,ma,0.5,0.9019
72,56.jpg,tiêm,tipu,0.5,0.6314
28,48.jpg,thực,thue,0.5,0.6747
40,77.jpg,có,c,0.5,0.2219
40,71.jpg,tiền,fien,0.5,0.6766
40,73.jpg,95,9s,0.5,0.4468
40,56.jpg,tuổi,tuoi:,0.5,0.6759
23,87.jpg,cá,ca,0.5,0.8471
57,26.jpg,ra,va,0.5,0.5355
57,29.jpg,bị,bi,0.5,0.7322
57,16.jpg,họ,ho,0.5,0.3785
111,78.jpg,viên,oin,0.5,0.7544
111,85.jpg,là,la,0.5,0.9068
140,74.jpg,an,a,0.5,0.9175
140,78.jpg,rủ,ra,0.5,0.6183
123,71.jpg,cũng,cuing,0.5,0.8836
123,60.jpg,mẹ,me,0.5,0.8826
23,57.jpg,ủy,uy,0.5,0.9219
72,13.jpg,ăn,an,0.5,0.9315
72,17.jpg,trực,tuic,0.5,0.8401
72,20.jpg,chức,chuic,0.5,0.6081
72,9.jpg,bà,ba,0.5,0.9677
72,10.jpg,chạy,ohay,0.5,0.9517
89,81.jpg,và,v,0.5,0.5308
140,23.jpg,chết,chi't,0.5,0.7688
140,25.jpg,ly,dy,0.5,0.6636
140,26.jpg,ra,ya,0.5,0.6458
140,14.jpg,cả,ck,0.5,0.6617
123,63.jpg,gà,ga,0.5,0.5784
23,61.jpg,sự,s,0.5,0.138
23,62.jpg,tình,tuih,0.5,0.8169
142,87.jpg,ập,ap,0.5,0.3586
142,91.jpg,hàng,hany,0.5,0.7102
57,9.jpg,hạnh,lanh,0.5,0.8691
57,2.jpg,bệnh,yinh,0.5,0.6367
10,66.jpg,xách,x &ch,0.5,0.9068
10,57.jpg,mà,ma,0.5,0.6723
10,59.jpg,bs,b s,0.5,0.9478
142,8.jpg,trên,tan,0.5,0.746
23,82.jpg,thực,chic,0.5,0.7241
57,74.jpg,võ,v2,0.5,0.6889
57,65.jpg,dưới,duti,0.5,0.6047
57,68.jpg,xế,x,0.5,0.7441
57,73.jpg,ra,na,0.5,0.9713
57,55.jpg,đồng,tsng,0.5,0.6096
10,85.jpg,cả,ca,0.5,0.9824
10,74.jpg,tổ,ts,0.5,0.5731
123,57.jpg,hệ,he,0.5,0.8645
142,37.jpg,nhân,nlan,0.5,0.6196
142,27.jpg,ngọc,nge,0.5,0.5259
142,12.jpg,khắc,kha',0.5,0.7369
14,90.jpg,điểm,diem,0.5,0.8396
129,26.jpg,tp,t?,0.5,0.8589
139,26.jpg,có,cs,0.5,0.7038
102,98.jpg,viên,cien,0.5,0.4771
102,86.jpg,lùng,luig,0.5,0.5425
133,45.jpg,xe,x e,0.5,0.9465
133,34.jpg,nó,no,0.5,0.9146
133,25.jpg,phân,plan,0.5,0.7653
48,65.jpg,đồng,bong,0.5,0.537
90,69.jpg,là,la,0.5,0.9203
129,53.jpg,họ,ho,0.5,0.6364
129,57.jpg,về,ve,0.5,0.3418
129,46.jpg,là,lu,0.5,0.4578
129,47.jpg,chéo,dhlo,0.5,0.6062
129,36.jpg,liệu,lia,0.5,0.574
129,37.jpg,nguyên,ugryon,0.5,0.602
102,27.jpg,hành,hank,0.5,0.92
102,80.jpg,bé,be,0.5,0.7315
102,69.jpg,phạm,piam,0.5,0.4425
102,72.jpg,thật,thar,0.5,0.8112
48,68.jpg,bà,ba,0.5,0.7586
14,8.jpg,hành,hanl,0.5,0.8591
14,52.jpg,bị,bi,0.5,0.9749
14,58.jpg,băng,jang,0.5,0.8211
118,10.jpg,trộm,tron,0.5,0.8629
130,95.jpg,thỏa,thus,0.5,0.7467
133,20.jpg,kế,ke,0.5,0.55
85,96.jpg,buôn,/buan,0.5,0.662
85,98.jpg,đồng,dong,0.5,0.9052
85,78.jpg,là,la,0.5,0.8165
14,78.jpg,mơ,me,0.5,0.6747
58,6.jpg,là,la,0.5,0.7028
117,19.jpg,ra,va,0.5,0.8387
117,8.jpg,mà,ma,0.5,0.9521
118,75.jpg,to,t,0.5,0.5684
118,79.jpg,hộ,he,0.5,0.822
133,17.jpg,cách,ca'ch,0.5,0.8294
58,28.jpg,lê,le,0.5,0.2657
58,30.jpg,sang,dany,0.5,0.681
58,15.jpg,việc,niec,0.5,0.5838
58,17.jpg,dung,clung,0.5,0.8566
58,22.jpg,suốt,ssst,0.5,0.3493
117,32.jpg,sơ,so,0.5,0.4258
48,56.jpg,và,va,0.5,0.9174
48,52.jpg,mô,mo,0.5,0.8233
118,30.jpg,bị,bi,0.5,0.9553
47,59.jpg,tế,te,0.5,0.2888
118,82.jpg,là,la,0.5,0.8015
118,83.jpg,về,v&,0.5,0.6447
129,91.jpg,cơ,c,0.5,0.5287
129,77.jpg,hộ,he,0.5,0.7664
129,79.jpg,trạm,tran,0.5,0.8087
102,65.jpg,di,d:,0.5,0.7085
103,74.jpg,năng,nanj,0.5,0.7864
103,73.jpg,án,an,0.5,0.9935
47,57.jpg,mình,mnl,0.5,0.8053
47,58.jpg,ra,na,0.5,0.9735
102,49.jpg,thấy,fhay,0.5,0.7541
103,92.jpg,cơ,c,0.5,0.1815
103,84.jpg,bờ,bo,0.5,0.4643
103,86.jpg,cả,ca,0.5,0.9239
117,42.jpg,thực,thut,0.5,0.8251
48,18.jpg,thuyền,thygr,0.5,0.812
129,70.jpg,hoàn,fhoan,0.5,0.7593
133,14.jpg,giám,giam',0.5,0.9613
133,15.jpg,là,la,0.5,0.4914
14,76.jpg,phát,nhit,0.5,0.9196
14,62.jpg,vì,vi,0.5,0.7055
47,11.jpg,chưa,chuia,0.5,0.6339
14,94.jpg,về,ve,0.5,0.4755
102,26.jpg,nâng,nany,0.5,0.9188
48,72.jpg,malaysia,maly 1o,0.5,0.5452
48,74.jpg,viện,ven,0.5,0.581
5,79.jpg,biết,bief,0.5,0.7366
48,55.jpg,phải,phar,0.5,0.9786
117,1.jpg,việc,vieo,0.5,0.7282
117,3.jpg,thực,thuic,0.5,0.8646
118,71.jpg,việc,mic,0.5,0.6538
48,32.jpg,quản,qnan,0.5,0.5164
48,94.jpg,nước,nu8c,0.5,0.7859
48,85.jpg,cứ,cr,0.5,0.4729
48,86.jpg,có,c',0.5,0.4008
48,71.jpg,tiếp,tiy,0.5,0.451
129,58.jpg,mộ,mo,0.5,0.7034
129,60.jpg,thức,the,0.5,0.647
117,12.jpg,ấy,gy,0.5,0.2642
133,71.jpg,nhất,nha't,0.5,0.8386
9,15.jpg,từ,te,0.5,0.5877
9,16.jpg,hiện,pi&n,0.5,0.5244
9,21.jpg,chứa,chud,0.5,0.5695
58,52.jpg,biết,bet,0.5,0.8652
58,54.jpg,là,la,0.5,0.3723
58,42.jpg,giấy,giag,0.5,0.8868
58,43.jpg,là,la,0.5,0.8429
58,37.jpg,vì,vi,0.5,0.8584
14,5.jpg,công,congy,0.5,0.8538
130,24.jpg,về,v&,0.5,0.4572
130,28.jpg,ngồi,ngst,0.5,0.8133
9,53.jpg,ủy,wy,0.5,0.8028
9,54.jpg,vững,ning,0.5,0.9039
9,39.jpg,phải,phe?,0.5,0.7576
9,42.jpg,cả,ca,0.5,0.9705
58,62.jpg,nh,nm,0.5,0.8056
58,50.jpg,mà,ma,0.5,0.5782
129,6.jpg,tế,te,0.5,0.4396
129,13.jpg,trên,ten,0.5,0.6094
36,84.jpg,cả,ca,0.5,0.9674
130,91.jpg,toán,itoan,0.5,0.8914
130,78.jpg,ty,dy,0.5,0.6656
139,33.jpg,ấy,ay,0.5,0.9124
36,47.jpg,sẽ,se,0.5,0.8942
36,22.jpg,cheo,the,0.5,0.7542
36,23.jpg,xông,x0 ng,0.5,0.696
9,48.jpg,là,la,0.5,0.607
85,34.jpg,phần,ghan,0.5,0.7392
36,3.jpg,đi,&i,0.5,0.6611
134,90.jpg,cũng,caung,0.5,0.4223
133,73.jpg,17,47,0.5,0.9967
134,93.jpg,việc,vc,0.5,0.5928
36,48.jpg,tuổi,tuc:,0.5,0.5942
36,51.jpg,nh,wh,0.5,0.7199
144,18.jpg,mảng,meing,0.5,0.5965
144,24.jpg,ăn,an,0.5,0.9801
144,14.jpg,dự,di,0.5,0.8777
144,6.jpg,tuổi,tuov,0.5,0.6155
18,83.jpg,quân,qan,0.5,0.8928
18,86.jpg,và,va,0.5,0.5679
85,33.jpg,vệ,v&,0.5,0.2729
134,91.jpg,nguyễn,ngugenr,0.5,0.6077
36,90.jpg,từ,tu,0.5,0.9134
36,79.jpg,ghép,ghap',0.5,0.7263
36,66.jpg,họ,ho,0.5,0.6541
36,73.jpg,nguyên,nguuyer,0.5,0.7466
36,58.jpg,quát,auat,0.5,0.7608
5,57.jpg,có,co,0.5,0.6108
5,62.jpg,nâng,mang,0.5,0.9662
5,47.jpg,giấy,gvay,0.5,0.6639
5,52.jpg,và,va,0.5,0.8253
118,38.jpg,chợt,cho't,0.5,0.9066
129,2.jpg,tham,tlhan,0.5,0.6214
118,45.jpg,liệu,li,0.5,0.474
14,50.jpg,có,co,0.5,0.8258
14,39.jpg,cơ,c8,0.5,0.6197
14,28.jpg,về,vi,0.5,0.8725
133,3.jpg,tư,tu,0.5,0.7176
5,82.jpg,vì,vi,0.5,0.9876
5,54.jpg,hừ,hi,0.5,0.9434
85,60.jpg,ty,t,0.5,0.3268
85,65.jpg,sự,si,0.5,0.3917
133,80.jpg,bộ,bo,0.5,0.7315
118,39.jpg,hà,ha,0.5,0.8438
18,88.jpg,ra,a,0.5,0.5419
139,97.jpg,đi,di,0.5,0.909
139,38.jpg,mà,ma,0.5,0.9891
130,55.jpg,họ,h,0.5,0.7235
130,50.jpg,bố,b&,0.5,0.6695
118,3.jpg,đi,ti,0.5,0.9771
118,5.jpg,đang,darg,0.5,0.9062
118,9.jpg,suốt,suod,0.5,0.5954
139,11.jpg,cả,ca,0.5,0.7353
139,5.jpg,vn,jn,0.5,0.7123
9,9.jpg,giấy,goy,0.5,0.5038
139,60.jpg,xong,xomy,0.5,0.7605
139,49.jpg,sinh,mi'nh,0.5,0.7465
139,53.jpg,bộ,b:,0.5,0.5314
36,61.jpg,mà,ma,0.5,0.7785
36,63.jpg,luận,&un,0.5,0.7436
14,21.jpg,bị,b!,0.5,0.5809
14,23.jpg,cô,c6,0.5,0.4393
139,19.jpg,hỗ,he,0.5,0.6722
139,21.jpg,viên,vis,0.5,0.4345
9,6.jpg,hộ,he,0.5,0.7075
139,57.jpg,có,co,0.5,0.6064
131,39.jpg,số,s6,0.5,0.4643
131,41.jpg,sẽ,sx,0.5,0.5191
131,43.jpg,có,c,0.5,0.5668
117,95.jpg,mạnh,mand,0.5,0.7055
113,1.jpg,đuôi,dusi,0.5,0.925
113,2.jpg,15,16,0.5,0.9767
118,87.jpg,việc,wi2c,0.5,0.5506
103,17.jpg,hiệp,thiep,0.5,0.8894
135,100.jpg,âm,am,0.5,0.7344
48,25.jpg,chức,chii,0.5,0.7562
137,53.jpg,bộ,be,0.5,0.3941
137,54.jpg,viên,vi,0.5,0.5048
137,55.jpg,việc,vuc,0.5,0.698
137,48.jpg,quốc,qv8c,0.5,0.7538
137,50.jpg,mỹ,mg,0.5,0.6335
137,51.jpg,thủy,why,0.5,0.6634
2,3.jpg,cháy,chaiy,0.5,0.8807
131,17.jpg,đứng,aing,0.5,0.7835
131,71.jpg,lý,ly,0.5,0.6335
131,72.jpg,hiện,hier,0.5,0.8423
103,2.jpg,thất,tr&t,0.5,0.5596
2,12.jpg,thường,thribng,0.5,0.7166
2,13.jpg,thương,thurong,0.5,0.788
2,14.jpg,án,an,0.5,0.9295
2,76.jpg,bà,ba,0.5,0.976
2,62.jpg,tự,t?,0.5,0.6135
2,64.jpg,quan,oman,0.5,0.6977
2,66.jpg,chôn,cha,0.5,0.9016
68,15.jpg,án,an,0.5,0.9379
68,3.jpg,công,cony,0.5,0.8519
91,97.jpg,và,v&,0.5,0.7382
103,5.jpg,danh,dlank,0.5,0.8431
107,54.jpg,dự,de,0.5,0.8402
107,44.jpg,điều,diu,0.5,0.3886
107,48.jpg,rõ,r,0.5,0.5358
113,4.jpg,trưa,thea,0.5,0.6788
117,87.jpg,21,2,0.5,0.2384
117,81.jpg,từ,tu,0.5,0.8222
117,86.jpg,bình,hinh,0.5,0.8978
69,80.jpg,nhìn,mhin,0.5,0.8417
68,12.jpg,xuất,kust,0.5,0.6426
68,13.jpg,tứ,tu,0.5,0.7559
107,52.jpg,đình,dinh,0.5,0.8719
135,82.jpg,tờ,te,0.5,0.2917
135,84.jpg,gian,than,0.5,0.8598
135,70.jpg,số,ss,0.5,0.4943
135,73.jpg,cụ,c,0.5,0.6677
135,77.jpg,dn,on,0.5,0.4575
135,65.jpg,bộ,b,0.5,0.5656
135,68.jpg,sư,su,0.5,0.7657
131,49.jpg,pháp,phay,0.5,0.7138
131,53.jpg,phải,phau,0.5,0.8452
131,66.jpg,định,dinh,0.5,0.9353
146,5.jpg,phải,pha:,0.5,0.9044
131,80.jpg,chừa,ohua,0.5,0.8073
137,94.jpg,12,1&,0.5,0.8514
137,95.jpg,công,corg,0.5,0.5829
137,96.jpg,gián,grin,0.5,0.682
137,86.jpg,hú,hu,0.5,0.8593
137,93.jpg,ra,na,0.5,0.9455
25,53.jpg,công,corng,0.5,0.5993
25,54.jpg,là,la,0.5,0.5947
25,57.jpg,luật,list,0.5,0.5094
131,100.jpg,điểm,diem,0.5,0.8126
131,67.jpg,sông,bong,0.5,0.8674
131,68.jpg,biển,bun,0.5,0.5855
25,94.jpg,mở,m&,0.5,0.6241
91,27.jpg,dã,da,0.5,0.5045
131,18.jpg,nó,no,0.5,0.493
131,21.jpg,cánh,conl,0.5,0.8549
131,10.jpg,là,la,0.5,0.5024
131,12.jpg,đình,dinh,0.5,0.6426
131,16.jpg,cổ,co,0.5,0.7957
107,36.jpg,họ,ho,0.5,0.9821
135,96.jpg,cảnh,cand,0.5,0.6123
86,12.jpg,viết,vet,0.5,0.274
86,13.jpg,vì,vi,0.5,0.8921
146,42.jpg,chắn,clan,0.5,0.7562
146,43.jpg,có,co,0.5,0.7009
146,46.jpg,chầu,hau,0.5,0.9427
146,47.jpg,biên,lien,0.5,0.7748
146,33.jpg,nghị,nrhi,0.5,0.6484
146,35.jpg,minh,mivl,0.5,0.6206
146,38.jpg,nghị,ngl:,0.5,0.6809
113,38.jpg,mà,ma,0.5,0.9874
107,27.jpg,đồng,dong,0.5,0.7064
47,48.jpg,võ,v&,0.5,0.6771
47,51.jpg,toán,toar,0.5,0.8607
5,31.jpg,a5,as,0.5,0.9936
5,17.jpg,về,ve,0.5,0.7597
5,22.jpg,là,la,0.5,0.7625
5,13.jpg,liền,din,0.5,0.7893
5,14.jpg,xã,x&,0.5,0.7192
91,48.jpg,vững,ning,0.5,0.9069
47,65.jpg,cộng,ciny,0.5,0.6966
2,11.jpg,ty,1y,0.5,0.5829
55,27.jpg,án,an,0.5,0.9698
55,16.jpg,niềm,nin,0.5,0.7109
55,7.jpg,nở,ne,0.5,0.455
55,10.jpg,chương,chulong,0.5,0.8643
103,62.jpg,"đ "".",""".",0.5,0.4226
91,2.jpg,cá,ca,0.5,0.8776
91,3.jpg,ba,la,0.5,0.7747
117,37.jpg,trên,teen,0.5,0.7778
47,75.jpg,gà,ga,0.5,0.705
86,95.jpg,quán,quar,0.5,0.9277
55,23.jpg,và,va,0.5,0.8748
86,97.jpg,ngồi,ngor,0.5,0.7015
86,90.jpg,lạ,la,0.5,0.8345
86,91.jpg,tùng,fung,0.5,0.9304
86,94.jpg,bằng,baing,0.5,0.8932
47,98.jpg,gian,gon,0.5,0.748
47,84.jpg,phải,phau,0.5,0.7104
47,86.jpg,tờ,to,0.5,0.4833
47,88.jpg,hàng,thang,0.5,0.8269
47,89.jpg,nông,mang,0.5,0.6618
117,69.jpg,vì,vi,0.5,0.4302
47,62.jpg,việc,vi&t,0.5,0.476
47,44.jpg,chắc,chao,0.5,0.6614
47,28.jpg,ủy,uy,0.5,0.658
47,31.jpg,trên,tuen,0.5,0.7952
47,34.jpg,hi,&i,0.5,0.4892
47,97.jpg,có,co,0.5,0.6256
118,31.jpg,dễ,de,0.5,0.2542
118,32.jpg,hiện,phidn,0.5,0.6193
118,19.jpg,điện,di&n,0.5,0.7944
118,21.jpg,rừng,rag,0.5,0.7779
118,14.jpg,ít,tt,0.5,0.325
47,52.jpg,càng,cany,0.5,0.9436
107,12.jpg,tờ,to,0.5,0.609
107,14.jpg,và,va,0.5,0.7042
107,2.jpg,nuôi,nur,0.5,0.4714
129,93.jpg,tư,tw,0.5,0.5178
25,89.jpg,lãnh,l&nl,0.5,0.8005
25,91.jpg,tỉnh,thh,0.5,0.9017
86,45.jpg,sĩ,si,0.5,0.8553
86,36.jpg,dự,du,0.5,0.6225
86,42.jpg,nhân,mhon,0.5,0.7579
91,20.jpg,vì,v,0.5,0.3712
118,58.jpg,về,v&,0.5,0.4278
91,85.jpg,sở,s&,0.5,0.5903
91,62.jpg,công,cony,0.5,0.7594
91,54.jpg,nhất,nha't,0.5,0.7305
91,56.jpg,pv,pu,0.5,0.9031
55,46.jpg,chưa,clua,0.5,0.6644
55,97.jpg,chương,chug,0.5,0.557
55,92.jpg,tư,tu,0.5,0.7249
55,75.jpg,phương,p'2ng,0.5,0.4936
91,32.jpg,mộ,mo,0.5,0.6946
91,15.jpg,mà,ma,0.5,0.9771
91,83.jpg,ra,na,0.5,0.8185
118,61.jpg,rộng,ning,0.5,0.5391
118,98.jpg,đừng,bing,0.5,0.6133
103,42.jpg,là,la,0.5,0.9268
103,39.jpg,cùng,cutng,0.5,0.7866
2,40.jpg,bị dột vì mưa quá lớn.,"h, dot wt mu'n qul lo.",0.5,0.7635
2,44.jpg,mỹ,my,0.5,0.9917
2,30.jpg,lo,no,0.5,0.5965
2,31.jpg,trường,triny,0.5,0.8353
2,21.jpg,từ,tu,0.5,0.796
102,5.jpg,là,la,0.5,0.849
107,20.jpg,dự,de,0.5,0.5967
2,78.jpg,việt,vut,0.5,0.7257
103,65.jpg,trái,trar,0.5,0.8872
103,51.jpg,âm,am,0.5,0.9795
86,63.jpg,dù,du,0.5,0.8942
86,67.jpg,có,c',0.5,0.393
86,55.jpg,việc,vie,0.5,0.822
86,57.jpg,trăm,fram,0.5,0.9356
2,59.jpg,ngọc,mgoc,0.5,0.5164
91,39.jpg,thời,ther,0.5,0.8329
107,16.jpg,là,la,0.5,0.907
2,90.jpg,mở,m&,0.5,0.5711
150,67.jpg,họ,ho,0.5,0.9132
150,69.jpg,hành,hanl,0.5,0.9076
150,70.jpg,trực,tuc,0.5,0.4159
150,62.jpg,nguyễn,ng wyin,0.5,0.7776
116,74.jpg,vĩnh,vinn,0.5,0.7314
116,75.jpg,quần,qua:,0.5,0.8037
116,68.jpg,vỡ,v&,0.5,0.4462
116,70.jpg,sẽ,s&,0.5,0.2765
38,7.jpg,rạng,rany,0.5,0.9611
130,86.jpg,công,cn,0.5,0.5505
62,72.jpg,ra,&a,0.5,0.6552
35,95.jpg,là,la,0.5,0.9125
35,96.jpg,thấy,hhay,0.5,0.7013
65,23.jpg,thực,thuic,0.5,0.6988
65,24.jpg,bưng,buny,0.5,0.9127
65,15.jpg,bằng,barg,0.5,0.674
150,87.jpg,có,cs,0.5,0.6511
150,89.jpg,mà,ma,0.5,0.8043
126,47.jpg,cuộc,cuor,0.5,0.6272
126,34.jpg,trên,taen,0.5,0.7977
62,78.jpg,phần,than,0.5,0.6568
116,97.jpg,tiên,teen,0.5,0.5193
65,88.jpg,giới,gilki,0.5,0.4515
65,90.jpg,hỗ,hs,0.5,0.5117
108,15.jpg,họ,ho,0.5,0.957
108,16.jpg,khối,kho',0.5,0.618
108,17.jpg,nguyện,nggen,0.5,0.8552
59,18.jpg,bệnh,henh,0.5,0.8878
59,10.jpg,đông,pong,0.5,0.8454
19,81.jpg,bờ,b8,0.5,0.4466
18,12.jpg,tnhh,thhe,0.5,0.6325
150,76.jpg,hành,hand,0.5,0.8194
49,89.jpg,nguyên,mgryen,0.5,0.5974
49,84.jpg,án,an,0.5,0.9862
126,8.jpg,tuổi,tuor,0.5,0.7486
126,1.jpg,vũng,viny,0.5,0.6634
65,14.jpg,bờ,bg,0.5,0.3017
35,97.jpg,xã,xa,0.5,0.5165
65,39.jpg,lĩnh,lind,0.5,0.7946
59,25.jpg,hình,hith,0.5,0.8906
150,72.jpg,vã,va,0.5,0.86
150,73.jpg,ít,it,0.5,0.9319
18,5.jpg,từ,t&,0.5,0.7274
19,41.jpg,bị,bi,0.5,0.713
19,48.jpg,bộ,ba,0.5,0.6348
42,77.jpg,là,la,0.5,0.7149
42,78.jpg,bộ,bs,0.5,0.554
126,79.jpg,thực,thie,0.5,0.6733
126,81.jpg,chậm,chan,0.5,0.821
126,72.jpg,ty,1y,0.5,0.6153
35,43.jpg,rạng,rarg,0.5,0.636
35,27.jpg,có,c,0.5,0.8111
126,23.jpg,ít,it,0.5,0.9793
65,17.jpg,xhcn,xucnl,0.5,0.8539
65,20.jpg,ngân,ngano,0.5,0.4166
42,98.jpg,từng,ring,0.5,0.6307
42,100.jpg,tư,th,0.5,0.8064
42,94.jpg,mà,ma,0.5,0.9912
42,85.jpg,tư,tu,0.5,0.8713
42,86.jpg,lã,la,0.5,0.4116
19,14.jpg,tỉnh,tinl,0.5,0.7209
18,49.jpg,tư,tu,0.5,0.6068
18,37.jpg,ít,it,0.5,0.8209
108,51.jpg,lưới,luéi,0.5,0.7074
126,30.jpg,vọng,vony,0.5,0.6432
35,94.jpg,là,la,0.5,0.6474
38,42.jpg,trái,tra:,0.5,0.8509
38,96.jpg,vẻ,v,0.5,0.8416
65,47.jpg,hiện,hi&r,0.5,0.6863
65,35.jpg,chia,cma,0.5,0.7528
150,94.jpg,khác,thac,0.5,0.8668
150,96.jpg,đa,aa,0.5,0.7982
116,38.jpg,ngay,nmy,0.5,0.4447
38,63.jpg,cổ,c6,0.5,0.5803
19,49.jpg,bị,b,0.5,0.4232
38,43.jpg,biệt,bt,0.5,0.8288
19,96.jpg,xe,x e,0.5,0.6
19,97.jpg,ai,au,0.5,0.7687
19,98.jpg,là,la,0.5,0.4679
19,99.jpg,muốn,musns,0.5,0.6556
19,85.jpg,vô,v2,0.5,0.1708
19,90.jpg,cuối,cuis,0.5,0.6905
38,83.jpg,nề,ne,0.5,0.7402
108,55.jpg,đằng,ding,0.5,0.7674
108,40.jpg,thực,thu,0.5,0.7807
38,56.jpg,bình,bind,0.5,0.8936
67,65.jpg,mà,ma,0.5,0.9509
67,66.jpg,ra,va,0.5,0.7546
67,57.jpg,biết,bi,0.5,0.9213
67,47.jpg,giám,qiam,0.5,0.7479
136,60.jpg,du,lu,0.5,0.6942
143,30.jpg,mơ,md,0.5,0.779
143,17.jpg,bằng,bangy,0.5,0.6002
143,10.jpg,ba,bal,0.5,0.692
67,20.jpg,cuộc,ausc,0.5,0.7008
150,13.jpg,tiến,ti,0.5,0.7035
67,5.jpg,đồng,dung,0.5,0.7529
136,73.jpg,cùng,curng,0.5,0.7858
136,74.jpg,nhân,hhan,0.5,0.7462
136,75.jpg,nhân,nhar,0.5,0.8494
136,77.jpg,hồ,hs,0.5,0.6899
136,64.jpg,và,v,0.5,0.1812
136,68.jpg,chơi,cher,0.5,0.7265
136,70.jpg,rõ,ro,0.5,0.6254
136,58.jpg,khỏe,khoi,0.5,0.7683
49,64.jpg,là,la,0.5,0.7439
67,4.jpg,vụ,vu,0.5,0.8046
13,45.jpg,hình,hing,0.5,0.619
13,29.jpg,cụ,cu,0.5,0.8579
13,62.jpg,khái,k+ai,0.5,0.702
105,38.jpg,gì,g,0.5,0.1855
105,40.jpg,từ,tu,0.5,0.9865
105,25.jpg,ba,ha,0.5,0.8701
105,19.jpg,đi,ti,0.5,0.8184
105,20.jpg,trên,fren,0.5,0.7076
105,24.jpg,đi,di,0.5,0.8378
105,12.jpg,công,cmg,0.5,0.3693
67,6.jpg,bị,b!,0.5,0.5241
100,9.jpg,qđ,qd,0.5,0.7586
100,1.jpg,bị,bi,0.5,0.9802
67,36.jpg,công,cony,0.5,0.6849
67,48.jpg,gà,ga,0.5,0.8843
67,43.jpg,sở,s',0.5,0.4121
67,45.jpg,mạnh,manl,0.5,0.887
106,4.jpg,bé,be,0.5,0.9929
105,74.jpg,sở,s',0.5,0.6547
105,62.jpg,có,co,0.5,0.5807
13,72.jpg,85,x5,0.5,0.7022
100,26.jpg,thấy,trfy,0.5,0.8844
150,47.jpg,bệnh,benb,0.5,0.7524
150,32.jpg,ăn,an,0.5,0.9771
116,30.jpg,bệnh,ben,0.5,0.6444
116,34.jpg,hiện,hitr,0.5,0.4958
116,21.jpg,xuất,xuat',0.5,0.8978
116,16.jpg,giải,qiai,0.5,0.6957
116,73.jpg,đoàn,toan,0.5,0.9339
49,43.jpg,khắp,uhop,0.5,0.7491
49,28.jpg,xử,x,0.5,0.1725
49,13.jpg,giải,gia?,0.5,0.9147
49,68.jpg,ga,ta,0.5,0.7233
38,97.jpg,sự,su,0.5,0.6166
59,5.jpg,và,va,0.5,0.7869
38,81.jpg,giải,gia,0.5,0.8959
108,6.jpg,kiểm,keim,0.5,0.6713
108,12.jpg,cứ,c,0.5,0.6634
62,96.jpg,về,ve,0.5,0.6918
108,1.jpg,giám,gicum,0.5,0.6853
62,91.jpg,kể,ke,0.5,0.9193
150,18.jpg,vn,v n,0.5,0.727
150,22.jpg,qđ,qa,0.5,0.6308
49,14.jpg,xử,xü,0.5,0.5984
49,69.jpg,nghị,nglhi,0.5,0.4704
49,50.jpg,phải,pha:,0.5,0.9623
49,51.jpg,vì,vi,0.5,0.4414
150,6.jpg,có,co,0.5,0.6608
62,54.jpg,và,va,0.5,0.7004
62,57.jpg,phải,phau,0.5,0.7251
62,58.jpg,là,le,0.5,0.8468
116,58.jpg,trại,thai,0.5,0.8137
116,49.jpg,loại,foai,0.5,0.8501
116,52.jpg,bà,ba,0.5,0.9443
150,46.jpg,xuất,quat,0.5,0.7412
150,34.jpg,giấy,gay,0.5,0.6877
150,36.jpg,vụ,vy,0.5,0.5072
150,39.jpg,đi,di,0.5,0.8885
150,25.jpg,bà,ba,0.5,0.9741
62,77.jpg,ngao,nyo,0.5,0.7812
62,65.jpg,thấy,ahay,0.5,0.6253
38,1.jpg,gò,go,0.5,0.6381
116,89.jpg,từ,tu,0.5,0.7465
116,90.jpg,tỉnh,tinl,0.5,0.649
116,96.jpg,an,as,0.5,0.4692
49,72.jpg,giữa,cia,0.5,0.5296
18,74.jpg,hạ,ha,0.5,0.9895
108,98.jpg,csgt,c sg t,0.5,0.9311
108,100.jpg,ra,na,0.5,0.9203
96,48.jpg,ngày,mgay,0.5,0.931
96,52.jpg,nghị,aghe,0.5,0.7361
96,54.jpg,lược,lzsc,0.5,0.4907
110,97.jpg,mở,mé,0.5,0.3468
110,100.jpg,chương,chu'sng,0.5,0.8659
59,40.jpg,viên,vun,0.5,0.8079
18,39.jpg,nguyễn,nygn,0.5,0.4786
59,97.jpg,tỉ,t,0.5,0.5647
85,14.jpg,xã,xg,0.5,0.7402
85,4.jpg,ra,ta,0.5,0.548
9,71.jpg,mơ,mi,0.5,0.6107
96,15.jpg,là,la,0.5,0.901
96,19.jpg,ngày,nqay,0.5,0.7762
96,21.jpg,đang,cany,0.5,0.5895
96,12.jpg,và,vo,0.5,0.4339
96,3.jpg,mẹ,me,0.5,0.9858
134,73.jpg,phủi,phit,0.5,0.7156
59,44.jpg,gà,ga,0.5,0.8238
42,21.jpg,buổi,buc,0.5,0.8691
42,5.jpg,và,va,0.5,0.9176
42,7.jpg,hiệu,hien,0.5,0.7429
96,46.jpg,nhân,nhat,0.5,0.5165
96,27.jpg,nâng,naing,0.5,0.7924
96,85.jpg,lông,lony,0.5,0.8209
96,90.jpg,sống,siny,0.5,0.4023
96,73.jpg,quản,quai,0.5,0.7691
96,75.jpg,nghi,nyh:,0.5,0.6982
96,76.jpg,ngày,ngal,0.5,0.7622
18,72.jpg,cụ,cu,0.5,0.6244
18,76.jpg,dù,du,0.5,0.9761
18,77.jpg,và,va,0.5,0.8882
18,61.jpg,bổng,bony,0.5,0.979
18,56.jpg,sư,s,0.5,0.3927
59,73.jpg,gì,gi,0.5,0.7768
134,45.jpg,dự,d,0.5,0.5028
134,49.jpg,từ,tu,0.5,0.2752
134,50.jpg,biển,&ien,0.5,0.675
134,51.jpg,phải,pici,0.5,0.5799
134,42.jpg,phục,qhac,0.5,0.5735
18,75.jpg,châu,hau,0.5,0.8144
130,5.jpg,hàng,haing,0.5,0.9825
130,11.jpg,tiên,ten,0.5,0.918
130,75.jpg,tính,tink,0.5,0.7816
130,64.jpg,ta,da,0.5,0.7845
130,65.jpg,về,vi,0.5,0.6247
134,98.jpg,động,chng,0.5,0.7243
36,1.jpg,cụ,cu,0.5,0.8476
85,53.jpg,phải,pha,0.5,0.8463
85,56.jpg,thực,thelc,0.5,0.8584
85,48.jpg,giám,glam,0.5,0.697
134,75.jpg,diện,dtin,0.5,0.6148
85,38.jpg,quốc,qus'c,0.5,0.7742
134,76.jpg,ký,ky,0.5,0.308
134,78.jpg,và,v&,0.5,0.3956
134,65.jpg,tiền,ten,0.5,0.7693
134,60.jpg,ăn,an,0.5,0.7365
36,14.jpg,ít,it,0.5,0.7834
36,18.jpg,là,la,0.5,0.9146
36,19.jpg,tờ,to,0.5,0.486
36,6.jpg,cũng,ciny,0.5,0.72
130,99.jpg,ăn,an,0.5,0.9857
85,37.jpg,từ,tu,0.5,0.7542
58,76.jpg,vàng,vany,0.5,0.7478
58,73.jpg,hành,hane,0.5,0.8005
9,76.jpg,số,sa,0.5,0.5083
9,66.jpg,sở,sc,0.5,0.5824
5,98.jpg,công,aing,0.5,0.6514
5,99.jpg,xuất,eu&t,0.5,0.6654
134,21.jpg,nỗ,no,0.5,0.7157
134,24.jpg,phía,phia',0.5,0.8623
58,88.jpg,từ,tu,0.5,0.8568
58,90.jpg,ký,kg,0.5,0.2017
85,42.jpg,niên,nan,0.5,0.744
58,74.jpg,động,teng,0.5,0.5673
62,13.jpg,vệ,vi,0.5,0.4778
62,18.jpg,tự,t,0.5,0.5576
62,5.jpg,án,an,0.5,0.9675
62,6.jpg,trưởng,tmong,0.5,0.6243
5,95.jpg,sẽ,s&,0.5,0.4643
144,27.jpg,cá,ce,0.5,0.8619
144,28.jpg,là,lu,0.5,0.5527
144,30.jpg,có,c:,0.5,0.5705
144,34.jpg,xuân,xuay,0.5,0.7193
58,91.jpg,là,li,0.5,0.5222
108,25.jpg,bị,b',0.5,0.4725
110,47.jpg,châu,cha,0.5,0.808
108,92.jpg,hà,ha,0.5,0.9292
108,78.jpg,đừng,ping,0.5,0.8142
108,72.jpg,nguyễn,"nq""yen",0.5,0.7218
42,55.jpg,khói,khd,0.5,0.5435
42,63.jpg,bộ,ba,0.5,0.9297
42,47.jpg,có,co,0.5,0.6163
42,49.jpg,và,va,0.5,0.9609
42,20.jpg,nh,n h,0.5,0.8059
42,41.jpg,tờ,t,0.5,0.1838
35,1.jpg,mơ,mo,0.5,0.6059
35,58.jpg,đăng,tung,0.5,0.6924
35,46.jpg,sở,sd,0.5,0.4514
35,48.jpg,ăn,an,0.5,0.9283
35,36.jpg,hoàn,h5an,0.5,0.618
42,66.jpg,từ,ta,0.5,0.9648
42,71.jpg,phúc,puic,0.5,0.6435
19,67.jpg,biết,bet,0.5,0.7914
19,71.jpg,nhìn,nihun,0.5,0.5476
42,53.jpg,chịu,chin,0.5,0.961
18,30.jpg,vô,va,0.5,0.3874
18,20.jpg,chất,hat,0.5,0.9693
18,24.jpg,bình,bnt,0.5,0.4406
35,16.jpg,kỳ,ki,0.5,0.8135
35,4.jpg,có,co,0.5,0.6036
35,6.jpg,có,co,0.5,0.6442
62,20.jpg,cùng,ci ng,0.5,0.6907
62,24.jpg,87,84,0.5,0.6455
59,70.jpg,đoạn,doan,0.5,0.8289
59,71.jpg,ra,roa,0.5,0.8213
59,24.jpg,trường,tr uong,0.5,0.6587
126,50.jpg,có,co,0.5,0.6112
126,59.jpg,11,14,0.5,0.5789
110,15.jpg,trăm,troum,0.5,0.9132
110,3.jpg,bỏ,bo,0.5,0.5567
126,86.jpg,ngồi,nga,0.5,0.7317
126,88.jpg,là,la,0.5,0.8612
35,14.jpg,ngày,ngray,0.5,0.8519
38,77.jpg,mà,ma,0.5,0.9873
38,78.jpg,sở,s6,0.5,0.3465
59,35.jpg,nghiện,nyhnin,0.5,0.4843
126,67.jpg,có,c!,0.5,0.4144
108,73.jpg,viện,uien,0.5,0.7365
108,59.jpg,là,la,0.5,0.7641
35,23.jpg,67,62,0.5,0.7217
35,25.jpg,nghị,nyh:,0.5,0.5364
110,81.jpg,tờ,t&,0.5,0.6825
110,84.jpg,"sẽ chẳng còn là của tui nữa, nhưng cái nghĩa địa đó mới là","t chag wn da ui tu ma, nuny cat ngu da ds mila",0.5,0.7382
144,54.jpg,động,tong,0.5,0.8562
144,42.jpg,vì,vi,0.5,0.6717
144,99.jpg,thời,th&,0.5,0.7485
59,61.jpg,bộ,ba,0.5,0.6042
19,74.jpg,vụ,v4,0.5,0.4446
134,12.jpg,điểm,dim,0.5,0.6642
134,17.jpg,bộ,b8,0.5,0.8763
5,87.jpg,khoảng,bhloong,0.5,0.4176
144,61.jpg,cuộc,cusk,0.5,0.5884
144,48.jpg,hộ,ha,0.5,0.7905
144,49.jpg,có,c,0.5,0.5217
144,52.jpg,nghiệp,nyfitp,0.5,0.6968
42,35.jpg,ra,na,0.5,0.5265
42,37.jpg,ta,t,0.5,0.2606
42,28.jpg,nhân,nan,0.5,0.9355
42,8.jpg,xã,xa,0.5,0.8314
19,60.jpg,chồn,chorn,0.5,0.7279
19,61.jpg,chia,iria,0.5,0.7301
96,99.jpg,là,la,0.5,0.7715
19,9.jpg,là,la,0.5,0.8727
62,45.jpg,về,ve,0.5,0.3263
62,48.jpg,quản,quain,0.5,0.9865
62,51.jpg,về,v,0.5,0.5603
62,39.jpg,phút,phuit,0.5,0.8145
96,40.jpg,xe,x,0.5,0.6634
59,87.jpg,là,la,0.5,0.7058
59,86.jpg,nghiệp,nyhap,0.5,0.7602
144,81.jpg,sự,su,0.5,0.7674
144,75.jpg,theo,eo,0.5,0.7329
19,31.jpg,bình,finh,0.5,0.7342
19,6.jpg,động,cong,0.5,0.5978
110,72.jpg,mở,m&,0.5,0.5959
110,67.jpg,có,co,0.5,0.3594
110,54.jpg,đụng,oang,0.5,0.7665
110,60.jpg,và,vo,0.5,0.244
59,83.jpg,có,co,0.5,0.7231
59,85.jpg,cách,lach,0.5,0.8575
144,97.jpg,đông,ping,0.5,0.5164
43,96.jpg,phải,phar,0.5,0.8663
43,84.jpg,nhắc,mhac,0.5,0.6656
43,76.jpg,xe,te,0.5,0.7179
22,77.jpg,sở,s3,0.5,0.6431
22,78.jpg,xuất,xuat',0.5,0.7714
22,67.jpg,có,co,0.5,0.4293
22,72.jpg,phương,phutang,0.5,0.7907
22,73.jpg,nghị,ngl:,0.5,0.8285
22,58.jpg,đừng,dung,0.5,0.7966
91,57.jpg,và,va,0.5,0.9701
43,10.jpg,cũ,ci,0.5,0.6839
43,5.jpg,liên,ricn,0.5,0.6995
43,6.jpg,tịch,tick,0.5,0.6637
43,66.jpg,sinh,&i'nh,0.5,0.7313
43,51.jpg,gánh,gan,0.5,0.697
43,57.jpg,mà,ma,0.5,0.7802
124,11.jpg,giảm,fiam,0.5,0.6537
124,67.jpg,trần,tan,0.5,0.8955
124,68.jpg,lý,lj,0.5,0.3218
124,62.jpg,có,co,0.5,0.5122
43,20.jpg,công,cany,0.5,0.6446
78,49.jpg,mạng,marg,0.5,0.9437
78,38.jpg,về,ve,0.5,0.5463
78,39.jpg,ăn,an,0.5,0.5051
78,40.jpg,kể,kt,0.5,0.4723
78,31.jpg,nghiên,mglien,0.5,0.8002
78,32.jpg,về,vc,0.5,0.3976
11,85.jpg,đông,eng,0.5,0.6661
124,25.jpg,sự,su,0.5,0.5189
124,29.jpg,chồn,thon,0.5,0.6891
61,65.jpg,phép,pht,0.5,0.5668
6,20.jpg,quận,tuan,0.5,0.7861
61,44.jpg,sử,si,0.5,0.3101
11,25.jpg,là,la,0.5,0.5739
80,90.jpg,đồng,cong,0.5,0.6413
80,93.jpg,âm,gm,0.5,0.8782
80,82.jpg,vô,vo,0.5,0.2827
80,83.jpg,khoáng,lhoany,0.5,0.6768
80,85.jpg,toàn,t oan,0.5,0.8221
80,74.jpg,cả,c&,0.5,0.8501
124,34.jpg,trương,tulang,0.5,0.7697
6,39.jpg,chịu,chin,0.5,0.8509
61,43.jpg,lý,li,0.5,0.3778
6,76.jpg,âm,am,0.5,0.8464
6,77.jpg,việc,v&c,0.5,0.7643
6,61.jpg,mà,ma,0.5,0.9743
121,85.jpg,ai,a,0.5,0.9901
121,88.jpg,việc,vitl,0.5,0.6082
121,78.jpg,tế,to,0.5,0.5421
121,82.jpg,sự,s,0.5,0.1746
22,62.jpg,thời,tha,0.5,0.7754
22,55.jpg,ủy,uy,0.5,0.4486
124,38.jpg,on,o n,0.5,0.7125
12,76.jpg,có,c,0.5,0.3275
6,71.jpg,19,11,0.5,0.6367
6,73.jpg,11,1l,0.5,0.8027
6,74.jpg,là,la,0.5,0.8206
12,82.jpg,phần,phal,0.5,0.7848
12,14.jpg,âu,au,0.5,0.9862
17,99.jpg,đang,dany,0.5,0.9343
12,1.jpg,họ,ho,0.5,0.7948
88,5.jpg,phát,hat,0.5,0.9592
6,97.jpg,gà,ga,0.5,0.8241
12,75.jpg,bộ,be,0.5,0.5633
124,39.jpg,kê,ko,0.5,0.694
124,42.jpg,động,aong,0.5,0.6093
11,73.jpg,liêu,leu,0.5,0.6386
11,79.jpg,lê,la,0.5,0.4774
75,63.jpg,kinh,luinh,0.5,0.6051
93,21.jpg,ubnd,wb nd,0.5,0.8888
93,22.jpg,cuộc,cwoc,0.5,0.577
124,14.jpg,trăm,tham,0.5,0.8078
124,17.jpg,dùng,duny,0.5,0.5981
81,86.jpg,vì,vi,0.5,0.4972
81,84.jpg,vị,vi,0.5,0.8607
11,31.jpg,rằng,nang,0.5,0.6209
11,33.jpg,đa,da,0.5,0.9563
61,17.jpg,xuân,&uan,0.5,0.6467
121,67.jpg,và,va,0.5,0.8437
61,93.jpg,cho biết tỉnh sẽ đầu tư xây dựng khu phố đi bộ tại 6 đường phố chính của khu,cho tui thtê dat te zy ding phsdr 4a h 6 dtiny phe chih cua kh,0.5,0.7219
61,96.jpg,cũng,cling,0.5,0.8249
61,97.jpg,cuộc,cloc,0.5,0.8434
61,84.jpg,sở,su,0.5,0.4529
61,86.jpg,nghị,nghi:,0.5,0.8174
81,92.jpg,có,co,0.5,0.6793
11,29.jpg,ấp,ip,0.5,0.4085
75,86.jpg,quốc,quet,0.5,0.4668
80,18.jpg,ra,ha,0.5,0.6726
80,19.jpg,mình,mainh,0.5,0.6502
80,10.jpg,kỳ,ky,0.5,0.9632
80,12.jpg,buổi,bus?,0.5,0.8934
119,96.jpg,bị,be,0.5,0.6498
119,90.jpg,hi,li,0.5,0.5123
99,86.jpg,mà,md,0.5,0.9455
101,76.jpg,án,an,0.5,0.794
27,2.jpg,chăm,ehom,0.5,0.9153
80,36.jpg,bè,be,0.5,0.8941
80,37.jpg,sẽ,se,0.5,0.6891
80,14.jpg,hả,ha,0.5,0.7947
43,78.jpg,chưa,chuia,0.5,0.7869
43,69.jpg,vì,vi,0.5,0.9033
99,30.jpg,có,co,0.5,0.4511
99,33.jpg,chực,cluc,0.5,0.5707
99,35.jpg,tuổi,tu?:,0.5,0.5297
99,22.jpg,là,la,0.5,0.4526
99,26.jpg,đứng,tkng,0.5,0.4722
80,30.jpg,undp,uniop,0.5,0.6092
75,58.jpg,có,co,0.5,0.7456
101,92.jpg,và,vg,0.5,0.3738
101,94.jpg,quốc,qua',0.5,0.6652
101,95.jpg,hè,he,0.5,0.9096
119,69.jpg,là,la,0.5,0.865
119,71.jpg,cung,cus,0.5,0.7597
119,72.jpg,mình,minf,0.5,0.8085
119,61.jpg,bị,bi,0.5,0.5827
75,87.jpg,về,v&,0.5,0.6186
75,90.jpg,là,la,0.5,0.551
93,38.jpg,tỉnh,finh,0.5,0.6776
75,77.jpg,gà,ga,0.5,0.7116
75,82.jpg,là,la,0.5,0.9346
78,12.jpg,khăn,mhen,0.5,0.7687
32,59.jpg,và,va,0.5,0.9377
119,86.jpg,hiện,hir,0.5,0.7465
93,52.jpg,ăn,an,0.5,0.9789
93,58.jpg,phải,ph:,0.5,0.4004
93,44.jpg,và,va,0.5,0.9858
93,49.jpg,nhân,mhan,0.5,0.7429
93,34.jpg,cơ,cb,0.5,0.4478
75,91.jpg,về,ve,0.5,0.5213
78,25.jpg,tiệm,tien,0.5,0.8249
93,61.jpg,từ,th,0.5,0.5757
43,41.jpg,bộ,b6,0.5,0.4333
93,1.jpg,vụ,vu,0.5,0.5119
93,2.jpg,châu,c hau,0.5,0.9754
61,24.jpg,nghị,nqgh:,0.5,0.7966
61,26.jpg,thường,thaorg,0.5,0.6982
11,80.jpg,tụng,tnt,0.5,0.566
11,65.jpg,khắp,ehap,0.5,0.7712
11,61.jpg,trại,thai,0.5,0.7715
27,28.jpg,ròng,long,0.5,0.7371
22,92.jpg,bà,ba,0.5,0.7295
80,98.jpg,tổng,ta'ng,0.5,0.6497
80,100.jpg,an,cn,0.5,0.6972
124,4.jpg,dị,d:,0.5,0.9835
99,2.jpg,xử,xu,0.5,0.6239
99,8.jpg,về,v2,0.5,0.2728
6,10.jpg,phép,phy,0.5,0.9041
119,95.jpg,và,v&,0.5,0.4067
80,43.jpg,kẻ,k2,0.5,0.3398
27,11.jpg,mà,ma,0.5,0.9747
27,3.jpg,bằng,bany,0.5,0.9106
27,19.jpg,nghỉ,nyh,0.5,0.5498
27,23.jpg,vinh,oinl,0.5,0.7846
80,64.jpg,công,eong,0.5,0.418
80,56.jpg,họ,ho,0.5,0.8734
80,51.jpg,biến,"bien""",0.5,0.8322
99,49.jpg,là,le,0.5,0.658
99,52.jpg,quan,1uay,0.5,0.9371
99,37.jpg,nhộn,n&sn,0.5,0.6386
99,40.jpg,phần,phar,0.5,0.787
27,50.jpg,cố,c8,0.5,0.7133
78,23.jpg,thái,tha',0.5,0.8469
27,26.jpg,cơ,cb,0.5,0.5334
32,50.jpg,giao,ga.,0.5,0.6866
32,53.jpg,pháp,phyr,0.5,0.4641
32,44.jpg,nhơi,nha',0.5,0.8048
75,11.jpg,khâm,khan,0.5,0.7733
75,12.jpg,31,3/,0.5,0.7678
99,62.jpg,tư,tu,0.5,0.7276
99,64.jpg,có,c,0.5,0.1874
32,19.jpg,lười,lugi,0.5,0.5874
32,7.jpg,công,cony,0.5,0.8956
27,37.jpg,trực,tnuc,0.5,0.7806
66,43.jpg,đuổi,dusi,0.5,0.8063
66,44.jpg,do,dlo,0.5,0.7632
20,31.jpg,pv,pu,0.5,0.8684
20,35.jpg,1972,191 2,0.5,0.8907
20,16.jpg,ít,it,0.5,0.9596
74,52.jpg,quát,qua't,0.5,0.8924
74,40.jpg,mà,mo,0.5,0.7896
74,41.jpg,từ,te,0.5,0.5884
74,98.jpg,dụng,dand,0.5,0.5201
6,100.jpg,ngột,nyat,0.5,0.6659
66,52.jpg,bị,bf,0.5,0.7949
115,99.jpg,cũng,cuing,0.5,0.5228
115,92.jpg,công,cony,0.5,0.8758
115,93.jpg,bị,bi,0.5,0.9687
7,93.jpg,bị,bi,0.5,0.8783
17,54.jpg,khắc,kha,0.5,0.8709
22,9.jpg,viện,uien,0.5,0.8002
22,11.jpg,án,an,0.5,0.9117
125,98.jpg,đi,di,0.5,0.6487
22,1.jpg,ăn,an,0.5,0.8724
74,79.jpg,mẹ,me,0.5,0.9743
88,28.jpg,em,lm,0.5,0.7253
115,79.jpg,phạm,peam,0.5,0.8825
115,64.jpg,bướm,buom,0.5,0.7956
115,65.jpg,11,41,0.5,0.7455
115,70.jpg,sẽ,se,0.5,0.6669
115,58.jpg,dự,du,0.5,0.6108
115,59.jpg,gí,gi,0.5,0.9575
115,62.jpg,nhận,nhar,0.5,0.848
115,49.jpg,lưới,lusi,0.5,0.7646
17,95.jpg,bs,3s,0.5,0.578
17,33.jpg,thực,vhic,0.5,0.6366
17,87.jpg,diện,dun,0.5,0.8059
115,24.jpg,biết,buet,0.5,0.8488
115,73.jpg,ra,ha,0.5,0.8731
115,75.jpg,cơ,c,0.5,0.2587
115,76.jpg,biệt,brit,0.5,0.7584
74,6.jpg,nhậu,nlau,0.5,0.576
121,59.jpg,sinh,hnh,0.5,0.8577
121,61.jpg,trầy,driy,0.5,0.6724
121,43.jpg,đang,dany,0.5,0.6469
17,30.jpg,trạm,tham,0.5,0.9462
17,83.jpg,cuộc,cuse,0.5,0.6176
7,81.jpg,lãnh,lank,0.5,0.8733
7,72.jpg,từ,tu,0.5,0.8133
7,75.jpg,đăng,dang,0.5,0.8392
7,77.jpg,là,la,0.5,0.8474
149,74.jpg,là,l,0.5,0.173
149,51.jpg,dụng,duny,0.5,0.9359
149,54.jpg,lý,ly,0.5,0.5022
149,56.jpg,án,an,0.5,0.8963
30,15.jpg,hành,hanl,0.5,0.8694
125,85.jpg,quán,quccn,0.5,0.863
30,2.jpg,cả,c&,0.5,0.3702
149,42.jpg,nguyện,nqwy?n,0.5,0.7552
149,45.jpg,bè,ba,0.5,0.5383
149,20.jpg,vâng,lung,0.5,0.5948
149,69.jpg,công,con,0.5,0.8199
149,71.jpg,cảng,cant,0.5,0.3671
66,59.jpg,nhân,nhem,0.5,0.7934
66,62.jpg,lượn,li'n,0.5,0.4574
74,49.jpg,néon,ni'on,0.5,0.8978
88,51.jpg,dùng,dlung,0.5,0.8855
30,18.jpg,công,ing,0.5,0.4522
125,79.jpg,thức,thee,0.5,0.7578
149,7.jpg,hiện,hish,0.5,0.7106
148,30.jpg,tính,tink,0.5,0.8513
148,20.jpg,thôi,tho,0.5,0.6008
148,21.jpg,quán,yuan,0.5,0.7445
148,7.jpg,trên,then,0.5,0.8849
148,9.jpg,là,la,0.5,0.4222
66,12.jpg,in,un,0.5,0.8583
20,64.jpg,ráng,ra ng,0.5,0.6657
125,61.jpg,trâu,tran,0.5,0.7382
66,91.jpg,ra,na,0.5,0.896
125,45.jpg,võ,v2,0.5,0.6741
7,28.jpg,thực,thu'c,0.5,0.7824
7,32.jpg,châu,cha,0.5,0.9428
148,26.jpg,họ,ho,0.5,0.4837
115,81.jpg,công,cony,0.5,0.6436
115,86.jpg,dự,di,0.5,0.626
125,67.jpg,âm,am,0.5,0.8894
125,69.jpg,đang,dany,0.5,0.7509
125,57.jpg,có,co,0.5,0.6208
81,8.jpg,công,cony,0.5,0.742
125,53.jpg,giải,gia,0.5,0.6361
78,68.jpg,quan,1uam,0.5,0.9061
78,72.jpg,việc,vies,0.5,0.7503
11,13.jpg,bộ,bo,0.5,0.6993
11,1.jpg,có,c,0.5,0.5473
70,45.jpg,chôn,hon,0.5,0.935
70,48.jpg,trên,thin,0.5,0.7144
74,11.jpg,dự,du,0.5,0.749
74,14.jpg,sợ,s&,0.5,0.4402
74,15.jpg,dựng,dring,0.5,0.786
88,35.jpg,số,s6,0.5,0.3517
78,97.jpg,kiện,lien,0.5,0.7605
78,85.jpg,lý,ly,0.5,0.6993
6,79.jpg,m3,3,0.5,0.8277
70,33.jpg,việc,wiec,0.5,0.7608
70,24.jpg,ái,ai,0.5,0.8192
70,17.jpg,hệ,he,0.5,0.4955
70,74.jpg,ai,a,0.5,0.9952
81,80.jpg,quan,ypan,0.5,0.6239
81,66.jpg,giấy,gay,0.5,0.7336
78,91.jpg,biệt,but,0.5,0.8169
74,1.jpg,là,la,0.5,0.4178
12,93.jpg,thôi,the,0.5,0.8073
12,97.jpg,vợ,v2,0.5,0.6727
12,98.jpg,là,la,0.5,0.428
12,81.jpg,gà,ga,0.5,0.4248
124,88.jpg,nhận,mhan,0.5,0.9024
70,37.jpg,họ,ho,0.5,0.9062
70,44.jpg,xe,x&,0.5,0.5164
12,64.jpg,giữa,giuia,0.5,0.5064
12,66.jpg,nước,nuéc,0.5,0.4607
61,7.jpg,bình,binl,0.5,0.7556
78,76.jpg,cơ,c,0.5,0.2271
6,49.jpg,về,v2,0.5,0.4368
43,29.jpg,tử,t2,0.5,0.5709
70,4.jpg,xách,x ah,0.5,0.7538
124,99.jpg,sống,sony,0.5,0.4035
11,3.jpg,việc,nisc,0.5,0.3354
11,4.jpg,tp,t p,0.5,0.6484
11,6.jpg,luật,duat,0.5,0.9405
11,7.jpg,điện,dian,0.5,0.5999
121,94.jpg,chết,clet,0.5,0.7983
121,97.jpg,thức,thee,0.5,0.8743
61,9.jpg,băng,baing,0.5,0.8942
17,38.jpg,và,va,0.5,0.6887
66,99.jpg,là,la,0.5,0.6468
66,100.jpg,ra,ga,0.5,0.5959
66,85.jpg,công,ceny,0.5,0.7811
66,87.jpg,chẩn,chuan,0.5,0.7625
70,81.jpg,bộ,b8,0.5,0.9397
115,28.jpg,xã,xo,0.5,0.4393
115,33.jpg,cũ,cu,0.5,0.6653
115,20.jpg,sự,sw,0.5,0.5111
115,22.jpg,chợt,clat,0.5,0.6128
61,77.jpg,giới,gis!,0.5,0.6293
12,13.jpg,dự,du,0.5,0.736
115,1.jpg,vô,ve,0.5,0.4877
115,2.jpg,du,dui,0.5,0.7144
70,78.jpg,có,co,0.5,0.598
115,55.jpg,nước,nudc,0.5,0.5171
22,6.jpg,từ,th,0.5,0.5582
17,6.jpg,xe,x&,0.5,0.4546
17,9.jpg,cơ,cd,0.5,0.39
88,42.jpg,xã,xa,0.5,0.6791
88,33.jpg,ngạc,rgac,0.5,0.8293
74,24.jpg,phía,phid,0.5,0.9039
17,65.jpg,an,av,0.5,0.7885
17,67.jpg,trường,tnibng,0.5,0.7046
17,69.jpg,to,1o,0.5,0.6111
12,24.jpg,sáng,sany,0.5,0.9146
74,70.jpg,và,v&,0.5,0.7491
22,13.jpg,hàng,lang,0.5,0.5508
22,18.jpg,bàn để tiếp tục.,ban de'ten tuc.,0.5,0.748
115,6.jpg,và,va,0.5,0.8963
115,7.jpg,và,va,0.5,0.8946
115,10.jpg,vỡ,vi,0.5,0.9172
17,49.jpg,nhắn,nhar,0.5,0.7902
22,40.jpg,tăng,tany,0.5,0.8201
22,41.jpg,là,la,0.5,0.6341
22,31.jpg,cả,c&,0.5,0.7327
22,35.jpg,hiệu,hin,0.5,0.5022
22,37.jpg,đăng,ang,0.5,0.7777
66,76.jpg,vì,vi,0.5,0.7677
81,43.jpg,cụ,cu,0.5,0.8902
81,31.jpg,nhộn,uhin,0.5,0.4775
81,21.jpg,lạ,la,0.5,0.8286
81,24.jpg,xoan,x can,0.5,0.8801
17,73.jpg,nhậu,nhan,0.5,0.8391
52,74.jpg,cả,ca,0.5,0.583
52,57.jpg,dụng,duny,0.5,0.7926
52,62.jpg,rừng,ru'ng,0.5,0.6254
52,46.jpg,rõ,ro,0.5,0.7807
25,8.jpg,xuất,xu&,0.5,0.9022
97,96.jpg,khác,khat,0.5,0.7553
97,98.jpg,là,la,0.5,0.9661
97,85.jpg,có,c,0.5,0.1758
97,89.jpg,khai,khar:,0.5,0.7835
75,55.jpg,đi,di,0.5,0.8967
52,64.jpg,phát,phat',0.5,0.9512
97,43.jpg,ra,na,0.5,0.5766
97,46.jpg,võ,v,0.5,0.7207
97,100.jpg,và,va,0.5,0.9569
97,92.jpg,việc,vi&,0.5,0.5879
104,89.jpg,bị,bi,0.5,0.9795
104,92.jpg,và,va,0.5,0.2962
39,84.jpg,trực,tuic,0.5,0.874
97,68.jpg,ăn,an,0.5,0.9658
97,69.jpg,19,1g,0.5,0.8843
84,36.jpg,phát,pet,0.5,0.5326
104,43.jpg,ba,ha,0.5,0.8904
104,33.jpg,là,la,0.5,0.8128
135,16.jpg,niên,niei,0.5,0.8073
84,16.jpg,ăn,an,0.5,0.9659
113,58.jpg,số,s5,0.5,0.7222
84,85.jpg,đoạn,doan,0.5,0.6811
84,88.jpg,mà,ma,0.5,0.5083
146,88.jpg,vũ,vu,0.5,0.8946
104,47.jpg,xưng,xu'ng,0.5,0.7899
104,49.jpg,là,la,0.5,0.7714
52,72.jpg,ra,na,0.5,0.9823
68,1.jpg,vụ,vu,0.5,0.5255
69,68.jpg,thật,thi,0.5,0.6069
69,70.jpg,là,la,0.5,0.8255
69,58.jpg,đi,di,0.5,0.8086
84,26.jpg,nhân,nhir,0.5,0.7138
25,7.jpg,vì,ve,0.5,0.3255
52,92.jpg,đi,ti,0.5,0.6825
52,95.jpg,mà,ma,0.5,0.9753
52,85.jpg,án,dn,0.5,0.884
52,87.jpg,đi,oi,0.5,0.5571
104,39.jpg,dị,di,0.5,0.9875
107,99.jpg,cảnh,canl,0.5,0.8059
52,75.jpg,nghị,nyhy,0.5,0.6765
68,84.jpg,về,v&,0.5,0.5695
68,85.jpg,tp,t p,0.5,0.9528
94,20.jpg,tá,t,0.5,0.3387
94,21.jpg,phần,phanv,0.5,0.7668
94,10.jpg,thảo,thito,0.5,0.6742
113,92.jpg,công,cony,0.5,0.771
68,39.jpg,mơ,m?,0.5,0.5653
97,60.jpg,dự,da,0.5,0.6361
68,18.jpg,mảng,maing,0.5,0.9458
68,78.jpg,tách,tath,0.5,0.7095
39,76.jpg,lượt,laat,0.5,0.5369
39,69.jpg,lịch,dich,0.5,0.7752
39,70.jpg,đi,ti,0.5,0.7313
39,62.jpg,vụ,vy,0.5,0.5764
39,63.jpg,việc,vcec,0.5,0.3562
71,50.jpg,ra,ro,0.5,0.6572
71,53.jpg,châu,char,0.5,0.7816
83,10.jpg,trái,tra:,0.5,0.8892
68,28.jpg,mơ,m&,0.5,0.5462
97,62.jpg,bộ,br,0.5,0.8281
97,48.jpg,xe,x,0.5,0.5373
97,49.jpg,ty,dy,0.5,0.4941
97,53.jpg,thực,thu'c,0.5,0.8313
104,55.jpg,nghị,nyhw,0.5,0.6623
71,15.jpg,tiền,wien,0.5,0.6076
104,95.jpg,cảng,caing,0.5,0.9318
104,99.jpg,thương,thuving,0.5,0.8028
104,88.jpg,ít,it,0.5,0.9885
84,30.jpg,việc,viee,0.5,0.8103
107,98.jpg,vinh,simh,0.5,0.6795
84,32.jpg,đông,6ng,0.5,0.5187
84,18.jpg,thức,thue,0.5,0.8671
84,20.jpg,thực,thu'c,0.5,0.8096
84,23.jpg,đồng,dong,0.5,0.7534
84,25.jpg,sa,&a,0.5,0.8347
84,11.jpg,cá,ca,0.5,0.87
94,3.jpg,phía,phi,0.5,0.6227
94,5.jpg,ít,it,0.5,0.6346
94,8.jpg,tế,t,0.5,0.4179
107,94.jpg,tờ,to,0.5,0.7394
84,31.jpg,cô,co,0.5,0.6223
69,63.jpg,dựng,durg,0.5,0.6116
69,46.jpg,cũng,cny,0.5,0.4324
68,46.jpg,và,va,0.5,0.6106
52,91.jpg,từ,ti,0.5,0.6811
107,87.jpg,bị,b:,0.5,0.7351
107,90.jpg,quán,quak,0.5,0.746
107,78.jpg,kinh,hunh,0.5,0.8065
84,90.jpg,công,corg,0.5,0.808
84,82.jpg,nhất,nkat,0.5,0.6994
39,91.jpg,là,la,0.5,0.6857
137,29.jpg,vì,vi,0.5,0.9143
69,60.jpg,năng,mang,0.5,0.7913
135,56.jpg,sống,aong,0.5,0.7374
135,58.jpg,liệt,lat,0.5,0.3593
135,43.jpg,vụ,vm,0.5,0.5215
135,35.jpg,quan,yuam,0.5,0.8827
135,36.jpg,dù,de,0.5,0.6516
135,39.jpg,mù,ma,0.5,0.604
135,42.jpg,phải,phat,0.5,0.8008
135,28.jpg,"xã đào viên, huyện quế võ (bắc ninh) nhắn tin rằng : "" sao các con","xaa vis, duyjo qut'v5( a' nnh)mhanti rag :sas calcor",0.5,0.6797
137,38.jpg,việc,uiec,0.5,0.4453
5,1.jpg,lẽ,l,0.5,0.2474
5,4.jpg,là,la,0.5,0.7397
69,98.jpg,công,cony,0.5,0.9013
25,78.jpg,tịch,tieh,0.5,0.5031
25,81.jpg,nhất,mhat,0.5,0.8999
25,85.jpg,gì,gi,0.5,0.51
25,72.jpg,khác,hhac,0.5,0.8277
25,64.jpg,kinh,lenh,0.5,0.6329
25,65.jpg,tịch,hich,0.5,0.828
137,72.jpg,chịu,cliu,0.5,0.7768
113,5.jpg,biết,bret,0.5,0.8665
25,33.jpg,km,im,0.5,0.6837
25,34.jpg,có,ca,0.5,0.2606
25,19.jpg,phát,phax,0.5,0.6238
25,20.jpg,sẽ,sc,0.5,0.7808
25,23.jpg,định,tinh,0.5,0.8225
113,24.jpg,định,tinh,0.5,0.572
113,28.jpg,ra,na,0.5,0.8669
113,30.jpg,nhân,"nhan,",0.5,0.9108
113,15.jpg,rằng,nang,0.5,0.9352
113,18.jpg,do,d,0.5,0.4314
25,32.jpg,xanh,xomh,0.5,0.6394
107,79.jpg,tư,te,0.5,0.489
107,80.jpg,phải,phat,0.5,0.6681
107,81.jpg,hiến,hier,0.5,0.7847
107,75.jpg,trạm,tham,0.5,0.8128
25,43.jpg,cuộc,cuse,0.5,0.7495
25,45.jpg,loại,locu,0.5,0.7234
25,46.jpg,là,la,0.5,0.9703
25,37.jpg,là,la,0.5,0.6301
39,92.jpg,ấp,ap,0.5,0.6814
39,97.jpg,thấy,thet,0.5,0.708
69,99.jpg,số,s,0.5,0.1973
104,74.jpg,thảo,thas,0.5,0.846
104,75.jpg,vùng,uung,0.5,0.5584
97,94.jpg,toàn,tran,0.5,0.8113
113,51.jpg,nhân,nlan,0.5,0.7124
113,55.jpg,ra,na,0.5,0.8443
113,46.jpg,và,va,0.5,0.8908
113,47.jpg,cũng,aing,0.5,0.8867
84,69.jpg,quản,qua'n,0.5,0.8785
135,22.jpg,thượng,thuny,0.5,0.8358
135,5.jpg,thời,whei,0.5,0.7149
104,70.jpg,nỗ,ne,0.5,0.4968
69,88.jpg,mỹ,m,0.5,0.9844
69,89.jpg,nghị,nqhw,0.5,0.76
137,75.jpg,trấn,trar,0.5,0.8168
137,65.jpg,nghe,nyle,0.5,0.7264
146,23.jpg,vệ,ve,0.5,0.7005
135,55.jpg,và,v&,0.5,0.8513
84,56.jpg,chậm,chan,0.5,0.9224
84,48.jpg,đang,dtang,0.5,0.8154
84,50.jpg,là,la,0.5,0.7693
137,2.jpg,đi,di,0.5,0.849
146,60.jpg,bỏ,bo,0.5,0.5607
146,56.jpg,tư,tu,0.5,0.4136
146,98.jpg,cơ,co,0.5,0.4541
146,93.jpg,thăm,thcim,0.5,0.7296
146,95.jpg,định,dinh,0.5,0.5797
25,38.jpg,biển,dien,0.5,0.8811
25,28.jpg,chết,hit,0.5,0.5045
137,20.jpg,việc,vie2,0.5,0.8225
137,23.jpg,án,an,0.5,0.8382
137,26.jpg,võ,v6,0.5,0.4823
137,9.jpg,họ,ho,0.5,0.9662
146,65.jpg,xe,xc,0.5,0.6678
99,70.jpg,ủi,ui,0.5,0.4589
99,71.jpg,họ,ho,0.5,0.4819
93,88.jpg,trưởng,tru'ing,0.5,0.6838
93,78.jpg,tỉnh,tihh,0.5,0.4991
93,68.jpg,chào,cha,0.5,0.9282
39,13.jpg,có,co,0.5,0.6729
39,5.jpg,chấp,chen,0.5,0.7088
27,87.jpg,áp,op,0.5,0.7939
27,88.jpg,cũ,cu,0.5,0.8044
69,27.jpg,ngậm,nqam,0.5,0.8345
27,94.jpg,là,li,0.5,0.4506
101,25.jpg,tinh,tang,0.5,0.5101
69,22.jpg,mà,ma,0.5,0.9812
39,17.jpg,bộ,bo,0.5,0.195
39,18.jpg,trường,fruong,0.5,0.7428
39,20.jpg,chúi,chuit,0.5,0.7251
39,6.jpg,về,ve,0.5,0.5224
39,11.jpg,vẻ,vi,0.5,0.4145
27,57.jpg,csgt,cs&r,0.5,0.8721
27,58.jpg,và,va,0.5,0.9446
27,91.jpg,quốc,qusi,0.5,0.9025
79,76.jpg,hàng,hany,0.5,0.8105
79,65.jpg,là,la,0.5,0.569
83,88.jpg,nhìn,nlin,0.5,0.6984
83,90.jpg,lý,ly,0.5,0.7324
119,35.jpg,liền,len,0.5,0.4319
119,37.jpg,từ,t,0.5,0.5985
119,38.jpg,và,v,0.5,0.2841
119,30.jpg,cà,ca,0.5,0.8567
119,33.jpg,tỏ,to,0.5,0.8787
119,34.jpg,sở,s6,0.5,0.4537
99,84.jpg,vòng,aong,0.5,0.5494
79,42.jpg,chặn,dhan,0.5,0.6418
93,69.jpg,mà,ma,0.5,0.9018
93,70.jpg,là,la,0.5,0.9028
93,73.jpg,sàng,san,0.5,0.3789
75,17.jpg,có,c,0.5,0.2476
32,96.jpg,mở,mo,0.5,0.6542
32,84.jpg,thương,thulong,0.5,0.6474
32,76.jpg,tp,tr,0.5,0.933
101,21.jpg,vé,ve,0.5,0.2746
99,89.jpg,mà,ma,0.5,0.9768
119,20.jpg,vượt,vudt,0.5,0.9554
94,83.jpg,cũng,cina,0.5,0.4912
94,84.jpg,trên,then,0.5,0.8935
94,76.jpg,chuyển được một xác. 40 km từ bãi phước thành ra đây phải đi suốt một ngày,chugn dao mr xao.40m t b u thönh a say ph& hxuöi mr ng8,0.5,0.6963
94,63.jpg,chắc,cha,0.5,0.9512
94,64.jpg,thân,thaw,0.5,0.9708
94,65.jpg,bé,be,0.5,0.6014
93,99.jpg,ngập,hgap,0.5,0.9198
99,100.jpg,ơn,dn,0.5,0.73
75,42.jpg,mẹ,me,0.5,0.9042
75,38.jpg,tế,to,0.5,0.6742
101,55.jpg,vẻ,ve,0.5,0.8319
32,36.jpg,việc,vuc,0.5,0.738
94,94.jpg,thực,thut,0.5,0.8798
94,95.jpg,nữ,n2,0.5,0.4345
94,97.jpg,tiếp,tusp,0.5,0.5349
119,62.jpg,và,va,0.5,0.5921
119,57.jpg,nẵng,niny,0.5,0.6703
99,96.jpg,đình,tinh,0.5,0.7813
75,3.jpg,nhận,nan,0.5,0.8681
83,96.jpg,tuổi,tus,0.5,0.6806
83,97.jpg,thôi,thr,0.5,0.6875
32,33.jpg,nhất,what,0.5,0.7403
101,41.jpg,tiếc,tie,0.5,0.614
101,42.jpg,lã,la,0.5,0.619
101,89.jpg,công,cony,0.5,0.8422
50,11.jpg,công,conx,0.5,0.3938
27,82.jpg,sự,su,0.5,0.3223
27,85.jpg,diện,dier,0.5,0.9136
27,71.jpg,lê,le,0.5,0.7028
27,76.jpg,ra,na,0.5,0.971
27,55.jpg,việc,vir,0.5,0.4681
83,24.jpg,bị,bi,0.5,0.897
83,19.jpg,thủy,hey,0.5,0.5429
99,75.jpg,là,la,0.5,0.9271
50,29.jpg,biệt,biel,0.5,0.6369
50,33.jpg,xa,ka,0.5,0.9072
50,24.jpg,án,an,0.5,0.7967
32,81.jpg,tư,tu,0.5,0.9294
32,82.jpg,khóc,khe,0.5,0.6513
32,72.jpg,kiềm,kem,0.5,0.4985
128,32.jpg,quản,quas,0.5,0.7251
128,33.jpg,mà,ma,0.5,0.9198
128,20.jpg,thẩm,dham,0.5,0.9538
83,83.jpg,cuối,cun',0.5,0.5787
71,45.jpg,đi,fi,0.5,0.6283
71,46.jpg,liệm,lien,0.5,0.397
69,7.jpg,là,la,0.5,0.6733
83,49.jpg,công,wng,0.5,0.5367
83,40.jpg,xe,ye,0.5,0.8599
83,41.jpg,có,c,0.5,0.169
79,10.jpg,mình,minl,0.5,0.9197
79,12.jpg,phút,plut,0.5,0.6968
79,13.jpg,có,cs,0.5,0.6191
79,86.jpg,và,va,0.5,0.9645
79,8.jpg,bình,binl,0.5,0.7939
71,96.jpg,tiếp,thiep,0.5,0.6186
50,71.jpg,cũng,ceung,0.5,0.4227
97,29.jpg,là,la,0.5,0.8678
97,21.jpg,quất,quat!,0.5,0.9228
71,73.jpg,đăng,dang,0.5,0.7781
71,61.jpg,tình,tunt,0.5,0.3979
71,65.jpg,là,la,0.5,0.5436
79,20.jpg,tú,tu,0.5,0.8221
52,19.jpg,khắc,thac,0.5,0.6978
79,2.jpg,áo,ao,0.5,0.9064
69,28.jpg,đang,atang,0.5,0.626
128,82.jpg,bộ,by,0.5,0.3103
128,84.jpg,ngày,nyny,0.5,0.8362
128,75.jpg,trấn,taan,0.5,0.6905
52,41.jpg,trường,theang,0.5,0.5919
52,30.jpg,tư,th,0.5,0.641
50,83.jpg,hình,hidh,0.5,0.7713
50,85.jpg,và,v2,0.5,0.3668
50,76.jpg,ngày,nyay,0.5,0.8833
97,31.jpg,và,va,0.5,0.8525
71,43.jpg,và,v,0.5,0.3907
68,69.jpg,liên,l:n,0.5,0.5049
71,31.jpg,dự,du,0.5,0.955
71,34.jpg,nhau,nlan,0.5,0.9241
71,76.jpg,hiện,hen,0.5,0.6632
71,81.jpg,tổ,t,0.5,0.4773
71,69.jpg,mà,me,0.5,0.6999
113,84.jpg,cách,cah,0.5,0.8943
113,88.jpg,công,eong,0.5,0.7855
113,83.jpg,đúng,dwng,0.5,0.7578
71,41.jpg,và,va,0.5,0.2603
97,37.jpg,gỡ,ga,0.5,0.3443
94,57.jpg,tổ,te,0.5,0.4206
94,48.jpg,vinh,arnh,0.5,0.844
94,30.jpg,có,c,0.5,0.6602
94,34.jpg,công,cerng,0.5,0.7823
128,93.jpg,giải,gi'ai,0.5,0.7048
128,1.jpg,lê,le,0.5,0.2998
128,2.jpg,thẩm,than,0.5,0.6179
128,5.jpg,15,1s,0.5,0.59
128,56.jpg,bộ,ba,0.5,0.5997
128,59.jpg,tính,tiih,0.5,0.567
52,25.jpg,ai,a,0.5,0.9175
128,38.jpg,bình,rinh,0.5,0.6077
83,81.jpg,phải,pha,0.5,0.6186
83,63.jpg,ra,fa,0.5,0.8202
83,65.jpg,mò,m,0.5,0.8333
83,53.jpg,thực,thu'c,0.5,0.787
128,11.jpg,khỏe,thoe,0.5,0.7982
128,18.jpg,quét,qlet,0.5,0.5816
79,32.jpg,việc,oic,0.5,0.4886
79,90.jpg,dã,d&,0.5,0.9056
79,93.jpg,dự,di,0.5,0.5471
128,50.jpg,cũ,ci,0.5,0.719
52,8.jpg,thủy,thuiy,0.5,0.769
97,39.jpg,lẽ,le,0.5,0.4427
39,46.jpg,mình,mah,0.5,0.7362
39,35.jpg,số,s5,0.5,0.3362
39,36.jpg,kỷ,ky,0.5,0.3203
79,53.jpg,bờ,b3,0.5,0.4519
79,38.jpg,quan,tuon,0.5,0.3361
79,39.jpg,về,v&,0.5,0.6613
50,45.jpg,cá,ca,0.5,0.6012
50,97.jpg,biết,bi24,0.5,0.5666
94,54.jpg,trại,+rai,0.5,0.6976
39,55.jpg,ầm,am,0.5,0.8901
39,39.jpg,xe,x e,0.5,0.9965
39,40.jpg,công,con,0.5,0.3813
39,45.jpg,viên,oien,0.5,0.7431
128,94.jpg,cá,c&,0.5,0.7066
128,80.jpg,và,va,0.5,0.7096
50,50.jpg,trạm,trzmn,0.5,0.8519
50,53.jpg,tuấn,tudk,0.5,0.715
50,39.jpg,ba,la,0.5,0.6845
50,44.jpg,ra,sa,0.5,0.6032
97,2.jpg,hiệu,nipu,0.5,0.6929
44,98.jpg,"văn phòng ngân hàng thế giới (wb) tại vn cho biết từ ngày 25 - 27 / 3, tại thượng hải",vxn pqong mzam aany tg 1wb) toi vn c 6ide te 2s- 271o3taith&rg hai,0.4941,0.7831
96,57.jpg,"hiếu (19 tuổi) bị gẫy một xương sườn, rách tai, sưng bầm khắp người, cũng","hí (1gtái bi gámtxing únchtai, sng bam há gieng",0.4932,0.7053
112,89.jpg,"để biết rất thật rằng đây là vn "". vì không nằm trong danh sách những","bic rd rhat raq y& vn"" vidonq ám tong dnh sahnwng",0.4928,0.7971
106,21.jpg,"tôi nói thiệt, dn sợ "" lót đường "" nên rất muốn vô thẳng phú hữu "".","to né thut, dns l dusy nen ai mun vo thany phi a""",0.4925,0.6759
81,58.jpg,làm chi. làm nhà vì thương người lận đận. từng sống trong căn nhà,m ch. lam na vi+king nqu an an tang 8ng-soge&n nha,0.4923,0.7516
146,29.jpg,"là của mình, bởi theo cách nói của ông, cơ nghiệp ông tạo lập nên","l2 ad mht,ht th cah na i my,c3nghip ing tao löpnn",0.4923,0.6939
49,11.jpg,"chúi xuống, cố gượng dậy được. chỉ một phút sau tôi đã nhận","ch xu6q,c5' gung day u. chi'mt phik sa 6c danan",0.4915,0.7779
116,87.jpg,đã bao giờ bạn tự hỏi thành công là gì mà bao kẻ bỏ cả cuộc,pa has to hn t h tnan cngla f m bau  b3 ca ui,0.4915,0.6933
103,53.jpg,"lại, chị không dám tới và đã nhờ khai minh.",da) chi dhoy clam to vo' da nhe`khai minl.,0.4884,0.7698
114,44.jpg,khoán (đối tượng dùng cưa xăng cưa cánh tay trái của hải ngày 15 - 3 - 2004),khoan l i tung dng co xágcak toy tá cie u ngg15-s-2n),0.4868,0.6805
54,31.jpg,"bán cây cho ông dùng cất nhà tình thương, bán đúng giá coi không đặng,","ban c&y cho &g atny cat naahhltul'mo, ban dung gi5 coi luaglar",0.4857,0.7767
128,51.jpg,"đầm lầy với khoảng 10.000 khối đất đá, không kể ngổn ngang","am la khang lo.co khádat dá, khág xengh ngang",0.4828,0.7736
91,51.jpg,anh âm đã tăng lên đáng kể.,anh am ta tug lon tuy h'!,0.4815,0.708
120,5.jpg,hành vi sai trái và những người bao che. thực hiện tốt các quy định đối,mtwh vi nai tru:va hug wgud uoche.th man tot ca quy tinldor,0.4789,0.7372
137,83.jpg,mùi ói xông nồng nặc.,mau öi xinq nog roe.,0.4762,0.7139
116,93.jpg,"món ăn mẹ thích nhân ngày 8 - 3. món canh có thể hơi mặn, món","mön an m tu nin gar 8-3. hon canti man, nn",0.4754,0.7529
121,81.jpg,cho 85% dân số vào năm 2010 và cho 100% dân số vào năm 2020,ehw 85% das 88 v han 201o va cho loo% d co-va namqa0,0.4746,0.7593
61,61.jpg,một phần biển đông.,met phat lies 0erg.,0.4737,0.6266
146,12.jpg,"tấn nước mắm, cả chục hầm nuôi cá, hiện có trên 600.000","tak mo mam,ca cuc &am wua ca, un c% ten 600.o",0.4727,0.7253
21,89.jpg,"một lần mang về. ai ngờ... "" - lê đức hà (18 tuổi) nói bên giường bệnh",möt lai mang ve. aing..-leictlat48tui) nlbn guibng ber,0.4714,0.777
67,87.jpg,nghiện tập trung.,nyuo tap tnung,0.4706,0.6352
137,41.jpg,"tĩnh, ngày 21 - 3 - 2004 đã về đến tp.hcm sau cuộc hành trình ba","ti, mgay 21-3-20o4 dx ve' do'n tp.hcm cancnl hanh :xhb",0.4688,0.7646
101,28.jpg,"liên cảng a5 từ hội đồng này, tuy nhiên sau khi cùng viện kiểm sát nhân dân","un cörg5 hadarg ny,tny nhin san h cmy vin kimsat nanclan",0.4667,0.7173
11,62.jpg,"trước đây, vẫn có nếp nghĩ cho rằng nvơnn là những người có đời sống sung","tnu&c tay,van c6 np ngh sang nvnn l nng ngu5ic th: hgur",0.4658,0.7748
113,87.jpg,"các nước, may nhờ một người vn che chở đã đóng tiền để qua được các vòng.","cac nuö , may nh mot rgan vn de ch di'dirg tn do'qua thr eac uay.",0.4658,0.7591
56,8.jpg,và giao cho ubnd huyện sông cầu thực hiện. sơ đồ qui hoạch được chính,v giao cho v uyh song cautu in. sdo quhagchuo knh,0.4638,0.7007
102,56.jpg,ở khâu quyết toán tài chính dn và quyết toán thuế. sở tài chính làm,' haw quy hn ta cunk on na quj toon ru. s tf chin m,0.4627,0.6875
119,44.jpg,"dâng lên có chỗ ngập trên 2,5 m, với nhiều gia đình nghèo chỗ cao","dag lon c cwngpton2,5mvö nhi ga tnl ngh clsa",0.4615,0.6947
124,53.jpg,"đôi mắt thâm quầng và nước da xanh mét, thông nói : "" dẫu sao chúng tôi cũng","sr ma xham ua  do da xanh m,thng nê "" daias chng t ing",0.4605,0.7242
98,56.jpg,"qui định theo giới tính, lứa tuổi... chú năm châu, thành viên ban quản","qu tn u. qi tinh,a tua... cu mar chan, than wn han que",0.4571,0.7649
82,100.jpg,ba giờ hẹn.,la qid hen .,0.4545,0.84
81,37.jpg,"không có sự hợp tác, tin cậy..., mệt mỏi từ hai phía "". không tiền bạc, sức","khang  x hp to. n oy..., m nti hai hia. kkag tn bac,x",0.4533,0.7386
26,44.jpg,"ngày 30 - 3, ban thường vụ thành ủy đã triệu tập hội nghị cán bộ","mgay zo-3, ban taung wy thanh uj da tham tön har mgh can d?",0.4531,0.7414
130,89.jpg,"được biết, dự án qui hoạch phát triển khu dân cư mới tại xã xuân hải được",oux bul.cu an qu hoach phat trn hn dan a me tai xa xuan har dut,0.4521,0.8415
18,1.jpg,"trong khu vực như hong kong và campuchia "". thanh tra bộ y tế cũng kiến","hony &m 2c&ml hony kony va campucaia"".thunl tuu  yieuangkien",0.4507,0.7135
125,46.jpg,"chức; tăng cường thanh kiểm tra những nơi có dấu hiệu vi phạm, đặc biệt",cw; tng cvog thanh kn+na nunj n3i co dal wau vipham ct,0.4507,0.7193
123,49.jpg,không quên của họ...,ichong qvin ada ho ...,0.45,0.7978
94,89.jpg,lớn trên địa bàn tỉnh. điều bất ngờ gây xôn xao dư luận đã,1m +ren dha ban+nh.di6i bxtng3 gay xnxao dx lu@nzk,0.4483,0.7439
17,3.jpg,"các anh chị em ccv mỗi người một việc. bs hà chuẩn bị y cụ, đdv kim",cat anh ch: mccvm5 y mt i. bs ha chan b!yaovkim,0.4478,0.7048
125,82.jpg,"trong khu nghĩa địa có căn nhà mát để người đến thăm mộ, đắp mộ",thong hul mgha tin co can mha mát ti ned  tham ma. da m,0.4444,0.7454
75,59.jpg,an giang.,an ch'ang .,0.4444,0.8088
75,62.jpg,hội nghị quốc tế và mở các tour du lịch làng nghề truyền thống.,he mgh: qus'tt'va m8' eattour du lich lang mgheuyenthog,0.4444,0.7418
44,49.jpg,"lợi, phát triển ngành biển.","hh, phat wen manh bien.",0.4444,0.8018
49,47.jpg,vụ án xảy ra và ông cũng được biết cơ quan điều tra đã,vu ak xáy &a va 8ng cung atu& bif c8 quanzhxtrada,0.4444,0.8024
44,28.jpg,kẻ ra công đóng...,ra da cang dang .-.,0.4444,0.7652
125,54.jpg,"trong quá trình phát triển vừa qua, các dn sản xuất không qua hệ thống","hong na tinh pha die nia pa, ca dn ainna hang ua h thng",0.4429,0.6956
32,65.jpg,"kéo. chỉ thu phí khi "" châu về hợp phố "" nên đã hoạt","k . chi tha : h: ""chau ve  phnin h hoot",0.4423,0.6791
73,46.jpg,ngột vì khúc cua khá gắt.,nget vi hi can kh qhf.,0.44,0.7122
11,51.jpg,đây là lần đầu tiên các nhà thực hiện và lập chính sách ở các nước,dsy la lan da tixn ac nha tauc hin va kap cunh sath&ca nuot,0.4394,0.6853
138,77.jpg,bây giờ lang thang ở đâu; vợ chồng mai văn lắm lục đục với nhau vì,bay  lang thang dc; v chónq ma van lain ducdc vönhu,0.4394,0.7829
140,7.jpg,"sở khám chữa bệnh, trách nhiệm của bác sĩ kê đơn thuốc...","s anan chua bine,trach nlim ca basi ldn thu..-",0.4386,0.7833
3,50.jpg,may mắn cũng đang chịu đựng đau thương không ít. tôi đến khi các y sĩ ở,mo mán cing dang chin ding áanthubng hong t tidnhi cae sr,0.4366,0.8361
15,67.jpg,"khoảng 10% số người thiệt mạng do tai nạn giao thông trong cả nước, tỉ lệ này còn rất","khoán 1o % so nqui thi@ marq do tai nan qico-horg ca ndce,i le nay con r&",0.4353,0.8323
132,18.jpg,phải gánh chịu hậu quả?,pha ganh chu aam qnk:,0.4348,0.7683
27,1.jpg,tài xế có tâm lý chạy thẳng vào làn kiểm soát đầu tiên hoặc thứ hai từ bên,taine cs tam  chay thing va lan um ot taa ta hozc tha haitd,0.4324,0.7685
129,95.jpg,"dựng. chỉ trong một thời gian ngắn, hàng trăm hồ sơ xin giao (mua) đất của","dy. chi ton met thi qian mqan, hanhim  o in qja (rva) datca",0.4324,0.7754
62,74.jpg,"thành công còn là hình ảnh một cậu bé bị dị tật ở chân, không bao","thanh csg com la &w anl ms c&n b2 b: d:+at  chan,hag bao",0.4308,0.72
29,69.jpg,cuộc đối thoại trực tuyến...,auc da hoa tnc tuyin..,0.4286,0.6511
43,86.jpg,kilômet,ki lo met,0.4286,0.7502
71,12.jpg,"cái bếp nhỏ, mẹ ơi...","ca ber nh?, ne s...",0.4286,0.7783
40,97.jpg,đầu tư.,dau tu.,0.4286,0.8571
92,67.jpg,", sách tập cũ các loại. trong một cuốn sách cũ chợt rơi ra tấm thẻ sinh viên của một",isath txh ca cat loi. trong m cuon sa cx h o ratam  sin vn cum,0.4286,0.8012
16,75.jpg,hiện việc kê khai nhà đất và cơ sở sản xuất kinh doanh,in vu k kha nha difva cs s 8a xu kin dunh,0.4259,0.8119
42,45.jpg,"bằng nỗi đau mất danh dự, tinh thần khi xuất hiện bài báo "" một âm","banq m daum&tdanh du, tnhthan hi xuc hin bar bameham",0.4242,0.7655
74,96.jpg,lưới bắt ngon ơ nữa kìa...,n áx ngon  nha ta...,0.4231,0.7245
135,62.jpg,"đối với những đơn vị kinh doanh để xe lấn chiếm lòng lề đường, sau ba lần vi",osi v6i nhung tan vi kin doande lan chen deng leaung sau da oi,0.4211,0.7913
36,100.jpg,các loại xe không dừng ở các trạm bán vé đặt rải rác suốt,ca joai xe aong ding 8'eautrm ban  t i rác su,0.4211,0.7309
78,5.jpg,dưới mọi hình thức.,dué ma hina thuc.,0.4211,0.8233
44,73.jpg,"chơi bạc gà của tuấn "" cụt "" chưa ăn thua gì so với hậu "" trọc "". dân","ch bc ga cua tuan ""cut chu an thua qi so v hau*+.dan",0.4203,0.8051
83,9.jpg,"khu dân cư mới xuân hải, gây nên kiện cáo kéo dài.","rn dan c mkxuan &i, goy nn un cao hab dai.",0.42,0.6751
127,30.jpg,dân nghèo xứ này không phải lo khi chết đi để khổ cho con cháu,dan mau xr mag &ng thai xo h& ch oi  h5 cho con cheu,0.4194,0.74
104,96.jpg,"hệ thống các nhà phân phối, nhất là khâu bán buôn nhằm hạn chế kinh","h thö:gca nha phan ph, nhat da icha bón u nhan han chl lan",0.4179,0.792
145,21.jpg,"hà nội, trường chinh, quốc lộ 13. ông hải đề nghị công an tp nên đấu thầu, giao","hnsi,trw2n cink, qus ls 13.oug h2t'ng: cng an tp nn&thau,iao",0.4177,0.7649
63,11.jpg,khi xuất khẩu đi một số nơi trong khu vực như hong kong và,4hi xu khai d: mt 'na ton hu vu he tny kong va,0.4138,0.7845
73,50.jpg,ấy long lanh in trong mắt mẹ.,aj bng dand in tuny ma me.,0.4138,0.7771
142,14.jpg,"tạo ra nhiều hơn nữa các nguồn đầu tư trong và ngoài nước, xác định ưu tiên","tao ha nliy hon na cae nqun ta t tony vz ngva nb, xai dinh u ten",0.4133,0.749
139,9.jpg,nghị quảng nam triển khai nhanh 10 dự án do ica đề xuất trong phát triển du lịch,mgh: qung nam truh hai nhan 1o du aido ica &xusi tony ph qunue,0.4125,0.7476
8,69.jpg,săn chim ở cát bà,san cim' cat ha,0.4118,0.808
91,13.png,trời bắt đầu tối.,tnoi bat dau toi,0.4118,0.7151
52,82.jpg,có khoán tham dự.,c5 kkoäm ham ow.,0.4118,0.7428
92,5.jpg,"có tiền ăn, phải tự cứu nhau. chủ công trường không nhận lại vì hết việc.","c: hin an, phá hi  mhau. cha eong tröorg khong mhan a  hi vize.",0.411,0.8353
130,42.jpg,"đến 15 - 3 - 2004, hải mang rượu vào lán trại ở thủy điện ia me 3 để mời một","n 15-3-2004, hd: mang s v8o dan trai 6 +huy d2nta me3 di'moi me",0.4079,0.7894
12,5.jpg,tục hành chính để làm lại. lại đi tìm việc. đọc chán những thông,tuc hawk chah d lam lailai di finviec. po chdn nhutg thng,0.4062,0.7841
124,63.jpg,"làm nhà tình thương. có lắm cây dừa ở sâu cách xa sông rạch, sau","lam nha thphl6ng.cs lam cay aa'% sau cacn xa qong ach,sm",0.4062,0.7193
107,76.jpg,"qui định chi tiết, rõ ràng. cách làm này sẽ góp phần hạn chế thái độ,",qu unk ch t:b n rang. cah lam noy re gp phan han chtha do,0.4058,0.8258
139,54.jpg,a4 là tâm sự của 17 con người sau 206 ngày,a l tm m aa 1f con mqpbi nau 2s nq2y,0.4048,0.7184
26,25.jpg,đdv kim chi tiêm một mũi thuốc thông tiểu.,0v kim chi tip ma m shu hany tan.,0.4048,0.711
12,71.jpg,chẳng,charg,0.4,0.8938
6,45.jpg,thông,thony,0.4,0.9684
43,55.jpg,trạng,thang,0.4,0.9761
55,36.jpg,tưởng,tuong,0.4,0.7747
43,2.jpg,thịnh,think,0.4,0.823
99,14.jpg,ngành,nqanh,0.4,0.7461
14,63.jpg,người,ngusi,0.4,0.8704
14,15.jpg,huyện,hyen,0.4,0.6735
103,90.jpg,không,khony,0.4,0.9066
103,88.jpg,thành,thand,0.4,0.7947
103,70.jpg,chiều,chiaw,0.4,0.7103
103,94.jpg,không,khony,0.4,0.9274
6,21.jpg,những,nheny,0.4,0.5977
18,43.jpg,nhiệt,nlist,0.4,0.7118
6,33.jpg,chính,chmn,0.4,0.6851
34,97.jpg,thành,tlanh,0.4,0.5761
39,73.jpg,người,ngigi,0.4,0.5221
7,34.jpg,tháng,hhang,0.4,0.6579
12,73.jpg,quyết,quget,0.4,0.9676
45,75.jpg,thiếu,theu,0.4,0.4223
82,28.jpg,chúng,chany,0.4,0.6299
142,64.jpg,không,khiny,0.4,0.8134
146,59.jpg,viếng,viany,0.4,0.599
131,97.jpg,lượng,luong,0.4,0.6015
146,41.jpg,triệu,treu,0.4,0.6918
10,94.jpg,chính,ch'nn,0.4,0.6114
10,65.jpg,thành,thand,0.4,0.769
64,29.jpg,chiều,chie,0.4,0.7724
150,95.jpg,thiệp,1hiep,0.4,0.6865
50,51.jpg,triển,tién,0.4,0.5434
110,13.jpg,trình,tinh,0.4,0.7601
99,46.jpg,quyết,quye't,0.4,0.8403
55,41.jpg,phong,phmg,0.4,0.8418
55,40.jpg,khanh,chant,0.4,0.7675
150,59.jpg,chiều,chier,0.4,0.8508
126,40.jpg,thống,thony,0.4,0.5991
150,63.jpg,nhưng,nlung,0.4,0.538
137,33.jpg,không,khorng,0.4,0.7977
97,73.jpg,quảng,quaing,0.4,0.8175
84,3.jpg,nhiều,nhiw,0.4,0.9124
43,99.jpg,không,kh wg,0.4,0.4889
43,97.jpg,những,nhaing,0.4,0.828
3,90.jpg,người,nguni,0.4,0.7606
110,19.jpg,chồng,chuny,0.4,0.6733
110,95.jpg,quyết,quyel,0.4,0.7941
110,55.jpg,tiếng,tung,0.4,0.5521
139,51.jpg,huyện,huyf,0.4,0.5244
139,47.jpg,trình,trin,0.4,0.6985
117,58.jpg,quyền,9uyen,0.4,0.6421
102,29.jpg,thành,thane,0.4,0.8695
48,4.jpg,những,nlung,0.4,0.7843
144,36.jpg,những,nh3 ng,0.4,0.6322
19,29.jpg,nhưng,mhing,0.4,0.8937
2,28.jpg,thiệt,thet,0.4,0.7428
48,39.png,chứng,chürng,0.4,0.7963
64,46.jpg,thành,thanl,0.4,0.8808
28,70.jpg,xuyên,xuy,0.4,0.75
21,54.jpg,người,ngiti,0.4,0.5372
102,96.jpg,thuốc,thuoe,0.4,0.5623
129,41.jpg,trình,tring,0.4,0.8226
117,25.jpg,trước,trusc,0.4,0.6634
133,49.jpg,người,ngidi,0.4,0.7455
133,5.jpg,thành,tharh,0.4,0.8814
86,37.jpg,chiếm,chitn,0.4,0.8561
86,32.jpg,thống,trong,0.4,0.926
129,92.jpg,trong,trouy,0.4,0.892
107,21.jpg,thiếu,thiei,0.4,0.8291
129,67.jpg,thành,thanl,0.4,0.9011
28,73.jpg,nghĩa,mghia,0.4,0.8764
19,51.jpg,thuốc,hhuoc,0.4,0.5648
116,7.jpg,trong,t'hong,0.4,0.5707
113,21.jpg,chúng,chuing,0.4,0.7216
84,46.jpg,trung,druny,0.4,0.7748
147,59.jpg,chính,chund,0.4,0.7184
45,56.jpg,chính,ching,0.4,0.7077
144,71.jpg,chúng,churg,0.4,0.5416
144,23.jpg,những,nhuing,0.4,0.7336
144,2.jpg,không,rhong,0.4,0.8484
137,49.jpg,chiến,chi'en,0.4,0.8884
137,45.jpg,quyết,quyay,0.4,0.6582
116,61.jpg,trình,teinh,0.4,0.7883
110,24.jpg,không,khany,0.4,0.7263
19,54.jpg,xuống,2usng,0.4,0.6177
42,25.jpg,chúng,chuny,0.4,0.8811
134,14.jpg,chứng,chuing,0.4,0.8145
110,79.jpg,chúng,chuny,0.4,0.8119
134,47.jpg,triển,trich,0.4,0.6274
134,38.jpg,chiều,chiew,0.4,0.9221
119,47.jpg,thành,thank,0.4,0.9018
113,8.jpg,thuốc,thuit,0.4,0.656
137,89.jpg,nghĩa,nyha,0.4,0.6454
126,98.jpg,không,ahang,0.4,0.376
110,45.jpg,trưng,trany,0.4,0.8479
42,57.jpg,không,fhong,0.4,0.6281
19,15.jpg,quanh,qwanl,0.4,0.9331
26,42.jpg,người,nguci,0.4,0.7812
26,24.jpg,không,klong,0.4,0.5242
77,40.jpg,luyện,luyl,0.4,0.6075
75,57.jpg,chiến,thiin,0.4,0.5185
51,11.jpg,thiệu,thiw,0.4,0.8732
51,8.jpg,thanh,fhah,0.4,0.791
100,62.jpg,thành,thanl,0.4,0.7656
100,21.jpg,chiếc,chit,0.4,0.7121
29,97.jpg,thông,thany,0.4,0.8737
27,53.jpg,thiết,thut,0.4,0.9634
101,99.jpg,viếng,vieny,0.4,0.6953
101,71.jpg,những,nh&nq,0.4,0.7053
58,33.jpg,thẳng,thany,0.4,0.8994
24,11.jpg,trang,hrany,0.4,0.5722
24,33.jpg,không,hhdng,0.4,0.8165
24,48.jpg,hướng,haing,0.4,0.9242
83,54.jpg,chính,chunl,0.4,0.6014
34,31.jpg,quyền,quyor,0.4,0.7776
92,16.jpg,nhiều,nhia,0.4,0.7328
34,60.jpg,triệu,tieu,0.4,0.7312
34,90.jpg,phóng,phomg,0.4,0.9551
7,40.jpg,không,&hing,0.4,0.8543
101,40.jpg,chiếc,ohiec,0.4,0.708
67,12.jpg,không,khony,0.4,0.6461
88,88.jpg,thanh,dhan h,0.4,0.8695
39,22.jpg,quyết,qyet,0.4,0.7363
105,32.jpg,những,nhuing,0.4,0.6573
105,5.jpg,những,nhiny,0.4,0.8871
143,96.jpg,thoát,thoar,0.4,0.9422
106,24.jpg,chúng,chling,0.4,0.8151
90,41.jpg,trước,truéc,0.4,0.5767
13,42.jpg,triển,trier,0.4,0.7434
7,11.jpg,chính,chtah,0.4,0.7208
1,19.jpg,nhiều,nhi'su,0.4,0.6867
26,48.jpg,nguồn,nyubn,0.4,0.7637
1,13.jpg,trung,zhung,0.4,0.7716
1,10.jpg,phóng,phony,0.4,0.9506
26,99.jpg,ngoài,ngeai,0.4,0.7725
13,16.jpg,trung,truney,0.4,0.9093
34,16.jpg,những,nling,0.4,0.7486
41,98.jpg,người,ngw?i,0.4,0.5703
60,87.jpg,khiến,khcn,0.4,0.6521
63,16.jpg,nhiêu,nhitn,0.4,0.5962
63,40.jpg,xuống,xuony,0.4,0.6167
24,71.jpg,nhưng,mhing,0.4,0.8125
63,61.jpg,thẳng,hhang,0.4,0.7229
67,68.jpg,tiếng,tung,0.4,0.7561
61,45.jpg,games,gane,0.4,0.8874
148,75.jpg,chúng tôi đang yêu cầu công ty sanofi synthelabo giải trình lý do,chüng to áanq en ean cong ty sanopi synthuabo qinh td,0.4,0.8047
61,98.jpg,chúng,clung,0.4,0.5964
61,92.jpg,những,nhuing,0.4,0.7782
61,90.jpg,trong,trory,0.4,0.7403
34,17.jpg,chính,chtah,0.4,0.8342
70,20.jpg,trong,trumg,0.4,0.5745
70,68.jpg,chúng,clung,0.4,0.7637
112,31.jpg,chiếc,chiei,0.4,0.8405
112,41.jpg,chiều,chiar,0.4,0.7279
80,33.jpg,ngoài,ngou,0.4,0.8116
138,14.jpg,nhiều,nhica,0.4,0.8577
70,84.jpg,trách,thach,0.4,0.961
14,57.jpg,tiếng,turng,0.4,0.7619
58,81.jpg,người,ngli,0.4,0.8405
110,57.jpg,hoàng,hoaing,0.4,0.9324
134,100.jpg,không,kkong,0.4,0.8007
14,33.jpg,người,nguai,0.4,0.708
7,60.jpg,thành,thans,0.4,0.9827
142,43.jpg,thành,thann,0.4,0.714
37,57.jpg,thấy nặng nhọc.,+h&g nang nhoc .,0.4,0.8777
88,73.jpg,lượng,luing,0.4,0.6163
135,19.jpg,người,ngici,0.4,0.8219
104,27.jpg,chiếc,chuc,0.4,0.5311
104,24.jpg,trong,jhong,0.4,0.6745
14,14.jpg,phòng,phony,0.4,0.7198
44,85.jpg,quyền,quyer,0.4,0.8811
14,7.jpg,trung,trny,0.4,0.5766
17,50.jpg,thành,thanl,0.4,0.8347
146,81.jpg,người,ngudi,0.4,0.7877
146,24.jpg,thành,thanl,0.4,0.8699
146,17.jpg,người,ngusi,0.4,0.7835
142,51.jpg,hoàng,hoa ng,0.4,0.8426
7,42.jpg,chiều,chien,0.4,0.8688
71,98.jpg,chăng,chan,0.4,0.9721
79,44.jpg,người,ngroi,0.4,0.5978
23,28.jpg,những,nhning,0.4,0.7435
27,80.jpg,những,nhiny,0.4,0.8161
88,2.jpg,nhiều,nhisn,0.4,0.6868
6,94.jpg,trong,frony,0.4,0.7473
12,38.jpg,nhiên,nhun,0.4,0.9084
6,80.jpg,không,chong,0.4,0.642
103,16.jpg,lượng,luong,0.4,0.4784
131,69.jpg,nghèo,ngher,0.4,0.7753
101,6.jpg,chúng,chm'g,0.4,0.8222
29,95.jpg,thành,thunl,0.4,0.7108
124,22.jpg,trong,brorg,0.4,0.7431
76,36.jpg,người,ng ui,0.4,0.7874
80,54.jpg,coong,cwony,0.4,0.822
145,47.jpg,chúng,chung',0.4,0.7419
145,4.jpg,thuốc,thuer,0.4,0.5898
145,3.jpg,thông,th&ny,0.4,0.6891
70,51.jpg,thuốc,thuci,0.4,0.8164
22,42.jpg,chính,chi'nh,0.4,0.9437
22,32.jpg,trồng,teeng,0.4,0.7008
124,80.jpg,chống,chony,0.4,0.5334
23,12.jpg,chúng,chuny,0.4,0.929
73,95.jpg,thông,fhang,0.4,0.809
138,38.jpg,trung,tarng,0.4,0.7259
82,15.jpg,quang,gluang,0.4,0.8725
114,72.jpg,trung,thuntg,0.4,0.5479
100,90.jpg,những,mhing,0.4,0.6688
100,84.jpg,trong,troy,0.4,0.8313
136,61.jpg,người,ngibi,0.4,0.7631
87,24.jpg,dương,dung,0.4,0.9778
100,85.jpg,trước,truöc,0.4,0.7534
75,23.jpg,người,nguii,0.4,0.7262
75,16.jpg,trung,+rwng,0.4,0.8093
87,34.jpg,nhưng,nhun g,0.4,0.8275
109,67.jpg,trong,trimg,0.4,0.8722
56,83.jpg,khoan,klhean,0.4,0.6854
132,15.jpg,trọng,trony,0.4,0.7345
84,21.jpg,phiêu,phau,0.4,0.7227
91,11.jpg,trình,trinl,0.4,0.8977
118,80.jpg,thiệu,thism,0.4,0.8324
83,42.jpg,nhưng,ning,0.4,0.8409
5,15.jpg,kuala,kaa,0.4,0.7144
5,11.jpg,trung,aruny,0.4,0.5678
56,51.jpg,không,khony,0.4,0.6424
98,67.jpg,không,chong,0.4,0.8079
98,40.jpg,trọng,throng,0.4,0.8399
4,74.jpg,không,hhsng,0.4,0.7267
109,70.jpg,nghĩa,nghiay,0.4,0.7879
53,80.jpg,thông,hong,0.4,0.8116
13,95.jpg,những,nlhung,0.4,0.6608
67,53.jpg,thông,-thong,0.4,0.9107
5,56.jpg,thiết,thet,0.4,0.4622
31,89.jpg,phòng,phony,0.4,0.8536
54,81.jpg,triển,tnien,0.4,0.7774
140,18.jpg,chồng,chonq,0.4,0.8707
111,96.jpg,kiểng,sing,0.4,0.4789
140,38.jpg,trước,trioc,0.4,0.7233
31,9.jpg,nguồn,nguir,0.4,0.5992
59,29.jpg,không,klung,0.4,0.7621
57,47.jpg,quyết,quyal,0.4,0.7306
109,44.jpg,triển,tren,0.4,0.6809
57,94.jpg,thành,thang,0.4,0.6019
57,87.jpg,khủng,thang,0.4,0.6323
59,55.jpg,nghĩa,nighia,0.4,0.6963
83,12.jpg,nghèo,nghes,0.4,0.8793
59,46.jpg,không,khony,0.4,0.9785
59,45.jpg,không,ching,0.4,0.7398
62,47.jpg,không,khoag,0.4,0.7754
59,81.jpg,trình,trins,0.4,0.8233
54,59.jpg,quyền,puyin,0.4,0.8157
120,51.jpg,không,kaung,0.4,0.6984
54,22.jpg,ngoài,ngoad,0.4,0.6552
31,28.jpg,thanh,thnl,0.4,0.5114
8,30.jpg,thông,thony,0.4,0.8098
60,29.jpg,những,nhning,0.4,0.5259
4,20.jpg,thành,than,0.4,0.7531
33,55.jpg,triệu,treu,0.4,0.6869
68,96.jpg,nguồn,nguer,0.4,0.5307
62,80.jpg,ngành,nyanh,0.4,0.7466
90,87.jpg,trình,trith,0.4,0.7989
67,28.jpg,trong,thang,0.4,0.7365
67,27.jpg,thành,thand,0.4,0.8128
106,47.jpg,hương,hutng,0.4,0.7831
53,68.jpg,nghét,mghit,0.4,0.7317
61,67.jpg,trong,tror'g,0.4,0.7609
149,48.jpg,trung,triuny,0.4,0.747
7,10.jpg,johor,tohur,0.4,0.8991
53,56.jpg,quyền,quyer,0.4,0.875
114,10.jpg,nghèo,gheo,0.4,0.9055
16,79.jpg,thuộc,thucr,0.4,0.6604
76,88.jpg,trong,thony,0.4,0.8726
92,48.jpg,thiết,thet,0.4,0.7645
29,64.jpg,thuốc,thuo',0.4,0.8485
22,22.jpg,chính,chinl,0.4,0.6519
22,17.jpg,thành,th anh,0.4,0.8764
70,65.jpg,tuyến,thuyen,0.4,0.6666
70,60.jpg,người,ngi,0.4,0.7713
26,62.jpg,không,rhong,0.4,0.7698
15,43.jpg,quyền,duyin,0.4,0.744
15,27.jpg,ngành,ngank,0.4,0.9306
15,66.jpg,thắng,thany,0.4,0.7345
15,59.jpg,luyện,lungn,0.4,0.4144
121,57.jpg,trọng,trony,0.4,0.8851
74,45.jpg,trong,thony,0.4,0.753
148,3.jpg,thoại,thoa,0.4,0.8983
73,16.jpg,thành,thanl,0.4,0.7004
92,42.jpg,người,ngusi,0.4,0.8005
138,29.jpg,luyện,luysh,0.4,0.4987
138,27.jpg,chính,chinl,0.4,0.8156
115,96.jpg,tháng,thany,0.4,0.8361
73,14.jpg,xuống,kuong,0.4,0.6394
149,5.jpg,nhiều,nhir,0.4,0.7413
41,10.jpg,thành,tthinh,0.4,0.8903
73,81.jpg,chiếc,chit,0.4,0.8042
122,19.jpg,ngoài,ngari,0.4,0.6156
73,38.jpg,viếng,vang,0.4,0.5617
73,34.jpg,người,nguti,0.4,0.8956
93,17.jpg,ngoài,mgoai,0.4,0.854
90,95.jpg,thông,thaig,0.4,0.5312
123,73.jpg,thành,thonl,0.4,0.7218
123,21.jpg,nhưng,nhaing,0.4,0.6255
1,9.jpg,chính,chnth,0.4,0.4689
149,27.jpg,tuyệt,tuget,0.4,0.7702
149,57.jpg,những,nhig,0.4,0.521
149,55.jpg,khách,ahdch,0.4,0.6648
68,70.jpg,thẳng,thany,0.4,0.8389
89,45.jpg,ngoài,ngoa:,0.4,0.7789
148,43.jpg,khoản,hhoon,0.4,0.5941
123,46.jpg,thành,thanl,0.4,0.9082
63,35.jpg,chánh,chanl,0.4,0.8286
93,19.jpg,không,kang,0.4,0.6312
75,97.jpg,quyền,qnyin,0.4,0.6613
123,20.jpg,thiếu,theu,0.4,0.8746
25,17.jpg,nhiễm,nhtem,0.4,0.6264
137,84.jpg,thắng,thany,0.4,0.9804
102,4.jpg,trong,trod,0.4,0.6129
2,67.jpg,nghèo,gheo,0.4,0.589
139,39.jpg,lượng,luong,0.4,0.8607
25,16.jpg,trong,(crong,0.4,0.8199
85,13.jpg,doanh,dound,0.4,0.9163
96,25.jpg,không,kihong,0.4,0.6523
9,89.jpg,chính,chi'nh,0.4,0.9567
89,64.jpg,nhưng,nhulng,0.4,0.8195
68,36.jpg,khẳng,khahg,0.4,0.7433
68,31.jpg,phóng,phon,0.4,0.8364
66,30.jpg,thành,thons,0.4,0.7718
141,31.jpg,thành,thanl,0.4,0.8927
141,28.jpg,không,fhing,0.4,0.6743
51,93.jpg,không,khony,0.4,0.8913
72,27.jpg,chiến,chen,0.4,0.8427
95,99.jpg,thiết,thie't,0.4,0.8154
136,53.jpg,nhưng,nhlny,0.4,0.5197
136,22.jpg,chúng,chwn?,0.4,0.7233
68,9.jpg,thành,thanl,0.4,0.8242
69,83.jpg,người,nguti,0.4,0.6952
95,60.jpg,chiều,chis,0.4,0.7894
95,49.jpg,không,hhong,0.4,0.5535
65,7.jpg,những,nhuny,0.4,0.8894
81,69.jpg,chiếc,chicr,0.4,0.5639
68,29.jpg,thành,thond,0.4,0.73
64,87.jpg,huống,humg,0.4,0.8293
150,31.jpg,chứng,chiny,0.4,0.8652
113,50.jpg,người,ngnri,0.4,0.4767
74,97.jpg,thoại,thou',0.4,0.9175
113,66.jpg,thính,thne,0.4,0.8194
84,52.jpg,thiết,thuit,0.4,0.6205
25,56.jpg,những,nhig,0.4,0.5789
133,27.jpg,chính,chnd,0.4,0.7642
9,20.jpg,tháng,thangy,0.4,0.9314
9,17.jpg,nhiêu,nhou,0.4,0.6373
9,12.jpg,chẳng,chany,0.4,0.7151
85,76.jpg,không,hhang,0.4,0.7207
128,52.jpg,trước,triec,0.4,0.4416
9,49.jpg,tháng,thaing,0.4,0.8275
25,42.jpg,phước,phnsc,0.4,0.7042
94,25.jpg,tướng,thong,0.4,0.8265
9,97.jpg,những,n hung,0.4,0.8972
94,19.jpg,thành,thanl,0.4,0.8499
107,100.jpg,lượng,ling,0.4,0.5197
40,68.jpg,chiến,chi',0.4,0.8045
44,3.jpg,trình,tinh,0.4,0.703
85,25.jpg,không,hhang,0.4,0.7172
32,32.jpg,chính,cchinh,0.4,0.7061
147,83.jpg,thành,thant,0.4,0.723
44,11.jpg,nhưng,nhuing,0.4,0.8319
52,83.jpg,tháng,hhung,0.4,0.5759
9,5.jpg,không,hhang,0.4,0.6644
1,58.jpg,quyết,quyef,0.4,0.3732
72,16.jpg,người,ngudi,0.4,0.6962
100,7.jpg,người,ngasi,0.4,0.5406
16,16.jpg,nhiên,nlhien,0.4,0.7233
16,64.jpg,tuyến,tuyor,0.4,0.7074
33,44.jpg,lượng,luang,0.4,0.6879
33,24.jpg,triệu,tri.,0.4,0.8063
21,88.jpg,những,nng,0.4,0.9444
1,20.jpg,xuống,xiang,0.4,0.3474
1,67.jpg,trách,torach,0.4,0.8145
24,41.jpg,trong,fong,0.4,0.7387
75,32.jpg,thiếu,thia,0.4,0.8752
65,11.jpg,những,nhting,0.4,0.5733
75,68.jpg,trách,drach,0.4,0.8118
93,47.jpg,thiếu,thvau,0.4,0.6085
141,22.jpg,trong,trumg,0.4,0.6611
69,81.jpg,những,nhany,0.4,0.7959
69,94.jpg,tưởng,tuing,0.4,0.94
89,15.jpg,nhưng,mhing,0.4,0.6994
118,88.jpg,nhiệm,mhiem,0.4,0.7945
5,39.jpg,những,nhuing,0.4,0.8948
56,9.jpg,lượng,luing,0.4,0.762
98,98.jpg,thoát,thood,0.4,0.8881
98,92.jpg,thuốc,thuse,0.4,0.7449
31,82.jpg,thông,thany,0.4,0.8643
66,4.jpg,không,chong,0.4,0.8383
51,77.jpg,tháng,thany,0.4,0.8673
78,71.jpg,thành,thanl,0.4,0.9446
78,6.jpg,nhàng,nhany,0.4,0.8709
11,50.jpg,người,ngi,0.4,0.8094
11,19.jpg,nhiệt,nhier,0.4,0.567
108,18.jpg,riêng,nieng,0.4,0.9242
81,18.jpg,người,ngisi,0.4,0.7417
65,77.jpg,chúng,chiing,0.4,0.8286
38,29.jpg,không,lhong,0.4,0.6799
20,67.jpg,người,nguai,0.4,0.8006
38,49.jpg,nhưng,nhuing,0.4,0.6175
21,81.jpg,chiều,ch:iu,0.4,0.569
21,71.jpg,thuộc,teusc,0.4,0.4804
32,14.jpg,trong,troy,0.4,0.9495
130,35.jpg,nhưng,mhung,0.4,0.6861
62,12.jpg,triệt,tret,0.4,0.5892
118,6.jpg,trung,trury,0.4,0.8481
56,100.jpg,những,rhing,0.4,0.8043
132,80.jpg,trong,theng,0.4,0.6663
132,37.jpg,thành,thamh,0.4,0.8883
109,48.jpg,biển.,bun.,0.4,0.7385
128,36.jpg,chúng,chukg,0.4,0.8518
128,28.jpg,xương,xung,0.4,0.8205
128,16.jpg,thành,fhanh,0.4,0.9069
108,94.jpg,chúng,chuna,0.4,0.5964
108,93.jpg,những,whing,0.4,0.7935
128,15.jpg,quyết,uy't,0.4,0.5367
31,1.jpg,tiếng,teng,0.4,0.4645
31,49.jpg,""" không nhờ cấp cứu đã... "".",.ehang nha cp chu da....,0.3929,0.7264
124,43.jpg,sẽ khiến hơn 44.000 ha đất nông nghiệp gặp khó khăn về nguồn nước tưới vào cuối,khi hon 44000 ha taé nohg nghip g:p ho khan ve'nguon nbs ttn vao a:,0.3924,0.7791
1,38.jpg,hạnh phúc của nhân dân.,homb phke cue nhan dan.,0.3913,0.851
76,3.jpg,đến văn minh và hạnh phúc của nhân dân.,th vön mih va lan phe ca nhan d.,0.3846,0.7595
150,49.jpg,"về xây dựng năng lực ở những nơi có nhu cầu nước lớn nhất, huy động nhiều","ve' xay dung nary tus δ nhing n co' nhu ca neb lon nhat, huy drig nhie?",0.3836,0.8459
149,13.jpg,""" nhà nước vn tái khẳng định một cách công khai và mạnh mẽ những chủ trương,",nha nδ vn t& khang din mat cath ang khai va man ma nhang chi-hang,0.3816,0.8393
143,61.jpg,làm bằng vỏ hộp coca cola mỹ.,jam b&y v%&p coca cola mj,0.3793,0.8197
146,2.jpg,từ 12 g khuya 13 đến rạng sáng 14 họ đã tìm được xác 19 người. đau,tu 12g khuya 1b áên nang sdng 4 h detim duc x& 19 nqu.au,0.3788,0.8606
66,94.jpg,doanh lòng vòng làm nâng giá thuốc; lập ngân hàng dữ liệu giá,coanh tong vong lam nohy l thuo6; l%p ngin hang dl tiaw qr,0.377,0.7733
112,53.jpg,"tố về tội tham ô tài sản xhcn. khi điều tra mở rộng vụ án, ban chuyên án phát hiện trạm 20 tổ",+évitö than  ta san xhcu. lh di ra m rög  an ban chuyin án phthin run 20t,0.3763,0.7536
147,40.jpg,quá lớn.,qua loh.,0.375,0.8581
35,71.jpg,la ngà).,lanya).,0.375,0.8038
14,37.jpg,hắn đã từng chơi những trận cá cược gà hơn 50 triệu đồng... nói đến,han da tirg chi nhang tran ca u g2 hon 5o tri dong .. no en,0.3731,0.7796
75,92.jpg,xoay quanh việc có nên cho phép thu phí cầu bình triệu 2 khi dự án còn,xoay 1nanh vi co nn choh hn phi'ca binhtriau khi du ance,0.3714,0.7688
24,95.jpg,"ở tận thôn đông, xã đào viên, huyện quế võ (bắc ninh) nhắn tin","tan hon ong, xa @ao vin, huyn qu v5c a nin) nhan n",0.371,0.8227
110,98.jpg,"thẻ sinh viên của một cô gái, hết hạn năm... 2001. mọi người cùng cười : "" xui quá hả? thôi,","th nhien ca mat co qat, hat hon nam... 2oos. moi nqu3 cinq cutó:"" xui qua há? thö,",0.3696,0.8196
21,8.jpg,"bên cạnh việc coi trọng nvơnn như những nhà đầu tư, một khía cạnh","hn canh uiec oi tung nvonn n nhung nh da tu,m6t haoanh",0.3692,0.7523
89,59.jpg,chức năng nhận thức,chúre nang nhan thre,0.3684,0.9143
59,94.jpg,sản xuất kinh doanh. mai này chuyện tồn tại và phát triển hay,ban xut kn doanh. uai nay duye tat ta: vaphat tut hay,0.3607,0.8109
15,99.jpg,cách giản dị đến bất ngờ.,cah gan di tan bat ngo.,0.36,0.8905
115,97.jpg,thần làm việc của mình.,than lam vi&t wu m1nh.,0.3478,0.7251
71,21.jpg,cũng trở thành dễ chịu.,cun tr'thah de chiu.,0.3478,0.8566
43,61.jpg,ubnd tp nguyễn văn đua cho biết quí 1 - 2004 tai nạn giao thông tăng hơn quí 4 - 2003.,ubn0 tp nquyn vanua cho dt qui 1-2004 tunan glan th5ng t&ng hon qi4203,0.3372,0.8044
66,50.jpg,đan,tan,0.3333,0.821
66,46.jpg,nào,nao,0.3333,0.9861
20,47.jpg,mới,mei,0.3333,0.8138
66,54.jpg,hợp,hap,0.3333,0.727
66,70.jpg,tin,tn,0.3333,0.664
66,69.jpg,các,cac,0.3333,0.7909
38,69.jpg,cho,eho,0.3333,0.9218
38,99.jpg,tại,tai,0.3333,0.7127
59,2.jpg,cho,clo,0.3333,0.7116
38,35.jpg,quá,quk,0.3333,0.6842
38,38.jpg,một,mot,0.3333,0.9643
38,76.jpg,góp,gop,0.3333,0.5806
38,89.jpg,vực,vuc,0.3333,0.5726
38,59.jpg,bắc,bac,0.3333,0.8927
62,83.jpg,tay,lay,0.3333,0.7517
38,8.jpg,rẫy,ray,0.3333,0.8659
38,51.jpg,nhu,n hu,0.3333,0.714
38,52.jpg,tấn,tan,0.3333,0.9468
38,57.jpg,khi,rhi,0.3333,0.936
66,55.jpg,lên,len,0.3333,0.8194
38,60.jpg,văn,van,0.3333,0.6587
66,65.jpg,gấp,gap,0.3333,0.7403
62,59.jpg,dân,dan,0.3333,0.985
66,31.jpg,chí,chi,0.3333,0.9114
66,29.jpg,cấp,cap,0.3333,0.8046
66,28.jpg,cho,tho,0.3333,0.7668
31,91.jpg,một,mat,0.3333,0.9626
31,87.jpg,ngọ,ngo,0.3333,0.8272
31,84.jpg,nếm,nem,0.3333,0.971
31,79.jpg,còn,cn,0.3333,0.3863
120,17.jpg,còn,con,0.3333,0.8445
120,16.jpg,phương,phu'ng,0.3333,0.7674
120,10.jpg,cập,cap,0.3333,0.9289
120,7.jpg,thợ,tho,0.3333,0.6833
120,4.jpg,các,cac,0.3333,0.9669
31,31.jpg,một,mst,0.3333,0.7572
120,31.jpg,của,cua,0.3333,0.7745
38,94.jpg,ông,ong,0.3333,0.7478
59,17.jpg,bao,hao,0.3333,0.9249
62,50.jpg,hòa,ha,0.3333,0.4514
31,64.jpg,của,cua,0.3333,0.711
31,59.jpg,làm,lam,0.3333,0.9066
31,48.jpg,tết,t&t,0.3333,0.6843
31,22.jpg,hầm,ham,0.3333,0.9681
31,11.jpg,mặt,mat,0.3333,0.9116
109,90.jpg,tra,dra,0.3333,0.6159
4,50.jpg,cầu,ceu,0.3333,0.8329
40,11.jpg,nguyễn,ngryen,0.3333,0.8207
33,96.jpg,bao,bas,0.3333,0.8407
33,86.jpg,hôm,hom,0.3333,0.9928
59,26.jpg,hai,ha,0.3333,0.9149
59,23.jpg,cienco,ciance,0.3333,0.7618
59,21.jpg,của,cua,0.3333,0.7444
66,37.jpg,bọn,bon,0.3333,0.9547
20,62.jpg,gòn,gon,0.3333,0.9703
20,58.jpg,mai,mau,0.3333,0.8953
20,57.jpg,dồn,don,0.3333,0.5666
20,56.jpg,làm,l&m,0.3333,0.7297
20,55.jpg,cầu,cau,0.3333,0.6355
66,22.jpg,với,v3i,0.3333,0.1747
35,73.jpg,thế,the,0.3333,0.9123
35,66.jpg,chi,chs,0.3333,0.8026
35,61.jpg,báo,bao,0.3333,0.6541
65,25.jpg,các,cac,0.3333,0.8703
65,22.jpg,một,mat,0.3333,0.9444
65,19.jpg,vực,vuc,0.3333,0.4476
108,23.jpg,lại,lai,0.3333,0.8443
78,87.jpg,trả,tra,0.3333,0.3487
81,79.jpg,còn,con,0.3333,0.9579
20,93.jpg,món,mon,0.3333,0.6098
81,75.jpg,một,mst,0.3333,0.8968
81,68.jpg,lại,lai,0.3333,0.5188
81,60.jpg,cần,can,0.3333,0.9042
65,10.jpg,tận,tan,0.3333,0.8692
65,62.jpg,thủ,thi,0.3333,0.7703
11,54.jpg,cấp,cap,0.3333,0.6779
78,73.jpg,nhà,nha,0.3333,0.838
78,65.jpg,vân,van,0.3333,0.814
11,16.jpg,họp,hop,0.3333,0.7037
11,14.jpg,vào,v&o,0.3333,0.634
81,53.jpg,thì,the,0.3333,0.832
81,51.jpg,rên,ren,0.3333,0.8072
78,93.jpg,giá,gia,0.3333,0.8486
20,6.jpg,trở,tro,0.3333,0.5838
81,6.jpg,mắn,man,0.3333,0.9946
81,76.jpg,thì,thi,0.3333,0.6379
20,73.jpg,nấu,nau,0.3333,0.8181
20,69.jpg,một,mat,0.3333,0.7682
31,93.jpg,chỉ,chi,0.3333,0.827
31,43.jpg,chị,chi,0.3333,0.9872
31,39.jpg,chủ,chu,0.3333,0.8553
66,36.jpg,phụ,phu,0.3333,0.7406
38,93.jpg,dẫn,dan,0.3333,0.9524
38,90.jpg,máu,mau,0.3333,0.5978
81,40.jpg,một,mat,0.3333,0.7776
81,3.jpg,thú,thn,0.3333,0.7856
66,84.jpg,trưởng,truang,0.3333,0.6822
66,81.jpg,vào,vao,0.3333,0.9188
20,15.jpg,gắt,gat,0.3333,0.8587
20,11.jpg,bạn,ben,0.3333,0.9595
20,7.jpg,hỏa,hoa,0.3333,0.7793
20,63.jpg,bày,bay,0.3333,0.6913
20,65.jpg,nên,nen,0.3333,0.9056
62,99.jpg,thì,thi,0.3333,0.9631
65,93.jpg,một,met,0.3333,0.6554
65,94.jpg,lấy,lay,0.3333,0.7844
65,95.jpg,tàu,tau,0.3333,0.8661
38,14.jpg,khi,ehi,0.3333,0.6867
38,27.jpg,với,voi,0.3333,0.7591
62,89.jpg,làm,lam,0.3333,0.7558
65,71.jpg,bên,ban,0.3333,0.8578
66,80.jpg,tạo,tao,0.3333,0.9549
65,32.jpg,tôn,ton,0.3333,0.8533
65,33.jpg,khoảng,khoorg,0.3333,0.6036
65,58.jpg,một,mat,0.3333,0.902
65,61.jpg,ông,eng,0.3333,0.6962
65,96.jpg,kết,ket,0.3333,0.5532
65,99.jpg,vốn,von,0.3333,0.4821
38,32.jpg,cho,tho,0.3333,0.6381
4,60.jpg,phi,ph,0.3333,0.8473
4,57.jpg,màu,mau,0.3333,0.9524
98,91.jpg,lây,lay,0.3333,0.5728
98,73.jpg,nên,nen,0.3333,0.9349
132,34.jpg,nhà,nha,0.3333,0.8481
132,31.jpg,vậy,vay,0.3333,0.5547
132,28.jpg,năm,nam,0.3333,0.9589
132,89.jpg,một,m6t,0.3333,0.8048
132,84.jpg,quý,quy,0.3333,0.8706
132,55.jpg,quý,quy,0.3333,0.6801
132,51.jpg,vào,vao,0.3333,0.7939
132,40.jpg,gió,gi6,0.3333,0.6807
56,36.jpg,của,cha,0.3333,0.8228
56,22.jpg,một,mot,0.3333,0.9694
111,36.jpg,suy,s uy,0.3333,0.9168
59,66.jpg,chữ,cha,0.3333,0.688
56,87.jpg,cái,c&i,0.3333,0.4293
111,8.jpg,tay,tary,0.3333,0.73
56,64.jpg,000,00d,0.3333,0.3602
56,67.jpg,với,voi,0.3333,0.6039
56,40.jpg,thứ,the,0.3333,0.9503
56,43.jpg,dân,dan,0.3333,0.8213
56,47.jpg,cấp,cap,0.3333,0.9615
132,83.jpg,tại,ti,0.3333,0.6154
111,13.jpg,lấy,lay,0.3333,0.5754
111,14.jpg,lần,lan,0.3333,0.6398
111,21.jpg,hcm,h cm,0.3333,0.8504
111,22.jpg,lúc,luc,0.3333,0.8671
54,27.jpg,làm,lam,0.3333,0.8403
132,60.jpg,hay,may,0.3333,0.5746
132,62.jpg,chỉ,cht,0.3333,0.8982
132,63.jpg,nhà,nha,0.3333,0.9305
111,11.jpg,rỏi,roi,0.3333,0.7409
118,53.jpg,vốn,von,0.3333,0.5497
111,47.jpg,trả,tra,0.3333,0.9257
130,79.jpg,mùi,mii,0.3333,0.6833
130,83.jpg,anh,ank,0.3333,0.8053
118,1.jpg,thì,the,0.3333,0.7763
118,2.jpg,dồn,don,0.3333,0.6979
118,27.jpg,này,nay,0.3333,0.8079
4,61.jpg,sản,s&n,0.3333,0.6001
5,74.jpg,ngũ,ngi,0.3333,0.83
118,64.jpg,mâm,mam,0.3333,0.9496
118,90.jpg,mọi,moi,0.3333,0.7314
118,91.jpg,gia,ga,0.3333,0.9418
118,95.jpg,cái,cai,0.3333,0.7176
5,16.jpg,của,cia,0.3333,0.5085
5,18.jpg,thế,the,0.3333,0.7909
5,33.jpg,khi,thi,0.3333,0.7417
118,43.jpg,phê,phe,0.3333,0.9792
4,62.jpg,lặn,lan,0.3333,0.8012
60,19.jpg,tâm,tam,0.3333,0.9639
8,17.jpg,còn,con,0.3333,0.9071
111,50.jpg,nguyễn,nguyi'n,0.3333,0.7901
111,66.jpg,hôm,höm,0.3333,0.7896
111,71.jpg,chú,chi,0.3333,0.9561
140,84.jpg,bắt,bit,0.3333,0.8107
118,51.jpg,còn,con,0.3333,0.8587
98,28.jpg,các,cac,0.3333,0.9279
98,38.jpg,tra,fra,0.3333,0.9257
56,11.jpg,nhà,nha,0.3333,0.7941
118,67.jpg,hụt,hut,0.3333,0.8438
118,18.jpg,vết,v&t,0.3333,0.5345
118,20.jpg,một,mat,0.3333,0.8119
118,25.jpg,năm,n&m,0.3333,0.7715
91,12.jpg,reo,heo,0.3333,0.8212
98,26.jpg,chú,chi,0.3333,0.8942
130,48.jpg,mấy,may,0.3333,0.7907
57,69.jpg,làm,lam,0.3333,0.9513
57,67.jpg,quả,quu,0.3333,0.6093
57,64.jpg,cất,cat,0.3333,0.8543
57,63.jpg,gia,6ia,0.3333,0.4932
4,2.jpg,mấy,may,0.3333,0.8293
4,1.jpg,lăn,lin,0.3333,0.7192
109,100.jpg,gồm,gom,0.3333,0.8902
109,93.jpg,hợp,hap,0.3333,0.5215
40,40.jpg,vks,v ks,0.3333,0.8383
40,39.jpg,lục,luc,0.3333,0.5905
40,36.jpg,vẫn,van,0.3333,0.7189
40,28.jpg,dẫn,dan,0.3333,0.8907
40,26.jpg,tại,tai,0.3333,0.8837
40,21.jpg,bên,ben,0.3333,0.8708
56,85.jpg,bớt,bst,0.3333,0.8964
62,40.jpg,của,cua,0.3333,0.9856
59,51.jpg,một,mot,0.3333,0.8178
59,54.jpg,với,vi,0.3333,0.4571
20,33.jpg,sơn,scn,0.3333,0.7626
59,78.jpg,góp,gop,0.3333,0.721
59,92.jpg,lại,lai,0.3333,0.7288
59,96.jpg,hợp,hap,0.3333,0.523
57,71.jpg,gồm,gom,0.3333,0.9043
57,84.jpg,phố,phs,0.3333,0.744
57,96.jpg,văn,van,0.3333,0.9192
109,7.jpg,quà,qua,0.3333,0.9759
109,19.jpg,thu,thm,0.3333,0.7152
109,20.jpg,nữa,nua,0.3333,0.8714
109,30.jpg,của,cua,0.3333,0.8552
62,28.jpg,trường,trong,0.3333,0.816
57,70.jpg,văn,van,0.3333,0.8022
40,44.jpg,trương,trbng,0.3333,0.6817
54,48.jpg,lại,lci,0.3333,0.5926
62,2.jpg,tân,ton,0.3333,0.5974
62,3.jpg,này,nay,0.3333,0.9019
62,9.jpg,nào,nao,0.3333,0.8212
59,74.jpg,nhà,nhe,0.3333,0.6196
54,6.jpg,cho,ho,0.3333,0.9184
54,17.jpg,thì,thi,0.3333,0.9217
130,56.jpg,cấp,cap,0.3333,0.8959
120,57.jpg,hầm,ham,0.3333,0.971
120,69.jpg,vậy,v&y,0.3333,0.8203
132,96.jpg,nhà,nha,0.3333,0.2594
54,58.jpg,của,cua,0.3333,0.5545
120,39.jpg,phó,ph!,0.3333,0.7279
111,32.jpg,xin,oin,0.3333,0.6786
56,78.jpg,tất,tat,0.3333,0.8017
56,80.jpg,thơ,the,0.3333,0.6602
54,18.jpg,này,nay,0.3333,0.994
130,63.jpg,một,mat,0.3333,0.6129
111,2.jpg,con,cbn,0.3333,0.8925
56,92.jpg,ông,ong,0.3333,0.684
56,93.jpg,với,voi,0.3333,0.4964
56,94.jpg,văn,v&n,0.3333,0.6916
132,3.jpg,hẹn,hen,0.3333,0.9797
5,94.jpg,của,caa,0.3333,0.5329
54,47.jpg,ảnh,anh,0.3333,0.7851
62,1.jpg,của,cua,0.3333,0.9884
130,70.jpg,vẹn,ven,0.3333,0.8384
130,73.jpg,một,mot,0.3333,0.8363
130,8.jpg,góp,gop,0.3333,0.7342
130,12.jpg,mua,ma,0.3333,0.9607
130,18.jpg,tòa,toa,0.3333,0.9092
54,35.jpg,nơi,noi,0.3333,0.6367
54,41.jpg,tại,tai,0.3333,0.9238
5,100.jpg,con,co,0.3333,0.3338
9,73.jpg,bắt,bat,0.3333,0.8024
9,41.jpg,lớn,ln,0.3333,0.7993
9,36.jpg,tây,tay,0.3333,0.913
9,35.jpg,tức,tuc,0.3333,0.6878
9,34.jpg,máy,may,0.3333,0.867
96,8.jpg,phủ,phi,0.3333,0.8155
96,7.jpg,thú,the,0.3333,0.7978
96,4.jpg,chuồng,chuony,0.3333,0.8907
9,98.jpg,tài,tai,0.3333,0.7722
9,94.jpg,cải,cai,0.3333,0.9154
9,64.jpg,trở,tra,0.3333,0.4002
9,60.jpg,mua,ma,0.3333,0.7491
96,17.jpg,ông,ong,0.3333,0.8003
52,61.jpg,tồn,ton,0.3333,0.8042
52,59.jpg,một,mat,0.3333,0.9425
81,93.jpg,vào,vao,0.3333,0.6682
85,80.jpg,màu,mau,0.3333,0.9823
85,83.jpg,ông,ong,0.3333,0.8524
133,60.jpg,núi,n&i,0.3333,0.6562
28,94.jpg,lần,lan,0.3333,0.7533
28,97.jpg,các,cac,0.3333,0.9193
57,1.jpg,nhá,nhd,0.3333,0.5838
40,63.jpg,còn,con,0.3333,0.4542
94,16.jpg,lao,nao,0.3333,0.4879
57,37.jpg,mua,maa,0.3333,0.7028
57,41.jpg,mời,moi,0.3333,0.7815
28,86.jpg,hợp,hap,0.3333,0.8962
52,13.jpg,lầy,lay,0.3333,0.8654
52,28.jpg,lặn,lan,0.3333,0.9105
52,45.jpg,vực,vuc,0.3333,0.5953
107,96.jpg,sức,sic,0.3333,0.8433
94,6.jpg,43h,43 h,0.3333,0.8712
57,36.jpg,tay,aay,0.3333,0.6487
25,13.jpg,các,cac,0.3333,0.8222
28,40.jpg,lên,len,0.3333,0.6419
28,41.jpg,cặp,cip,0.3333,0.6683
28,42.jpg,phí,phi,0.3333,0.7227
40,100.jpg,cửa,cia,0.3333,0.6328
28,12.jpg,một,mat,0.3333,0.9172
28,21.jpg,mới,mei,0.3333,0.5588
85,29.jpg,cấp,cap,0.3333,0.8819
28,31.jpg,mới,moi,0.3333,0.8092
57,78.jpg,mới,mai,0.3333,0.5774
57,79.jpg,bán,ban,0.3333,0.9703
57,19.jpg,ông,ong,0.3333,0.6373
57,20.jpg,phú,phu,0.3333,0.755
57,21.jpg,như,nhu,0.3333,0.8282
44,8.jpg,bác,bac,0.3333,0.4925
147,79.jpg,nên,nen,0.3333,0.9603
28,25.jpg,ông,ong,0.3333,0.802
85,55.jpg,lại,lai,0.3333,0.8172
96,9.jpg,mùi,mui,0.3333,0.8848
25,15.jpg,của,cua,0.3333,0.9705
128,41.jpg,hai,ha,0.3333,0.9841
128,53.jpg,một,met,0.3333,0.5187
128,55.jpg,hẳn,han,0.3333,0.6768
94,40.jpg,ban,wan,0.3333,0.7028
25,4.jpg,khu,hhu,0.3333,0.9088
94,50.jpg,nhà,nha,0.3333,0.9188
94,58.jpg,ông,ong,0.3333,0.6171
28,33.jpg,quý,quy,0.3333,0.7856
28,64.jpg,kha,tha,0.3333,0.8596
28,67.jpg,phương,phudng,0.3333,0.9764
52,69.jpg,ghi,gli,0.3333,0.6469
107,93.jpg,cấp,cap,0.3333,0.6132
25,2.jpg,vực,vuc,0.3333,0.8074
94,47.jpg,này,nay,0.3333,0.9954
102,88.jpg,tòa,toa,0.3333,0.9033
133,53.jpg,thọ,tho,0.3333,0.8867
86,60.jpg,giờ,gie,0.3333,0.1603
86,53.jpg,ông,ong,0.3333,0.7003
48,24.jpg,môn,mon,0.3333,0.928
48,22.jpg,vào,vao,0.3333,0.7773
48,14.jpg,câu,cau,0.3333,0.9449
86,82.jpg,một,m&t,0.3333,0.7979
86,70.jpg,hai,hau,0.3333,0.8766
107,10.jpg,chở,cha,0.3333,0.9766
86,8.jpg,của,cua,0.3333,0.9633
107,47.jpg,phố,pha,0.3333,0.7804
25,74.jpg,chờ,cho,0.3333,0.7563
25,69.jpg,tải,tai,0.3333,0.9722
25,68.jpg,còn,con,0.3333,0.7723
133,88.jpg,vậy,v&y,0.3333,0.588
10,52.jpg,bàn,ban,0.3333,0.9083
10,53.jpg,huệ,hue,0.3333,0.809
21,25.jpg,hai,thai,0.3333,0.8413
21,33.jpg,các,cac,0.3333,0.8576
10,29.jpg,tốt,tot,0.3333,0.5824
10,30.jpg,máy,mdy,0.3333,0.8402
86,9.jpg,này,nay,0.3333,0.8134
25,61.jpg,lao,dao,0.3333,0.6664
86,11.jpg,của,ca,0.3333,0.8205
86,16.jpg,mặt,mat,0.3333,0.7789
107,24.jpg,này,nay,0.3333,0.9756
86,47.jpg,phê,pha,0.3333,0.8232
86,4.jpg,giá,gia,0.3333,0.9421
86,6.jpg,cầu,cou,0.3333,0.6767
86,65.jpg,món,m6n,0.3333,0.8885
25,59.jpg,bài,bai,0.3333,0.8107
86,10.jpg,tại,tai,0.3333,0.5302
107,86.jpg,bậc,bac,0.3333,0.807
107,88.jpg,cấp,cap,0.3333,0.9449
107,91.jpg,cấp,cap,0.3333,0.7953
107,60.jpg,thu,thn,0.3333,0.8644
9,44.jpg,tại,tzi,0.3333,0.4469
9,51.jpg,hợp,hip,0.3333,0.6052
133,98.jpg,cho,tho,0.3333,0.7737
107,22.jpg,cập,cap,0.3333,0.8202
9,10.jpg,một,mot,0.3333,0.838
107,92.jpg,thế,the,0.3333,0.9946
52,84.jpg,bao,bae,0.3333,0.9517
52,86.jpg,bao,bac,0.3333,0.6877
85,94.jpg,ông,6ng,0.3333,0.8418
133,21.jpg,đau,dau,0.3333,0.9244
133,84.jpg,một,met,0.3333,0.6861
133,87.jpg,trả,tra,0.3333,0.9037
9,2.jpg,thử,thi,0.3333,0.7148
86,23.jpg,hữu,huu,0.3333,0.796
86,28.jpg,thể,the,0.3333,0.8906
86,35.jpg,xem,tem,0.3333,0.6297
107,8.jpg,kịp,kip,0.3333,0.6865
107,9.jpg,sâu,sau,0.3333,0.8422
107,64.jpg,hay,bhay,0.3333,0.5605
107,66.jpg,tám,tam,0.3333,0.801
107,84.jpg,ông,cng,0.3333,0.6875
25,24.jpg,thủ,the,0.3333,0.7648
25,39.jpg,lập,lap,0.3333,0.7856
9,23.jpg,ngoằng,ngoany,0.3333,0.7482
9,29.jpg,chủ,chi,0.3333,0.8278
9,32.jpg,còn,con,0.3333,0.8555
52,88.jpg,một,mot,0.3333,0.8279
52,94.jpg,chủ,chü,0.3333,0.6464
107,77.jpg,tết,tet,0.3333,0.757
107,68.jpg,tất,tat,0.3333,0.7807
35,28.jpg,thì,thi,0.3333,0.9764
108,53.jpg,lại,lai,0.3333,0.8424
108,48.jpg,lạc,lac,0.3333,0.7408
32,45.jpg,lên,len,0.3333,0.5578
78,10.jpg,dân,dan,0.3333,0.9243
78,3.jpg,như,nhe,0.3333,0.7471
78,1.jpg,hét,het,0.3333,0.9816
32,62.jpg,nhà,nha,0.3333,0.9663
11,98.jpg,mặc,mac,0.3333,0.8042
11,97.jpg,nền,nen,0.3333,0.5593
11,96.jpg,bất,bat,0.3333,0.9384
11,45.jpg,mắt,mat,0.3333,0.9646
11,38.jpg,năm,nam,0.3333,0.981
11,35.jpg,năm,nam,0.3333,0.9098
11,26.jpg,tóc,toc,0.3333,0.597
28,38.jpg,một,mot,0.3333,0.9564
127,26.jpg,lại,lai,0.3333,0.6036
127,29.jpg,còn,csn,0.3333,0.6438
127,32.jpg,hai,har,0.3333,0.7905
21,79.jpg,xúc,xuc,0.3333,0.7376
21,80.jpg,trả,tra,0.3333,0.9917
11,46.jpg,hạn,han,0.3333,0.7361
78,48.jpg,vậy,vay,0.3333,0.8495
78,61.jpg,của,cua,0.3333,0.7663
78,58.jpg,dân,dan,0.3333,0.6782
78,59.jpg,khi,kii,0.3333,0.6078
11,71.jpg,dài,dai,0.3333,0.9759
11,74.jpg,hoa,moa,0.3333,0.6508
11,75.jpg,hạn,han,0.3333,0.9833
32,47.jpg,hcm,hom,0.3333,0.801
32,48.jpg,cấp,cap,0.3333,0.9624
32,52.jpg,còn,con,0.3333,0.8986
78,52.jpg,máy,may,0.3333,0.7147
127,65.jpg,cây,c&y,0.3333,0.8088
40,69.jpg,lao,lav,0.3333,0.6476
40,78.jpg,500,560,0.3333,0.7358
21,82.jpg,nên,nen,0.3333,0.7382
21,87.jpg,quả,qur,0.3333,0.709
127,79.jpg,nhà,nha,0.3333,0.9695
127,80.jpg,vậy,vay,0.3333,0.8072
35,30.jpg,nói,noi,0.3333,0.7772
127,83.jpg,hơn,hon,0.3333,0.8816
21,58.jpg,giờ,gid,0.3333,0.9843
21,69.jpg,khi,hhi,0.3333,0.9133
5,34.jpg,bìa,bia,0.3333,0.5444
81,97.jpg,thú,thu,0.3333,0.8265
81,99.jpg,chi,thi,0.3333,0.841
20,21.jpg,trì,tri,0.3333,0.6776
20,22.jpg,cứu,cau,0.3333,0.465
127,82.jpg,con,cor,0.3333,0.6669
35,79.jpg,cầu,cau,0.3333,0.9032
35,81.jpg,sao,isao,0.3333,0.9409
35,93.jpg,của,cia,0.3333,0.4907
108,22.jpg,tàu,tou,0.3333,0.8083
40,79.jpg,trường,truong,0.3333,0.8285
40,80.jpg,hơn,hon,0.3333,0.7562
28,51.jpg,tay,ty,0.3333,0.4886
127,60.jpg,dục,duc,0.3333,0.9711
32,17.jpg,các,cac,0.3333,0.9691
32,18.jpg,dân,dan,0.3333,0.9849
32,24.jpg,000,00d,0.3333,0.4239
108,47.jpg,một,mat,0.3333,0.9827
127,50.jpg,lấy,lay,0.3333,0.6602
127,51.jpg,lúc,l'c,0.3333,0.697
127,54.jpg,sơn,son,0.3333,0.6442
127,56.jpg,cưa,cia,0.3333,0.9862
28,90.jpg,một,mat,0.3333,0.7726
128,70.jpg,mãi,mai,0.3333,0.8308
128,69.jpg,của,cua,0.3333,0.8703
94,39.jpg,chứ,chs,0.3333,0.7091
94,38.jpg,thuyền,thyen,0.3333,0.7908
94,35.jpg,qui,quy,0.3333,0.8511
94,33.jpg,phương,phasng,0.3333,0.9339
94,29.jpg,thương,thatng,0.3333,0.7986
94,59.jpg,sát,sat,0.3333,0.7996
85,11.jpg,sức,suc,0.3333,0.6416
85,9.jpg,nơi,noi,0.3333,0.7975
85,6.jpg,giờ,gie,0.3333,0.4161
96,50.jpg,mua,amua,0.3333,0.7664
85,17.jpg,cho,tho,0.3333,0.7717
52,2.jpg,nhà,nhi,0.3333,0.6257
128,76.jpg,hết,hit,0.3333,0.9755
127,25.jpg,nhà,nha,0.3333,0.8821
96,87.jpg,bắt,bat,0.3333,0.6621
94,74.jpg,tất,tat,0.3333,0.7689
94,79.jpg,thì,thi,0.3333,0.9921
94,86.jpg,xảy,xay,0.3333,0.8383
32,80.jpg,bày,by,0.3333,0.6234
32,90.jpg,môi,moi,0.3333,0.6475
32,93.jpg,hải,hai,0.3333,0.672
128,73.jpg,cất,cat,0.3333,0.9823
96,93.jpg,hơn,hen,0.3333,0.6808
96,32.jpg,nên,nen,0.3333,0.9433
96,33.jpg,cầu,cau,0.3333,0.8759
96,68.jpg,sơn,son,0.3333,0.6624
96,70.jpg,trú,tru,0.3333,0.7028
96,80.jpg,phủ,pha,0.3333,0.8371
96,84.jpg,của,cua,0.3333,0.6062
96,86.jpg,cấp,cap,0.3333,0.8058
128,23.jpg,anh,cnh,0.3333,0.7085
108,64.jpg,lên,len,0.3333,0.4724
108,71.jpg,mấy,may,0.3333,0.705
108,80.jpg,bán,ban,0.3333,0.921
35,5.jpg,xin,xir,0.3333,0.6349
35,9.jpg,cọc,coc,0.3333,0.5548
35,12.png,lần,lan,0.3333,0.8575
128,27.jpg,như,nht,0.3333,0.7993
11,100.jpg,mới,moi,0.3333,0.6117
128,63.jpg,một,mat,0.3333,0.8793
128,65.jpg,năm,nam,0.3333,0.7848
128,7.jpg,còn,con,0.3333,0.9685
108,84.jpg,tại,tai,0.3333,0.9122
108,88.jpg,vậy,vay,0.3333,0.8707
96,61.jpg,giá,gia,0.3333,0.9779
11,87.jpg,vừa,vua,0.3333,0.8147
11,88.jpg,vào,vao,0.3333,0.4464
128,34.jpg,chờ,che,0.3333,0.7638
32,2.jpg,dẫn,dan,0.3333,0.9644
32,4.jpg,dậy,day,0.3333,0.6945
32,10.jpg,lại,lai,0.3333,0.8219
32,11.jpg,lần,lan,0.3333,0.4671
32,12.jpg,cho,che,0.3333,0.8999
78,13.jpg,nên,non,0.3333,0.707
78,21.jpg,tài,tai,0.3333,0.6215
108,58.jpg,một,mat,0.3333,0.9364
35,18.jpg,tám,tom,0.3333,0.9516
35,35.jpg,tây,tay,0.3333,0.6599
35,41.jpg,nổi,ni,0.3333,0.607
35,42.jpg,gần,gan,0.3333,0.8447
35,53.jpg,khổ,khe,0.3333,0.5138
35,54.jpg,vào,vao,0.3333,0.7226
35,57.jpg,bận,ban,0.3333,0.9445
108,57.jpg,chỉ,ch,0.3333,0.7524
35,13.jpg,cấp,cap,0.3333,0.9329
123,3.jpg,chủ,chu,0.3333,0.8368
123,1.jpg,giá,gia,0.3333,0.9352
26,98.jpg,lúc,luc,0.3333,0.6804
72,90.jpg,hào,hao,0.3333,0.7274
72,84.jpg,cưa,cua,0.3333,0.8893
72,74.jpg,cho,tho,0.3333,0.9467
26,51.jpg,nhà,nha,0.3333,0.7822
60,86.jpg,vào,vao,0.3333,0.6491
121,93.jpg,cấp,cop,0.3333,0.739
26,88.jpg,phụ,phu,0.3333,0.9468
26,87.jpg,ông,sng,0.3333,0.7954
26,86.jpg,phê,phe,0.3333,0.9567
26,81.jpg,thế,the,0.3333,0.9457
123,44.jpg,lớn,lon,0.3333,0.5082
123,9.jpg,nữa,nua,0.3333,0.8315
109,69.jpg,mấy,may,0.3333,0.8333
93,18.jpg,hcm,hem,0.3333,0.6218
61,3.jpg,gần,gan,0.3333,0.8199
1,29.jpg,hải,hai,0.3333,0.7366
1,32.jpg,qua,yua,0.3333,0.8169
1,35.jpg,núi,nii,0.3333,0.7896
1,68.jpg,chương,chuing,0.3333,0.8268
1,73.jpg,cãi,cai,0.3333,0.9272
63,20.jpg,cấp,cap,0.3333,0.8973
1,84.jpg,trừ,tr&,0.3333,0.7706
60,89.jpg,cứu,cku,0.3333,0.6578
143,73.jpg,văn,van,0.3333,0.9179
63,30.jpg,bao,ba,0.3333,0.7293
63,37.jpg,thì,the,0.3333,0.6802
63,39.jpg,hải,hai,0.3333,0.8582
60,62.jpg,còn,con,0.3333,0.6559
60,66.jpg,tôi,tni,0.3333,0.6683
1,74.jpg,cấp,cap,0.3333,0.9609
33,8.jpg,bản,ban,0.3333,0.9762
106,85.jpg,anh,awh,0.3333,0.7416
24,91.jpg,trương,truong,0.3333,0.8515
24,90.jpg,lên,lan,0.3333,0.4541
24,88.jpg,một,mat,0.3333,0.8181
24,87.jpg,thợ,th8,0.3333,0.6504
24,82.jpg,lại,lai,0.3333,0.8361
24,77.jpg,còn,con,0.3333,0.9777
121,69.jpg,thì,the,0.3333,0.5711
121,66.jpg,lộc,loc,0.3333,0.8369
61,89.jpg,thì,the,0.3333,0.7072
121,75.jpg,chú,chi,0.3333,0.4036
121,72.jpg,lên,len,0.3333,0.7513
61,40.jpg,tra,tua,0.3333,0.6716
61,34.jpg,với,vi,0.3333,0.8313
123,6.jpg,học,hoc,0.3333,0.77
123,51.jpg,đen,ten,0.3333,0.9232
123,56.jpg,này,nay,0.3333,0.8015
123,59.jpg,giờ,gi2,0.3333,0.4765
123,69.jpg,chủ,chz,0.3333,0.7545
1,7.jpg,vậy,viy,0.3333,0.7473
1,11.jpg,tìm,tm,0.3333,0.7674
1,12.jpg,của,cua,0.3333,0.8294
121,95.jpg,hcm,hcr,0.3333,0.8054
74,28.jpg,bạc,bac,0.3333,0.9473
74,31.jpg,dân,dan,0.3333,0.7968
61,75.jpg,mùa,mua,0.3333,0.9893
53,20.jpg,năm,nam,0.3333,0.9855
53,24.jpg,lan,ran,0.3333,0.7654
53,27.jpg,môi,moi,0.3333,0.6379
15,84.jpg,lặn,lén,0.3333,0.5971
15,87.jpg,tận,tan,0.3333,0.9848
26,50.jpg,làm,lam,0.3333,0.8198
51,88.jpg,cầm,cam,0.3333,0.9829
51,81.jpg,bàn,ban,0.3333,0.7894
51,66.jpg,con,com,0.3333,0.5608
141,5.jpg,nhà,nhr,0.3333,0.8846
1,96.jpg,đai,tai,0.3333,0.5472
141,59.jpg,ống,ong,0.3333,0.7168
141,58.jpg,cái,coi,0.3333,0.7353
141,45.jpg,sắp,sap,0.3333,0.8958
141,44.jpg,quả,qua,0.3333,0.7452
141,42.jpg,vốn,v&n,0.3333,0.5101
51,61.jpg,sâu,sau,0.3333,0.9093
1,28.jpg,bầm,bam,0.3333,0.936
72,1.jpg,phương,phubng,0.3333,0.7756
1,41.jpg,mét,mit,0.3333,0.8567
123,96.jpg,lên,len,0.3333,0.6493
93,16.jpg,kịp,k:p,0.3333,0.6385
33,14.jpg,cầu,cau,0.3333,0.8449
33,19.jpg,lập,lep,0.3333,0.5501
24,22.jpg,chứ,ch?,0.3333,0.5939
24,23.jpg,tâm,tam,0.3333,0.9223
63,46.jpg,chỉ,chi,0.3333,0.8435
63,47.jpg,dân,dan,0.3333,0.9774
46,60.jpg,các,cac,0.3333,0.6794
141,35.jpg,cho,cno,0.3333,0.5591
4,93.jpg,mua,muo,0.3333,0.8008
24,8.jpg,nắm,nam,0.3333,0.9211
24,9.jpg,tám,tam,0.3333,0.9785
24,13.jpg,bao,buo,0.3333,0.7059
33,25.jpg,tai,toi,0.3333,0.8343
141,88.jpg,hãy,h&y,0.3333,0.873
141,90.jpg,tạp,tap,0.3333,0.9873
141,91.jpg,năm,nam,0.3333,0.9929
4,92.jpg,thế,the,0.3333,0.9732
93,14.jpg,năm,nam,0.3333,0.9465
93,4.jpg,bao,brao,0.3333,0.6272
93,32.jpg,xưa,xa,0.3333,0.9706
93,25.jpg,núi,nui,0.3333,0.8552
93,20.jpg,bây,bay,0.3333,0.9373
72,51.jpg,một,mat,0.3333,0.9129
61,64.jpg,lại,lai,0.3333,0.7367
61,63.jpg,gòn,gon,0.3333,0.9518
61,54.jpg,tay,tuy,0.3333,0.894
61,51.jpg,bám,bam,0.3333,0.8768
61,23.jpg,mòn,mon,0.3333,0.8223
61,15.jpg,túi,tui,0.3333,0.6448
61,6.jpg,nên,nen,0.3333,0.8551
123,50.jpg,sới,söi,0.3333,0.4379
72,42.jpg,khi,kehi,0.3333,0.536
1,60.jpg,mặn,m&n,0.3333,0.8513
1,61.jpg,còn,con,0.3333,0.9598
141,15.jpg,làm,lam,0.3333,0.8904
141,17.jpg,kia,lia,0.3333,0.5561
141,23.jpg,giờ,gio,0.3333,0.252
75,89.jpg,tôi,tui,0.3333,0.7354
93,37.jpg,ông,ong,0.3333,0.9127
93,45.jpg,bản,b&n,0.3333,0.6205
72,41.jpg,núi,nui,0.3333,0.7623
75,72.jpg,các,cac,0.3333,0.7674
75,73.jpg,sới,s6i,0.3333,0.3735
75,83.jpg,hết,hat,0.3333,0.5843
123,18.jpg,vui,wui,0.3333,0.6197
123,27.jpg,thẻ,the,0.3333,0.9318
123,33.jpg,dâm,dam,0.3333,0.8001
123,82.jpg,usd,usp,0.3333,0.7231
72,31.jpg,các,cac,0.3333,0.974
75,67.jpg,lập,lap,0.3333,0.7964
13,44.jpg,năm,nam,0.3333,0.7829
148,98.jpg,thể,the,0.3333,0.945
148,95.jpg,thì,ths,0.3333,0.8898
148,87.jpg,tôi,toi,0.3333,0.8397
148,85.jpg,còn,con,0.3333,0.8336
143,3.jpg,như,nhu,0.3333,0.9196
13,39.jpg,mãi,mai,0.3333,0.98
13,37.jpg,mấy,may,0.3333,0.833
13,36.jpg,hơn,hon,0.3333,0.839
105,73.jpg,ngọ,ngo,0.3333,0.9079
105,70.jpg,hơn,h&n,0.3333,0.5142
105,60.jpg,nhà,nha,0.3333,0.8553
105,58.jpg,000,00d,0.3333,0.3507
105,88.jpg,quá,qua,0.3333,0.9717
105,87.jpg,hóa,hoa,0.3333,0.9491
63,22.jpg,cảm,cam,0.3333,0.9351
121,33.jpg,nhà,nha,0.3333,0.7912
121,36.jpg,sửa,sua,0.3333,0.688
121,39.jpg,tôi,toi,0.3333,0.3389
105,89.jpg,văn,v&n,0.3333,0.769
67,38.jpg,hợp,hop,0.3333,0.8574
67,39.jpg,năm,nam,0.3333,0.9339
67,50.jpg,chương,chrang,0.3333,0.7901
105,86.jpg,sản,san,0.3333,0.6576
138,7.jpg,vào,vao,0.3333,0.7279
73,55.jpg,vậy,vay,0.3333,0.6873
105,33.jpg,sanofi,sandi,0.3333,0.6534
143,6.jpg,trường,trdng,0.3333,0.9278
105,43.jpg,xóa,xua,0.3333,0.5915
105,56.jpg,dân,dan,0.3333,0.9408
143,39.jpg,khả,kha,0.3333,0.849
105,80.jpg,trương,truang,0.3333,0.6776
73,84.jpg,một,mot,0.3333,0.8232
106,61.jpg,vào,vao,0.3333,0.584
106,55.jpg,thì,thi,0.3333,0.8629
106,50.jpg,của,cua,0.3333,0.9596
46,99.jpg,dẫn,dan,0.3333,0.8286
46,94.jpg,cục,cuc,0.3333,0.9645
46,44.jpg,bao,bas,0.3333,0.9861
46,41.jpg,một,mat,0.3333,0.8531
60,69.jpg,lâu,lau,0.3333,0.8885
90,26.jpg,bây,bay,0.3333,0.7234
90,18.jpg,tùy,tuy,0.3333,0.8474
90,16.jpg,lấy,lay,0.3333,0.664
90,1.jpg,lên,len,0.3333,0.8979
90,65.jpg,hơi,hdi,0.3333,0.6887
90,63.jpg,thể,the,0.3333,0.9751
46,83.jpg,vẫy,vay,0.3333,0.8741
13,46.jpg,cậy,cay,0.3333,0.7009
13,52.jpg,vẫn,van,0.3333,0.9265
77,28.jpg,trưởng,trang,0.3333,0.8026
77,100.jpg,quả,qua,0.3333,0.9362
15,3.jpg,tạm,tam,0.3333,0.9295
15,10.jpg,còn,con,0.3333,0.7643
77,46.jpg,thị,th:,0.3333,0.6228
77,50.jpg,ngờ,ngo,0.3333,0.5588
77,24.jpg,mặt,mat,0.3333,0.994
143,60.jpg,hoa,haa,0.3333,0.8093
60,70.jpg,tục,tuc,0.3333,0.9664
53,71.jpg,môn,mon,0.3333,0.6756
53,77.jpg,sân,san,0.3333,0.8816
77,68.jpg,các,cac,0.3333,0.9373
77,70.jpg,lại,lai,0.3333,0.7413
77,12.jpg,dẫu,dau,0.3333,0.7745
77,17.jpg,các,cac,0.3333,0.9536
77,52.jpg,lại,lai,0.3333,0.8001
15,91.jpg,hai,hoi,0.3333,0.8307
77,93.jpg,bản,ban,0.3333,0.8781
77,91.jpg,cậu,cau,0.3333,0.9125
77,89.jpg,làm,lam,0.3333,0.6947
77,78.jpg,nói,noi,0.3333,0.8983
26,13.jpg,nai,na,0.3333,0.9244
26,75.jpg,thú,the,0.3333,0.8508
26,70.jpg,tội,toi,0.3333,0.4877
26,63.jpg,cua,cu,0.3333,0.5307
15,16.jpg,làm,lam,0.3333,0.7979
53,55.jpg,cấp,cap,0.3333,0.9828
53,42.jpg,tây,t&y,0.3333,0.7613
53,39.jpg,ven,uen,0.3333,0.7649
53,34.jpg,mặt,mat,0.3333,0.9454
53,32.jpg,một,mot,0.3333,0.9634
121,32.jpg,qui,qu,0.3333,0.7131
63,23.jpg,hóa,hoa,0.3333,0.9401
63,25.jpg,600,660,0.3333,0.7205
63,60.jpg,bàn,ban,0.3333,0.9766
63,62.jpg,xác,xac,0.3333,0.716
63,64.jpg,vào,vao,0.3333,0.3982
63,73.jpg,sau,sam,0.3333,0.8308
24,58.jpg,hạn,han,0.3333,0.9615
53,30.jpg,khi,kei,0.3333,0.7195
15,23.jpg,gài,goi,0.3333,0.4426
15,28.jpg,tám,tam,0.3333,0.9489
15,41.jpg,máy,may,0.3333,0.8962
15,52.jpg,dâm,dam,0.3333,0.8953
15,65.jpg,lâm,lam,0.3333,0.6859
15,71.jpg,chỉ,chi,0.3333,0.7085
15,77.jpg,quê,que,0.3333,0.8532
77,95.jpg,tôi,toi,0.3333,0.7895
15,17.jpg,giỏ,gia,0.3333,0.4705
148,81.jpg,bàn,ban,0.3333,0.7036
77,34.jpg,một,mdt,0.3333,0.7873
53,64.jpg,xin,xn,0.3333,0.5447
106,28.jpg,chỉ,chi,0.3333,0.8584
121,41.jpg,với,v6i,0.3333,0.4481
121,42.jpg,chương,chubng,0.3333,0.8482
121,50.jpg,lại,lai,0.3333,0.758
26,18.jpg,năm,nam,0.3333,0.9489
74,51.jpg,chị,chi,0.3333,0.8213
74,60.jpg,thị,the,0.3333,0.5552
74,69.jpg,cẩn,can,0.3333,0.9786
74,78.jpg,cục,cuc,0.3333,0.9771
121,55.jpg,núi,nui,0.3333,0.4525
121,62.jpg,mất,mot,0.3333,0.6417
74,17.jpg,lãi,lai,0.3333,0.6313
74,19.jpg,thợ,the,0.3333,0.9318
74,100.jpg,gần,gin,0.3333,0.9118
26,22.jpg,gặp,gop,0.3333,0.6347
26,23.jpg,văn hóa dân tộc,van hoa dan toc.,0.3333,0.935
26,29.jpg,thu,thy,0.3333,0.9092
26,37.jpg,làm,lam,0.3333,0.8091
26,59.jpg,dám,dam,0.3333,0.9359
106,33.jpg,con,cron,0.3333,0.6566
67,30.jpg,xảy,xay,0.3333,0.9367
53,87.jpg,núi,ni,0.3333,0.741
67,18.jpg,vừa,vra,0.3333,0.7977
67,23.jpg,trẻ,tre,0.3333,0.9562
106,64.jpg,một,mat,0.3333,0.7493
106,67.jpg,tên,ten,0.3333,0.8875
46,36.jpg,đau,dau,0.3333,0.9312
74,84.jpg,cải,cai,0.3333,0.6025
74,91.jpg,khu,thu,0.3333,0.9054
53,79.jpg,sức,suc,0.3333,0.6603
90,74.jpg,nào,nao,0.3333,0.6068
68,25.jpg,chỗ,cha,0.3333,0.8516
68,82.jpg,nguyên,mguyin,0.3333,0.8231
114,92.jpg,một,m8t,0.3333,0.5832
114,77.jpg,100,1 00,0.3333,0.8805
89,47.jpg,trường,tring,0.3333,0.6565
114,64.jpg,các,cac,0.3333,0.955
114,60.jpg,cấp,cup,0.3333,0.8201
95,97.jpg,nấu,nau,0.3333,0.7969
95,87.jpg,mắt,mat,0.3333,0.9133
114,30.jpg,lục,luc,0.3333,0.9819
5,7.jpg,mặt,mat,0.3333,0.9417
140,43.jpg,nhé,nhe,0.3333,0.7436
140,31.jpg,của,cua,0.3333,0.8753
140,29.jpg,của,cua,0.3333,0.9161
140,28.jpg,của,cua,0.3333,0.5791
24,47.jpg,sơn,ssn,0.3333,0.8875
91,96.jpg,lên,len,0.3333,0.7124
68,6.jpg,mất,mat,0.3333,0.8648
89,16.jpg,mới,mai,0.3333,0.4421
89,26.jpg,cấp,cap,0.3333,0.9407
89,32.jpg,cứu,cu,0.3333,0.4269
89,39.jpg,ông,ong,0.3333,0.6529
91,53.jpg,lao,rao,0.3333,0.7365
89,96.jpg,kém,kem,0.3333,0.7876
69,85.jpg,làm,lam,0.3333,0.6392
69,87.jpg,tác,tac,0.3333,0.9988
69,93.jpg,một,mat,0.3333,0.7761
69,100.jpg,quá,qua,0.3333,0.825
69,79.jpg,hiv,hi v,0.3333,0.7629
69,82.jpg,vào,vao,0.3333,0.8882
89,85.jpg,tại,tai,0.3333,0.9372
89,92.jpg,hai,sai,0.3333,0.5806
91,60.jpg,coi,coi',0.3333,0.6539
114,4.jpg,chỗ,che,0.3333,0.6428
87,82.jpg,gắt,gat,0.3333,0.8971
87,75.jpg,chi,chi.,0.3333,0.76
114,40.jpg,tan,fan,0.3333,0.9508
63,77.jpg,cứu,c'u,0.3333,0.6303
63,76.jpg,với,vbi,0.3333,0.4753
8,38.jpg,một,mot,0.3333,0.6774
8,35.jpg,hôm,hom,0.3333,0.9443
8,34.jpg,gây,gay,0.3333,0.8782
8,33.jpg,thì,thi,0.3333,0.8678
8,6.jpg,327,3&7,0.3333,0.6367
63,96.jpg,mặt,mit,0.3333,0.9266
69,55.jpg,các,cac,0.3333,0.7984
69,53.jpg,lại,lai,0.3333,0.7778
69,40.jpg,tay,tuy,0.3333,0.8029
68,53.jpg,thợ,the,0.3333,0.8115
68,54.jpg,cày,cay,0.3333,0.86
68,60.jpg,chương,chuang,0.3333,0.6854
68,67.jpg,vẫn,v&n,0.3333,0.7223
114,11.jpg,tài,tai,0.3333,0.7954
114,23.jpg,bất,bat,0.3333,0.7877
91,88.jpg,cần,can,0.3333,0.8973
91,90.jpg,xem,xen,0.3333,0.8049
89,66.jpg,xếp,xep,0.3333,0.5608
68,42.jpg,nhỏ,nho,0.3333,0.8213
68,47.jpg,nhị,nh:,0.3333,0.7887
68,49.jpg,thì,thi,0.3333,0.7026
68,74.jpg,xịt,xit,0.3333,0.9067
68,77.jpg,một,mit,0.3333,0.7873
95,57.jpg,mặc,mac,0.3333,0.8064
89,56.jpg,dâm,dam,0.3333,0.935
89,60.jpg,một,mgt,0.3333,0.6326
68,40.jpg,còn,con,0.3333,0.9927
140,45.jpg,cho,chs,0.3333,0.783
140,44.jpg,vẫn,v&n,0.3333,0.9278
95,19.jpg,ông,ong,0.3333,0.8113
95,13.jpg,dân,dan,0.3333,0.986
140,13.jpg,40m,40 m,0.3333,0.9696
89,98.jpg,suy,&uy,0.3333,0.695
95,44.jpg,tới,toi,0.3333,0.6595
8,52.jpg,này,nay,0.3333,0.9667
8,46.jpg,sau,yau,0.3333,0.6514
60,6.jpg,nhà,nha,0.3333,0.9944
21,99.jpg,xem,x.em,0.3333,0.7866
21,96.jpg,hơn,h&n,0.3333,0.9067
8,78.jpg,nhỏ,nho,0.3333,0.9023
8,28.jpg,ông,sng,0.3333,0.7768
8,24.jpg,nam,am,0.3333,0.9733
91,95.jpg,mấy,may,0.3333,0.9703
5,35.jpg,cấp,cap,0.3333,0.8724
109,85.jpg,100,10r,0.3333,0.6148
109,55.jpg,nét,net,0.3333,0.9862
109,62.jpg,cậu,cau,0.3333,0.6775
109,63.jpg,quê,que,0.3333,0.7769
10,50.jpg,nhà,nha,0.3333,0.9829
4,9.jpg,với,v&i,0.3333,0.651
109,79.jpg,cực,cac,0.3333,0.539
118,84.jpg,xây,xay,0.3333,0.9619
8,67.jpg,nơi,noi,0.3333,0.8787
127,40.jpg,nam,ram,0.3333,0.9093
127,45.jpg,nạn,nan,0.3333,0.9875
8,87.jpg,lái,lai,0.3333,0.9423
8,88.jpg,góp,gop,0.3333,0.506
8,100.jpg,của,cua,0.3333,0.8594
127,4.jpg,thọ,tho,0.3333,0.9317
5,38.jpg,cứu,cuu,0.3333,0.8387
91,28.jpg,dẫn,dan,0.3333,0.9867
91,43.jpg,anh,anl,0.3333,0.6606
91,69.jpg,cho,cno,0.3333,0.5879
91,74.jpg,trưởng,trung,0.3333,0.9453
91,22.jpg,tục,tuc,0.3333,0.8592
95,4.jpg,cho,ho,0.3333,0.8942
95,9.jpg,truyền,thuyen,0.3333,0.7807
89,80.jpg,lao,loo,0.3333,0.7552
95,75.jpg,mưu,mau,0.3333,0.7607
89,14.jpg,tòa,toa,0.3333,0.9806
89,70.jpg,còn,con,0.3333,0.6704
89,73.jpg,ông,6ng,0.3333,0.822
89,78.jpg,hải,hai,0.3333,0.9639
95,51.jpg,thị,thi,0.3333,0.8408
95,54.jpg,kim,kin,0.3333,0.7218
91,92.jpg,máy,may,0.3333,0.9743
89,41.jpg,lên,len,0.3333,0.712
140,46.jpg,cáo,cao,0.3333,0.7454
140,52.jpg,thu,hu,0.3333,0.8392
140,63.jpg,xóm,xom,0.3333,0.906
140,66.jpg,thị,thi,0.3333,0.8171
140,69.jpg,con,cen,0.3333,0.8613
140,85.jpg,dám,dam,0.3333,0.9851
140,86.jpg,chủ,cht,0.3333,0.9845
5,37.jpg,đau,tau,0.3333,0.9699
140,16.jpg,lên,len,0.3333,0.7673
140,19.jpg,lưu,luu,0.3333,0.6119
140,24.jpg,lúc,luc,0.3333,0.8777
140,76.jpg,như,nhe,0.3333,0.6174
111,79.jpg,dần,dan,0.3333,0.9832
111,83.jpg,mua,ma,0.3333,0.8673
111,94.jpg,thủ,the,0.3333,0.7914
98,10.jpg,năm,nam,0.3333,0.906
140,88.jpg,cực,cuc,0.3333,0.9335
16,65.jpg,khí,kh,0.3333,0.6696
16,56.jpg,vậy,vay,0.3333,0.6351
51,49.jpg,hơn,hon,0.3333,0.9175
51,31.jpg,vậy,v&y,0.3333,0.7733
16,26.jpg,làm,lam,0.3333,0.7817
16,25.jpg,thì,thi,0.3333,0.886
141,78.jpg,làm,lam,0.3333,0.9288
141,63.jpg,thể,the,0.3333,0.8974
46,47.jpg,mỗi,m6i,0.3333,0.5718
106,83.jpg,hến,hen,0.3333,0.6916
106,82.jpg,thơ,tha,0.3333,0.9282
106,78.jpg,một,met,0.3333,0.7391
46,28.jpg,lục,luc,0.3333,0.9877
16,45.jpg,với,voi,0.3333,0.8395
16,42.jpg,vậy,vay,0.3333,0.9078
83,7.jpg,một,mot,0.3333,0.7672
100,71.jpg,làm,lem,0.3333,0.8523
100,73.jpg,bàn,ban,0.3333,0.8249
87,17.jpg,gồm,gom,0.3333,0.8093
87,25.jpg,quý,qui,0.3333,0.8343
87,29.jpg,mất,mat,0.3333,0.9504
87,30.jpg,ghi,ghu,0.3333,0.5457
83,56.jpg,tra,tha,0.3333,0.9478
16,96.jpg,làm,lam,0.3333,0.965
136,71.jpg,một,mot,0.3333,0.8156
136,83.jpg,hơn,hon,0.3333,0.7628
100,37.jpg,vào,vao,0.3333,0.5558
100,47.jpg,của,ca,0.3333,0.8571
100,91.jpg,sát,sat,0.3333,0.8763
100,98.jpg,cấp,cap,0.3333,0.9103
136,65.jpg,trở,tro,0.3333,0.6371
87,33.jpg,nên,nen,0.3333,0.8317
83,64.jpg,mỗi,m6i,0.3333,0.8865
33,46.jpg,anh,ah,0.3333,0.9251
75,29.jpg,lại,lai,0.3333,0.8125
75,28.jpg,tục,tuc,0.3333,0.9768
75,25.jpg,tìm,tim,0.3333,0.8518
60,52.jpg,cấp,cap,0.3333,0.7155
60,37.jpg,sát,sat,0.3333,0.7388
60,36.jpg,nguyện,ngupan,0.3333,0.7084
63,57.jpg,mùa,ma,0.3333,0.7962
63,53.jpg,cửa,cua,0.3333,0.9018
75,88.jpg,bốn,bon,0.3333,0.8726
93,65.jpg,của,cua,0.3333,0.908
93,63.jpg,sót,söt,0.3333,0.6864
93,56.jpg,cơn,con,0.3333,0.922
93,53.jpg,thư,tht,0.3333,0.6982
93,48.jpg,nguyên,mguyen,0.3333,0.7454
51,12.jpg,nhỏ,nho,0.3333,0.4482
100,14.jpg,của,cua,0.3333,0.8076
100,29.jpg,tâm,tam,0.3333,0.8309
100,30.jpg,cái,cai,0.3333,0.9302
100,32.jpg,chi,chiv,0.3333,0.5908
100,52.jpg,tốt,tot,0.3333,0.7333
100,65.jpg,mại,mai,0.3333,0.9812
100,4.jpg,cảm,cam,0.3333,0.8796
75,50.jpg,như,nhu,0.3333,0.591
16,70.jpg,làm,lam,0.3333,0.7735
16,83.jpg,một,mot,0.3333,0.5829
16,89.jpg,tra,ta,0.3333,0.7873
136,90.jpg,tật,tat,0.3333,0.8948
136,95.jpg,xếp,xep,0.3333,0.3491
51,1.jpg,nói,noi,0.3333,0.8418
51,3.jpg,xây,xay,0.3333,0.7381
75,47.jpg,cán,can,0.3333,0.9024
51,23.jpg,các,cac,0.3333,0.9799
83,51.jpg,mất,mat,0.3333,0.5927
68,89.jpg,gần,gan,0.3333,0.8591
69,24.jpg,các,cac,0.3333,0.8075
83,8.jpg,bảy,bry,0.3333,0.5026
24,21.jpg,mẹ.,m..,0.3333,0.7467
83,48.jpg,văn,van,0.3333,0.8239
83,46.jpg,môi,moi,0.3333,0.802
83,43.jpg,rẫy,ray,0.3333,0.6643
83,33.jpg,hơi,hei,0.3333,0.6797
83,26.jpg,còn,con,0.3333,0.7995
69,23.jpg,báo,bao,0.3333,0.7522
69,17.jpg,như,nhu,0.3333,0.9013
69,12.jpg,này,nay,0.3333,0.9498
87,63.jpg,ban,lan,0.3333,0.8482
87,61.jpg,cậu,cau,0.3333,0.5291
93,77.jpg,cho,tho,0.3333,0.6845
60,53.jpg,một,m8t,0.3333,0.6573
63,87.jpg,yêu,you,0.3333,0.5433
63,91.jpg,cầm,ccm,0.3333,0.809
87,64.jpg,phú,phi,0.3333,0.7147
87,69.jpg,túi,tui,0.3333,0.6965
136,25.jpg,các,cbc,0.3333,0.3726
87,36.jpg,với,vai,0.3333,0.7402
87,54.jpg,sau,fau,0.3333,0.8992
87,48.jpg,căn,con,0.3333,0.7265
87,49.jpg,lực,lc,0.3333,0.5201
87,51.jpg,vui,oui,0.3333,0.5854
89,1.jpg,mới,möi,0.3333,0.5451
136,28.jpg,mới,msi,0.3333,0.6934
136,37.jpg,một,mst,0.3333,0.5141
136,45.jpg,của,cha,0.3333,0.8072
136,52.jpg,lên,len,0.3333,0.8502
87,40.jpg,bài,bai,0.3333,0.8777
33,59.jpg,còn,con,0.3333,0.6695
93,93.jpg,vật,vat,0.3333,0.9925
75,7.jpg,bán,ban,0.3333,0.9395
75,10.jpg,nv3,nv 3,0.3333,0.9965
75,13.jpg,trợ,tre,0.3333,0.7874
75,52.jpg,nguyên,ngcyen,0.3333,0.7564
83,99.jpg,của,cua,0.3333,0.8784
69,5.jpg,thủ,the,0.3333,0.845
51,21.jpg,chủ,chi,0.3333,0.8191
83,74.jpg,một,mot,0.3333,0.6264
83,75.jpg,như,nhu,0.3333,0.5905
83,76.jpg,cha,tha,0.3333,0.7857
83,84.jpg,tám,tam,0.3333,0.8042
83,87.jpg,nam,nan,0.3333,0.8612
75,22.jpg,bên,ben,0.3333,0.9786
93,76.jpg,nhẹ,nhe,0.3333,0.6598
83,100.jpg,bận,ban,0.3333,0.7642
69,6.jpg,tôi,toi,0.3333,0.8226
69,8.jpg,môi,moi,0.3333,0.7161
33,67.jpg,thế,th:,0.3333,0.8243
33,72.jpg,vật,vat,0.3333,0.9238
4,77.jpg,tồn,ton,0.3333,0.7862
4,79.jpg,nội,noi,0.3333,0.89
4,80.jpg,bạt,bat,0.3333,0.9539
33,58.jpg,bản,ban,0.3333,0.9879
4,87.jpg,đen,den,0.3333,0.9466
33,47.jpg,lại,lai,0.3333,0.6897
63,82.jpg,cất,cat,0.3333,0.7806
4,22.jpg,hầm,ham,0.3333,0.9142
4,23.jpg,tác,tac,0.3333,0.981
4,25.jpg,sơn,sdn,0.3333,0.8836
4,37.jpg,chi,ch,0.3333,0.8935
4,42.jpg,một,mit,0.3333,0.7223
4,83.jpg,phí,ph',0.3333,0.6968
92,4.jpg,bên,ben,0.3333,0.8826
34,94.jpg,như,nhu,0.3333,0.6651
34,74.jpg,thị,thi,0.3333,0.823
34,73.jpg,hảo,hao,0.3333,0.8273
34,66.jpg,cho,chr,0.3333,0.8427
92,24.jpg,nhơ,nho,0.3333,0.7535
92,20.jpg,vắn,van,0.3333,0.651
7,13.jpg,thợ,the,0.3333,0.7323
88,87.jpg,tới,toi,0.3333,0.542
88,86.jpg,tội,toi,0.3333,0.8683
145,89.jpg,lều,leu,0.3333,0.6921
145,80.jpg,gấp,gap,0.3333,0.9586
145,79.jpg,thượng,thasng,0.3333,0.7866
145,75.jpg,hầm,ham,0.3333,0.9432
76,14.jpg,thể,thi,0.3333,0.8444
10,46.jpg,lấy,lay,0.3333,0.7291
101,10.jpg,bất,bat,0.3333,0.9541
101,97.jpg,quý,quy,0.3333,0.8959
79,78.jpg,này,nay,0.3333,0.9905
79,83.jpg,cấp,cap,0.3333,0.8727
79,91.jpg,nên,nen,0.3333,0.9164
79,96.jpg,hạn,han,0.3333,0.9792
39,9.jpg,tại,tai,0.3333,0.844
79,3.jpg,văn,v&n,0.3333,0.8366
79,62.jpg,cắm,com,0.3333,0.7062
7,27.jpg,lặn,l&n,0.3333,0.8131
145,56.jpg,bảy,bay,0.3333,0.9609
145,67.jpg,cấp,cap,0.3333,0.9334
7,43.jpg,nhà,nha,0.3333,0.5811
7,47.jpg,mua,ma,0.3333,0.8486
7,58.jpg,000,00o,0.3333,0.7097
71,99.jpg,một,mot,0.3333,0.9021
39,19.jpg,tay,tany,0.3333,0.6467
79,43.jpg,trừ,tru,0.3333,0.7854
79,41.jpg,hầm,ham,0.3333,0.987
79,36.jpg,chủ,cha,0.3333,0.7816
79,33.jpg,lập,lap,0.3333,0.7892
79,28.jpg,nhu,mhu,0.3333,0.8792
39,23.jpg,cắp,cap,0.3333,0.9848
79,61.jpg,lâu,lau,0.3333,0.8889
79,57.jpg,bật,but,0.3333,0.8132
39,58.jpg,tôi,toi,0.3333,0.8754
39,57.jpg,một,mot,0.3333,0.9709
71,2.jpg,với,vci,0.3333,0.6092
104,93.jpg,nguyễn,ngyen,0.3333,0.7897
39,87.jpg,ông,ang,0.3333,0.558
39,82.jpg,phí,ph:,0.3333,0.6973
39,79.jpg,tôi,t6i,0.3333,0.6185
45,1.jpg,như,nhs,0.3333,0.4516
82,56.jpg,tán,tan,0.3333,0.9162
34,32.jpg,các,cac,0.3333,0.8932
34,35.jpg,tại,tui,0.3333,0.6649
34,41.jpg,các,cac,0.3333,0.6212
34,55.jpg,bày,bay,0.3333,0.5948
92,6.jpg,sao,sas,0.3333,0.6184
92,8.jpg,phí,ph',0.3333,0.602
79,45.jpg,mới,moi,0.3333,0.5915
39,59.jpg,mùa,mua,0.3333,0.8476
39,64.jpg,hứa,hna,0.3333,0.4875
39,75.jpg,chị,chi,0.3333,0.9674
39,78.jpg,giữ,gie,0.3333,0.7427
71,29.jpg,của,cua,0.3333,0.8727
71,35.jpg,trường,triang,0.3333,0.364
71,39.jpg,tới,toi,0.3333,0.8064
71,54.jpg,bọn,bon,0.3333,0.991
92,19.jpg,mặt,mat,0.3333,0.9613
145,2.jpg,gọi,goi,0.3333,0.9332
76,35.jpg,tài,tai,0.3333,0.8661
76,34.jpg,tàu,tou,0.3333,0.7265
101,67.jpg,của,cua,0.3333,0.9269
101,64.jpg,cầu,cau,0.3333,0.8647
101,61.jpg,các,cac,0.3333,0.9766
79,99.jpg,yếu,yéu,0.3333,0.7764
27,72.jpg,tôi,toi,0.3333,0.8132
27,66.jpg,kéo,keo,0.3333,0.9154
112,95.jpg,lực,luc,0.3333,0.5358
112,90.jpg,tạo,tao,0.3333,0.7708
101,87.jpg,hoá,hoa,0.3333,0.7891
101,82.jpg,mua,mma,0.3333,0.7911
101,78.jpg,văn,van,0.3333,0.9507
101,58.jpg,đdv,ddv,0.3333,0.5876
101,7.jpg,tra,tro,0.3333,0.8696
80,91.jpg,vào,vao,0.3333,0.9273
124,8.jpg,của,cua,0.3333,0.8316
124,15.jpg,coi,co,0.3333,0.7211
124,16.jpg,thủ,thi,0.3333,0.6834
124,23.jpg,lan,ian,0.3333,0.8774
112,21.jpg,tại,tai,0.3333,0.6583
112,27.jpg,chỉ,chi,0.3333,0.8745
80,2.jpg,chủ,chu,0.3333,0.8848
27,9.jpg,hội,hei,0.3333,0.7044
80,39.jpg,thị,the,0.3333,0.6695
22,88.jpg,bao,bae,0.3333,0.8116
22,95.jpg,qui,dui,0.3333,0.745
22,97.jpg,của,cua,0.3333,0.7356
27,59.jpg,làm,lam,0.3333,0.7002
27,60.jpg,một,m2t,0.3333,0.6098
27,61.jpg,chị,chi,0.3333,0.943
22,100.jpg,cấp,cap,0.3333,0.9642
101,2.jpg,phó,ph:,0.3333,0.7898
79,100.jpg,mẩy,may,0.3333,0.9581
27,100.jpg,này,nay,0.3333,0.8317
27,92.jpg,000,00,0.3333,0.7849
101,29.jpg,làm,lam,0.3333,0.7917
79,75.jpg,núi,nui,0.3333,0.966
23,30.jpg,một,mot,0.3333,0.8568
76,7.jpg,sao,so,0.3333,0.6137
88,98.jpg,gấp,g?p,0.3333,0.5399
88,96.jpg,ngờ,ngo,0.3333,0.6471
88,92.jpg,giá,gia,0.3333,0.7568
101,19.jpg,sát,sat,0.3333,0.943
101,15.jpg,hơn,han,0.3333,0.8143
82,52.jpg,thì,the,0.3333,0.8288
82,47.jpg,lấn,lan,0.3333,0.8557
145,5.jpg,một,mot,0.3333,0.9452
145,6.jpg,một,mat,0.3333,0.864
145,8.jpg,khi,hhi,0.3333,0.7834
145,13.jpg,các,cac,0.3333,0.9609
145,14.jpg,giá,gia,0.3333,0.6792
76,39.jpg,cái,coi,0.3333,0.5936
76,50.jpg,lúc,lkc,0.3333,0.6406
112,52.jpg,dài,dai,0.3333,0.8088
138,1.jpg,vào,vao,0.3333,0.7044
145,17.jpg,vật,vat,0.3333,0.9775
145,19.jpg,gọi,goi,0.3333,0.9028
76,33.jpg,nói,ndi,0.3333,0.9053
82,69.jpg,thi,tei,0.3333,0.3811
82,8.jpg,giá,gia,0.3333,0.9169
82,12.jpg,dẫn,dun,0.3333,0.8389
82,14.jpg,chỉ,ch,0.3333,0.8434
82,17.jpg,ngơ,nga,0.3333,0.7131
112,69.jpg,ban,boan,0.3333,0.5144
37,67.jpg,nhà,nha,0.3333,0.9771
45,52.jpg,mòn,mon,0.3333,0.9348
37,72.jpg,cầu,cau,0.3333,0.8364
37,71.jpg,món,mon,0.3333,0.4248
37,68.jpg,mùa,mua,0.3333,0.8344
142,69.jpg,quý,quy,0.3333,0.7995
142,67.jpg,quá,qua,0.3333,0.8776
23,54.jpg,lấy,lay,0.3333,0.8447
23,38.jpg,mặt,mat,0.3333,0.9644
45,94.jpg,của,cua,0.3333,0.76
45,74.jpg,lạt,lnt,0.3333,0.6946
45,72.jpg,gồm,gom,0.3333,0.8648
45,36.jpg,trả,tr&,0.3333,0.7809
146,73.jpg,kim,kum,0.3333,0.855
146,72.jpg,thị,thi,0.3333,0.5824
79,6.jpg,gọi,g.i,0.3333,0.7388
17,55.jpg,cái,cei,0.3333,0.5338
17,57.jpg,này,nay,0.3333,0.9284
17,59.jpg,hai,hei,0.3333,0.7113
146,76.jpg,nếu,nsu,0.3333,0.4555
146,77.jpg,mật,mat,0.3333,0.9651
146,83.jpg,vào,vao,0.3333,0.767
146,84.jpg,cơn,con,0.3333,0.9091
135,53.jpg,khi,lhi,0.3333,0.7874
146,92.jpg,nói,noi,0.3333,0.8735
104,1.jpg,lại,lui,0.3333,0.4825
104,14.jpg,bàn,ban,0.3333,0.9749
142,70.jpg,ông,eng,0.3333,0.7375
82,27.jpg,còn,con,0.3333,0.9531
23,21.jpg,cho,co,0.3333,0.826
135,32.jpg,tạo,tao,0.3333,0.6749
135,38.jpg,nhỏ,nho,0.3333,0.8997
146,91.jpg,thị,th,0.3333,0.9729
131,79.jpg,lại,loi,0.3333,0.8373
135,89.jpg,một,mit,0.3333,0.7579
135,88.jpg,sót,st,0.3333,0.8028
146,10.jpg,lên,len,0.3333,0.8516
131,96.jpg,khu,thu,0.3333,0.4692
146,53.jpg,máu,mau,0.3333,0.927
88,3.jpg,món,man,0.3333,0.6241
6,86.jpg,nguyên,naguyen,0.3333,0.8131
146,45.jpg,tây,tay,0.3333,0.946
146,40.jpg,suy,8uy,0.3333,0.6922
146,28.jpg,mưa,mia,0.3333,0.6457
131,91.jpg,lên,len,0.3333,0.9262
131,88.jpg,hay,hny,0.3333,0.7163
131,82.jpg,chủ,chu,0.3333,0.6667
12,50.jpg,cơm,c'm,0.3333,0.8259
45,98.jpg,dám,dam,0.3333,0.7488
45,32.jpg,thì,thi,0.3333,0.7736
45,34.jpg,này,nay,0.3333,0.9028
12,83.jpg,lại,lai,0.3333,0.7752
12,85.jpg,ông,ong,0.3333,0.8089
12,92.jpg,hãy,hay,0.3333,0.9509
12,96.jpg,nội,noi,0.3333,0.7882
12,100.jpg,một,mot,0.3333,0.8138
12,46.jpg,như,nhu,0.3333,0.8608
55,90.jpg,rải,rai,0.3333,0.9071
55,91.jpg,sau,saw,0.3333,0.7716
88,9.jpg,lên,lin,0.3333,0.7085
12,52.jpg,các,cac,0.3333,0.9479
12,54.jpg,một,mst,0.3333,0.8842
12,37.jpg,hơn,hon,0.3333,0.9615
12,39.jpg,sài,si,0.3333,0.7376
12,41.jpg,chỉ,chi,0.3333,0.6659
55,89.jpg,như,nh,0.3333,0.8953
79,21.jpg,nilông,nitong,0.3333,0.8244
17,5.jpg,một,mat,0.3333,0.9722
7,68.jpg,khá,kha,0.3333,0.9179
7,61.jpg,anh,arh,0.3333,0.8674
17,22.jpg,bạn,ban,0.3333,0.9917
17,16.jpg,nghiên,ncghizn,0.3333,0.5475
88,64.jpg,cứu,ciu,0.3333,0.5679
88,61.jpg,tật,tat,0.3333,0.8016
88,47.jpg,thủ,the,0.3333,0.8897
104,22.jpg,phí,phi,0.3333,0.897
104,19.jpg,nhà,nha,0.3333,0.9502
135,13.jpg,như,nhd,0.3333,0.62
135,9.jpg,xếp,x&p,0.3333,0.6263
104,45.jpg,nai,naa,0.3333,0.6815
104,40.jpg,hầm,ham,0.3333,0.9158
7,98.jpg,rất,rat,0.3333,0.927
79,7.jpg,lớn,lbn,0.3333,0.6443
39,33.jpg,làm,lam,0.3333,0.8145
39,37.jpg,anh,anl,0.3333,0.9202
39,50.jpg,lên,len,0.3333,0.9384
39,53.jpg,thể,the,0.3333,0.9826
79,49.jpg,con,cn,0.3333,0.4567
79,52.jpg,lâm,lam,0.3333,0.9446
17,14.jpg,một,mat,0.3333,0.7335
39,93.jpg,tài,tai,0.3333,0.8755
71,17.jpg,này,nay,0.3333,0.9099
104,54.jpg,mệt,met,0.3333,0.8788
104,56.jpg,một,mot,0.3333,0.6428
104,68.jpg,thủ,the,0.3333,0.8418
104,78.jpg,anh,anf,0.3333,0.762
88,25.jpg,tui,tu,0.3333,0.8368
17,8.jpg,tìm,tim,0.3333,0.8759
104,82.jpg,nằm,nam,0.3333,0.993
17,74.jpg,mấy,may,0.3333,0.8379
135,59.jpg,thường,thuong,0.3333,0.7403
146,19.jpg,thứ,the,0.3333,0.7563
146,20.jpg,giá,gid,0.3333,0.7623
17,60.jpg,dài,dai,0.3333,0.9269
88,20.jpg,tất,tat,0.3333,0.9899
88,22.jpg,nêu,neu,0.3333,0.9073
79,24.jpg,rào,rao,0.3333,0.7239
17,36.jpg,môn,min,0.3333,0.6751
17,39.jpg,tại,tai,0.3333,0.8478
17,44.jpg,len,lun,0.3333,0.7526
12,9.jpg,trường,trusng,0.3333,0.5915
88,30.jpg,của,cua,0.3333,0.7175
88,31.jpg,như,nhu,0.3333,0.742
88,32.jpg,phê,pha,0.3333,0.6706
88,36.jpg,hoa,moa,0.3333,0.647
17,85.jpg,này,nay,0.3333,0.7248
71,70.jpg,một,mat,0.3333,0.8362
71,75.jpg,hcm,tcm,0.3333,0.7358
71,85.jpg,cất,cat,0.3333,0.9504
7,31.jpg,của,cua,0.3333,0.6595
7,82.jpg,hiv,hiu,0.3333,0.8228
146,26.jpg,già,gia,0.3333,0.8345
3,25.jpg,tật,tat,0.3333,0.8628
17,66.jpg,đdv,ddv,0.3333,0.8877
3,57.jpg,vào,vao,0.3333,0.9505
3,60.jpg,chỉ,chi,0.3333,0.8534
3,65.jpg,làm,lam,0.3333,0.812
45,99.jpg,chị,ch,0.3333,0.8437
3,1.jpg,lãi,lai,0.3333,0.852
12,10.jpg,nguyên,ngryen,0.3333,0.6894
12,23.jpg,bất,bat,0.3333,0.8817
12,31.jpg,nguyên,nguyer,0.3333,0.8815
3,26.jpg,một,mst,0.3333,0.5638
41,87.jpg,thể,the,0.3333,0.9157
122,65.jpg,bây,bay,0.3333,0.9824
122,64.jpg,vạn,van,0.3333,0.9942
122,54.jpg,thì,the,0.3333,0.8964
122,49.jpg,hợp,hop,0.3333,0.9118
29,14.jpg,còn,con,0.3333,0.9817
73,43.jpg,nhu,nhn,0.3333,0.7569
73,29.jpg,làm,lam,0.3333,0.8856
122,76.jpg,như,nhu,0.3333,0.7417
138,80.jpg,thủ,the,0.3333,0.9906
122,43.jpg,tôi,t6i,0.3333,0.5885
138,63.jpg,năm,nam,0.3333,0.9664
138,53.jpg,vừa,vua,0.3333,0.7136
138,50.jpg,mới,m2i,0.3333,0.4271
138,41.jpg,các,cac,0.3333,0.7725
80,88.jpg,của,cua,0.3333,0.8094
30,47.jpg,máy,may,0.3333,0.8965
30,50.jpg,cậu,cau,0.3333,0.8128
30,52.jpg,mãi,mai,0.3333,0.7381
30,30.jpg,qui,qpi,0.3333,0.6888
30,33.jpg,tài,tui,0.3333,0.8226
30,59.jpg,sri,sre,0.3333,0.7524
30,62.jpg,một,mat,0.3333,0.8436
73,70.jpg,bật,bet,0.3333,0.6326
138,85.jpg,văn,van,0.3333,0.8925
138,89.jpg,lại,lai,0.3333,0.8821
138,95.jpg,cái,cai,0.3333,0.7646
125,33.jpg,mại,mai,0.3333,0.8727
125,34.jpg,khu,lhu,0.3333,0.3895
149,90.jpg,hầm,ham,0.3333,0.9546
149,94.jpg,qua,tua,0.3333,0.7827
73,59.jpg,vẫn,van,0.3333,0.9452
138,84.jpg,các,cac,0.3333,0.8257
149,80.jpg,dâm,dam,0.3333,0.9777
149,66.jpg,rồi,ri,0.3333,0.736
22,4.jpg,bàn,ban,0.3333,0.933
125,100.jpg,lại,lai,0.3333,0.8538
125,88.jpg,ngờ,ngo,0.3333,0.6602
125,87.jpg,một,mot,0.3333,0.9177
125,86.jpg,cát,cat,0.3333,0.9255
115,80.jpg,như,nh?,0.3333,0.8172
115,63.jpg,nặc,nac,0.3333,0.9462
115,61.jpg,lại,lai,0.3333,0.7777
30,55.jpg,tâm,tam,0.3333,0.936
125,2.jpg,dây,day,0.3333,0.9559
92,82.jpg,lại,lei,0.3333,0.6368
34,15.jpg,chủ,cht,0.3333,0.9254
34,13.jpg,này,noy,0.3333,0.7802
41,52.jpg,cao,cas,0.3333,0.7236
73,78.jpg,nghiệp,nghap,0.3333,0.8646
73,79.jpg,phủ,phu,0.3333,0.7492
122,24.jpg,bày,bay,0.3333,0.9748
122,26.jpg,lại,lai,0.3333,0.5486
122,34.jpg,trụ,tru,0.3333,0.8764
122,38.jpg,một,mat,0.3333,0.5526
41,5.jpg,rất,rat,0.3333,0.5137
34,7.jpg,nhà,nha,0.3333,0.9485
41,25.jpg,lãm,lam,0.3333,0.8751
41,53.jpg,nam,mam,0.3333,0.7828
30,95.jpg,cấp,cap,0.3333,0.9747
30,98.jpg,tấn,tan,0.3333,0.7926
41,80.jpg,sạn,san,0.3333,0.6016
41,82.jpg,tốc,toc,0.3333,0.7867
34,2.jpg,gần,gan,0.3333,0.9025
34,3.jpg,sao,sar,0.3333,0.7718
41,7.jpg,cấp,cap,0.3333,0.9315
13,77.jpg,màu,mau,0.3333,0.7892
13,100.jpg,chỉ,ch?,0.3333,0.7224
67,79.jpg,các,cac,0.3333,0.9546
67,77.jpg,lợi,lai,0.3333,0.4703
67,76.jpg,nai,mai,0.3333,0.919
67,73.jpg,còn,con,0.3333,0.8606
105,28.jpg,sức,ssc,0.3333,0.373
105,13.jpg,trà,tra,0.3333,0.8698
105,10.jpg,lớn,lon,0.3333,0.6661
13,92.jpg,mưa quá lớn.,m2v qud l3n.,0.3333,0.8071
13,55.jpg,con,lon,0.3333,0.781
77,64.jpg,nạn,nan,0.3333,0.9326
121,5.jpg,tâm,tam,0.3333,0.874
73,57.jpg,một,mmt,0.3333,0.7528
46,75.jpg,học,hoc,0.3333,0.9344
30,46.jpg,này,nay,0.3333,0.9816
60,98.jpg,quả,qua,0.3333,0.9829
13,10.jpg,tạn,tan,0.3333,0.9913
63,3.jpg,một,m&t,0.3333,0.8038
143,42.jpg,ông,ong,0.3333,0.6734
143,45.jpg,năm,nam,0.3333,0.9186
143,75.jpg,chỉ,chi,0.3333,0.852
143,76.jpg,này,nay,0.3333,0.7203
148,82.jpg,cấp,cap,0.3333,0.9222
143,85.jpg,quý,quy,0.3333,0.9748
143,88.jpg,đai,dai,0.3333,0.9228
143,90.jpg,cho,ch,0.3333,0.9661
106,35.jpg,hợp,hop,0.3333,0.9545
106,40.jpg,khu,khm,0.3333,0.5784
90,38.jpg,nội,noi,0.3333,0.6022
106,25.jpg,thì,the,0.3333,0.7522
106,27.jpg,vật,vat,0.3333,0.7322
143,84.jpg,làm,lam,0.3333,0.9759
121,31.jpg,trường,tring,0.3333,0.7655
148,8.jpg,cấp,cop,0.3333,0.7594
148,14.jpg,này,nay,0.3333,0.7456
148,16.jpg,làm,lam,0.3333,0.734
148,31.jpg,sát,sat,0.3333,0.6571
121,2.jpg,quá,qua,0.3333,0.8791
121,4.jpg,chỉ,ch.,0.3333,0.7416
13,78.jpg,của,cea,0.3333,0.6979
30,72.jpg,sắp,scp,0.3333,0.8212
30,73.jpg,tộc,tac,0.3333,0.4933
30,79.jpg,cái,cai,0.3333,0.8613
34,23.jpg,máy,may,0.3333,0.925
34,26.jpg,mùa,mua,0.3333,0.9523
92,39.jpg,văn,van,0.3333,0.9742
92,45.jpg,văn,van,0.3333,0.9728
41,96.jpg,heo,hio,0.3333,0.718
13,23.jpg,ảnh,anh,0.3333,0.8845
143,71.jpg,cứu,cuu,0.3333,0.5799
105,8.jpg,nhà,nha,0.3333,0.9565
67,71.jpg,còn,cn,0.3333,0.5704
67,72.jpg,màu,mau,0.3333,0.9632
67,91.jpg,lúc,luc,0.3333,0.7943
67,95.jpg,nào,nao,0.3333,0.7648
67,100.jpg,cầu,cau,0.3333,0.654
67,60.jpg,còn,cn,0.3333,0.8246
67,37.jpg,cập,cap,0.3333,0.9378
121,8.jpg,xem,nem,0.3333,0.8462
148,40.jpg,của,cia,0.3333,0.6758
148,45.jpg,vào,vao,0.3333,0.8106
148,53.jpg,làm,lam,0.3333,0.8087
148,54.jpg,các,cac,0.3333,0.8801
148,56.jpg,tôi,toi,0.3333,0.8888
148,72.jpg,cơn,cn,0.3333,0.6566
106,1.jpg,còn,con,0.3333,0.6413
76,72.jpg,ngô,ng6,0.3333,0.608
76,64.jpg,một,mat,0.3333,0.8845
76,61.jpg,mới,m&i,0.3333,0.7953
112,10.jpg,tìm,t'm,0.3333,0.5718
112,2.jpg,chở,ch',0.3333,0.7216
29,98.jpg,lại,lai,0.3333,0.824
70,15.jpg,thể,the,0.3333,0.845
70,75.jpg,lập,lap,0.3333,0.7079
112,78.jpg,lại,lai,0.3333,0.84
112,75.jpg,sắp,sap,0.3333,0.7232
112,71.jpg,vậy,vay,0.3333,0.8958
76,54.jpg,lần,lan,0.3333,0.7716
112,48.jpg,làn,lan,0.3333,0.8679
112,42.jpg,bác,bac,0.3333,0.8394
112,39.jpg,xâm,xam,0.3333,0.6058
149,98.jpg,anh,anl,0.3333,0.6735
23,3.jpg,dân,dan,0.3333,0.8257
138,11.jpg,con,cen,0.3333,0.7606
138,33.jpg,cứu,clu,0.3333,0.5722
138,35.jpg,bạn,ban,0.3333,0.9586
41,63.jpg,quả,qua,0.3333,0.7094
41,65.jpg,lại,lai,0.3333,0.7399
41,67.jpg,cho,tho,0.3333,0.7923
112,38.jpg,hcm,hom,0.3333,0.7232
82,78.jpg,hội,hsi,0.3333,0.6727
82,90.jpg,toi,tov,0.3333,0.7489
23,15.jpg,nằm,nam,0.3333,0.8443
23,19.jpg,một,mat,0.3333,0.8882
82,74.jpg,chi,thi,0.3333,0.7079
82,75.jpg,tra,ta,0.3333,0.8933
138,36.jpg,tra,fra,0.3333,0.8464
73,92.jpg,của,cia,0.3333,0.7229
92,50.jpg,chế,che,0.3333,0.9102
124,37.jpg,huy,luy,0.3333,0.6534
124,32.jpg,ccv,cc v,0.3333,0.9254
80,71.jpg,thủ,the,0.3333,0.9907
80,65.jpg,lumpur,dumpun,0.3333,0.9243
27,46.jpg,tất,tat,0.3333,0.9211
27,40.jpg,xây,xay,0.3333,0.9434
27,36.jpg,dài,dci,0.3333,0.6224
80,26.jpg,mắt,mat,0.3333,0.8603
80,11.jpg,một,mst,0.3333,0.7304
124,27.jpg,một,mot,0.3333,0.5305
76,37.jpg,nói,ni,0.3333,0.7872
80,62.jpg,anh,amh,0.3333,0.7049
80,57.jpg,sắp,sap,0.3333,0.9123
80,52.jpg,lớn,lon,0.3333,0.67
80,48.jpg,của,cua,0.3333,0.9228
70,21.jpg,lên,len,0.3333,0.7074
70,30.jpg,giả,gia,0.3333,0.8908
70,31.jpg,xác,xac,0.3333,0.8991
70,35.jpg,làm,lam,0.3333,0.8162
70,43.jpg,cơn,con,0.3333,0.6542
124,76.jpg,xếp,xip,0.3333,0.5586
70,69.jpg,sắt,sat,0.3333,0.9091
70,70.jpg,bác,buc,0.3333,0.8306
27,33.jpg,tất,tat,0.3333,0.7391
22,51.jpg,yếu,yeu,0.3333,0.8561
124,40.jpg,thú,thu,0.3333,0.611
124,60.jpg,giờ,gic,0.3333,0.6795
124,87.jpg,dẫn,dan,0.3333,0.9492
124,93.jpg,nếu,nu,0.3333,0.371
22,48.jpg,thi,th,0.3333,0.9701
27,21.jpg,chủ,chi,0.3333,0.7641
27,24.jpg,tại,tai,0.3333,0.9355
115,41.jpg,tâm,tam,0.3333,0.8599
29,72.jpg,vật,v&t,0.3333,0.8532
73,2.jpg,mặt,mat,0.3333,0.9762
76,97.jpg,các,cac,0.3333,0.6443
45,30.jpg,này,nay,0.3333,0.8257
45,24.jpg,huệ,hue,0.3333,0.6289
45,6.jpg,quá,qut,0.3333,0.7246
22,24.jpg,thì,the,0.3333,0.7767
70,66.jpg,bữa,bua,0.3333,0.7383
70,56.jpg,tôi,tsi,0.3333,0.9108
29,68.jpg,lất,lat,0.3333,0.7474
29,58.jpg,hay,thay,0.3333,0.7334
125,64.jpg,nhà,nha,0.3333,0.8845
125,43.jpg,hcm,hem,0.3333,0.683
29,12.jpg,sắp,smp,0.3333,0.644
29,9.jpg,hết,het,0.3333,0.7276
70,95.jpg,xem,2em,0.3333,0.7484
30,4.jpg,chủ,chu,0.3333,0.6813
149,50.jpg,các,cac,0.3333,0.923
149,53.jpg,hơn,hon,0.3333,0.5181
115,53.jpg,cho,tho,0.3333,0.7065
115,60.jpg,săn,san,0.3333,0.7899
125,68.jpg,của,cua,0.3333,0.6514
125,71.jpg,bán,ban,0.3333,0.8963
29,5.jpg,tết,tat,0.3333,0.7967
149,25.jpg,tại,tai,0.3333,0.6951
149,29.jpg,nhà,nho,0.3333,0.8346
149,60.jpg,giá,gia,0.3333,0.6238
149,63.jpg,nội,n6i,0.3333,0.8105
149,65.jpg,nếu,nau,0.3333,0.6426
122,90.jpg,tấc,tc,0.3333,0.4262
122,98.jpg,lập,lap,0.3333,0.6979
122,99.jpg,tạo,tao,0.3333,0.6979
149,22.jpg,một,mat,0.3333,0.9015
115,89.jpg,lại,lai,0.3333,0.8763
70,98.jpg,lại,lai,0.3333,0.6763
70,100.jpg,ngọ,ng!,0.3333,0.7239
115,9.jpg,nguyễn,nguyer,0.3333,0.7055
115,12.jpg,yên,yen,0.3333,0.7373
115,16.jpg,tại,tai,0.3333,0.8464
115,18.jpg,với,vii,0.3333,0.5137
29,75.jpg,xác,xac,0.3333,0.9014
115,31.jpg,bốc,boc,0.3333,0.7436
92,53.jpg,sắm,sam,0.3333,0.9199
92,56.jpg,của,ca,0.3333,0.9278
92,57.jpg,kết,kat,0.3333,0.4064
92,60.jpg,năm,nam,0.3333,0.8668
92,62.jpg,vẫn,van,0.3333,0.6683
22,44.jpg,hơn,hon,0.3333,0.8365
70,82.jpg,một,mot,0.3333,0.9628
115,30.jpg,quà,qua,0.3333,0.8289
29,76.jpg,nv1,nv.,0.3333,0.5015
29,77.jpg,vui,vu,0.3333,0.7563
29,15.jpg,chỉ,chi,0.3333,0.7662
29,19.jpg,mắt,mat,0.3333,0.854
115,90.jpg,ông,ang,0.3333,0.6624
73,5.jpg,trường,triong,0.3333,0.796
73,9.jpg,bán,ban,0.3333,0.657
115,87.jpg,tôt,tot,0.3333,0.8268
122,84.jpg,singapore,sinypoe,0.3333,0.8118
29,45.jpg,góp,gop,0.3333,0.3306
76,91.jpg,bạc,bac,0.3333,0.9721
115,48.jpg,các,cac,0.3333,0.6705
149,14.jpg,góc,goc,0.3333,0.7691
125,75.jpg,giá,gia,0.3333,0.7382
125,83.jpg,trả,tra,0.3333,0.9567
125,84.jpg,ông,ong,0.3333,0.9656
73,12.jpg,của,cta,0.3333,0.6673
44,61.jpg,hơn,hon,0.3333,0.8789
64,52.jpg,lao,dao,0.3333,0.69
116,15.jpg,hơn,hon,0.3333,0.4387
116,13.jpg,ông,ong,0.3333,0.9449
21,3.jpg,xem,xom,0.3333,0.8177
147,37.jpg,nai,mai,0.3333,0.938
147,35.jpg,thể,the,0.3333,0.9792
147,34.jpg,vậy,vay,0.3333,0.6287
147,33.jpg,giữ,gia,0.3333,0.4639
147,23.jpg,nghiêm,ng hiem,0.3333,0.7726
19,8.jpg,mắt,mat,0.3333,0.8582
18,50.jpg,hữu,heu,0.3333,0.7303
18,48.jpg,làm,lam,0.3333,0.9515
18,47.jpg,thị,thi,0.3333,0.8428
116,65.jpg,bút,but,0.3333,0.9624
131,81.jpg,một,mat,0.3333,0.9316
84,81.jpg,cầu,cau,0.3333,0.773
84,100.jpg,này,nay,0.3333,0.9665
137,4.jpg,cửa,cia,0.3333,0.6983
137,5.jpg,một,mat,0.3333,0.8032
137,8.jpg,vào,vao,0.3333,0.9248
84,44.jpg,cấp,cap,0.3333,0.8232
150,43.jpg,cấp,cap,0.3333,0.9271
116,62.jpg,của,cua,0.3333,0.7236
116,85.jpg,cột,cst,0.3333,0.7973
113,68.jpg,vấn,von,0.3333,0.5135
84,24.jpg,vậy,vay,0.3333,0.8299
84,75.jpg,dân,dan,0.3333,0.7807
113,45.jpg,khu,rhu,0.3333,0.7545
113,63.jpg,báo,bao,0.3333,0.5246
116,46.jpg,cấp,cap,0.3333,0.8598
116,59.jpg,hội,hei,0.3333,0.6432
150,44.jpg,hội,hoi,0.3333,0.6232
116,2.jpg,nay,may,0.3333,0.9124
19,92.jpg,sau,san,0.3333,0.9529
18,22.jpg,làm,lam,0.3333,0.8106
19,70.jpg,tạo,tuo,0.3333,0.868
2,4.jpg,mặt,mat,0.3333,0.9865
137,70.jpg,chỉ,ch?,0.3333,0.8145
137,63.jpg,mặt,mat,0.3333,0.9796
137,61.jpg,bám,bam,0.3333,0.9626
137,11.jpg,tây,tay,0.3333,0.9268
113,35.jpg,vận,v&n,0.3333,0.8087
113,34.jpg,hội,hoi,0.3333,0.6634
113,32.jpg,mắc,mac,0.3333,0.7264
18,65.jpg,một,mat,0.3333,0.9504
18,59.jpg,yêu,yeu,0.3333,0.757
18,53.jpg,chở,che,0.3333,0.7502
64,74.jpg,anh,unh,0.3333,0.9076
64,76.jpg,quê,que,0.3333,0.7832
64,77.jpg,vừa,vaa,0.3333,0.7149
64,95.jpg,bãi,bai,0.3333,0.9864
147,13.jpg,xây,xay,0.3333,0.5526
44,44.jpg,làm,lam,0.3333,0.9144
147,53.jpg,mua,mma,0.3333,0.8359
147,69.jpg,cho,ch.,0.3333,0.9134
144,22.jpg,dân,dan,0.3333,0.9441
147,100.jpg,lực,lic,0.3333,0.5953
28,1.jpg,vận,van,0.3333,0.4867
28,6.jpg,sai,sa,0.3333,0.9915
44,81.jpg,tôi,t6i,0.3333,0.8501
2,5.jpg,nói,noi,0.3333,0.8838
2,8.jpg,một,mot,0.3333,0.747
137,44.jpg,thủ,thi,0.3333,0.8897
144,13.jpg,sơn,son,0.3333,0.7603
147,91.jpg,còn,cn,0.3333,0.6185
49,65.jpg,nào,nao,0.3333,0.8561
49,62.jpg,cho,ch.,0.3333,0.7918
49,61.jpg,bảo,bao,0.3333,0.6476
84,37.jpg,chỉ,chi,0.3333,0.954
84,33.jpg,con,coo,0.3333,0.8445
84,29.jpg,nam,mam,0.3333,0.8803
84,28.jpg,hạn,han,0.3333,0.9759
150,41.jpg,dọn,don,0.3333,0.9409
150,4.jpg,yêu,yiu,0.3333,0.736
116,99.jpg,tra,tr,0.3333,0.6149
49,60.jpg,bản,b&n,0.3333,0.7351
49,58.jpg,các,cac,0.3333,0.7735
49,55.jpg,nào,nao,0.3333,0.6879
49,49.jpg,này,nay,0.3333,0.8391
150,11.jpg,cứu,cku,0.3333,0.6494
84,62.jpg,thoáng,thrang,0.3333,0.7142
49,37.jpg,tân,tan,0.3333,0.9216
42,89.jpg,hứa,hua,0.3333,0.8564
42,92.jpg,lập,lap,0.3333,0.8267
42,95.jpg,thị,th:,0.3333,0.5036
42,96.jpg,mài,moi,0.3333,0.7309
49,1.jpg,màu,mau,0.3333,0.9621
126,63.jpg,mặt,mat,0.3333,0.9917
42,83.jpg,ngờ,ngd,0.3333,0.9378
42,81.jpg,chỉ,ch?,0.3333,0.8774
97,30.jpg,lây,liy,0.3333,0.7586
97,33.jpg,một,mot,0.3333,0.8925
126,16.jpg,hút,hut,0.3333,0.9354
126,18.jpg,lập,lap,0.3333,0.9333
126,20.jpg,cấp,cap,0.3333,0.8845
126,28.jpg,lâm,lam,0.3333,0.8556
42,82.jpg,như,nht,0.3333,0.5823
42,72.jpg,lập,lap,0.3333,0.7823
116,77.jpg,km2,km 2,0.3333,0.9554
116,10.jpg,này,n&y,0.3333,0.7301
116,11.jpg,trợ,tre,0.3333,0.498
44,27.jpg,hôm,hom,0.3333,0.4542
44,29.jpg,vận,van,0.3333,0.6723
44,31.jpg,nhỏ,nh',0.3333,0.7042
44,35.jpg,thế,the,0.3333,0.4773
49,79.jpg,xét,xet,0.3333,0.8756
18,9.jpg,hơn,h'n,0.3333,0.7752
18,13.jpg,vật,vet,0.3333,0.8651
116,28.jpg,dầu,dau,0.3333,0.8428
49,86.jpg,với,voi,0.3333,0.344
49,88.jpg,một,mst,0.3333,0.5703
49,91.jpg,dài,dai,0.3333,0.9665
49,93.jpg,mới,moi,0.3333,0.7836
84,61.jpg,mãi,mai,0.3333,0.9849
49,100.jpg,năm,nam,0.3333,0.915
97,58.jpg,tán,tan,0.3333,0.937
97,79.jpg,của,cra,0.3333,0.301
97,80.jpg,lấp,lap,0.3333,0.7902
97,82.jpg,này,nay,0.3333,0.8553
97,90.jpg,già,gia,0.3333,0.7845
97,97.jpg,mưa,mia,0.3333,0.7336
97,99.jpg,vực,vuc,0.3333,0.7336
116,76.jpg,giữ,gi,0.3333,0.5472
126,44.jpg,mỗi,mei,0.3333,0.624
150,84.jpg,tôi,toi,0.3333,0.9544
126,6.jpg,các,cac,0.3333,0.9427
113,75.jpg,tấp,tap,0.3333,0.6407
113,79.jpg,cấy,cay,0.3333,0.6336
113,91.jpg,kết,kat,0.3333,0.4498
113,97.jpg,làm,lam,0.3333,0.8896
97,8.jpg,bắt,bat,0.3333,0.6467
84,27.jpg,thú,the,0.3333,0.9381
86,92.jpg,của,cua,0.3333,0.8748
86,88.jpg,thì,thr,0.3333,0.394
129,89.jpg,cắt,cat,0.3333,0.8709
129,87.jpg,phú,pha,0.3333,0.5224
129,80.jpg,cho,tho,0.3333,0.7586
48,12.jpg,mọi,mai,0.3333,0.6601
48,9.jpg,phí,phi,0.3333,0.7577
48,6.jpg,làn,lan,0.3333,0.9101
10,6.jpg,cứu,c'u,0.3333,0.6014
127,91.jpg,nói,n6i,0.3333,0.7646
28,77.jpg,một,mat,0.3333,0.67
28,75.jpg,thơ,the,0.3333,0.6651
48,93.jpg,chỉ,chi,0.3333,0.8595
48,88.jpg,bớt,bat,0.3333,0.7507
48,59.jpg,thư,thu,0.3333,0.9178
116,6.jpg,ngờ,ngo,0.3333,0.7752
129,12.jpg,núi,nai,0.3333,0.6053
139,82.jpg,anh,anl,0.3333,0.7974
139,86.jpg,vạn,van,0.3333,0.9202
139,88.jpg,quả,qua,0.3333,0.9565
18,94.jpg,gặp,ggp,0.3333,0.6724
144,29.jpg,con,cor,0.3333,0.8695
139,72.jpg,anh,canh,0.3333,0.8291
48,47.jpg,khó,kh',0.3333,0.7638
10,7.jpg,chủ,ch,0.3333,0.8876
10,10.jpg,giá,gia,0.3333,0.9852
10,11.jpg,trưởng,truong,0.3333,0.8383
10,12.jpg,của,cua,0.3333,0.5402
10,18.jpg,nhà,nha,0.3333,0.9439
21,49.jpg,thợ,the,0.3333,0.7374
21,50.jpg,gồm,g8m,0.3333,0.5191
127,85.jpg,một,met,0.3333,0.7637
129,43.jpg,tài,tai,0.3333,0.9668
127,89.jpg,cấp,cap,0.3333,0.9631
147,8.jpg,văn,van,0.3333,0.9581
44,55.jpg,một,mat,0.3333,0.7714
44,54.jpg,tấp,t&p,0.3333,0.6236
44,52.jpg,này,nay,0.3333,0.9108
10,48.jpg,cứu,cuu,0.3333,0.4487
60,97.jpg,dậy,day,0.3333,0.4856
10,43.jpg,hứa,hra,0.3333,0.7819
10,32.jpg,bảy,bay,0.3333,0.8332
117,18.jpg,tôi,toi,0.3333,0.843
117,15.jpg,vậy,vay,0.3333,0.7786
102,76.jpg,chờ,cha,0.3333,0.6967
102,62.jpg,tàu,tou,0.3333,0.8577
102,61.jpg,nam,mam,0.3333,0.8498
102,59.jpg,văn,van,0.3333,0.9669
102,11.jpg,vào,vao,0.3333,0.9015
102,17.jpg,truyền,trugin,0.3333,0.89
102,28.jpg,các,cac,0.3333,0.955
102,32.jpg,thế,the,0.3333,0.728
102,33.jpg,một,mot,0.3333,0.9368
86,99.jpg,thử,thi,0.3333,0.8623
48,1.jpg,còn,cun,0.3333,0.5372
48,2.jpg,lộc,loc,0.3333,0.5813
117,26.jpg,ngọ,ng:,0.3333,0.7121
117,23.jpg,hải,hai,0.3333,0.6909
102,89.jpg,tây,tay,0.3333,0.9287
102,91.jpg,cho,tho,0.3333,0.686
102,99.jpg,hơn,han,0.3333,0.72
102,100.jpg,lớn,lon,0.3333,0.7334
133,4.jpg,lộc,loc,0.3333,0.5086
133,39.jpg,ích,ich,0.3333,0.969
48,37.jpg,tâm,tam,0.3333,0.8233
117,21.jpg,bắc,bac,0.3333,0.7692
137,85.jpg,bao,ba,0.3333,0.9227
137,82.jpg,dài,dai,0.3333,0.8555
117,99.jpg,tốc,toc,0.3333,0.4879
117,84.jpg,vào,vao,0.3333,0.5894
144,73.jpg,của,cua,0.3333,0.6921
129,18.jpg,các,cac,0.3333,0.8807
2,49.jpg,hóa,hoa,0.3333,0.6512
102,7.jpg,tục,tuc,0.3333,0.9689
102,3.jpg,hơn,hdn,0.3333,0.637
2,17.jpg,mai,m ai,0.3333,0.9103
2,16.jpg,vào,vao,0.3333,0.6154
2,10.jpg,mất,mat,0.3333,0.9494
2,63.jpg,làm,lam,0.3333,0.8865
129,9.jpg,tìm,tim,0.3333,0.8935
129,5.jpg,khi,kli,0.3333,0.5608
129,39.jpg,nhà,nha,0.3333,0.7774
137,27.jpg,vấp,vap,0.3333,0.7685
137,40.jpg,bám,bam,0.3333,0.9708
113,27.jpg,lên,len,0.3333,0.6413
19,11.jpg,tây,tay,0.3333,0.7175
19,17.jpg,tôi,thi,0.3333,0.4364
18,26.jpg,một,mat,0.3333,0.6642
18,29.jpg,lớn,lon,0.3333,0.6187
129,4.jpg,thẻ,the,0.3333,0.9307
19,56.jpg,của,cna,0.3333,0.8464
19,62.jpg,xét,xt,0.3333,0.6174
19,68.jpg,nhu,whu,0.3333,0.7617
139,30.jpg,cấp,cap,0.3333,0.719
139,36.jpg,lui,tui,0.3333,0.557
139,37.jpg,hai,hoi,0.3333,0.5875
18,97.jpg,vậy,v&y,0.3333,0.9135
18,99.jpg,cua,cma,0.3333,0.7587
18,44.jpg,bàn,ban,0.3333,0.58
102,79.jpg,quý,qut,0.3333,0.3716
48,100.jpg,của,cua,0.3333,0.8085
139,14.jpg,nên,nen,0.3333,0.8001
139,23.jpg,rào,rao,0.3333,0.8096
139,25.jpg,thư,thu,0.3333,0.9115
139,42.jpg,của,cua,0.3333,0.8317
139,61.jpg,gây,gay,0.3333,0.9548
2,22.jpg,còn,con,0.3333,0.8499
117,63.jpg,làm,lam,0.3333,0.9372
129,49.jpg,cho,ho,0.3333,0.7422
48,62.jpg,món,mon,0.3333,0.956
48,69.jpg,tục,tnc,0.3333,0.9111
48,70.jpg,vạn,van,0.3333,0.9881
139,28.jpg,rất,rat,0.3333,0.9416
129,24.jpg,một,mot,0.3333,0.906
129,35.jpg,lấy,lay,0.3333,0.5245
139,63.jpg,thứ,the,0.3333,0.8312
2,41.jpg,vật,vat,0.3333,0.751
117,80.jpg,năm,nam,0.3333,0.9773
18,71.jpg,lại,lni,0.3333,0.7146
18,87.jpg,thế,tht,0.3333,0.5612
144,90.jpg,hơn,han,0.3333,0.7515
144,96.jpg,dập,dap,0.3333,0.8363
19,1.jpg,thợ,the,0.3333,0.6512
117,43.jpg,bất,bat,0.3333,0.8849
144,57.jpg,tra,tha,0.3333,0.9797
19,37.jpg,mọi,moi,0.3333,0.9405
2,85.jpg,của,cua,0.3333,0.5347
2,87.jpg,ông,ong,0.3333,0.9581
117,54.jpg,vấn,v&n,0.3333,0.7739
117,61.jpg,mật,mat,0.3333,0.6996
117,33.jpg,lại,lai,0.3333,0.8489
117,34.jpg,nhà,nha,0.3333,0.8773
144,55.jpg,thế,the,0.3333,0.6348
99,5.jpg,góp,g6p,0.3333,0.8077
99,4.jpg,mại,mai,0.3333,0.9818
6,7.jpg,bản,b&n,0.3333,0.8878
99,25.jpg,tra,ta,0.3333,0.6407
99,20.jpg,như,nhu,0.3333,0.7492
43,72.jpg,tra,tha,0.3333,0.9748
43,71.jpg,thị,thi,0.3333,0.9139
99,32.jpg,lắm,lam,0.3333,0.72
6,17.jpg,tật,t&t,0.3333,0.7456
43,95.jpg,gái,gai,0.3333,0.3206
43,89.jpg,thì,th,0.3333,0.9583
43,87.jpg,nhà,nha,0.3333,0.8418
6,30.jpg,thì,the,0.3333,0.7422
58,23.jpg,bầm,bam,0.3333,0.9006
58,14.jpg,lúc,luc,0.3333,0.8423
49,22.jpg,tân,tan,0.3333,0.9627
142,31.jpg,bàn,ban,0.3333,0.9522
142,90.jpg,còn,con,0.3333,0.5128
142,93.jpg,tại,tai,0.3333,0.8091
23,60.jpg,gần,gan,0.3333,0.9162
14,83.jpg,cáo,cao,0.3333,0.797
14,91.jpg,lấy,liy,0.3333,0.6607
14,92.jpg,của,cua,0.3333,0.8236
58,12.jpg,usd,usp,0.3333,0.8155
64,8.jpg,qui,qu,0.3333,0.9073
64,16.jpg,yên,yen,0.3333,0.8227
142,32.jpg,thì,thi,0.3333,0.8761
142,38.jpg,thủ,thi,0.3333,0.9047
43,73.jpg,trả,tra,0.3333,0.8602
43,74.jpg,khi,hhi,0.3333,0.6854
43,83.jpg,cảm,cam,0.3333,0.9379
14,46.jpg,dân,dan,0.3333,0.9784
103,99.jpg,mắt,mat,0.3333,0.7414
134,28.jpg,gốc,goc,0.3333,0.6455
134,23.jpg,nguyên,nguyea,0.3333,0.5836
134,22.jpg,con,cov,0.3333,0.6641
42,2.jpg,lên,len,0.3333,0.7223
58,98.jpg,thể,the,0.3333,0.645
58,95.jpg,cao,cab,0.3333,0.9398
45,68.jpg,này,nay,0.3333,0.9471
37,63.jpg,còn,cvn,0.3333,0.644
37,49.jpg,vậy,vay,0.3333,0.5357
142,83.jpg,bất,bat,0.3333,0.9447
142,82.jpg,cấp,cap,0.3333,0.8448
142,80.jpg,một,mat,0.3333,0.9052
142,79.jpg,000,c00,0.3333,0.4212
142,72.jpg,hợp,hap,0.3333,0.651
3,16.jpg,chủ,cht,0.3333,0.6556
99,12.jpg,này,nay,0.3333,0.8345
119,85.jpg,lại,lai,0.3333,0.4511
119,87.jpg,hợp,hop,0.3333,0.7575
3,17.jpg,hai,ha',0.3333,0.8044
103,100.jpg,này,nay,0.3333,0.7106
47,25.jpg,này,nay,0.3333,0.5151
47,26.jpg,can,car,0.3333,0.9039
14,60.jpg,khi,kh,0.3333,0.7407
3,15.jpg,cấp,cip,0.3333,0.667
99,16.jpg,nửa,nia,0.3333,0.7787
99,19.jpg,thứ,the,0.3333,0.875
45,69.jpg,chị,chi,0.3333,0.9725
37,27.jpg,ông,ong,0.3333,0.817
37,37.jpg,cho,ho,0.3333,0.8384
37,44.jpg,tôi,toi,0.3333,0.7433
3,3.jpg,của,ca,0.3333,0.7539
3,4.jpg,bảy,bay,0.3333,0.64
14,66.jpg,dân,den,0.3333,0.7263
55,37.jpg,khi,hhi,0.3333,0.8143
135,98.jpg,tám,tam,0.3333,0.7836
131,14.jpg,xưa,xua,0.3333,0.6189
103,18.jpg,hai,ha,0.3333,0.8136
103,11.jpg,hết,het,0.3333,0.9514
103,10.jpg,các,clc,0.3333,0.7322
103,9.jpg,vấn,van,0.3333,0.8336
103,6.jpg,môi,m8i,0.3333,0.7222
103,4.jpg,thì,thi,0.3333,0.6952
12,72.jpg,món,mon,0.3333,0.8707
12,68.jpg,mặt,mat,0.3333,0.9406
6,72.jpg,một,mot,0.3333,0.8419
6,67.jpg,cho,ho,0.3333,0.9337
131,76.jpg,nghiệp,nghig,0.3333,0.6147
131,57.jpg,vào,vao,0.3333,0.8777
142,29.jpg,các,cac,0.3333,0.8154
43,22.jpg,thủ,thi,0.3333,0.8292
43,54.jpg,anh,anw,0.3333,0.6514
55,22.jpg,làm,lam,0.3333,0.8497
55,26.jpg,vật,vat,0.3333,0.8992
55,34.jpg,của,c?a,0.3333,0.6034
103,58.jpg,bia,bic,0.3333,0.8899
103,59.jpg,sức,svc,0.3333,0.5632
131,55.jpg,hôm,hom,0.3333,0.9456
43,26.jpg,bảo,bao,0.3333,0.8692
43,28.jpg,tại,tai,0.3333,0.9622
43,31.jpg,cửa,cia,0.3333,0.7774
6,44.jpg,tôi,toi,0.3333,0.7828
43,4.jpg,nét,net,0.3333,0.9588
43,16.jpg,sạn,san,0.3333,0.9945
43,19.jpg,nói,noi,0.3333,0.9039
131,51.jpg,nhỏ,nho,0.3333,0.4159
43,24.jpg,làm,lam,0.3333,0.93
131,2.jpg,còn,con,0.3333,0.9707
131,4.jpg,khi,thi,0.3333,0.7922
131,7.jpg,sắc,sdc,0.3333,0.758
55,51.jpg,còn,con,0.3333,0.9796
47,3.jpg,mặt,mat,0.3333,0.9871
47,100.jpg,một,mot,0.3333,0.7801
55,4.jpg,của,cia,0.3333,0.9173
47,72.jpg,còn,con,0.3333,0.9645
55,15.jpg,làm,lam,0.3333,0.7202
55,60.jpg,gấp,gap,0.3333,0.8609
55,68.jpg,yêu,yeu,0.3333,0.8741
55,72.jpg,một,mat,0.3333,0.6824
103,34.jpg,hay,thay,0.3333,0.8374
142,45.jpg,văn,van,0.3333,0.8432
142,49.jpg,cậu,cau,0.3333,0.915
23,81.jpg,lúa,lna,0.3333,0.8609
55,11.jpg,lên,len,0.3333,0.8035
47,77.jpg,yên,yen,0.3333,0.7464
47,79.jpg,vào,vao,0.3333,0.878
43,45.jpg,chi,hi,0.3333,0.928
43,47.jpg,tài,tzi,0.3333,0.4461
6,23.jpg,khó,kho,0.3333,0.9653
6,28.jpg,làm,lam,0.3333,0.8145
47,15.jpg,sao,suo,0.3333,0.7172
55,100.jpg,một,mat,0.3333,0.7669
103,68.jpg,gần,gan,0.3333,0.9331
103,93.jpg,họp,hop,0.3333,0.9106
47,94.jpg,bật,bat,0.3333,0.9103
47,32.jpg,chủ,chi,0.3333,0.7273
47,33.jpg,hơi,hai,0.3333,0.7749
47,53.jpg,các,cac,0.3333,0.9309
103,48.jpg,ngã,nga,0.3333,0.9622
103,49.jpg,tôi,toi,0.3333,0.8886
47,61.jpg,phó,phe,0.3333,0.744
119,39.jpg,lớn,l&n,0.3333,0.5664
119,36.jpg,tài,tai,0.3333,0.7801
119,31.jpg,chỉ,chi,0.3333,0.8034
119,16.jpg,dòm,dam,0.3333,0.8485
97,26.jpg,mới,moi,0.3333,0.6987
97,15.jpg,khi,hhi,0.3333,0.7919
97,14.jpg,cáo,cao,0.3333,0.8928
50,38.jpg,vẫn,van,0.3333,0.8753
50,94.jpg,lớp,lop,0.3333,0.642
50,86.jpg,gây,gay,0.3333,0.8671
50,79.jpg,các,cac,0.3333,0.9014
97,34.jpg,mùa,ma,0.3333,0.7472
50,26.jpg,các,cac,0.3333,0.88
50,19.jpg,thương,thuing,0.3333,0.7496
50,13.jpg,mại,mai,0.3333,0.9069
134,30.jpg,vậy,vay,0.3333,0.7919
110,27.jpg,tộc,toc,0.3333,0.8341
110,31.jpg,sau,sawu,0.3333,0.7801
119,9.jpg,gần,gan,0.3333,0.9027
21,15.jpg,vẫn,van,0.3333,0.6493
42,69.jpg,một,mot,0.3333,0.9558
126,92.jpg,mắt,m't,0.3333,0.7973
126,94.jpg,còn,con,0.3333,0.9335
50,8.jpg,văn,van,0.3333,0.5302
42,68.jpg,nhỏ,nh,0.3333,0.4294
110,38.jpg,phó,pho,0.3333,0.8204
110,48.jpg,huệ,hus,0.3333,0.8438
110,49.jpg,thì,the,0.3333,0.7655
99,79.jpg,tại,tai,0.3333,0.9498
99,90.jpg,trở,tr2,0.3333,0.3264
99,91.jpg,làm,lam,0.3333,0.9053
50,2.jpg,tại,tai,0.3333,0.8498
42,67.jpg,sao,tao,0.3333,0.4642
49,16.jpg,cấp,cap,0.3333,0.9551
126,55.jpg,chỉ,chs,0.3333,0.8607
110,16.jpg,sậm,sam,0.3333,0.6176
110,12.jpg,cứu,cku,0.3333,0.5889
110,10.jpg,nhờ,nho,0.3333,0.7072
110,8.jpg,mỗi,m&i,0.3333,0.9625
150,54.jpg,dân,dan,0.3333,0.9054
150,51.jpg,bất,bat,0.3333,0.6093
150,60.jpg,bám,bam,0.3333,0.9703
150,56.jpg,vẫy,vay,0.3333,0.7515
150,28.jpg,này,nay,0.3333,0.9113
150,17.jpg,lạc,lac,0.3333,0.9583
49,38.jpg,chủ,chu,0.3333,0.8874
37,13.jpg,tồn,tin,0.3333,0.7847
37,10.jpg,tại,ti,0.3333,0.6898
50,49.jpg,một,mat,0.3333,0.8986
50,55.jpg,còn,cn,0.3333,0.969
50,66.jpg,phương,phuang,0.3333,0.8628
50,67.jpg,vừa,vua,0.3333,0.9074
37,21.jpg,chủ,cha,0.3333,0.6924
3,35.jpg,của,cua,0.3333,0.542
3,86.jpg,các,cac,0.3333,0.9247
64,20.jpg,sai,sa,0.3333,0.9874
142,9.jpg,lại,lai,0.3333,0.8733
3,72.jpg,môn,min,0.3333,0.6541
64,64.jpg,phú,pha,0.3333,0.9631
64,65.jpg,này,nay,0.3333,0.8176
10,54.jpg,bàn,ban,0.3333,0.9196
10,61.jpg,hợp,hip,0.3333,0.9491
142,55.jpg,của,cwa,0.3333,0.9398
142,63.jpg,máy,may,0.3333,0.9669
10,95.jpg,ông,gng,0.3333,0.687
64,34.jpg,say,smy,0.3333,0.3882
119,65.jpg,nào,nao,0.3333,0.9771
119,54.jpg,ven,gen,0.3333,0.7676
119,49.jpg,bạc,bac,0.3333,0.9901
99,54.jpg,vật,vat,0.3333,0.5961
99,45.jpg,sụt,sut,0.3333,0.9905
99,43.jpg,mấy,may,0.3333,0.9584
110,90.jpg,mặt,mxt,0.3333,0.86
99,69.jpg,tên,ten,0.3333,0.8811
99,66.jpg,mưu,mlu,0.3333,0.8238
99,63.jpg,nhà,nha,0.3333,0.9498
99,61.jpg,sản,san,0.3333,0.9759
119,100.jpg,lâu,lau,0.3333,0.8472
119,99.jpg,xắn,xan,0.3333,0.7238
119,91.jpg,km2,km 2,0.3333,0.9302
119,88.jpg,ông,ong,0.3333,0.8755
110,25.jpg,chỗ,che,0.3333,0.8125
134,34.jpg,năm,nam,0.3333,0.9814
58,31.jpg,cao,eao,0.3333,0.8494
58,32.jpg,một,mit,0.3333,0.4856
58,39.jpg,chi,ch',0.3333,0.6814
14,17.jpg,máy,may,0.3333,0.9808
14,20.jpg,tại,tai,0.3333,0.9842
14,24.jpg,thế,the,0.3333,0.9072
36,80.jpg,cấp,ccp,0.3333,0.7354
36,97.jpg,dân,dan,0.3333,0.9553
119,79.jpg,cao,cno,0.3333,0.6252
119,84.jpg,bạn,ban,0.3333,0.9435
58,48.jpg,vừa,vua,0.3333,0.8405
58,64.jpg,nặc,nac,0.3333,0.93
36,24.jpg,nguyên,ngnyen,0.3333,0.6412
36,33.jpg,tin,fin,0.3333,0.9535
36,77.jpg,một,mat,0.3333,0.7238
36,76.jpg,với,vdi,0.3333,0.6812
58,79.jpg,hai,ha,0.3333,0.7827
58,84.jpg,ông,ong,0.3333,0.8164
58,86.jpg,lục,luc,0.3333,0.9507
134,56.jpg,câu,cau,0.3333,0.676
134,57.jpg,tạm,tam,0.3333,0.8378
134,62.jpg,một,m&t,0.3333,0.7507
21,21.jpg,mất,mat,0.3333,0.9862
50,30.jpg,bếp,bep,0.3333,0.9647
10,69.jpg,lập,lap,0.3333,0.9013
10,71.jpg,mới,mei,0.3333,0.4369
10,72.jpg,lại,lai,0.3333,0.7155
10,86.jpg,vậy,vay,0.3333,0.5142
23,92.jpg,thủ,thu,0.3333,0.8069
142,21.jpg,gia,ga,0.3333,0.6189
42,43.jpg,năm,ndm,0.3333,0.9219
110,23.jpg,thủ,thi,0.3333,0.7599
10,21.jpg,vẫn,van,0.3333,0.7689
42,31.jpg,trương,trung,0.3333,0.7064
110,96.jpg,hai,hat,0.3333,0.88
134,1.jpg,hạn,han,0.3333,0.9899
134,48.jpg,thù,the,0.3333,0.9505
134,52.jpg,vào,vao,0.3333,0.4683
110,86.jpg,giá,gia,0.3333,0.786
110,89.jpg,cát,cat,0.3333,0.8287
58,77.jpg,hụt,hut,0.3333,0.9934
134,97.jpg,sôi,soi,0.3333,0.7705
36,4.jpg,giờ,gid,0.3333,0.7137
36,5.jpg,tất,tat,0.3333,0.8936
36,8.jpg,hai,ha,0.3333,0.6199
36,10.jpg,cửa,cia,0.3333,0.6276
110,83.jpg,ông,ong,0.3333,0.9031
42,12.jpg,dân,dan,0.3333,0.6761
58,67.jpg,mắn,man,0.3333,0.9902
36,57.jpg,máy,may,0.3333,0.8868
41,76.jpg,"bỗng những tiếng ầm ầm từ phía bên trên trại vang lên, tôi cùng anh em",öng nhüng tiöng ámán tu phia hön tn trai vang lnt cing anhcm,0.3286,0.8503
67,13.jpg,"trong tích tắc. sau tiếng ầm ào khiếp đảm đó, những công nhân ở các","nong tich tác. sau tiörg ám áo khip dam áö, nhing cöng hanac",0.3284,0.7878
2,60.jpg,"đi hát karaoke chung với ba đối tượng kia thì có, nhưng khi đến chỗ","i háf karaoke chung uba dftng kia i có, nhung khö ch",0.3284,0.8106
45,45.jpg,có nguyện vọng được về nước làm việc.,c% nguyin vong dudc ve nud lam vic.,0.3243,0.9041
120,98.jpg,"lúc đó khoảng 23 g 30, đa số anh em còn thức vì một số vừa xem","lúc dö kháng 23q3o, da s'anh em can thúc ot mt s8'ona xem",0.3226,0.8062
117,57.jpg,ngoài. bên trong là một khối đá lạnh trong suốt ôm chặt một con hổ da vàng vằn,noai. bin trong lamt khá lanh trong sofm cha mot con hoa vag ván,0.3205,0.7828
26,11.jpg,"bốn khách mua dâm, nhưng trong cáo trạng không một dòng đề cập đến","hin khá mua dám, nhng trong cátrang khng mtdong dcapx",0.3182,0.8389
70,19.jpg,phát triển ngành biển.,phat tuan nganh bln.,0.3182,0.732
110,80.jpg,"chưa xác định có tham gia vào vụ mua dâm. nhậu nhẹt, rồi sau đó","chda xáo dinh c tham qia va vu mua dam. nhan nhet,l sausk",0.3175,0.7966
68,45.jpg,tuổi trẻ online.,twoi tr' on&in.,0.3125,0.8274
17,10.jpg,"trong đó có 2 quần đảo hoàng sa, trường sa và 2.577 đảo lớn, nhỏ,","thong ö co'2 quan tao hoang sa,tung sa va 2.577tao lon,nho,",0.3077,0.8184
128,66.jpg,bản chất của thành công,bin cho ca thanh ng,0.3043,0.9391
17,86.jpg,"lặng im, buồn bã.","qang im, buin hd.",0.2941,0.8531
128,99.jpg,căngtin,canqtin,0.2857,0.8985
39,100.jpg,0134520,01345 2o,0.2857,0.8809
115,94.jpg,bản ghi,banghi,0.2857,0.8956
8,59.jpg,dâm bị bắt quả tang ở khách sạn ngọc vân 2 với bốn cô gái bán dâm và,dam bi bxt qud tang 8 khách san ngoc v  vá bon co g6i bón dan vá,0.2794,0.7848
45,11.jpg,trên các công văn xin vay tiền của lã thị kim oanh.,thn cac cong vxn un vay tisf ca lath; kim oanl.,0.2745,0.8095
117,51.jpg,đồng nvơnn.,d6ng nvdnn.,0.2727,0.6902
41,40.png,hoa nở trước hiên nhà.,hoa né tuoc hien nha.,0.2727,0.849
117,14.jpg,phát triển ngành biển.,phat tien nganh kien.,0.2727,0.8802
89,97.png,điện thoại hết pin.,dien thoai het pin,0.2632,0.9108
3,48.jpg,km2 / 330.000 km2).,xm2/336.000km2).,0.2632,0.8838
58,34.png,một ngọn gió dữ dội băng qua khu rừng già.,mét ngon gié dí dó báng quakhu ríng gi,0.2619,0.871
21,23.jpg,bản chất của thành công,ba'n chat cua thanh cong,0.2609,0.9463
113,90.jpg,công,cong,0.25,0.9368
82,77.jpg,công,cong,0.25,0.8791
144,58.jpg,trên,tren,0.25,0.9821
49,85.jpg,biết,biet,0.25,0.5129
84,19.jpg,rạng,rang,0.25,0.9135
49,80.jpg,tung,tuny,0.25,0.8747
116,20.jpg,cuộc,cusc,0.25,0.8034
116,18.jpg,cung,aung,0.25,0.5776
116,69.jpg,biết,bilt,0.25,0.6592
116,66.jpg,công,cong,0.25,0.8903
84,54.jpg,biết,biet,0.25,0.5561
84,91.jpg,ngày,ngay,0.25,0.6886
18,46.jpg,tiên,tien,0.25,0.6929
19,3.jpg,chết,chat,0.25,0.7632
19,34.jpg,ngay,naay,0.25,0.8048
92,44.jpg,theo,theb,0.25,0.8629
19,32.jpg,kinh,kinl,0.25,0.7796
92,64.jpg,khai,thai,0.25,0.7547
92,66.jpg,nhặt,nhat,0.25,0.9935
19,30.jpg,trăm,tram,0.25,0.9481
41,62.jpg,sang,song,0.25,0.9035
41,69.jpg,quán,quan,0.25,0.8914
137,69.jpg,đang,dang,0.25,0.9853
82,99.jpg,tiếp,tiep,0.25,0.9248
45,4.jpg,cạnh,canh,0.25,0.8386
84,59.jpg,quản,quan,0.25,0.8022
45,17.jpg,viên,vien,0.25,0.9278
45,27.jpg,ngạc,ngac,0.25,0.9838
138,30.jpg,chạy,chny,0.25,0.796
82,79.jpg,theo,treo,0.25,0.8895
97,52.jpg,phía,phia,0.25,0.8786
97,63.jpg,xách,xach,0.25,0.9824
144,25.jpg,phần,phan,0.25,0.9579
150,8.jpg,chai,cha,0.25,0.9657
150,10.jpg,sáng,sang,0.25,0.8718
49,66.jpg,ngày,ngay,0.25,0.7853
49,76.jpg,tỉnh,tinh,0.25,0.7465
116,44.jpg,thấy,thoy,0.25,0.8699
84,38.jpg,nghi,ngh:,0.25,0.9151
97,10.jpg,dính,d'nh,0.25,0.692
19,89.jpg,trưa,traa,0.25,0.8851
126,41.jpg,viện,vin,0.25,0.6207
137,37.jpg,quản,quan,0.25,0.8137
150,88.jpg,mạng,mang,0.25,0.9583
97,65.jpg,ngày,ngiy,0.25,0.7674
84,41.jpg,cũng,cing,0.25,0.6873
137,24.jpg,theo,thoo,0.25,0.906
137,16.jpg,công,cong,0.25,0.7849
97,75.jpg,khắp,khap,0.25,0.876
84,8.jpg,lệnh,lanh,0.25,0.6181
113,6.jpg,chạy,chay,0.25,0.8767
97,40.jpg,vanh,v-anh,0.25,0.8941
49,90.jpg,thật,that,0.25,0.995
150,48.jpg,đang,dang,0.25,0.8377
19,7.jpg,tròn,tron,0.25,0.6681
150,53.jpg,trên,tren,0.25,0.8913
150,65.jpg,khải,khai,0.25,0.7519
49,30.jpg,phân,phan,0.25,0.9139
49,42.jpg,phải,phai,0.25,0.9413
126,11.jpg,chục,chuc,0.25,0.9769
36,94.jpg,hiểu,hieu,0.25,0.8318
6,4.jpg,chất,chat,0.25,0.9902
99,60.jpg,thất,that,0.25,0.8894
36,37.jpg,quốc,qusc,0.25,0.7636
42,27.jpg,quản,qudn,0.25,0.4007
42,22.jpg,tình,tinh,0.25,0.8736
125,4.jpg,cảnh,canh,0.25,0.9689
125,3.jpg,luật,luat,0.25,0.9769
137,67.jpg,biến,bin,0.25,0.6373
92,74.jpg,quan,qan,0.25,0.7925
41,24.jpg,xanh,xanl,0.25,0.83
138,28.jpg,miền,mien,0.25,0.8875
134,43.jpg,nâng,nang,0.25,0.9433
99,57.jpg,thời,thai,0.25,0.7593
99,41.jpg,rộng,rong,0.25,0.8502
110,82.jpg,ngày,ngay,0.25,0.8804
110,74.jpg,trốn,tron,0.25,0.9265
92,77.jpg,ngựa,ngda,0.25,0.7617
30,35.jpg,pháp,phap,0.25,0.9616
30,25.jpg,uống,uang,0.25,0.7084
138,75.jpg,thừa,thua,0.25,0.8069
122,6.jpg,ngày,ngay,0.25,0.9532
122,5.jpg,giấy,giay,0.25,0.9637
122,40.jpg,nhân,nhan,0.25,0.8314
99,24.jpg,nhóm,nhom,0.25,0.9681
99,13.jpg,hàng,hang,0.25,0.8916
14,11.jpg,nhấn,nhan,0.25,0.7822
99,6.jpg,phút,phlt,0.25,0.7586
43,100.jpg,nghị,nghi,0.25,0.9482
125,23.jpg,vòng,vong,0.25,0.831
125,13.jpg,cánh,canh,0.25,0.9218
125,7.jpg,biển,bien,0.25,0.8862
36,81.jpg,hành,hanh,0.25,0.9678
14,26.jpg,liên,lien,0.25,0.7976
14,25.jpg,thâm,tham,0.25,0.9831
99,9.jpg,bình,b:nh,0.25,0.6844
126,15.jpg,chân,chan,0.25,0.8089
119,26.jpg,tịch,tich,0.25,0.8521
50,59.jpg,trên,tren,0.25,0.8465
50,99.jpg,kiểm,kiem,0.25,0.6448
42,62.jpg,cùng,cung,0.25,0.9463
42,48.jpg,cách,cach,0.25,0.9938
110,30.jpg,mạng,mang,0.25,0.9917
82,80.jpg,chìm,chim,0.25,0.9227
110,63.jpg,công,cong,0.25,0.9587
126,83.jpg,trăm,tr&m,0.25,0.9269
126,75.jpg,thấy,thay,0.25,0.9705
50,77.jpg,tiêu,tieu,0.25,0.5524
97,28.jpg,tăng,tang,0.25,0.9411
97,27.jpg,tình,tnh,0.25,0.5315
97,20.jpg,biết,bist,0.25,0.8006
73,94.jpg,thưa,thua,0.25,0.888
73,88.jpg,ngày,ngoy,0.25,0.8902
42,99.jpg,sóng,song,0.25,0.4107
42,29.jpg,hành,hunh,0.25,0.7
119,46.jpg,quen,quer,0.25,0.8269
99,97.jpg,giải,giai,0.25,0.7501
99,80.jpg,mình,minh,0.25,0.9545
99,72.jpg,soát,soat,0.25,0.5711
50,21.jpg,nhận,nhan,0.25,0.8049
134,9.jpg,chán,chan,0.25,0.975
134,8.jpg,giao,gias,0.25,0.6949
126,17.jpg,liên,lien,0.25,0.9451
30,99.jpg,chạy,chay,0.25,0.8521
30,94.jpg,liệu,lieu,0.25,0.5937
41,42.jpg,cách,cach,0.25,0.8628
50,14.jpg,phát,phat,0.25,0.8848
110,4.jpg,sang,sany,0.25,0.7646
126,100.jpg,suất,suat,0.25,0.6441
119,66.jpg,thật,that,0.25,0.9442
119,58.jpg,cùng,cung,0.25,0.916
110,93.jpg,thảo,thao,0.25,0.9396
48,98.jpg,căng,cang,0.25,0.9665
86,78.jpg,bình,binh,0.25,0.9415
102,48.jpg,trạm,trom,0.25,0.8943
102,36.jpg,tĩnh,tinh,0.25,0.7455
102,35.jpg,ngăn,ngan,0.25,0.9697
139,46.jpg,khẩn,khan,0.25,0.9729
2,94.jpg,kiếm,kiem,0.25,0.7462
2,81.jpg,theo,tho,0.25,0.799
30,28.jpg,theo,the,0.25,0.952
129,81.jpg,quan,yuan,0.25,0.9882
129,71.jpg,giấy,giay,0.25,0.3946
129,62.jpg,chấn,chan,0.25,0.9852
117,50.jpg,ngày,ngay,0.25,0.9585
117,46.jpg,tĩnh,tinh,0.25,0.8307
117,45.jpg,ngày,ngay,0.25,0.8428
117,41.jpg,nhặt,nhat,0.25,0.7214
107,62.jpg,tích,tich,0.25,0.7386
117,59.jpg,biệt,biét,0.25,0.7303
139,75.jpg,nghỉ,ngh,0.25,0.9768
139,68.jpg,nhất,nhat,0.25,0.6744
144,33.jpg,giao,glao,0.25,0.6814
48,73.jpg,thôn,than,0.25,0.6481
86,76.jpg,hoãn,hoen,0.25,0.6077
86,64.jpg,nhậu,nhau,0.25,0.8151
48,20.jpg,trời,troi,0.25,0.5494
25,52.jpg,rừng,ring,0.25,0.8951
139,18.jpg,nhận,nhan,0.25,0.5719
107,50.jpg,nhận,nhan,0.25,0.93
86,39.jpg,nhặt,nhat,0.25,0.9834
107,17.jpg,tỉnh,tnh,0.25,0.6059
129,33.jpg,biểu,bieu,0.25,0.8057
129,30.jpg,bằng,beng,0.25,0.7645
129,29.jpg,loại,loai,0.25,0.6231
139,27.jpg,trên,tren,0.25,0.9622
139,20.jpg,phát,phat,0.25,0.6147
107,56.jpg,pháp,phap,0.25,0.9718
48,38.jpg,luật,luat,0.25,0.9575
48,35.jpg,bình,bnh,0.25,0.8187
48,90.jpg,hạnh,hanh,0.25,0.8766
48,75.jpg,phạm,pham,0.25,0.9674
107,13.jpg,vòng,vang,0.25,0.658
107,4.jpg,chân,chan,0.25,0.8993
129,94.jpg,liền,lion,0.25,0.5895
86,84.jpg,ngày,ngay,0.25,0.8184
85,61.jpg,kịch,kich,0.25,0.9881
117,2.jpg,thấy,thay,0.25,0.7841
102,90.jpg,thấy,thay,0.25,0.885
23,79.jpg,chào,chao,0.25,0.7503
23,69.jpg,thay,that,0.25,0.6357
23,66.jpg,hiện,hien,0.25,0.8976
23,59.jpg,thật,that,0.25,0.9474
142,95.jpg,chịu,chiu,0.25,0.7407
142,94.jpg,sinh,sint,0.25,0.835
117,7.jpg,thân,th@n,0.25,0.831
133,78.jpg,nghị,ngh',0.25,0.7595
133,63.jpg,tiền,tien,0.25,0.9068
133,56.jpg,chia,clia,0.25,0.7955
9,14.jpg,toàn,toan,0.25,0.9947
9,11.jpg,ngay,"ng""y",0.25,0.4597
9,43.jpg,thật,that,0.25,0.7658
102,57.jpg,thịt,thit,0.25,0.846
102,53.jpg,cảnh,canh,0.25,0.7213
48,46.jpg,nhận,nhan,0.25,0.9411
52,90.jpg,công,cong,0.25,0.9381
52,89.jpg,việc,vi&c,0.25,0.6588
107,83.jpg,việt,viat,0.25,0.7898
107,74.jpg,nháy,nhiy,0.25,0.854
107,69.jpg,luôn,luon,0.25,0.7195
102,87.jpg,quát,quat,0.25,0.6788
133,35.jpg,toàn,toan,0.25,0.9904
133,33.jpg,liền,liin,0.25,0.8601
52,96.jpg,theo,thuo,0.25,0.745
37,90.jpg,mùng,mung,0.25,0.8661
37,84.jpg,xuân,xuan,0.25,0.8859
37,73.jpg,xanh,nanh,0.25,0.7485
45,54.jpg,nhân,nhan,0.25,0.9481
45,53.jpg,ngày,ngay,0.25,0.9817
82,11.jpg,cuộc,cuoc,0.25,0.6454
82,3.jpg,viết,vidt,0.25,0.844
82,60.jpg,chết,chat,0.25,0.8479
139,76.jpg,cuộc,cuoc,0.25,0.7825
45,31.jpg,long,lang,0.25,0.5223
45,97.jpg,niên,nien,0.25,0.8082
45,92.jpg,ngày,ngay,0.25,0.7774
92,35.jpg,chua,chna,0.25,0.9013
92,17.jpg,loại,loai,0.25,0.9159
92,13.jpg,sáng,sang,0.25,0.7287
34,89.jpg,xuân,xuan,0.25,0.987
23,36.jpg,bình,binh,0.25,0.9369
45,33.jpg,long,dong,0.25,0.8874
84,55.jpg,công,cong,0.25,0.9299
150,7.jpg,thủy,thiy,0.25,0.6237
150,2.jpg,cũng,cung,0.25,0.9741
116,95.jpg,pháp,phap,0.25,0.9545
116,92.jpg,cũng,cung,0.25,0.825
116,84.jpg,sang,isang,0.25,0.7575
84,22.jpg,khắp,khap,0.25,0.7886
19,83.jpg,màng,mang,0.25,0.7874
45,78.jpg,mình,minh,0.25,0.9763
19,77.jpg,tụng,tung,0.25,0.9328
18,2.jpg,trăm,tram,0.25,0.871
84,14.jpg,ngày,ngay,0.25,0.9675
84,74.jpg,nhận,nhan,0.25,0.9
84,66.jpg,ngồi,ngoi,0.25,0.808
84,64.jpg,sông,song,0.25,0.7434
45,81.jpg,phải,phai,0.25,0.7653
45,79.jpg,phạt,phat,0.25,0.9786
19,78.jpg,công,cong,0.25,0.4649
102,10.jpg,xuân,xuan,0.25,0.9869
2,99.jpg,oanh,oanl,0.25,0.6175
139,32.jpg,cùng,cing,0.25,0.5588
19,26.jpg,tiền,tien,0.25,0.7999
19,20.jpg,trại,trai,0.25,0.7414
117,91.jpg,bánh,banh,0.25,0.9512
129,23.jpg,sinh,finh,0.25,0.7745
129,16.jpg,thấy,thay,0.25,0.8929
23,25.jpg,kinh,kint,0.25,0.6746
129,3.jpg,thay,fhay,0.25,0.9137
18,93.jpg,cảnh,canh,0.25,0.8258
18,89.jpg,2003,20 03,0.25,0.7397
139,94.jpg,thịt,thit,0.25,0.8424
2,18.jpg,đang,dang,0.25,0.9588
45,51.jpg,quan,quau,0.25,0.8681
139,80.jpg,tuần,tuan,0.25,0.9851
139,79.jpg,bình,binh,0.25,0.8995
129,7.jpg,bệnh,benh,0.25,0.6561
23,20.jpg,năng,n&ng,0.25,0.9282
82,30.jpg,ngày,ngay,0.25,0.8891
18,42.jpg,khám,kham,0.25,0.8861
18,36.jpg,giấy,giy,0.25,0.9758
18,25.jpg,kinh,knh,0.25,0.4698
19,55.jpg,tăng,ting,0.25,0.767
82,59.jpg,hoạt,hoat,0.25,0.9762
82,55.jpg,thất,that,0.25,0.9794
2,65.jpg,xuất,xuit,0.25,0.6526
34,40.jpg,châu,chau,0.25,0.8438
117,90.jpg,gánh,ganh,0.25,0.7081
117,74.jpg,thảm,tham,0.25,0.9785
2,36.jpg,hàng,hang,0.25,0.8896
2,29.jpg,tính,tinh,0.25,0.9296
2,26.jpg,nhìn,nhun,0.25,0.7466
86,96.jpg,cũng,cung,0.25,0.6972
129,90.jpg,hđxx,hoxx,0.25,0.6352
129,88.jpg,dành,danh,0.25,0.9869
82,37.jpg,dụng,dang,0.25,0.6834
76,76.jpg,sáng,sang,0.25,0.7744
76,75.jpg,nghị,nghi,0.25,0.9675
76,58.jpg,thâm,tham,0.25,0.9631
101,66.jpg,chìm,chim,0.25,0.8755
135,10.jpg,trực,truc,0.25,0.8844
135,6.jpg,hành,hanh,0.25,0.8971
7,66.jpg,giản,gian,0.25,0.8194
7,64.jpg,quan,tuan,0.25,0.985
73,74.jpg,ngày,ngay,0.25,0.9146
7,99.jpg,phía,phia,0.25,0.9105
104,46.jpg,công,cong,0.25,0.8298
7,17.jpg,công,cong,0.25,0.95
79,89.jpg,trần,tran,0.25,0.9914
39,8.jpg,trại,trai,0.25,0.9902
39,4.jpg,nhìn,nhin,0.25,0.7435
39,3.jpg,sang,sany,0.25,0.867
104,31.jpg,trăm,tram,0.25,0.8884
7,100.jpg,kinh,cinh,0.25,0.8301
27,62.jpg,nhật,nhat,0.25,0.9477
27,17.jpg,hành,hanh,0.25,0.8592
80,60.jpg,phút,phut,0.25,0.9112
80,47.jpg,xuất,xuat,0.25,0.8506
80,40.jpg,lịch,lich,0.25,0.9622
112,70.jpg,mộng,mang,0.25,0.5526
101,48.jpg,dịch,dich,0.25,0.8166
101,35.jpg,giản,gian,0.25,0.6915
76,78.jpg,vòng,ving,0.25,0.7876
101,88.jpg,nâng,nang,0.25,0.8357
112,88.jpg,tiêu,tieu,0.25,0.9375
145,30.jpg,xanh,xank,0.25,0.7774
145,25.jpg,kiểm,kiem,0.25,0.936
27,79.jpg,công,cang,0.25,0.6348
70,73.jpg,phải,phai,0.25,0.7175
29,90.jpg,kinh,linh,0.25,0.646
29,82.jpg,chắn,chan,0.25,0.9898
101,34.jpg,phẩy,phay,0.25,0.7758
146,79.jpg,hùng,hung,0.25,0.822
146,64.jpg,ngàn,ngan,0.25,0.9714
146,57.jpg,ngày,ngay,0.25,0.9294
146,55.jpg,cũng,cung,0.25,0.6059
17,53.jpg,thân,than,0.25,0.9755
17,40.jpg,hoạt,hoct,0.25,0.9331
146,6.jpg,phẩy,phay,0.25,0.9265
131,86.jpg,hiệp,hiep,0.25,0.7343
104,29.jpg,ubnd,ubrd,0.25,0.7397
135,81.jpg,hàng,hang,0.25,0.8369
135,80.jpg,chức,chic,0.25,0.9041
135,79.jpg,chìm,chim,0.25,0.8905
135,51.jpg,phát,phat,0.25,0.9669
135,41.jpg,chức,ch'c,0.25,0.7846
71,44.jpg,thầm,tham,0.25,0.8575
71,37.jpg,hồng,hing,0.25,0.7506
71,27.jpg,theo,thee,0.25,0.9262
135,87.jpg,hiện,hian,0.25,0.8371
104,23.jpg,phân,phan,0.25,0.7523
79,11.jpg,miền,mien,0.25,0.5631
71,100.jpg,công,cong,0.25,0.8042
39,54.jpg,phục,phuc,0.25,0.7389
101,33.jpg,công,cong,0.25,0.7582
101,23.jpg,phục,phuc,0.25,0.9407
101,22.jpg,thần,than,0.25,0.8056
145,23.jpg,diên,dien,0.25,0.9363
135,37.jpg,công,cong,0.25,0.9746
39,31.jpg,tiêu,tieu,0.25,0.8841
39,25.jpg,hoàn,hoan,0.25,0.9443
79,56.jpg,lãnh,lanh,0.25,0.8373
79,47.jpg,cũng,cang,0.25,0.797
39,60.jpg,phải,phai,0.25,0.7537
7,53.jpg,cuộc,cusc,0.25,0.4926
79,18.jpg,nhận,nhan,0.25,0.7463
79,15.jpg,từng,ting,0.25,0.8611
145,72.jpg,cũng,cing,0.25,0.9438
13,20.jpg,tròn,tron,0.25,0.9268
13,18.jpg,xuất,xuut,0.25,0.9046
13,11.jpg,giao,gioo,0.25,0.5777
13,5.jpg,chất,chat,0.25,0.9923
124,36.jpg,bình,binh,0.25,0.8294
13,69.jpg,lang,dang,0.25,0.8614
90,91.jpg,giẫm,giam,0.25,0.6798
67,33.jpg,giấy,giay,0.25,0.8416
27,63.jpg,việc,vic,0.25,0.8109
143,47.jpg,hoàn,hoan,0.25,0.9073
143,43.jpg,nhặt,nhat,0.25,0.8808
143,97.jpg,châu,chau,0.25,0.7692
143,82.jpg,trạm,tram,0.25,0.9279
13,75.jpg,mệnh,m&nh,0.25,0.9954
60,75.jpg,bạch,bach,0.25,0.9831
63,24.jpg,ngon,nyon,0.25,0.6629
63,19.jpg,soạn,soan,0.25,0.9296
60,99.jpg,hạnh,hanh,0.25,0.8709
80,79.jpg,buôn,buon,0.25,0.8608
76,57.jpg,thôi,thei,0.25,0.5742
76,52.jpg,việc,viec,0.25,0.5119
112,29.jpg,hành,honh,0.25,0.7541
112,24.jpg,vùng,ving,0.25,0.7433
27,14.jpg,diện,dien,0.25,0.9072
27,13.jpg,thật,that,0.25,0.9906
124,28.jpg,cũng,cung,0.25,0.8837
143,22.jpg,bệnh,binh,0.25,0.7793
124,69.jpg,tháp,thap,0.25,0.8982
80,32.jpg,quán,quan,0.25,0.9007
80,25.jpg,lạnh,lanh,0.25,0.7611
27,4.jpg,sinh,binh,0.25,0.6383
22,99.jpg,phất,phat,0.25,0.9552
22,86.jpg,cảnh,canh,0.25,0.9781
143,35.jpg,sông,song,0.25,0.7846
143,29.jpg,công,cng,0.25,0.7049
124,24.jpg,biên,bien,0.25,0.9031
105,9.jpg,chết,chat,0.25,0.8928
121,86.jpg,mùng,mung,0.25,0.8313
121,83.jpg,xuân,xuan,0.25,0.9908
121,73.jpg,sông,sgng,0.25,0.4799
72,88.jpg,bóng,bong,0.25,0.8916
72,85.jpg,trại,trai,0.25,0.8368
72,83.jpg,thậm,tham,0.25,0.8751
72,79.jpg,ngạc,ngac,0.25,0.7893
63,69.jpg,quay,quauy,0.25,0.8163
76,22.jpg,nghề,nghe,0.25,0.7924
80,13.jpg,việt,vi&t,0.25,0.9754
27,51.jpg,nhảy,nhay,0.25,0.7603
27,48.jpg,tháo,thao,0.25,0.8824
27,47.jpg,cuộc,cu6c,0.25,0.7854
27,43.jpg,tăng,tang,0.25,0.7334
27,31.jpg,tiền,tien,0.25,0.8302
27,74.jpg,trên,tren,0.25,0.8903
76,28.jpg,sang,aang,0.25,0.6521
63,63.jpg,chôn,chon,0.25,0.8697
46,100.jpg,tỉnh,tinh,0.25,0.9374
46,80.jpg,việt,viet,0.25,0.6944
46,3.jpg,công,cong,0.25,0.8626
46,52.jpg,tiếp,tiep,0.25,0.7514
33,12.jpg,theo,dheo,0.25,0.9589
33,4.jpg,tuổi,tuoi,0.25,0.3996
106,100.jpg,công,cng,0.25,0.6765
46,5.jpg,nhằm,nhdm,0.25,0.6897
106,96.jpg,nhất,nhat,0.25,0.7831
106,94.jpg,chữa,chia,0.25,0.7645
72,75.jpg,hiện,hien,0.25,0.8965
72,69.jpg,dịch,dich,0.25,0.93
123,8.jpg,nhân,nhan,0.25,0.8372
46,22.jpg,phải,phai,0.25,0.651
46,20.jpg,trận,tron,0.25,0.8339
46,13.jpg,trạm,tram,0.25,0.7511
46,6.jpg,cuộc,cusc,0.25,0.8699
106,99.jpg,phục,phuc,0.25,0.8816
122,11.jpg,trạm,tram,0.25,0.883
47,6.jpg,hoan,loan,0.25,0.6537
14,93.jpg,chưa,chia,0.25,0.8177
103,97.jpg,tinh,dinh,0.25,0.8359
47,60.jpg,việc,viec,0.25,0.6422
47,50.jpg,buổi,buai,0.25,0.555
73,45.jpg,biểu,bieu,0.25,0.7377
122,69.jpg,khẩn,khan,0.25,0.6263
71,83.jpg,trưa,tria,0.25,0.8005
122,53.jpg,phạm,pham,0.25,0.9766
122,47.jpg,phải,phai,0.25,0.9262
29,3.jpg,nhìn,nhin,0.25,0.9279
30,89.jpg,việt,viet,0.25,0.9582
30,83.jpg,phồn,phon,0.25,0.9445
6,42.jpg,thật,that,0.25,0.9943
58,94.jpg,hành,hanh,0.25,0.985
58,75.jpg,lịch,lich,0.25,0.9899
122,60.jpg,dung,cung,0.25,0.6906
55,33.jpg,biết,biet,0.25,0.939
55,32.jpg,khỏi,khéi,0.25,0.7598
131,65.jpg,tặng,tang,0.25,0.8079
131,64.jpg,quản,quan,0.25,0.9862
6,57.jpg,dựng,dong,0.25,0.8709
43,25.jpg,phát,phat,0.25,0.7021
43,17.jpg,lặng,lang,0.25,0.9323
58,21.jpg,mang,mant,0.25,0.7831
30,77.jpg,hàng,hang,0.25,0.9373
55,30.jpg,xuất,xuat,0.25,0.7954
103,52.jpg,tiến,ticn,0.25,0.7034
55,44.jpg,công,cong,0.25,0.5637
47,14.jpg,bệnh,benh,0.25,0.9219
43,62.jpg,vùng,ving,0.25,0.9191
43,60.jpg,muốn,muin,0.25,0.7106
43,49.jpg,pháp,phap,0.25,0.7012
30,81.jpg,quá vậy?,qua vay?,0.25,0.9212
47,40.jpg,diện,dign,0.25,0.6234
6,35.jpg,xuân,xuan,0.25,0.9358
58,19.jpg,phải,phai,0.25,0.8847
58,5.jpg,cạnh,canh,0.25,0.7991
58,4.jpg,toàn,toan,0.25,0.8628
58,1.jpg,quản,quan,0.25,0.8531
14,82.jpg,bình,binh,0.25,0.9091
14,74.jpg,ngày,ngay,0.25,0.8117
47,21.jpg,thôn,thon,0.25,0.8672
134,85.jpg,ngất,ngat,0.25,0.7466
125,40.jpg,nhân,nhan,0.25,0.9797
73,82.jpg,hồng,htng,0.25,0.493
64,19.jpg,toàn,toan,0.25,0.9044
73,66.jpg,công,cong,0.25,0.8692
138,76.jpg,phải,phai,0.25,0.8306
41,9.jpg,ngày,ngoy,0.25,0.9099
41,3.jpg,tuổi,tugi,0.25,0.6586
30,48.jpg,liên,lien,0.25,0.7411
14,47.jpg,biểu,bisu,0.25,0.7299
134,61.jpg,loại,loai,0.25,0.7607
36,17.jpg,công,cong,0.25,0.9077
36,13.jpg,khai,thai,0.25,0.6645
6,34.jpg,liệt,liat,0.25,0.6412
6,27.jpg,cũng,cang,0.25,0.7865
6,19.jpg,phải,phai,0.25,0.7028
6,13.jpg,chào,chao,0.25,0.8691
47,96.jpg,bằng,bang,0.25,0.8683
6,38.jpg,việc,vi&c,0.25,0.6749
47,74.jpg,toàn,toan,0.25,0.8435
47,73.jpg,nghị,ngh:,0.25,0.8253
14,44.jpg,liền,lien,0.25,0.6142
14,41.jpg,hành,hanh,0.25,0.8599
14,36.jpg,nghỉ,ngh?,0.25,0.5402
14,32.jpg,nhận,nhan,0.25,0.8896
14,27.jpg,cách,cach,0.25,0.979
58,26.jpg,giới,gioi,0.25,0.7387
47,76.jpg,phải,phai,0.25,0.9622
73,13.jpg,gian,giar,0.25,0.8968
70,57.jpg,thuê,thue,0.25,0.8729
70,55.jpg,trạm,tram,0.25,0.9959
22,15.jpg,phép,phep,0.25,0.8614
70,88.jpg,viện,vin,0.25,0.8392
115,45.jpg,phân,phan,0.25,0.9704
115,26.jpg,tiên,tien,0.25,0.9693
29,18.jpg,việc,vicc,0.25,0.7758
131,27.jpg,công,cong,0.25,0.9577
88,37.jpg,trên,tren,0.25,0.8159
22,76.jpg,nhơi,nhsi,0.25,0.7706
22,47.jpg,phải,phai,0.25,0.7453
70,3.jpg,trạm,tram,0.25,0.6174
124,98.jpg,xuân,xuan,0.25,0.9049
124,77.jpg,luận,luan,0.25,0.8655
70,22.jpg,diện,din,0.25,0.8663
17,81.jpg,phạm,pham,0.25,0.9324
29,78.jpg,thủy,thay,0.25,0.6342
79,22.jpg,hạnh,hanh,0.25,0.9901
7,29.jpg,phát,phat,0.25,0.9251
88,77.jpg,chân,chan,0.25,0.5402
146,16.jpg,việc,viec,0.25,0.7278
88,75.jpg,cuộc,cuoc,0.25,0.6962
88,74.jpg,ubnd,ubrd,0.25,0.591
88,71.jpg,vàng,vang,0.25,0.9287
88,70.jpg,viết,vit,0.25,0.8005
149,1.jpg,chìm,chim,0.25,0.8536
88,59.jpg,hiện,hion,0.25,0.447
7,78.jpg,nhận,nhan,0.25,0.8981
7,76.jpg,luận,luan,0.25,0.73
29,56.jpg,ubnd,ubni,0.25,0.7987
29,52.jpg,niên,ni&n,0.25,0.8809
70,64.jpg,giao,g'ao,0.25,0.5579
70,62.jpg,trên,tron,0.25,0.9528
125,74.jpg,toán,toan,0.25,0.7538
88,67.jpg,ngày,ngay,0.25,0.8514
12,2.jpg,nhật,nh6t,0.25,0.8012
88,11.jpg,việt,vitt,0.25,0.6007
131,22.jpg,chân,chan,0.25,0.8965
131,74.jpg,hành,hnh,0.25,0.5749
12,88.jpg,cũng,cang,0.25,0.5687
55,81.jpg,thấp,thap,0.25,0.9853
55,77.jpg,phận,phan,0.25,0.944
103,28.jpg,minh,minl,0.25,0.9787
12,30.jpg,viên,vien,0.25,0.9526
12,67.jpg,quan,guan,0.25,0.776
73,8.jpg,nhận,nhan,0.25,0.6845
76,93.jpg,cũng,cung,0.25,0.844
29,34.jpg,hoàn,hocn,0.25,0.8031
103,1.jpg,chậm,chem,0.25,0.7747
131,37.jpg,biến,bien,0.25,0.7916
131,34.jpg,công,cong,0.25,0.784
131,30.jpg,nhân,nhan,0.25,0.9707
103,23.jpg,công,cang,0.25,0.7813
146,27.jpg,nghị,ngh:,0.25,0.8463
39,99.jpg,toàn,toon,0.25,0.8429
39,90.jpg,bóng,b2ng,0.25,0.83
104,52.jpg,diện,din,0.25,0.9284
71,5.jpg,thất,that,0.25,0.9771
115,71.jpg,ngày,ngay,0.25,0.9522
125,93.jpg,cách,cach,0.25,0.9919
149,41.jpg,mạnh,manh,0.25,0.9109
135,71.jpg,công,cing,0.25,0.631
149,31.jpg,hoàn,hoan,0.25,0.7058
149,18.jpg,công,cong,0.25,0.9221
149,73.jpg,thấy,thay,0.25,0.9787
149,68.jpg,phần,phan,0.25,0.9794
12,62.jpg,chục,chuc,0.25,0.9447
12,59.jpg,ngọn,ngon,0.25,0.6728
12,51.jpg,cuộc,cu&c,0.25,0.6574
12,47.jpg,vòng,vong,0.25,0.8598
135,74.jpg,công,cong,0.25,0.9445
149,33.jpg,cảnh,canh,0.25,0.9367
83,15.jpg,hàng,hang,0.25,0.9559
114,35.jpg,công,cang,0.25,0.5522
114,91.jpg,lịch,lich,0.25,0.8779
114,80.jpg,phát,phat,0.25,0.8656
87,8.jpg,hàng,hang,0.25,0.7931
87,2.jpg,công,cong,0.25,0.7841
136,16.jpg,táng,tang,0.25,0.8849
136,5.jpg,nhập,nhap,0.25,0.9616
142,78.jpg,dựng,ding,0.25,0.9558
95,85.jpg,hiện,hian,0.25,0.7328
8,51.jpg,dựng,ding,0.25,0.5421
8,44.jpg,rằng,rang,0.25,0.9871
24,16.jpg,liên,lien,0.25,0.7217
8,23.jpg,mạnh,manh,0.25,0.8785
60,12.jpg,vĩnh,vinh,0.25,0.7314
8,73.jpg,nghị,nghi,0.25,0.7754
114,51.jpg,phép,phep,0.25,0.9704
136,3.jpg,vòng,vong,0.25,0.8751
91,91.jpg,viên,vi&n,0.25,0.9089
140,35.jpg,nhất,nhat,0.25,0.9848
91,68.jpg,biết,bit,0.25,0.6817
91,67.jpg,phát,phat,0.25,0.9703
91,66.jpg,băng,bang,0.25,0.8083
89,67.jpg,công,cong,0.25,0.8939
89,58.jpg,thật,that,0.25,0.8451
89,55.jpg,nhân,nhan,0.25,0.9298
68,56.jpg,phân,phan,0.25,0.9765
136,69.jpg,bệnh,benh,0.25,0.7209
87,1.jpg,liệu,licu,0.25,0.8132
100,89.jpg,đang,bang,0.25,0.7149
114,71.jpg,phía,phia,0.25,0.6701
114,53.jpg,khăn,khan,0.25,0.9307
68,33.jpg,ninh,nins,0.25,0.9698
68,72.jpg,rằng,räng,0.25,0.8813
68,71.jpg,lùng,lung,0.25,0.7604
69,36.jpg,ngăn,ngan,0.25,0.8733
136,78.jpg,liệu,lieu,0.25,0.5822
83,5.jpg,luật,luat,0.25,0.8113
83,2.jpg,việc,viec,0.25,0.9123
68,100.jpg,quản,quan,0.25,0.9759
68,99.jpg,sàng,sang,0.25,0.6431
68,97.jpg,trên,tren,0.25,0.8569
100,86.jpg,nhận,nhan,0.25,0.9363
100,70.jpg,nhận,nhan,0.25,0.9656
114,49.jpg,viên,vien,0.25,0.9293
87,23.jpg,ngày,ngay,0.25,0.8389
69,25.jpg,đang,dang,0.25,0.9563
83,38.jpg,hiệp,hitp,0.25,0.4129
83,32.jpg,thật,that,0.25,0.9824
100,50.jpg,theo,the,0.25,0.9425
60,56.jpg,quát,quat,0.25,0.9157
60,46.jpg,việt,vi&t,0.25,0.7646
60,30.jpg,bệnh,benh,0.25,0.8366
87,32.jpg,lịch,lich,0.25,0.7313
51,26.jpg,chăm,cham,0.25,0.9534
16,21.jpg,mình,minh,0.25,0.9904
16,3.jpg,trạm,tram,0.25,0.8638
100,10.jpg,xong,xorng,0.25,0.6078
100,2.jpg,chấp,chap,0.25,0.9667
100,61.jpg,biển,bien,0.25,0.8872
141,85.png,lịch,lich,0.25,0.7654
141,80.jpg,kinh,king,0.25,0.8121
136,79.jpg,nhân,nhan,0.25,0.9396
68,92.jpg,chặn,chon,0.25,0.8436
136,36.jpg,cảng,cang,0.25,0.9827
87,53.jpg,thất,that,0.25,0.956
87,35.jpg,thật,that,0.25,0.9152
87,92.jpg,nhân,nhan,0.25,0.9122
51,53.jpg,nhóm,nhom,0.25,0.9956
51,51.jpg,cũng,cung,0.25,0.9783
100,38.jpg,tiêu,tieu,0.25,0.7433
68,93.jpg,nhẹt,nhet,0.25,0.9274
89,19.jpg,pháp,phap,0.25,0.9719
95,82.jpg,cũng,cung,0.25,0.9248
95,68.jpg,hình,hinh,0.25,0.7011
69,86.jpg,thủy,thiy,0.25,0.7678
69,84.jpg,tiên,tien,0.25,0.8348
69,78.jpg,răng,rang,0.25,0.7711
140,20.jpg,hạnh,hanh,0.25,0.8629
95,5.jpg,biệt,biet,0.25,0.8075
91,98.jpg,tuấn,tuan,0.25,0.9906
56,6.jpg,thảo,thdo,0.25,0.8976
98,87.jpg,phúc,phuc,0.25,0.798
118,93.jpg,thời,thei,0.25,0.8808
5,27.jpg,nặng,n2ng,0.25,0.7115
91,49.jpg,hoàn,hoon,0.25,0.9062
140,56.jpg,trạm,tram,0.25,0.7584
98,7.jpg,phát,phat,0.25,0.9652
98,3.jpg,cũng,cung,0.25,0.9084
56,15.jpg,kiểm,kiem,0.25,0.8725
111,30.jpg,niệm,nitm,0.25,0.6724
56,79.jpg,kiểm,kiem,0.25,0.8504
56,74.jpg,phải,phai,0.25,0.8303
56,72.jpg,cũng,cung,0.25,0.898
56,65.jpg,mạnh,manh,0.25,0.8907
57,14.jpg,khác,khkc,0.25,0.7897
147,81.jpg,nhận,nh&n,0.25,0.8837
44,24.jpg,quân,quan,0.25,0.9637
89,43.jpg,giải,giai,0.25,0.6619
130,88.jpg,theo,the,0.25,0.9743
130,84.jpg,biết,bitt,0.25,0.7486
5,70.jpg,lãnh,lanh,0.25,0.822
5,67.jpg,chùa,chua,0.25,0.9154
5,64.jpg,thời,thai,0.25,0.6126
56,37.jpg,quản,quan,0.25,0.993
111,31.jpg,ninh,nenh,0.25,0.7568
91,47.jpg,quan,qaan,0.25,0.4803
132,22.jpg,sách,sach,0.25,0.9461
140,42.jpg,tràn,tran,0.25,0.7964
140,36.jpg,trên,tren,0.25,0.9364
40,12.jpg,sách,sach,0.25,0.8518
40,6.jpg,quan,quar,0.25,0.8156
109,99.jpg,vàng,vang,0.25,0.9365
109,91.jpg,nhất,nhat,0.25,0.9061
57,60.jpg,trâu,trau,0.25,0.7345
109,84.jpg,cũng,cing,0.25,0.6915
98,2.jpg,giao,giar,0.25,0.847
5,6.jpg,công,cong,0.25,0.8797
5,5.jpg,việc,vi&c,0.25,0.6646
95,27.jpg,hành,hanh,0.25,0.9769
95,15.jpg,thực,thic,0.25,0.8973
140,1.jpg,đang,dang,0.25,0.917
89,89.jpg,cháy,chay,0.25,0.7102
69,77.jpg,nhằm,nham,0.25,0.9109
68,11.jpg,chào,chno,0.25,0.6364
5,8.jpg,vọng,vong,0.25,0.7745
91,30.jpg,công,cong,0.25,0.6347
91,26.jpg,phục,phuc,0.25,0.8802
91,78.jpg,nhân,nhan,0.25,0.817
91,75.jpg,tiếp,tip,0.25,0.7926
21,74.jpg,chưa,chta,0.25,0.801
140,100.jpg,thức,thuc,0.25,0.569
89,54.jpg,phao,phas,0.25,0.717
95,41.jpg,toàn,toan,0.25,0.7691
8,57.jpg,phạm,pham,0.25,0.8263
111,95.jpg,phạm,phum,0.25,0.6849
140,77.jpg,thật,that,0.25,0.8492
140,72.jpg,biết,bit,0.25,0.665
109,80.jpg,ngày,ngay,0.25,0.9642
109,77.jpg,phát,phat,0.25,0.8009
109,68.jpg,giữa,gida,0.25,0.4977
109,59.jpg,thân,than,0.25,0.8575
109,56.jpg,nhau,mhau,0.25,0.7734
8,68.jpg,công,cong,0.25,0.8324
95,38.jpg,bình,b`nh,0.25,0.5749
105,37.jpg,tháo,thao,0.25,0.9737
67,9.jpg,ninh,ninl,0.25,0.8392
46,31.jpg,2003,200 3,0.25,0.7171
106,74.jpg,trộn,tron,0.25,0.7654
106,69.jpg,xong,xorg,0.25,0.8153
106,52.jpg,nhận,nhan,0.25,0.9802
90,48.jpg,trào,trao,0.25,0.6708
90,46.jpg,nhân,nhan,0.25,0.7424
63,88.jpg,diện,dion,0.25,0.7139
148,73.jpg,ngày,ngay,0.25,0.8683
77,94.jpg,thầm,tham,0.25,0.9762
53,45.jpg,thấy,thay,0.25,0.8233
15,11.jpg,minh,mins,0.25,0.9002
74,5.jpg,công,cing,0.25,0.845
121,65.jpg,việc,vicc,0.25,0.8121
67,32.jpg,việc,viéc,0.25,0.7473
77,69.jpg,công,cong,0.25,0.7268
74,77.jpg,cảnh,canh,0.25,0.8839
26,61.jpg,tiền,tien,0.25,0.8769
61,94.jpg,khác,khac,0.25,0.864
93,10.jpg,phải,phai,0.25,0.8083
93,6.jpg,chưa,chwa,0.25,0.8205
61,14.jpg,thẳm,tham,0.25,0.9655
61,4.jpg,dũng,dung,0.25,0.9017
75,98.jpg,2004,l004,0.25,0.9039
51,95.jpg,viết,vit,0.25,0.6376
93,31.jpg,nhận,nhan,0.25,0.9231
1,24.jpg,chợt,chot,0.25,0.8013
26,46.jpg,toán,toan,0.25,0.9032
72,91.jpg,biển,bien,0.25,0.6477
75,93.jpg,toàn,toon,0.25,0.8798
72,48.jpg,chăn,chan,0.25,0.9076
123,79.jpg,đang,dang,0.25,0.7493
123,74.jpg,tiêu,tieu,0.25,0.7449
123,68.jpg,thời,thoi,0.25,0.8448
1,37.jpg,lặng,lang,0.25,0.863
46,66.jpg,chơi,chii,0.25,0.5699
148,96.jpg,nhằm,nham,0.25,0.9128
13,57.jpg,liên,lien,0.25,0.5048
13,49.jpg,sinh,rinh,0.25,0.8258
105,35.jpg,mình,minh,0.25,0.8984
13,97.jpg,thân,than,0.25,0.9562
105,52.jpg,thủy,thuy,0.25,0.8179
105,49.jpg,diện,din,0.25,0.897
77,96.jpg,trên,tren,0.25,0.8881
105,91.jpg,ngồi,ngi,0.25,0.4923
105,84.jpg,cũng,cing,0.25,0.7992
105,3.jpg,phải,phai,0.25,0.8214
106,3.jpg,tiền,tisn,0.25,0.5691
67,93.jpg,tích,t'ch,0.25,0.7471
67,90.jpg,việc,viec,0.25,0.7993
67,83.jpg,trai,trau,0.25,0.8812
67,82.jpg,nhau,nhan,0.25,0.7841
143,1.jpg,việt,vist,0.25,0.7202
148,33.jpg,2003,200 3,0.25,0.8901
121,56.jpg,quan,guan,0.25,0.7782
121,40.jpg,phát,phat,0.25,0.8004
74,63.jpg,bình,brnh,0.25,0.8378
74,58.jpg,hiện,hin,0.25,0.9193
74,88.jpg,dừng,dng,0.25,0.7157
13,99.jpg,ngày,ngoy,0.25,0.825
121,18.jpg,diện,dien,0.25,0.9361
124,3.jpg,hiện,hien,0.25,0.9429
121,3.jpg,thời,thei,0.25,0.8031
148,51.jpg,công,cang,0.25,0.8003
77,5.jpg,khăn,khin,0.25,0.662
53,91.jpg,cuộc,cuoc,0.25,0.6041
77,72.jpg,túng,tung,0.25,0.7585
121,21.jpg,nhân,nhan,0.25,0.9053
60,85.jpg,cũng,cung,0.25,0.932
106,20.jpg,rừng,ring,0.25,0.8437
121,92.jpg,chất,chat,0.25,0.7838
121,15.jpg,bằng,bang,0.25,0.8902
75,5.jpg,biên,bien,0.25,0.795
63,85.jpg,phân,phan,0.25,0.7111
141,76.jpg,công,cing,0.25,0.7043
141,66.jpg,giấu,gihu,0.25,0.6509
75,1.jpg,tràn,tran,0.25,0.99
75,54.jpg,giám,giam,0.25,0.7661
75,53.jpg,vàng,ving,0.25,0.8178
75,51.jpg,sách,sach,0.25,0.8216
26,66.jpg,hành,honh,0.25,0.8983
51,4.jpg,hiện,hin,0.25,0.981
16,37.jpg,làng,lang,0.25,0.8832
16,36.jpg,giao,gao,0.25,0.9015
16,29.jpg,cuốn,cuon,0.25,0.6916
16,99.jpg,phía,phia,0.25,0.9909
75,46.jpg,nhân,nhan,0.25,0.9533
123,65.jpg,trên,tren,0.25,0.733
26,58.jpg,thôi,thsi,0.25,0.878
51,22.jpg,nhân,nhan,0.25,0.8263
24,52.jpg,kiện,kian,0.25,0.508
24,50.jpg,mang,many,0.25,0.9469
24,32.jpg,dừng,dung,0.25,0.9536
24,25.jpg,tiếp,tip,0.25,0.6537
4,49.jpg,tiếp,tiap,0.25,0.4204
4,38.jpg,cảng,cang,0.25,0.8894
33,77.jpg,tuổi,tuti,0.25,0.6202
33,71.jpg,công,cong,0.25,0.8585
75,6.jpg,đang,tang,0.25,0.9349
33,57.jpg,ngày,ngay,0.25,0.8839
33,54.jpg,phần,phan,0.25,0.9512
63,44.jpg,bằng,bang,0.25,0.9636
100,16.jpg,nghỉ,ngh,0.25,0.6654
83,78.jpg,biển,biin,0.25,0.8087
93,84.jpg,khai,khoi,0.25,0.6927
93,72.jpg,hàng,hang,0.25,0.9786
75,14.jpg,thời,thei,0.25,0.8139
33,61.jpg,quận,quan,0.25,0.8386
33,38.jpg,phân,phan,0.25,0.8671
33,33.jpg,luận,luan,0.25,0.787
33,28.jpg,thân,than,0.25,0.989
33,13.jpg,phần,phan,0.25,0.8692
123,89.jpg,cách,cach,0.25,0.9425
61,73.jpg,bình,binh,0.25,0.9844
61,72.jpg,khác,khac,0.25,0.8201
61,69.jpg,minh,mink,0.25,0.8078
26,47.jpg,phát,phat,0.25,0.9294
15,47.jpg,dịch,dich,0.25,0.9276
53,17.jpg,giao,yiao,0.25,0.7571
61,33.jpg,pháp,phap,0.25,0.8918
61,32.jpg,xung,xunx,0.25,0.6111
1,81.jpg,ubnd,ubno,0.25,0.8635
75,64.jpg,nghi,ghi,0.25,0.7353
53,2.jpg,thân,than,0.25,0.8921
72,97.jpg,công,cong,0.25,0.578
74,33.jpg,nghệ,nghi,0.25,0.7373
141,25.jpg,phải,phai,0.25,0.951
75,39.jpg,kinh,kind,0.25,0.9065
93,55.jpg,cũng,cung,0.25,0.95
93,54.jpg,phía,phia,0.25,0.9382
93,33.jpg,công,cöng,0.25,0.6243
141,97.jpg,hành,hanh,0.25,0.9587
16,61.jpg,đang,dang,0.25,0.8179
16,51.jpg,lịch,lich,0.25,0.7642
4,89.jpg,hiến,hin,0.25,0.8496
72,19.jpg,vàng,vang,0.25,0.9296
72,5.jpg,tiếp,tiep,0.25,0.7435
51,98.jpg,nhất,nhat,0.25,0.9376
51,96.jpg,giấy,giay,0.25,0.8429
75,78.jpg,dụng,dwng,0.25,0.8279
51,65.jpg,tịch,tich,0.25,0.9474
141,13.jpg,nhân,nhan,0.25,0.9848
63,49.jpg,phần,phon,0.25,0.7807
4,94.jpg,cũng,cung,0.25,0.8305
72,26.jpg,phải,phai,0.25,0.8813
21,5.jpg,chặn,chan,0.25,0.7707
10,78.jpg,trên,tren,0.25,0.8736
10,76.jpg,thấy,thay,0.25,0.8593
10,75.jpg,việt,viet,0.25,0.7702
108,61.jpg,trên,tran,0.25,0.8153
3,83.jpg,biết,bit,0.25,0.7586
3,82.jpg,thầm,tham,0.25,0.9681
64,38.jpg,ubnd,ubno,0.25,0.6725
57,46.jpg,phía,pha,0.25,0.9483
142,16.jpg,buồn,buon,0.25,0.796
142,15.jpg,lịch,lich,0.25,0.9694
142,13.jpg,tích,tich,0.25,0.9451
78,27.jpg,thật,that,0.25,0.9761
128,10.jpg,cách,cach,0.25,0.9106
128,62.jpg,quát,quat,0.25,0.9561
128,61.jpg,biết,biet,0.25,0.713
96,59.jpg,nhất,nhit,0.25,0.5336
142,19.jpg,tiếp,tisp,0.25,0.9374
94,70.jpg,nhân,nhan,0.25,0.9477
85,21.jpg,công,cong,0.25,0.9136
85,19.jpg,tích,tich,0.25,0.9591
85,15.jpg,chọn,chon,0.25,0.9931
85,3.jpg,chưa,chua,0.25,0.8253
85,1.jpg,lặng,lang,0.25,0.8053
32,86.jpg,tặng,tang,0.25,0.8338
32,70.jpg,tiếp,tip,0.25,0.4381
21,9.jpg,thật,that,0.25,0.9916
108,96.jpg,tích,tich,0.25,0.887
96,41.jpg,việc,vi&c,0.25,0.6703
96,37.jpg,giám,giam,0.25,0.81
96,29.jpg,lòng,long,0.25,0.6027
96,26.jpg,hiện,hisn,0.25,0.5227
3,34.jpg,tiếp,tiep,0.25,0.98
37,7.jpg,trên,tren,0.25,0.9039
64,2.jpg,việc,viec,0.25,0.8652
128,21.jpg,phẩy,phay,0.25,0.9155
65,21.jpg,ngày,ngay,0.25,0.7511
65,8.jpg,hàng,hang,0.25,0.8983
65,5.jpg,tĩnh,tinh,0.25,0.9759
81,52.jpg,nhân,nhan,0.25,0.9525
11,68.jpg,giữa,gila,0.25,0.427
11,60.jpg,hàng,hang,0.25,0.8868
81,85.jpg,chân,chan,0.25,0.967
66,39.jpg,luật,luat,0.25,0.9552
96,55.jpg,hoàn,hozn,0.25,0.6616
20,20.jpg,phát,phat,0.25,0.9615
20,14.jpg,nhập,nhap,0.25,0.8928
78,86.jpg,hàng,hang,0.25,0.8915
78,84.jpg,công,csng,0.25,0.7857
78,74.jpg,chìm,chim,0.25,0.888
10,64.jpg,luân,luan,0.25,0.7471
44,69.jpg,xanh,xawh,0.25,0.7509
44,60.jpg,manh,manr,0.25,0.9585
20,30.jpg,tiêu,tieu,0.25,0.7444
108,66.jpg,loại,loui,0.25,0.7115
32,46.jpg,tịch,tich,0.25,0.6104
32,43.jpg,nhảy,nhay,0.25,0.9113
35,26.jpg,hiểm,hicm,0.25,0.8076
35,7.jpg,ruổi,rubi,0.25,0.6816
96,96.jpg,mạng,mang,0.25,0.9538
96,94.jpg,công,cong,0.25,0.8531
35,33.jpg,nhất,nhat,0.25,0.888
81,98.jpg,phục,phuc,0.25,0.9594
32,26.jpg,mình,minh,0.25,0.9872
108,35.jpg,tham,thom,0.25,0.729
108,27.jpg,vùng,vung,0.25,0.906
108,21.jpg,chao,thao,0.25,0.8223
66,20.jpg,ngày,ngay,0.25,0.9378
66,14.jpg,chất,chat,0.25,0.7971
20,66.jpg,sinh,sind,0.25,0.7486
20,45.jpg,hiệp,hip,0.25,0.6135
11,11.jpg,hạnh,hanh,0.25,0.9307
32,1.jpg,thấy,thay,0.25,0.9101
86,49.jpg,suất,suat,0.25,0.7905
86,44.jpg,chức,chsc,0.25,0.8285
133,26.jpg,công,cong,0.25,0.7368
133,23.jpg,từng,tung,0.25,0.8492
133,19.jpg,toàn,toun,0.25,0.8682
107,46.jpg,công,ceng,0.25,0.763
25,51.jpg,khác,khac,0.25,0.8895
25,49.jpg,muốn,muon,0.25,0.8951
96,71.jpg,giải,giai,0.25,0.858
9,22.jpg,nghị,nghi,0.25,0.5792
85,35.jpg,xuân,xuon,0.25,0.9151
94,68.jpg,xuân,xuan,0.25,0.974
94,61.jpg,ngày,ngay,0.25,0.9246
32,94.jpg,minh,minl,0.25,0.8993
94,23.jpg,công,cong,0.25,0.9002
94,14.jpg,lòng,long,0.25,0.9261
94,2.jpg,chưa,cha,0.25,0.8613
25,48.jpg,châu,chau,0.25,0.8862
64,15.jpg,nhân,nhan,0.25,0.9539
3,44.jpg,phát,phat,0.25,0.8599
37,95.jpg,bình,binh,0.25,0.9468
13,93.jpg,sóng,sung,0.25,0.6675
45,67.jpg,chặt,chat,0.25,0.8456
45,65.jpg,toán,toan,0.25,0.7635
37,48.jpg,quan,puan,0.25,0.7496
37,47.jpg,trai,hrai,0.25,0.7076
25,98.jpg,phía,phua,0.25,0.4047
107,30.jpg,thuê,thue,0.25,0.9048
107,29.jpg,pháp,phap,0.25,0.9009
86,2.jpg,phút,phat,0.25,0.9476
37,33.jpg,luận,luan,0.25,0.9469
3,31.jpg,hoàn,hoan,0.25,0.7242
3,30.jpg,chân,chan,0.25,0.7931
3,21.jpg,cũng,cang,0.25,0.8413
25,99.jpg,tiên,tien,0.25,0.9444
107,41.jpg,phép,phep,0.25,0.8356
52,47.jpg,công,cong,0.25,0.9292
78,50.jpg,thực,thic,0.25,0.7331
11,86.jpg,khẩn,khan,0.25,0.8634
11,81.jpg,khát,khat,0.25,0.9168
78,24.jpg,thôn,then,0.25,0.8649
78,17.jpg,vàng,vang,0.25,0.9794
94,98.jpg,xách,xach,0.25,0.9678
32,60.jpg,dụng,dung,0.25,0.8394
85,28.jpg,kiểm,kiem,0.25,0.9208
128,37.jpg,ngày,ngoy,0.25,0.8742
94,55.jpg,mang,many,0.25,0.8227
94,43.jpg,tình,tinh,0.25,0.9761
94,37.jpg,phan,pihan,0.25,0.7322
94,31.jpg,cũng,cung,0.25,0.8314
52,3.jpg,luật,luat,0.25,0.8081
78,60.jpg,theo,they,0.25,0.6826
96,92.jpg,năng,nang,0.25,0.8035
32,55.jpg,công,ceng,0.25,0.7918
9,85.jpg,công,cong,0.25,0.8695
9,55.jpg,công,cong,0.25,0.9701
96,18.jpg,nguy,mguy,0.25,0.7447
107,61.jpg,quan,puan,0.25,0.6259
25,3.jpg,thần,than,0.25,0.9942
128,54.jpg,hiện,hian,0.25,0.6783
128,42.jpg,khám,khem,0.25,0.7327
96,6.jpg,nhân,nhan,0.25,0.8246
52,73.jpg,bình,binh,0.25,0.9182
52,42.jpg,công,cang,0.25,0.5541
52,32.jpg,cảnh,canh,0.25,0.7989
52,26.jpg,chân,chan,0.25,0.8725
64,9.jpg,nhận,nhan,0.25,0.8471
64,58.jpg,tiếp,tisp,0.25,0.3555
64,55.jpg,bằng,bang,0.25,0.912
142,50.jpg,hoặc,hoac,0.25,0.7828
142,42.jpg,biên,bien,0.25,0.7944
107,97.jpg,diên,dien,0.25,0.9441
96,1.jpg,mình,minh,0.25,0.9334
21,57.jpg,vàng,vang,0.25,0.8162
21,55.jpg,nhận,nhan,0.25,0.9415
21,35.jpg,phục,phac,0.25,0.763
59,89.jpg,nghĩ,ngh,0.25,0.973
54,24.jpg,phạm,pham,0.25,0.8217
54,19.jpg,biết,bidt,0.25,0.5633
120,67.jpg,thật,that,0.25,0.9539
120,64.jpg,sang,sany,0.25,0.7576
147,4.jpg,dừng,dang,0.25,0.9425
98,15.jpg,thấy,thoy,0.25,0.7367
98,72.jpg,ngày,ngay,0.25,0.874
118,13.jpg,phát,phat,0.25,0.9821
118,11.jpg,vùng,ving,0.25,0.6842
91,9.jpg,cung,caung,0.25,0.7319
140,80.jpg,dạng,dang,0.25,0.8355
56,57.jpg,chất,chat,0.25,0.9965
120,46.jpg,vinh,winh,0.25,0.9528
98,29.jpg,cháy,chay,0.25,0.878
132,57.jpg,trùm,trum,0.25,0.9301
132,32.jpg,nắng,ndng,0.25,0.8548
31,17.jpg,khẩu,khau,0.25,0.849
31,60.jpg,minh,mint,0.25,0.8018
31,56.jpg,trên,tren,0.25,0.7997
59,34.jpg,chậm,cham,0.25,0.9041
54,82.jpg,ngay,nyay,0.25,0.9868
54,68.jpg,quán,quan,0.25,0.9884
59,99.jpg,phần,phan,0.25,0.7285
120,20.jpg,chăm,cham,0.25,0.8726
120,63.jpg,cùng,cung,0.25,0.702
62,31.jpg,lặng,lang,0.25,0.8812
62,30.jpg,thời,thi,0.25,0.8853
62,23.jpg,khác,khac,0.25,0.7107
59,72.jpg,tinh,tnh,0.25,0.8338
59,68.jpg,gian,g ian,0.25,0.9825
59,52.jpg,thất,that,0.25,0.8608
120,29.jpg,lãnh,lanh,0.25,0.7937
132,4.jpg,xuất,xuat,0.25,0.8536
111,3.jpg,nhập,nhop,0.25,0.9671
57,42.jpg,tiền,tien,0.25,0.5158
57,24.jpg,hoàn,hoan,0.25,0.9665
21,64.jpg,tiệc,ti&c,0.25,0.7616
127,69.jpg,hiện,hien,0.25,0.8288
109,5.jpg,cuộc,cuoc,0.25,0.6957
57,100.jpg,chân,chan,0.25,0.8589
120,41.jpg,cảnh,canh,0.25,0.8628
109,17.jpg,ngày,ngay,0.25,0.9697
44,21.jpg,luân,luan,0.25,0.8924
40,95.jpg,luật,luat,0.25,0.8457
28,32.jpg,phát,phat,0.25,0.9876
57,6.jpg,cạnh,canh,0.25,0.9543
28,95.jpg,mạnh,manh,0.25,0.985
28,83.jpg,bình,binh,0.25,0.7511
28,82.jpg,nghị,ngh!,0.25,0.8324
109,34.jpg,trên,tren,0.25,0.9345
120,37.jpg,chơi,chai,0.25,0.8374
54,55.jpg,đang,tang,0.25,0.8177
54,45.jpg,trao,grao,0.25,0.7368
111,62.jpg,cách,cdch,0.25,0.8452
98,48.jpg,thủy,thuy,0.25,0.9062
98,32.jpg,công,cong,0.25,0.9468
59,77.jpg,trên,tron,0.25,0.7613
62,16.jpg,quản,quan,0.25,0.9798
118,4.jpg,chạy,chay,0.25,0.9891
130,40.jpg,đang,tang,0.25,0.8542
130,19.jpg,phải,phai,0.25,0.8355
130,6.jpg,cung,cuny,0.25,0.8401
120,52.jpg,chơi,chei,0.25,0.7452
120,49.jpg,biển,bien,0.25,0.8004
132,81.jpg,gian,glan,0.25,0.8113
132,67.jpg,phải,phai,0.25,0.8716
130,66.jpg,nghị,nghi,0.25,0.6797
130,53.jpg,viên,vien,0.25,0.8859
5,97.jpg,ngày,ngay,0.25,0.9682
31,99.jpg,viết,viit,0.25,0.6992
31,88.jpg,việc,vic,0.25,0.5232
81,27.jpg,công,cang,0.25,0.7507
65,60.jpg,ngày,ngay,0.25,0.9248
65,54.jpg,hđnd,hond,0.25,0.6852
65,34.jpg,cũng,cung,0.25,0.9197
108,14.jpg,chìm,chim,0.25,0.9159
108,9.jpg,túng,tdng,0.25,0.6713
132,59.jpg,công,cong,0.25,0.844
20,8.jpg,công,cng,0.25,0.9112
66,73.jpg,2004,2014,0.25,0.9957
65,85.jpg,giữa,gia,0.25,0.5831
65,79.jpg,công,cong,0.25,0.9301
65,78.jpg,nhất,nhat,0.25,0.9791
65,72.jpg,gian,giar,0.25,0.9394
38,25.jpg,chân,chan,0.25,0.9707
38,16.jpg,nghị,nghi,0.25,0.8721
62,94.jpg,dũng,dung,0.25,0.9497
64,99.jpg,vùng,vung,0.25,0.8375
64,92.jpg,khai,kha,0.25,0.9406
64,79.jpg,vĩnh,vinh,0.25,0.8321
147,20.jpg,giao,qiao,0.25,0.8534
31,86.jpg,quẫn,quan,0.25,0.9705
31,76.jpg,liệm,liem,0.25,0.6236
54,98.jpg,phạm,pham,0.25,0.936
38,70.jpg,theo,thee,0.25,0.8799
20,75.jpg,2003,2063,0.25,0.8828
20,94.jpg,nhập,nhap,0.25,0.7797
20,86.jpg,kiện,kien,0.25,0.8666
20,85.jpg,xuân,xuan,0.25,0.9846
81,2.jpg,nhận,nhan,0.25,0.867
66,82.jpg,việc,viec,0.25,0.8314
81,42.jpg,ngày,ngay,0.25,0.9753
81,35.jpg,luật,luat,0.25,0.9223
81,34.jpg,soát,soat,0.25,0.8887
31,46.jpg,hình,hinh,0.25,0.9719
64,41.jpg,cũng,cung,0.25,0.9708
44,82.jpg,biết,bict,0.25,0.7845
44,74.jpg,cách,cach,0.25,0.6819
44,70.jpg,chậm,cham,0.25,0.7908
62,62.jpg,chấn,chan,0.25,0.872
38,55.jpg,công,cong,0.25,0.9572
38,86.jpg,hình,hinh,0.25,0.9563
38,74.jpg,thân,than,0.25,0.9303
66,26.jpg,dành,danh,0.25,0.8143
66,57.jpg,công,cong,0.25,0.7534
66,48.jpg,quan,qucan,0.25,0.7917
66,45.jpg,cũng,cung,0.25,0.7667
31,36.jpg,phía,phia,0.25,0.8265
31,26.jpg,nhau,nhan,0.25,0.6043
31,25.jpg,hàng,hang,0.25,0.9888
31,23.jpg,quen,guen,0.25,0.8077
120,78.jpg,buổi,busi,0.25,0.7154
66,71.jpg,dịch,dich,0.25,0.9161
147,7.jpg,hoạt,hoat,0.25,0.8176
44,50.jpg,nhân,nhan,0.25,0.9547
44,45.jpg,phải,phai,0.25,0.931
28,13.jpg,biển,bien,0.25,0.9771
28,59.jpg,nhất,nhat,0.25,0.9166
28,53.jpg,cách,cach,0.25,0.9581
10,13.jpg,lịch,lich,0.25,0.8798
147,74.jpg,cách,cach,0.25,0.8624
64,49.jpg,tiếp,tiep,0.25,0.6301
147,65.jpg,phạm,pham,0.25,0.9802
147,64.jpg,tuổi,tusi,0.25,0.7729
147,63.jpg,nhân,nhan,0.25,0.844
147,46.jpg,việc,viec,0.25,0.8921
147,97.jpg,cách,cech,0.25,0.8444
21,34.jpg,tăng,tang,0.25,0.7909
38,2.jpg,sông,song,0.25,0.58
147,96.jpg,khác,khac,0.25,0.6819
147,93.jpg,nghị,nghi,0.25,0.7543
147,73.jpg,bình,binh,0.25,0.8674
69,69.png,"ngôn ngữ khác, dưới đây là các phiên bản ngôn ngữ lớn nhất.","ngn ngu khác, duói day la cac phién ban ngón ngu lón nhát.",0.2373,0.9274
98,1.png,"các ý kiến đóng góp sẽ được tổng hợp đầy đủ, chính xác,","các ý kién áóng góp sé áuac tóng hp dáy áú, chính xá,",0.2364,0.9106
65,63.png,mưa rơi nhẹ làm dịu không khí.,mua roi nhe lam diu khong khi.,0.2333,0.9775
36,41.png,nhiều người chọn thể thao để giảm căng thẳng.,nhiu ngui chon thê thao dê giám cang thang.,0.2222,0.9021
66,33.jpg,campuchia,campudia,0.2222,0.9721
47,18.jpg,ói tràn ra sàn xe.,k tran ra san xe.,0.2222,0.9376
29,53.png,thành phố dần chìm vào giấc ngủ.,thanh phö dan chim vao giac ngu.,0.2188,0.9736
62,42.jpg,bản chất của thành công,ban chat cua thanh cng,0.2174,0.8912
132,49.jpg,bản chất của thành công,ban chat cua thanh cong,0.2174,0.9822
60,21.jpg,chức năng thực tiễn,chúc nang thuc tin,0.2105,0.9564
38,41.jpg,không,khong,0.2,0.8362
38,39.jpg,chàng,chang,0.2,0.9706
31,44.jpg,nghĩa,nghia,0.2,0.9221
20,97.jpg,không,khang,0.2,0.7084
20,80.jpg,trong,trng,0.2,0.8797
54,87.jpg,chính,chinh,0.2,0.9179
10,24.jpg,phong,phang,0.2,0.7742
108,39.jpg,thẳng,thang,0.2,0.9483
44,34.jpg,triển,trien,0.2,0.8179
44,76.jpg,thành,thanh,0.2,0.9604
66,60.jpg,trọng,trong,0.2,0.9831
66,49.jpg,nghĩa,ngha,0.2,0.9265
38,9.jpg,thống,thong,0.2,0.8044
38,45.jpg,ngoài,ngoai,0.2,0.8006
31,52.jpg,nghĩa,nghia,0.2,0.9014
59,15.jpg,chẳng,chang,0.2,0.9621
54,16.jpg,quanh,uanh,0.2,0.8129
147,9.jpg,thành,thanh,0.2,0.9728
21,61.jpg,tháng,thang,0.2,0.9136
127,59.jpg,chánh,chanh,0.2,0.9779
40,91.jpg,trong,trony,0.2,0.7937
40,86.jpg,triển,trien,0.2,0.5891
40,83.jpg,thành,thanh,0.2,0.9541
57,27.jpg,quầng,quang,0.2,0.9875
28,28.jpg,chính,chinh,0.2,0.983
89,49.jpg,chúng,ching,0.2,0.8166
89,48.jpg,xuồng,xung,0.2,0.7464
59,95.jpg,quyền,quyen,0.2,0.8889
109,27.jpg,thiện,thian,0.2,0.6879
127,22.jpg,xuyên,xuyen,0.2,0.5159
21,72.jpg,thông,thang,0.2,0.829
81,5.jpg,thành,thanh,0.2,0.9006
66,88.jpg,nghĩa,ngha,0.2,0.7993
108,2.jpg,thoát,thoat,0.2,0.9096
65,92.jpg,nhiều,nhieu,0.2,0.8725
66,19.jpg,chiến,chin,0.2,0.8843
66,6.jpg,trong,frong,0.2,0.8596
20,61.jpg,nhiệm,nhim,0.2,0.8948
95,39.jpg,không,khong,0.2,0.9032
108,33.jpg,không,khong,0.2,0.8767
35,74.jpg,thành,thonh,0.2,0.7958
81,56.jpg,quyết,quyet,0.2,0.7085
78,77.jpg,thanh,thah,0.2,0.9201
78,63.jpg,thiệp,thidp,0.2,0.8772
81,89.jpg,chúng,chung,0.2,0.9091
107,7.jpg,tuyến,tuyen,0.2,0.7887
25,70.jpg,trinh,tinh,0.2,0.5695
129,32.jpg,nvơnn,nvonn,0.2,0.9648
2,83.jpg,phòng,phong,0.2,0.9126
2,80.jpg,không,khang,0.2,0.8548
54,10.jpg,thành,thanh,0.2,0.9056
102,34.jpg,thành,thanh,0.2,0.9328
48,57.jpg,quyền,quyen,0.2,0.8572
107,43.jpg,thoại,thoui,0.2,0.9406
86,14.jpg,tuyến,tuyin,0.2,0.6344
133,24.jpg,buông,butng,0.2,0.8951
85,87.jpg,trong,trony,0.2,0.7242
107,89.jpg,huyện,huyen,0.2,0.8986
48,36.jpg,chồng,chang,0.2,0.856
133,32.jpg,giọng,ging,0.2,0.8016
86,27.jpg,hoành,hoanh,0.2,0.9487
23,65.jpg,thành,thanh,0.2,0.8075
2,79.jpg,huyện,huyen,0.2,0.596
98,65.jpg,synthelabo,synthlalo,0.2,0.7468
21,46.jpg,quanh,quamh,0.2,0.6536
10,49.jpg,thiết,thit,0.2,0.8412
11,78.jpg,trung,truny,0.2,0.9147
11,70.jpg,tháng,thang,0.2,0.9076
94,32.jpg,quyết,quyit,0.2,0.7123
128,79.jpg,thành,thanh,0.2,0.7095
85,18.jpg,không,khong,0.2,0.8555
85,10.jpg,nhiệm,nhiem,0.2,0.9353
32,92.jpg,nghĩa,nghia,0.2,0.9274
128,17.jpg,chứng,chung,0.2,0.7078
44,97.jpg,thống,thong,0.2,0.9359
3,73.jpg,thiện,thin,0.2,0.5921
3,70.jpg,thông,thong,0.2,0.7815
64,33.jpg,những,nhung,0.2,0.6997
35,52.jpg,nhiệm,nhiem,0.2,0.8127
32,58.jpg,nhanh,mhanh,0.2,0.8249
78,56.jpg,phòng,phong,0.2,0.8921
78,34.jpg,những,nhing,0.2,0.8992
20,26.jpg,chỉnh,chinh,0.2,0.909
20,25.jpg,những,nhung,0.2,0.8941
20,9.jpg,chính,chinh,0.2,0.9011
21,6.jpg,trong,tnong,0.2,0.8916
3,80.jpg,phóng,phong,0.2,0.7916
75,85.jpg,triệu,triéu,0.2,0.8771
29,23.jpg,trách,trach,0.2,0.8839
16,19.jpg,không,khang,0.2,0.6058
87,67.jpg,những,nhing,0.2,0.7825
87,45.jpg,tháng,thang,0.2,0.969
87,99.jpg,thông,thing,0.2,0.9151
87,83.jpg,phòng,phong,0.2,0.8035
93,40.jpg,nhiệt,nhiat,0.2,0.8724
67,17.jpg,nhưng,nhing,0.2,0.7893
53,60.jpg,quyết,quyt,0.2,0.7898
91,5.jpg,tháng,thong,0.2,0.9047
15,62.jpg,chúng,ching,0.2,0.653
74,80.jpg,chiến,chien,0.2,0.8495
53,94.jpg,chính,chinh,0.2,0.9671
80,27.jpg,trong,thong,0.2,0.7726
80,21.jpg,tránh,tranh,0.2,0.9475
77,2.jpg,thông,thang,0.2,0.8291
143,40.jpg,trinh,tuinh,0.2,0.9351
143,98.jpg,thành,thanh,0.2,0.9211
90,58.jpg,nvơnn,nv&nn,0.2,0.817
90,51.jpg,thành,thanh,0.2,0.8501
106,34.jpg,quầng,quang,0.2,0.9683
15,34.jpg,thẳng,thang,0.2,0.9256
7,52.jpg,chiến,chien,0.2,0.8534
71,93.jpg,chồng,cheng,0.2,0.646
135,50.jpg,chung,chang,0.2,0.9534
146,11.jpg,thuận,thuan,0.2,0.9775
71,28.jpg,trong,treng,0.2,0.8306
17,20.jpg,thành,thanh,0.2,0.898
17,7.jpg,khoát,khoat,0.2,0.9668
104,44.jpg,nhiều,nhieu,0.2,0.6842
104,34.jpg,chính,chinh,0.2,0.8148
135,4.jpg,quyết,quyet,0.2,0.8457
103,32.jpg,quyết,quyet,0.2,0.5978
22,21.jpg,thành,thanh,0.2,0.6671
22,79.jpg,những,nh&ng,0.2,0.783
124,89.jpg,thành,thanh,0.2,0.9765
104,81.jpg,quảng,quang,0.2,0.9109
88,43.jpg,phòng,phong,0.2,0.8548
17,56.jpg,thiện,thien,0.2,0.9338
146,25.jpg,trung,trug,0.2,0.7586
12,63.jpg,chẳng,chang,0.2,0.8514
12,61.jpg,nhưng,nhing,0.2,0.8853
12,99.jpg,trình,trinh,0.2,0.8616
12,84.jpg,nhưng,nhung,0.2,0.7326
112,13.jpg,nghĩa,nghia,0.2,0.8177
8,20.jpg,trung,tring,0.2,0.7218
8,61.jpg,trong,tong,0.2,0.6895
127,2.jpg,những,nhang,0.2,0.6213
69,73.jpg,thành,thanh,0.2,0.9525
69,56.jpg,nhưng,nhing,0.2,0.8258
68,23.jpg,trách,trach,0.2,0.8068
114,22.jpg,những,nhing,0.2,0.6901
95,98.jpg,thành,thanh,0.2,0.7416
89,8.jpg,những,nhung,0.2,0.6654
54,46.jpg,huyện,huyen,0.2,0.7529
101,77.jpg,thông,thang,0.2,0.6366
130,29.jpg,chẳng,chang,0.2,0.864
130,67.jpg,quyết,quyét,0.2,0.9028
118,8.jpg,phòng,phong,0.2,0.8661
132,33.jpg,nhưng,nhung,0.2,0.918
31,55.jpg,nhưng,nhang,0.2,0.7715
56,25.jpg,thành,thonh,0.2,0.7287
130,77.jpg,phụng,phung,0.2,0.9131
118,44.jpg,thành,thanh,0.2,0.9478
118,60.jpg,thành,thanh,0.2,0.9842
23,56.jpg,những,nhung,0.2,0.9318
98,82.jpg,thiệt,thit,0.2,0.9437
62,7.jpg,nhưng,nhung,0.2,0.7856
29,99.jpg,tuyên,tuyin,0.2,0.7074
112,80.jpg,chúng,ching,0.2,0.9139
80,77.jpg,giang,giarg,0.2,0.8573
79,58.jpg,trong,trng,0.2,0.9497
104,98.jpg,nghèo,ngheo,0.2,0.8119
39,81.jpg,chúng,ching,0.2,0.9769
27,35.jpg,thành,thenh,0.2,0.8565
27,25.jpg,chiến,chien,0.2,0.7789
1,54.jpg,riêng,rieng,0.2,0.9019
112,96.jpg,trong,trony,0.2,0.966
101,46.png,nghĩa,ngha,0.2,0.4477
89,6.jpg,tháng,thang,0.2,0.9592
61,60.jpg,prông,prong,0.2,0.8055
123,36.jpg,chẳng,ching,0.2,0.8502
123,25.jpg,trọng,trong,0.2,0.919
1,17.jpg,trong,thong,0.2,0.751
109,78.jpg,nhưng,nhing,0.2,0.9419
109,76.jpg,ngành,nganh,0.2,0.8646
4,4.jpg,chính,chanh,0.2,0.6961
109,8.jpg,trong,thong,0.2,0.9762
89,82.jpg,nhang,nhan7,0.2,0.7455
91,58.jpg,chúng,chung,0.2,0.4364
68,7.jpg,thành,thanh,0.2,0.8195
93,7.jpg,chích,chich,0.2,0.9304
6,58.jpg,quyết,quyet,0.2,0.9444
43,33.jpg,chúng,chung,0.2,0.9196
43,23.jpg,thành,thonh,0.2,0.9212
43,14.jpg,chúng,ching,0.2,0.7883
43,7.jpg,hoàng,hoang,0.2,0.8152
43,52.jpg,thành,thanh,0.2,0.9773
79,82.jpg,thoát,thoat,0.2,0.8773
79,77.jpg,nvơnn,nvann,0.2,0.7547
27,96.jpg,nghĩa,nghia,0.2,0.9208
101,5.jpg,thuốc,thusc,0.2,0.7987
142,88.jpg,những,nhing,0.2,0.9007
26,54.jpg,trình,trinh,0.2,0.8296
121,87.jpg,nvơnn,nvonn,0.2,0.7023
61,88.jpg,thành,thanh,0.2,0.9133
15,89.jpg,trong,hrong,0.2,0.742
15,82.jpg,không,khong,0.2,0.5757
26,34.jpg,trung,taung,0.2,0.861
1,25.jpg,nhánh,nhanh,0.2,0.879
1,23.jpg,xuống,xuéng,0.2,0.7737
46,68.jpg,những,nhing,0.2,0.9544
90,30.jpg,chồng,chong,0.2,0.9208
60,68.jpg,trong,thong,0.2,0.907
75,84.jpg,thành,thanh,0.2,0.9397
42,64.jpg,khuya,thuya,0.2,0.8541
41,59.jpg,chiếc,chiec,0.2,0.8094
41,58.jpg,chúng,chung,0.2,0.9452
115,69.jpg,phòng,phang,0.2,0.8701
22,10.jpg,ngoài,ngoai,0.2,0.8677
135,75.jpg,thành,thanh,0.2,0.9863
135,72.jpg,nhiệt,nhiat,0.2,0.7164
135,64.jpg,thành,thanh,0.2,0.983
135,63.jpg,chiến,chien,0.2,0.9214
30,60.jpg,khoán,khon,0.2,0.768
73,31.jpg,thành,thanh,0.2,0.9712
43,85.jpg,quyết,quyet,0.2,0.7642
115,84.jpg,nghĩa,nghia,0.2,0.9594
149,77.jpg,chiếm,chiem,0.2,0.9858
149,49.jpg,trong,trons,0.2,0.6429
30,20.jpg,chính,chinh,0.2,0.8614
115,74.jpg,thống,thing,0.2,0.929
103,35.jpg,quyết,quyat,0.2,0.7533
47,13.jpg,tráng,trang,0.2,0.9645
47,9.jpg,thoát,thodt,0.2,0.917
30,21.jpg,thuận,thuan,0.2,0.867
30,78.jpg,thanh,than,0.2,0.8106
6,24.jpg,thông,thong,0.2,0.8909
29,7.jpg,nvơnn,nvonn,0.2,0.8617
106,18.jpg,trách,trach,0.2,0.9958
131,38.jpg,thịnh,thinh,0.2,0.9816
123,98.jpg,chính,chinh,0.2,0.9754
76,19.jpg,luyện,luyen,0.2,0.8019
7,26.jpg,chiếm,chiem,0.2,0.6598
95,76.jpg,nhanh,mhanh,0.2,0.9143
69,32.jpg,trung,tung,0.2,0.8358
69,11.jpg,thông,thing,0.2,0.843
87,21.jpg,những,nhung,0.2,0.7543
60,43.jpg,khủng,khing,0.2,0.7307
63,58.jpg,doanh,dounh,0.2,0.9631
75,20.jpg,chúng,chang,0.2,0.8634
100,18.jpg,thông,thang,0.2,0.89
100,15.jpg,triết,triet,0.2,0.6458
51,57.jpg,thuốc,thucc,0.2,0.8175
51,56.jpg,chứng,ching,0.2,0.5857
123,93.jpg,riêng,rieng,0.2,0.9121
72,28.jpg,quyết,quyit,0.2,0.6651
4,96.jpg,chạnh,chanh,0.2,0.9411
24,55.jpg,chính,chinh,0.2,0.7966
24,39.jpg,trong,txong,0.2,0.8344
24,30.jpg,chừng,chüng,0.2,0.8321
87,11.jpg,không,khong,0.2,0.8137
46,25.jpg,thành,thanh,0.2,0.9643
46,53.jpg,không,khong,0.2,0.9305
26,83.jpg,những,nhing,0.2,0.6262
121,99.jpg,trạng,trang,0.2,0.9501
53,62.jpg,thành,thanh,0.2,0.8514
106,5.jpg,khách,khach,0.2,0.8858
105,54.jpg,thành,thanh,0.2,0.967
13,35.jpg,trong,tron,0.2,0.7998
46,92.jpg,trọng,trang,0.2,0.9394
46,77.jpg,trừng,trung,0.2,0.9636
46,70.jpg,không,khsng,0.2,0.8882
13,89.jpg,khẳng,khang,0.2,0.9463
95,71.jpg,chiếc,chisc,0.2,0.7713
95,58.jpg,chỉnh,chinh,0.2,0.991
89,74.jpg,trọng,trong,0.2,0.9695
5,28.jpg,trình,trinh,0.2,0.7271
91,81.jpg,triển,trien,0.2,0.8993
91,73.jpg,không,khing,0.2,0.8964
111,97.jpg,phòng,phong,0.2,0.9644
51,59.jpg,chỉnh,chinh,0.2,0.8762
141,41.jpg,trong,tong,0.2,0.8234
148,5.jpg,nghèo,nghio,0.2,0.8348
53,96.jpg,chúng,chung,0.2,0.9246
60,51.jpg,nghĩa,nghia,0.2,0.6605
116,81.jpg,thông,thong,0.2,0.9216
113,70.jpg,thanh,thand,0.2,0.8528
84,45.jpg,thành,thanh,0.2,0.9698
116,9.jpg,nhanh,mhanh,0.2,0.9344
19,93.jpg,không,khong,0.2,0.8614
137,36.jpg,chánh,chanh,0.2,0.8917
137,25.jpg,quyền,quyen,0.2,0.8696
137,68.jpg,nhiệm,nhiam,0.2,0.6904
137,57.jpg,trong,tlong,0.2,0.7022
137,99.jpg,khẳng,khang,0.2,0.8402
126,90.jpg,nhưng,nhang,0.2,0.9229
2,57.jpg,thông,thong,0.2,0.9351
2,54.jpg,trọng,trong,0.2,0.974
18,92.jpg,chuẩn,chuan,0.2,0.8871
48,66.jpg,nhưng,nhang,0.2,0.8702
37,65.jpg,khoản,khoan,0.2,0.9556
45,58.jpg,triệu,triéu,0.2,0.8115
23,39.jpg,thành,thanh,0.2,0.7223
19,53.jpg,trung,teung,0.2,0.7356
73,97.jpg,nhiên,nhian,0.2,0.6797
92,93.jpg,xuống,xu8ng,0.2,0.7534
41,18.jpg,nhiệm,nhiem,0.2,0.8872
144,21.jpg,tháng,thang,0.2,0.9535
63,56.jpg,xuống,xuing,0.2,0.7061
142,81.jpg,chiêu,chieu,0.2,0.9163
142,74.jpg,những,nhing,0.2,0.7046
107,49.jpg,trách,trach,0.2,0.9087
25,30.jpg,thẳng,thong,0.2,0.7457
25,21.jpg,khẳng,khang,0.2,0.6088
9,87.jpg,quảng,quang,0.2,0.7179
9,72.jpg,không,khong,0.2,0.8617
9,59.jpg,xuồng,xuong,0.2,0.7713
9,58.jpg,những,nh&ng,0.2,0.7865
25,5.jpg,triển,trin,0.2,0.6383
144,76.jpg,khách,khach,0.2,0.8815
137,6.jpg,kjang,kjong,0.2,0.9321
116,50.jpg,hoàng,hoang,0.2,0.5853
49,10.jpg,khách,khach,0.2,0.8836
150,77.jpg,ngoại,ngoai,0.2,0.7953
150,55.jpg,chúng,ching,0.2,0.9105
126,13.jpg,capability,capa bi lity,0.2,0.7178
150,91.jpg,quyết,quyet,0.2,0.8073
84,4.jpg,nhiệm,nhim,0.2,0.8653
144,11.jpg,quyền,quyn,0.2,0.8108
144,10.jpg,xuống,xung,0.2,0.8869
144,64.jpg,chứng,ching,0.2,0.8193
128,46.jpg,chẳng,chang,0.2,0.9045
110,32.jpg,chẳng,chang,0.2,0.8699
14,10.jpg,chúng,chung,0.2,0.8943
14,56.jpg,tuyến,tuyen,0.2,0.8104
36,20.jpg,thạch,thach,0.2,0.9922
47,81.jpg,khủng,khung,0.2,0.9536
43,46.jpg,chúng,chung,0.2,0.9135
43,42.png,xã hội cần giáo dục.,xa hoi can giáo duc.,0.2,0.9338
99,29.jpg,chúng,chang,0.2,0.7456
6,8.jpg,nghèo,ngho,0.2,0.8249
119,92.jpg,viên.,vien.,0.2,0.7397
119,81.jpg,xuống,xuöng,0.2,0.7602
110,61.jpg,nhưng,nhing,0.2,0.8625
41,51.jpg,trọng,trong,0.2,0.9661
41,41.jpg,nghĩa,ngha,0.2,0.9476
73,72.jpg,thống,thang,0.2,0.7401
138,68.jpg,quảng,quong,0.2,0.7453
138,47.jpg,thẳng,thang,0.2,0.6439
149,97.jpg,thành,thanh,0.2,0.9426
125,12.jpg,chúng,ching,0.2,0.8398
119,60.jpg,chồng,chong,0.2,0.8877
50,20.jpg,thiện,thian,0.2,0.6272
50,7.jpg,thành,thenh,0.2,0.7829
126,93.jpg,chẳng,chang,0.2,0.9249
36,50.jpg,thông,thong,0.2,0.978
110,92.jpg,trung,truny,0.2,0.9339
99,39.jpg,phòng,phong,0.2,0.855
126,78.jpg,trích,tr'ch,0.2,0.9045
126,69.jpg,triệu,tri2u,0.2,0.7279
126,60.jpg,nghèo,ngheo,0.2,0.7332
110,14.jpg,chứng,chung,0.2,0.7856
82,89.jpg,không,khong,0.2,0.8006
82,82.jpg,huyện,huygn,0.2,0.5742
23,6.jpg,thống,thong,0.2,0.857
23,4.jpg,nhiệt,nhitt,0.2,0.7561
50,5.jpg,không,khing,0.2,0.8535
110,36.jpg,phòng,phang,0.2,0.8604
50,68.jpg,khách,khach,0.2,0.9333
50,41.jpg,trong,trongy,0.2,0.666
50,93.jpg,phòng,phng,0.2,0.7429
126,25.jpg,nhiều,nhicu,0.2,0.7539
126,21.jpg,kjang,kyang,0.2,0.8865
42,75.jpg,nhiệm,nhiem,0.2,0.7045
116,45.jpg,quyết,quyet,0.2,0.9083
49,59.jpg,thành,thanh,0.2,0.9688
42,44.jpg,nhưng,nhang,0.2,0.5909
42,39.jpg,khoan,kdoan,0.2,0.7398
110,43.jpg,những,nhing,0.2,0.9416
119,32.jpg,phòng,phong,0.2,0.6328
124,5.jpg,nguyên,nguyen,0.1667,0.9261
22,96.jpg,nghiệp,nghiep,0.1667,0.7453
27,5.jpg,chuyển,chuyen,0.1667,0.8324
101,44.jpg,chuyện,chuyin,0.1667,0.8456
1,52.jpg,nguyên,nguyen,0.1667,0.8862
75,94.jpg,chuyện,chuy?n,0.1667,0.7778
46,85.jpg,nguyên,nguyen,0.1667,0.7288
4,15.jpg,nghiên,nghin,0.1667,0.8646
41,15.jpg,nguyên,nguyen,0.1667,0.7659
8,84.jpg,nguyễn,nguyen,0.1667,0.6691
8,76.jpg,nguyên,nguyen,0.1667,0.8017
4,75.jpg,chuyển,chuyen,0.1667,0.9342
114,12.jpg,khoảng,khoang,0.1667,0.9446
140,81.jpg,nghiện,nghin,0.1667,0.8487
40,96.jpg,nghiên,nghion,0.1667,0.8543
109,6.jpg,chuyển,chuyin,0.1667,0.7381
38,87.jpg,dankia,dank'a,0.1667,0.9036
3,97.jpg,nghiệp,nghiip,0.1667,0.8433
10,58.jpg,nilông,niling,0.1667,0.5977
147,10.jpg,chuyện,chuyn,0.1667,0.4662
65,64.jpg,khoảng,khoang,0.1667,0.8302
3,29.jpg,khoảng,khoang,0.1667,0.7533
142,30.jpg,chuyên,chuyen,0.1667,0.8569
84,72.jpg,nghiệp,nghip,0.1667,0.7963
125,80.jpg,sanofi,sanogi,0.1667,0.7558
92,61.jpg,nghiện,nghian,0.1667,0.7943
97,76.jpg,nghiệp,nghiep,0.1667,0.8909
6,32.jpg,khoảng,khoang,0.1667,0.8477
134,64.jpg,chuyên,chuyen,0.1667,0.8681
36,45.jpg,chuyên,chuyin,0.1667,0.829
73,62.jpg,dankia,dankna,0.1667,0.7376
6,92.jpg,chuyển,chuyen,0.1667,0.8259
79,88.jpg,chuyên,chuyin,0.1667,0.9295
103,80.jpg,cienco,cenco,0.1667,0.9164
55,9.jpg,nghiên,nghien,0.1667,0.8815
55,29.jpg,thuyền,thuyin,0.1667,0.7315
93,60.jpg,khoáng,khoang,0.1667,0.7983
60,40.jpg,khoảng,khoang,0.1667,0.7135
53,66.jpg,xin về.,xin ve.,0.1429,0.8725
141,54.jpg,campuchia,campu chia,0.1111,0.9734
